Device_id,Model ID,Task ID,Stream ID,Op Name,OP Type,OP State,Task Type,Task Start Time(us),Task Duration(us),Task Wait Time(us),Block Dim,Mix Block Dim,HF32 Eligible,Input Shapes,Input Data Types,Input Formats,Output Shapes,Output Data Types,Output Formats,Context ID
0,4294967295,45,1,Abs15,N/A,N/A,N/A,1764070180513626.111	,3.292,0,0,0,N/A,N/A,N/A,N/A,N/A,N/A,N/A,N/A
0,4294967295,46,1,Equal16,N/A,N/A,N/A,1764070180961050.756	,4.458,447421.354,0,0,N/A,N/A,N/A,N/A,N/A,N/A,N/A,N/A
0,4294967295,47,1,ReduceAny17,N/A,N/A,N/A,1764070181429153.632	,3.625,468098.417,0,0,N/A,N/A,N/A,N/A,N/A,N/A,N/A,N/A
0,4294967295,48,1,Abs15,N/A,N/A,N/A,1764070181430326.465	,2.854,1169.208,0,0,N/A,N/A,N/A,N/A,N/A,N/A,N/A,N/A
0,4294967295,49,1,Equal16,N/A,N/A,N/A,1764070181430411.048	,3.646,81.729,0,0,N/A,N/A,N/A,N/A,N/A,N/A,N/A,N/A
0,4294967295,50,1,ReduceAny17,N/A,N/A,N/A,1764070181430470.506	,2.167,55.812,0,0,N/A,N/A,N/A,N/A,N/A,N/A,N/A,N/A
0,4294967295,51,1,Cast18,N/A,N/A,N/A,1764070181913230.236	,3.875,482757.562,0,0,N/A,N/A,N/A,N/A,N/A,N/A,N/A,N/A
0,4294967295,52,1,Sub19,N/A,N/A,N/A,1764070182390671.319	,3.854,477437.208,0,0,N/A,N/A,N/A,N/A,N/A,N/A,N/A,N/A
0,4294967295,53,1,Add20,N/A,N/A,N/A,1764070182879540.652	,4.229,488865.479,0,0,N/A,N/A,N/A,N/A,N/A,N/A,N/A,N/A
0,4294967295,54,1,Cast18,N/A,N/A,N/A,1764070182879718.152	,2.083,173.271,0,0,N/A,N/A,N/A,N/A,N/A,N/A,N/A,N/A
0,4294967295,55,1,RealDiv21,N/A,N/A,N/A,1764070183378658.798	,4.021,498938.562,0,0,N/A,N/A,N/A,N/A,N/A,N/A,N/A,N/A
0,4294967295,56,1,Abs22,N/A,N/A,N/A,1764070183835627.382	,3.583,456964.562,0,0,N/A,N/A,N/A,N/A,N/A,N/A,N/A,N/A
0,4294967295,57,1,Equal23,N/A,N/A,N/A,1764070184305470.652	,4.396,469839.688,0,0,N/A,N/A,N/A,N/A,N/A,N/A,N/A,N/A
0,4294967295,58,1,ReduceAny24,N/A,N/A,N/A,1764070184758455.402	,4.062,452980.354,0,0,N/A,N/A,N/A,N/A,N/A,N/A,N/A,N/A
0,4294967295,59,1,Abs22,N/A,N/A,N/A,1764070184759063.965	,2.125,604.5,0,0,N/A,N/A,N/A,N/A,N/A,N/A,N/A,N/A
0,4294967295,60,1,Equal23,N/A,N/A,N/A,1764070184759179.736	,2.854,113.646,0,0,N/A,N/A,N/A,N/A,N/A,N/A,N/A,N/A
0,4294967295,61,1,ReduceAny24,N/A,N/A,N/A,1764070184759320.132	,2.062,137.542,0,0,N/A,N/A,N/A,N/A,N/A,N/A,N/A,N/A
0,4294967295,62,1,Cast25,N/A,N/A,N/A,1764070185234511.236	,3.646,475189.042,0,0,N/A,N/A,N/A,N/A,N/A,N/A,N/A,N/A
0,4294967295,63,1,Sub26,N/A,N/A,N/A,1764070185674738.944	,464.917,440224.062,0,0,N/A,N/A,N/A,N/A,N/A,N/A,N/A,N/A
0,4294967295,64,1,Add27,N/A,N/A,N/A,1764070186155988.152	,3.875,480784.292,0,0,N/A,N/A,N/A,N/A,N/A,N/A,N/A,N/A
0,4294967295,65,1,Cast25,N/A,N/A,N/A,1764070186156131.715	,2.229,139.688,0,0,N/A,N/A,N/A,N/A,N/A,N/A,N/A,N/A
0,4294967295,66,1,RealDiv28,N/A,N/A,N/A,1764070186600237.861	,440.062,444103.917,0,0,N/A,N/A,N/A,N/A,N/A,N/A,N/A,N/A
0,4294967295,67,1,Abs22,N/A,N/A,N/A,1764070186600678.006	,2.542,0.083,0,0,N/A,N/A,N/A,N/A,N/A,N/A,N/A,N/A
0,4294967295,68,1,Equal23,N/A,N/A,N/A,1764070186600714.548	,3.062,34.0,0,0,N/A,N/A,N/A,N/A,N/A,N/A,N/A,N/A
0,4294967295,69,1,ReduceAny24,N/A,N/A,N/A,1764070186600803.173	,2.417,85.562,0,0,N/A,N/A,N/A,N/A,N/A,N/A,N/A,N/A
0,4294967295,70,1,Abs22,N/A,N/A,N/A,1764070186601250.861	,2.021,445.271,0,0,N/A,N/A,N/A,N/A,N/A,N/A,N/A,N/A
0,4294967295,71,1,Equal23,N/A,N/A,N/A,1764070186601415.798	,2.312,162.917,0,0,N/A,N/A,N/A,N/A,N/A,N/A,N/A,N/A
0,4294967295,72,1,ReduceAny24,N/A,N/A,N/A,1764070186601507.111	,1.938,89.0,0,0,N/A,N/A,N/A,N/A,N/A,N/A,N/A,N/A
0,4294967295,73,1,Cast25,N/A,N/A,N/A,1764070186602137.986	,2.396,628.938,0,0,N/A,N/A,N/A,N/A,N/A,N/A,N/A,N/A
0,4294967295,74,1,Sub26,N/A,N/A,N/A,1764070186602198.965	,413.271,58.583,0,0,N/A,N/A,N/A,N/A,N/A,N/A,N/A,N/A
0,4294967295,75,1,Add27,N/A,N/A,N/A,1764070186602612.319	,2.167,0.083,0,0,N/A,N/A,N/A,N/A,N/A,N/A,N/A,N/A
0,4294967295,76,1,Cast25,N/A,N/A,N/A,1764070186602614.569	,2.083,0.083,0,0,N/A,N/A,N/A,N/A,N/A,N/A,N/A,N/A
0,4294967295,77,1,RealDiv28,N/A,N/A,N/A,1764070186602616.715	,387.083,0.062,0,0,N/A,N/A,N/A,N/A,N/A,N/A,N/A,N/A
0,4294967295,78,1,trans_Cast_12,N/A,N/A,N/A,1764070187465745.402	,7.854,862741.604,0,0,N/A,N/A,N/A,N/A,N/A,N/A,N/A,N/A
0,4294967295,79,1,trans_Cast_13,N/A,N/A,N/A,1764070187465823.756	,2.833,70.5,0,0,N/A,N/A,N/A,N/A,N/A,N/A,N/A,N/A
0,4294967295,80,1,MatMul29,N/A,N/A,N/A,1764070187465879.340	,9.021,52.75,0,0,N/A,N/A,N/A,N/A,N/A,N/A,N/A,N/A
0,4294967295,81,1,trans_Cast_14,N/A,N/A,N/A,1764070187465931.819	,2.562,43.458,0,0,N/A,N/A,N/A,N/A,N/A,N/A,N/A,N/A
0,4294967295,82,1,trans_Cast_15,N/A,N/A,N/A,1764070188060646.673	,5.333,594712.292,0,0,N/A,N/A,N/A,N/A,N/A,N/A,N/A,N/A
0,4294967295,83,1,trans_Cast_16,N/A,N/A,N/A,1764070188060952.048	,2.812,300.042,0,0,N/A,N/A,N/A,N/A,N/A,N/A,N/A,N/A
0,4294967295,84,1,MatMul30,N/A,N/A,N/A,1764070188061027.048	,10.792,72.188,0,0,N/A,N/A,N/A,N/A,N/A,N/A,N/A,N/A
0,4294967295,85,1,trans_Cast_17,N/A,N/A,N/A,1764070188062919.923	,2.292,1882.083,0,0,N/A,N/A,N/A,N/A,N/A,N/A,N/A,N/A
0,4294967295,86,1,Cast31,N/A,N/A,N/A,1764070188539219.215	,379.646,476297.0,0,0,N/A,N/A,N/A,N/A,N/A,N/A,N/A,N/A
0,4294967295,87,1,trans_TransData_18,N/A,N/A,N/A,1764070189072950.298	,592.812,533351.438,0,0,N/A,N/A,N/A,N/A,N/A,N/A,N/A,N/A
0,4294967295,88,1,Conv2D32,N/A,N/A,N/A,1764070189073543.173	,3611.083,0.062,0,0,N/A,N/A,N/A,N/A,N/A,N/A,N/A,N/A
0,4294967295,89,1,Add33,N/A,N/A,N/A,1764070189583668.819	,4.104,506514.562,0,0,N/A,N/A,N/A,N/A,N/A,N/A,N/A,N/A
0,4294967295,90,1,Rsqrt34,N/A,N/A,N/A,1764070190035364.632	,3.729,451691.708,0,0,N/A,N/A,N/A,N/A,N/A,N/A,N/A,N/A
0,4294967295,91,1,Mul35,N/A,N/A,N/A,1764070190499131.340	,3.958,463762.979,0,0,N/A,N/A,N/A,N/A,N/A,N/A,N/A,N/A
0,4294967295,92,1,Mul35,N/A,N/A,N/A,1764070190499260.382	,2.0,125.083,0,0,N/A,N/A,N/A,N/A,N/A,N/A,N/A,N/A
0,4294967295,93,1,Sub36,N/A,N/A,N/A,1764070190958116.236	,3.708,458853.854,0,0,N/A,N/A,N/A,N/A,N/A,N/A,N/A,N/A
0,4294967295,94,1,trans_TransData_19,N/A,N/A,N/A,1764070191471164.944	,4.208,513045.0,0,0,N/A,N/A,N/A,N/A,N/A,N/A,N/A,N/A
0,4294967295,95,1,Mul37,N/A,N/A,N/A,1764070191471236.736	,1022.292,67.583,0,0,N/A,N/A,N/A,N/A,N/A,N/A,N/A,N/A
0,4294967295,96,1,trans_TransData_20,N/A,N/A,N/A,1764070191989578.256	,3.771,517319.229,0,0,N/A,N/A,N/A,N/A,N/A,N/A,N/A,N/A
0,4294967295,97,1,Add38,N/A,N/A,N/A,1764070191989970.986	,1084.167,388.958,0,0,N/A,N/A,N/A,N/A,N/A,N/A,N/A,N/A
0,4294967295,98,1,Relu39,N/A,N/A,N/A,1764070192460031.340	,1176.833,468976.188,0,0,N/A,N/A,N/A,N/A,N/A,N/A,N/A,N/A
0,4294967295,99,1,MaxPoolWithArgmaxV140,N/A,N/A,N/A,1764070192952409.340	,2587.271,491201.167,0,0,N/A,N/A,N/A,N/A,N/A,N/A,N/A,N/A
0,4294967295,100,1,Conv2D41,N/A,N/A,N/A,1764070193419765.236	,539.542,464768.625,0,0,N/A,N/A,N/A,N/A,N/A,N/A,N/A,N/A
0,4294967295,101,1,Add33,N/A,N/A,N/A,1764070193420304.840	,2.729,0.062,0,0,N/A,N/A,N/A,N/A,N/A,N/A,N/A,N/A
0,4294967295,102,1,Rsqrt34,N/A,N/A,N/A,1764070193420307.652	,2.229,0.083,0,0,N/A,N/A,N/A,N/A,N/A,N/A,N/A,N/A
0,4294967295,103,1,Mul35,N/A,N/A,N/A,1764070193420309.944	,2.604,0.062,0,0,N/A,N/A,N/A,N/A,N/A,N/A,N/A,N/A
0,4294967295,104,1,Mul35,N/A,N/A,N/A,1764070193420312.611	,2.083,0.062,0,0,N/A,N/A,N/A,N/A,N/A,N/A,N/A,N/A
0,4294967295,105,1,Sub36,N/A,N/A,N/A,1764070193420314.777	,2.542,0.083,0,0,N/A,N/A,N/A,N/A,N/A,N/A,N/A,N/A
0,4294967295,106,1,trans_TransData_21,N/A,N/A,N/A,1764070193955796.319	,3.938,535479.0,0,0,N/A,N/A,N/A,N/A,N/A,N/A,N/A,N/A
0,4294967295,107,1,Mul42,N/A,N/A,N/A,1764070193955847.944	,188.583,47.688,0,0,N/A,N/A,N/A,N/A,N/A,N/A,N/A,N/A
0,4294967295,108,1,trans_TransData_22,N/A,N/A,N/A,1764070194478167.694	,4.396,522131.167,0,0,N/A,N/A,N/A,N/A,N/A,N/A,N/A,N/A
0,4294967295,109,1,Add43,N/A,N/A,N/A,1764070194478237.527	,132.229,65.438,0,0,N/A,N/A,N/A,N/A,N/A,N/A,N/A,N/A
0,4294967295,110,1,Relu44,N/A,N/A,N/A,1764070194923628.756	,130.583,445259.0,0,0,N/A,N/A,N/A,N/A,N/A,N/A,N/A,N/A
0,4294967295,111,1,Conv2D41,N/A,N/A,N/A,1764070194923826.902	,408.042,67.562,0,0,N/A,N/A,N/A,N/A,N/A,N/A,N/A,N/A
0,4294967295,112,1,Add33,N/A,N/A,N/A,1764070194924235.006	,2.479,0.062,0,0,N/A,N/A,N/A,N/A,N/A,N/A,N/A,N/A
0,4294967295,113,1,Rsqrt34,N/A,N/A,N/A,1764070194924237.569	,2.312,0.083,0,0,N/A,N/A,N/A,N/A,N/A,N/A,N/A,N/A
0,4294967295,114,1,Mul35,N/A,N/A,N/A,1764070194924239.965	,2.417,0.083,0,0,N/A,N/A,N/A,N/A,N/A,N/A,N/A,N/A
0,4294967295,115,1,Mul35,N/A,N/A,N/A,1764070194924242.465	,2.083,0.083,0,0,N/A,N/A,N/A,N/A,N/A,N/A,N/A,N/A
0,4294967295,116,1,Sub36,N/A,N/A,N/A,1764070194924244.611	,2.542,0.062,0,0,N/A,N/A,N/A,N/A,N/A,N/A,N/A,N/A
0,4294967295,117,1,trans_TransData_21,N/A,N/A,N/A,1764070194924247.236	,2.25,0.083,0,0,N/A,N/A,N/A,N/A,N/A,N/A,N/A,N/A
0,4294967295,118,1,Mul42,N/A,N/A,N/A,1764070194924249.569	,135.729,0.083,0,0,N/A,N/A,N/A,N/A,N/A,N/A,N/A,N/A
0,4294967295,119,1,trans_TransData_22,N/A,N/A,N/A,1764070194924385.382	,2.375,0.083,0,0,N/A,N/A,N/A,N/A,N/A,N/A,N/A,N/A
0,4294967295,120,1,Add43,N/A,N/A,N/A,1764070194924387.819	,133.875,0.062,0,0,N/A,N/A,N/A,N/A,N/A,N/A,N/A,N/A
0,4294967295,121,1,Add45,N/A,N/A,N/A,1764070195390088.611	,368.562,465566.917,0,0,N/A,N/A,N/A,N/A,N/A,N/A,N/A,N/A
0,4294967295,122,1,Relu44,N/A,N/A,N/A,1764070195390531.715	,146.958,74.542,0,0,N/A,N/A,N/A,N/A,N/A,N/A,N/A,N/A
0,4294967295,123,1,Conv2D41,N/A,N/A,N/A,1764070195390678.756	,398.562,0.083,0,0,N/A,N/A,N/A,N/A,N/A,N/A,N/A,N/A
0,4294967295,124,1,Add33,N/A,N/A,N/A,1764070195391077.402	,3.229,0.083,0,0,N/A,N/A,N/A,N/A,N/A,N/A,N/A,N/A
0,4294967295,125,1,Rsqrt34,N/A,N/A,N/A,1764070195391080.715	,2.292,0.083,0,0,N/A,N/A,N/A,N/A,N/A,N/A,N/A,N/A
0,4294967295,126,1,Mul35,N/A,N/A,N/A,1764070195391083.090	,2.5,0.083,0,0,N/A,N/A,N/A,N/A,N/A,N/A,N/A,N/A
0,4294967295,127,1,Mul35,N/A,N/A,N/A,1764070195391085.673	,1.979,0.083,0,0,N/A,N/A,N/A,N/A,N/A,N/A,N/A,N/A
0,4294967295,128,1,Sub36,N/A,N/A,N/A,1764070195391087.715	,2.375,0.062,0,0,N/A,N/A,N/A,N/A,N/A,N/A,N/A,N/A
0,4294967295,129,1,trans_TransData_21,N/A,N/A,N/A,1764070195391090.173	,2.688,0.083,0,0,N/A,N/A,N/A,N/A,N/A,N/A,N/A,N/A
0,4294967295,130,1,Mul42,N/A,N/A,N/A,1764070195391092.944	,134.25,0.083,0,0,N/A,N/A,N/A,N/A,N/A,N/A,N/A,N/A
0,4294967295,131,1,trans_TransData_22,N/A,N/A,N/A,1764070195391227.277	,2.479,0.083,0,0,N/A,N/A,N/A,N/A,N/A,N/A,N/A,N/A
0,4294967295,132,1,Add43,N/A,N/A,N/A,1764070195391229.819	,133.271,0.062,0,0,N/A,N/A,N/A,N/A,N/A,N/A,N/A,N/A
0,4294967295,133,1,Relu44,N/A,N/A,N/A,1764070195391363.152	,127.938,0.062,0,0,N/A,N/A,N/A,N/A,N/A,N/A,N/A,N/A
0,4294967295,134,1,Conv2D41,N/A,N/A,N/A,1764070195391491.173	,404.854,0.083,0,0,N/A,N/A,N/A,N/A,N/A,N/A,N/A,N/A
0,4294967295,135,1,Add33,N/A,N/A,N/A,1764070195391896.111	,2.25,0.083,0,0,N/A,N/A,N/A,N/A,N/A,N/A,N/A,N/A
0,4294967295,136,1,Rsqrt34,N/A,N/A,N/A,1764070195391898.444	,2.167,0.083,0,0,N/A,N/A,N/A,N/A,N/A,N/A,N/A,N/A
0,4294967295,137,1,Mul35,N/A,N/A,N/A,1764070195391900.694	,2.229,0.083,0,0,N/A,N/A,N/A,N/A,N/A,N/A,N/A,N/A
0,4294967295,138,1,Mul35,N/A,N/A,N/A,1764070195391903.006	,2.083,0.083,0,0,N/A,N/A,N/A,N/A,N/A,N/A,N/A,N/A
0,4294967295,139,1,Sub36,N/A,N/A,N/A,1764070195391905.152	,2.167,0.062,0,0,N/A,N/A,N/A,N/A,N/A,N/A,N/A,N/A
0,4294967295,140,1,trans_TransData_21,N/A,N/A,N/A,1764070195391907.402	,2.188,0.083,0,0,N/A,N/A,N/A,N/A,N/A,N/A,N/A,N/A
0,4294967295,141,1,Mul42,N/A,N/A,N/A,1764070195391909.673	,135.562,0.083,0,0,N/A,N/A,N/A,N/A,N/A,N/A,N/A,N/A
0,4294967295,142,1,trans_TransData_22,N/A,N/A,N/A,1764070195392045.298	,2.208,0.062,0,0,N/A,N/A,N/A,N/A,N/A,N/A,N/A,N/A
0,4294967295,143,1,Add43,N/A,N/A,N/A,1764070195392047.569	,133.375,0.062,0,0,N/A,N/A,N/A,N/A,N/A,N/A,N/A,N/A
0,4294967295,144,1,Add45,N/A,N/A,N/A,1764070195392181.027	,384.75,0.083,0,0,N/A,N/A,N/A,N/A,N/A,N/A,N/A,N/A
0,4294967295,145,1,Relu44,N/A,N/A,N/A,1764070195392565.861	,139.5,0.083,0,0,N/A,N/A,N/A,N/A,N/A,N/A,N/A,N/A
0,4294967295,146,1,Conv2D46,N/A,N/A,N/A,1764070195851742.048	,214.5,459036.688,0,0,N/A,N/A,N/A,N/A,N/A,N/A,N/A,N/A
0,4294967295,147,1,Add47,N/A,N/A,N/A,1764070196343354.319	,4.083,491397.771,0,0,N/A,N/A,N/A,N/A,N/A,N/A,N/A,N/A
0,4294967295,148,1,Rsqrt48,N/A,N/A,N/A,1764070196791880.152	,3.979,448521.75,0,0,N/A,N/A,N/A,N/A,N/A,N/A,N/A,N/A
0,4294967295,149,1,Mul49,N/A,N/A,N/A,1764070197264231.006	,3.625,472346.875,0,0,N/A,N/A,N/A,N/A,N/A,N/A,N/A,N/A
0,4294967295,150,1,Mul49,N/A,N/A,N/A,1764070197264401.611	,2.125,166.979,0,0,N/A,N/A,N/A,N/A,N/A,N/A,N/A,N/A
0,4294967295,151,1,Sub50,N/A,N/A,N/A,1764070197712707.132	,3.646,448303.396,0,0,N/A,N/A,N/A,N/A,N/A,N/A,N/A,N/A
0,4294967295,152,1,trans_TransData_23,N/A,N/A,N/A,1764070198245780.132	,4.521,533069.354,0,0,N/A,N/A,N/A,N/A,N/A,N/A,N/A,N/A
0,4294967295,153,1,Mul51,N/A,N/A,N/A,1764070198245857.256	,68.188,72.604,0,0,N/A,N/A,N/A,N/A,N/A,N/A,N/A,N/A
0,4294967295,154,1,trans_TransData_24,N/A,N/A,N/A,1764070198759219.986	,3.604,513294.542,0,0,N/A,N/A,N/A,N/A,N/A,N/A,N/A,N/A
0,4294967295,155,1,Add52,N/A,N/A,N/A,1764070198759276.402	,68.146,52.812,0,0,N/A,N/A,N/A,N/A,N/A,N/A,N/A,N/A
0,4294967295,156,1,Relu53,N/A,N/A,N/A,1764070199199424.277	,67.333,440079.729,0,0,N/A,N/A,N/A,N/A,N/A,N/A,N/A,N/A
0,4294967295,157,1,Conv2D54,N/A,N/A,N/A,1764070199682535.756	,405.562,483044.146,0,0,N/A,N/A,N/A,N/A,N/A,N/A,N/A,N/A
0,4294967295,158,1,Add47,N/A,N/A,N/A,1764070199682941.382	,2.708,0.062,0,0,N/A,N/A,N/A,N/A,N/A,N/A,N/A,N/A
0,4294967295,159,1,Rsqrt48,N/A,N/A,N/A,1764070199682944.152	,2.333,0.062,0,0,N/A,N/A,N/A,N/A,N/A,N/A,N/A,N/A
0,4294967295,160,1,Mul49,N/A,N/A,N/A,1764070199682946.569	,2.375,0.083,0,0,N/A,N/A,N/A,N/A,N/A,N/A,N/A,N/A
0,4294967295,161,1,Mul49,N/A,N/A,N/A,1764070199682949.006	,2.0,0.062,0,0,N/A,N/A,N/A,N/A,N/A,N/A,N/A,N/A
0,4294967295,162,1,Sub50,N/A,N/A,N/A,1764070199682951.090	,2.521,0.083,0,0,N/A,N/A,N/A,N/A,N/A,N/A,N/A,N/A
0,4294967295,163,1,trans_TransData_23,N/A,N/A,N/A,1764070199682976.986	,2.229,23.375,0,0,N/A,N/A,N/A,N/A,N/A,N/A,N/A,N/A
0,4294967295,164,1,Mul51,N/A,N/A,N/A,1764070199683033.694	,66.167,54.479,0,0,N/A,N/A,N/A,N/A,N/A,N/A,N/A,N/A
0,4294967295,165,1,trans_TransData_24,N/A,N/A,N/A,1764070199683099.944	,2.125,0.083,0,0,N/A,N/A,N/A,N/A,N/A,N/A,N/A,N/A
0,4294967295,166,1,Add52,N/A,N/A,N/A,1764070199683106.882	,65.292,4.812,0,0,N/A,N/A,N/A,N/A,N/A,N/A,N/A,N/A
0,4294967295,167,1,Conv2D55,N/A,N/A,N/A,1764070200198628.486	,166.75,515456.312,0,0,N/A,N/A,N/A,N/A,N/A,N/A,N/A,N/A
0,4294967295,168,1,Add47,N/A,N/A,N/A,1764070200198881.819	,2.938,86.583,0,0,N/A,N/A,N/A,N/A,N/A,N/A,N/A,N/A
0,4294967295,169,1,Rsqrt48,N/A,N/A,N/A,1764070200198970.298	,2.375,85.542,0,0,N/A,N/A,N/A,N/A,N/A,N/A,N/A,N/A
0,4294967295,170,1,Mul49,N/A,N/A,N/A,1764070200199028.298	,2.167,55.625,0,0,N/A,N/A,N/A,N/A,N/A,N/A,N/A,N/A
0,4294967295,171,1,Mul49,N/A,N/A,N/A,1764070200199071.256	,2.0,40.792,0,0,N/A,N/A,N/A,N/A,N/A,N/A,N/A,N/A
0,4294967295,172,1,Sub50,N/A,N/A,N/A,1764070200199119.465	,2.583,46.208,0,0,N/A,N/A,N/A,N/A,N/A,N/A,N/A,N/A
0,4294967295,173,1,trans_TransData_23,N/A,N/A,N/A,1764070200199190.319	,2.312,68.271,0,0,N/A,N/A,N/A,N/A,N/A,N/A,N/A,N/A
0,4294967295,174,1,Mul51,N/A,N/A,N/A,1764070200199216.298	,67.188,23.667,0,0,N/A,N/A,N/A,N/A,N/A,N/A,N/A,N/A
0,4294967295,175,1,trans_TransData_24,N/A,N/A,N/A,1764070200199314.402	,2.812,30.917,0,0,N/A,N/A,N/A,N/A,N/A,N/A,N/A,N/A
0,4294967295,176,1,Add52,N/A,N/A,N/A,1764070200199340.548	,66.812,23.333,0,0,N/A,N/A,N/A,N/A,N/A,N/A,N/A,N/A
0,4294967295,177,1,Add56,N/A,N/A,N/A,1764070200713060.882	,146.042,513653.521,0,0,N/A,N/A,N/A,N/A,N/A,N/A,N/A,N/A
0,4294967295,178,1,Relu53,N/A,N/A,N/A,1764070200713281.569	,65.0,74.646,0,0,N/A,N/A,N/A,N/A,N/A,N/A,N/A,N/A
0,4294967295,179,1,Conv2D54,N/A,N/A,N/A,1764070200713361.965	,403.833,15.396,0,0,N/A,N/A,N/A,N/A,N/A,N/A,N/A,N/A
0,4294967295,180,1,Add47,N/A,N/A,N/A,1764070200713765.882	,2.354,0.083,0,0,N/A,N/A,N/A,N/A,N/A,N/A,N/A,N/A
0,4294967295,181,1,Rsqrt48,N/A,N/A,N/A,1764070200713768.319	,2.458,0.083,0,0,N/A,N/A,N/A,N/A,N/A,N/A,N/A,N/A
0,4294967295,182,1,Mul49,N/A,N/A,N/A,1764070200713770.840	,2.208,0.062,0,0,N/A,N/A,N/A,N/A,N/A,N/A,N/A,N/A
0,4294967295,183,1,Mul49,N/A,N/A,N/A,1764070200713773.111	,1.979,0.062,0,0,N/A,N/A,N/A,N/A,N/A,N/A,N/A,N/A
0,4294967295,184,1,Sub50,N/A,N/A,N/A,1764070200713775.152	,2.479,0.062,0,0,N/A,N/A,N/A,N/A,N/A,N/A,N/A,N/A
0,4294967295,185,1,trans_TransData_23,N/A,N/A,N/A,1764070200713783.236	,2.25,5.604,0,0,N/A,N/A,N/A,N/A,N/A,N/A,N/A,N/A
0,4294967295,186,1,Mul51,N/A,N/A,N/A,1764070200713843.382	,68.771,57.896,0,0,N/A,N/A,N/A,N/A,N/A,N/A,N/A,N/A
0,4294967295,187,1,trans_TransData_24,N/A,N/A,N/A,1764070200713918.611	,2.229,6.458,0,0,N/A,N/A,N/A,N/A,N/A,N/A,N/A,N/A
0,4294967295,188,1,Add52,N/A,N/A,N/A,1764070200713943.861	,67.271,23.021,0,0,N/A,N/A,N/A,N/A,N/A,N/A,N/A,N/A
0,4294967295,189,1,Relu53,N/A,N/A,N/A,1764070200714011.194	,64.75,0.062,0,0,N/A,N/A,N/A,N/A,N/A,N/A,N/A,N/A
0,4294967295,190,1,Conv2D54,N/A,N/A,N/A,1764070200714076.027	,407.917,0.083,0,0,N/A,N/A,N/A,N/A,N/A,N/A,N/A,N/A
0,4294967295,191,1,Add47,N/A,N/A,N/A,1764070200714484.027	,2.083,0.083,0,0,N/A,N/A,N/A,N/A,N/A,N/A,N/A,N/A
0,4294967295,192,1,Rsqrt48,N/A,N/A,N/A,1764070200714486.194	,2.396,0.083,0,0,N/A,N/A,N/A,N/A,N/A,N/A,N/A,N/A
0,4294967295,193,1,Mul49,N/A,N/A,N/A,1764070200714488.652	,2.396,0.062,0,0,N/A,N/A,N/A,N/A,N/A,N/A,N/A,N/A
0,4294967295,194,1,Mul49,N/A,N/A,N/A,1764070200714491.132	,1.979,0.083,0,0,N/A,N/A,N/A,N/A,N/A,N/A,N/A,N/A
0,4294967295,195,1,Sub50,N/A,N/A,N/A,1764070200714493.194	,2.292,0.083,0,0,N/A,N/A,N/A,N/A,N/A,N/A,N/A,N/A
0,4294967295,196,1,trans_TransData_23,N/A,N/A,N/A,1764070200714495.548	,1.75,0.062,0,0,N/A,N/A,N/A,N/A,N/A,N/A,N/A,N/A
0,4294967295,197,1,Mul51,N/A,N/A,N/A,1764070200714497.382	,65.271,0.083,0,0,N/A,N/A,N/A,N/A,N/A,N/A,N/A,N/A
0,4294967295,198,1,trans_TransData_24,N/A,N/A,N/A,1764070200714562.736	,1.854,0.083,0,0,N/A,N/A,N/A,N/A,N/A,N/A,N/A,N/A
0,4294967295,199,1,Add52,N/A,N/A,N/A,1764070200714564.652	,65.562,0.062,0,0,N/A,N/A,N/A,N/A,N/A,N/A,N/A,N/A
0,4294967295,200,1,Add56,N/A,N/A,N/A,1764070200714630.277	,153.625,0.062,0,0,N/A,N/A,N/A,N/A,N/A,N/A,N/A,N/A
0,4294967295,201,1,Relu53,N/A,N/A,N/A,1764070200714783.986	,64.708,0.083,0,0,N/A,N/A,N/A,N/A,N/A,N/A,N/A,N/A
0,4294967295,202,1,Conv2D57,N/A,N/A,N/A,1764070201226095.465	,286.333,511246.771,0,0,N/A,N/A,N/A,N/A,N/A,N/A,N/A,N/A
0,4294967295,203,1,Add58,N/A,N/A,N/A,1764070201712868.465	,4.667,486486.667,0,0,N/A,N/A,N/A,N/A,N/A,N/A,N/A,N/A
0,4294967295,204,1,Rsqrt59,N/A,N/A,N/A,1764070202153067.006	,3.917,440193.875,0,0,N/A,N/A,N/A,N/A,N/A,N/A,N/A,N/A
0,4294967295,205,1,Mul60,N/A,N/A,N/A,1764070202655825.986	,4.125,502755.062,0,0,N/A,N/A,N/A,N/A,N/A,N/A,N/A,N/A
0,4294967295,206,1,Mul60,N/A,N/A,N/A,1764070202655981.006	,2.271,150.896,0,0,N/A,N/A,N/A,N/A,N/A,N/A,N/A,N/A
0,4294967295,207,1,Sub61,N/A,N/A,N/A,1764070203142237.611	,4.0,486254.333,0,0,N/A,N/A,N/A,N/A,N/A,N/A,N/A,N/A
0,4294967295,208,1,trans_TransData_25,N/A,N/A,N/A,1764070203644166.944	,3.979,501925.333,0,0,N/A,N/A,N/A,N/A,N/A,N/A,N/A,N/A
0,4294967295,209,1,Mul62,N/A,N/A,N/A,1764070203644221.111	,34.938,50.188,0,0,N/A,N/A,N/A,N/A,N/A,N/A,N/A,N/A
0,4294967295,210,1,trans_TransData_26,N/A,N/A,N/A,1764070204157246.486	,4.125,512990.438,0,0,N/A,N/A,N/A,N/A,N/A,N/A,N/A,N/A
0,4294967295,211,1,Add63,N/A,N/A,N/A,1764070204157409.486	,34.979,158.875,0,0,N/A,N/A,N/A,N/A,N/A,N/A,N/A,N/A
0,4294967295,212,1,Relu64,N/A,N/A,N/A,1764070204600534.256	,35.312,443089.792,0,0,N/A,N/A,N/A,N/A,N/A,N/A,N/A,N/A
0,4294967295,213,1,Conv2D65,N/A,N/A,N/A,1764070205081086.882	,469.542,480517.312,0,0,N/A,N/A,N/A,N/A,N/A,N/A,N/A,N/A
0,4294967295,214,1,Add58,N/A,N/A,N/A,1764070205081556.506	,2.938,0.083,0,0,N/A,N/A,N/A,N/A,N/A,N/A,N/A,N/A
0,4294967295,215,1,Rsqrt59,N/A,N/A,N/A,1764070205081559.527	,2.479,0.083,0,0,N/A,N/A,N/A,N/A,N/A,N/A,N/A,N/A
0,4294967295,216,1,Mul60,N/A,N/A,N/A,1764070205081562.090	,2.167,0.083,0,0,N/A,N/A,N/A,N/A,N/A,N/A,N/A,N/A
0,4294967295,217,1,Mul60,N/A,N/A,N/A,1764070205081564.340	,2.188,0.083,0,0,N/A,N/A,N/A,N/A,N/A,N/A,N/A,N/A
0,4294967295,218,1,Sub61,N/A,N/A,N/A,1764070205081600.673	,3.062,34.146,0,0,N/A,N/A,N/A,N/A,N/A,N/A,N/A,N/A
0,4294967295,219,1,trans_TransData_25,N/A,N/A,N/A,1764070205081676.298	,2.333,72.562,0,0,N/A,N/A,N/A,N/A,N/A,N/A,N/A,N/A
0,4294967295,220,1,Mul62,N/A,N/A,N/A,1764070205081701.236	,33.354,22.604,0,0,N/A,N/A,N/A,N/A,N/A,N/A,N/A,N/A
0,4294967295,221,1,trans_TransData_26,N/A,N/A,N/A,1764070205081759.673	,2.312,25.083,0,0,N/A,N/A,N/A,N/A,N/A,N/A,N/A,N/A
0,4294967295,222,1,Add63,N/A,N/A,N/A,1764070205081783.444	,34.104,21.458,0,0,N/A,N/A,N/A,N/A,N/A,N/A,N/A,N/A
0,4294967295,223,1,Conv2D66,N/A,N/A,N/A,1764070205581742.069	,121.5,499924.521,0,0,N/A,N/A,N/A,N/A,N/A,N/A,N/A,N/A
0,4294967295,224,1,Add58,N/A,N/A,N/A,1764070205581964.632	,3.021,101.062,0,0,N/A,N/A,N/A,N/A,N/A,N/A,N/A,N/A
0,4294967295,225,1,Rsqrt59,N/A,N/A,N/A,1764070205582041.632	,2.646,73.979,0,0,N/A,N/A,N/A,N/A,N/A,N/A,N/A,N/A
0,4294967295,226,1,Mul60,N/A,N/A,N/A,1764070205582096.256	,2.5,51.979,0,0,N/A,N/A,N/A,N/A,N/A,N/A,N/A,N/A
0,4294967295,227,1,Mul60,N/A,N/A,N/A,1764070205582132.256	,2.083,33.5,0,0,N/A,N/A,N/A,N/A,N/A,N/A,N/A,N/A
0,4294967295,228,1,Sub61,N/A,N/A,N/A,1764070205582193.798	,3.042,59.458,0,0,N/A,N/A,N/A,N/A,N/A,N/A,N/A,N/A
0,4294967295,229,1,trans_TransData_25,N/A,N/A,N/A,1764070205582266.215	,2.312,69.375,0,0,N/A,N/A,N/A,N/A,N/A,N/A,N/A,N/A
0,4294967295,230,1,Mul62,N/A,N/A,N/A,1764070205582287.132	,33.708,18.604,0,0,N/A,N/A,N/A,N/A,N/A,N/A,N/A,N/A
0,4294967295,231,1,trans_TransData_26,N/A,N/A,N/A,1764070205582341.819	,2.25,20.979,0,0,N/A,N/A,N/A,N/A,N/A,N/A,N/A,N/A
0,4294967295,232,1,Add63,N/A,N/A,N/A,1764070205582365.694	,34.229,21.625,0,0,N/A,N/A,N/A,N/A,N/A,N/A,N/A,N/A
0,4294967295,233,1,Add67,N/A,N/A,N/A,1764070206070072.152	,48.479,487672.229,0,0,N/A,N/A,N/A,N/A,N/A,N/A,N/A,N/A
0,4294967295,234,1,Relu64,N/A,N/A,N/A,1764070206070203.340	,33.958,82.708,0,0,N/A,N/A,N/A,N/A,N/A,N/A,N/A,N/A
0,4294967295,235,1,Conv2D65,N/A,N/A,N/A,1764070206070280.132	,428.021,42.833,0,0,N/A,N/A,N/A,N/A,N/A,N/A,N/A,N/A
0,4294967295,236,1,Add58,N/A,N/A,N/A,1764070206070708.236	,2.938,0.083,0,0,N/A,N/A,N/A,N/A,N/A,N/A,N/A,N/A
0,4294967295,237,1,Rsqrt59,N/A,N/A,N/A,1764070206070711.236	,2.812,0.062,0,0,N/A,N/A,N/A,N/A,N/A,N/A,N/A,N/A
0,4294967295,238,1,Mul60,N/A,N/A,N/A,1764070206070714.132	,2.354,0.083,0,0,N/A,N/A,N/A,N/A,N/A,N/A,N/A,N/A
0,4294967295,239,1,Mul60,N/A,N/A,N/A,1764070206070716.569	,2.083,0.083,0,0,N/A,N/A,N/A,N/A,N/A,N/A,N/A,N/A
0,4294967295,240,1,Sub61,N/A,N/A,N/A,1764070206070718.736	,2.729,0.083,0,0,N/A,N/A,N/A,N/A,N/A,N/A,N/A,N/A
0,4294967295,241,1,trans_TransData_25,N/A,N/A,N/A,1764070206070721.527	,2.479,0.062,0,0,N/A,N/A,N/A,N/A,N/A,N/A,N/A,N/A
0,4294967295,242,1,Mul62,N/A,N/A,N/A,1764070206070724.090	,33.979,0.083,0,0,N/A,N/A,N/A,N/A,N/A,N/A,N/A,N/A
0,4294967295,243,1,trans_TransData_26,N/A,N/A,N/A,1764070206070758.132	,2.479,0.062,0,0,N/A,N/A,N/A,N/A,N/A,N/A,N/A,N/A
0,4294967295,244,1,Add63,N/A,N/A,N/A,1764070206070760.673	,34.188,0.062,0,0,N/A,N/A,N/A,N/A,N/A,N/A,N/A,N/A
0,4294967295,245,1,Relu64,N/A,N/A,N/A,1764070206070794.944	,33.521,0.083,0,0,N/A,N/A,N/A,N/A,N/A,N/A,N/A,N/A
0,4294967295,246,1,Conv2D65,N/A,N/A,N/A,1764070206070828.548	,444.521,0.083,0,0,N/A,N/A,N/A,N/A,N/A,N/A,N/A,N/A
0,4294967295,247,1,Add58,N/A,N/A,N/A,1764070206071273.132	,2.229,0.062,0,0,N/A,N/A,N/A,N/A,N/A,N/A,N/A,N/A
0,4294967295,248,1,Rsqrt59,N/A,N/A,N/A,1764070206071275.423	,2.104,0.062,0,0,N/A,N/A,N/A,N/A,N/A,N/A,N/A,N/A
0,4294967295,249,1,Mul60,N/A,N/A,N/A,1764070206071277.611	,2.188,0.083,0,0,N/A,N/A,N/A,N/A,N/A,N/A,N/A,N/A
0,4294967295,250,1,Mul60,N/A,N/A,N/A,1764070206071279.861	,2.083,0.062,0,0,N/A,N/A,N/A,N/A,N/A,N/A,N/A,N/A
0,4294967295,251,1,Sub61,N/A,N/A,N/A,1764070206071282.027	,2.25,0.083,0,0,N/A,N/A,N/A,N/A,N/A,N/A,N/A,N/A
0,4294967295,252,1,trans_TransData_25,N/A,N/A,N/A,1764070206071284.361	,1.771,0.083,0,0,N/A,N/A,N/A,N/A,N/A,N/A,N/A,N/A
0,4294967295,253,1,Mul62,N/A,N/A,N/A,1764070206071286.194	,33.417,0.062,0,0,N/A,N/A,N/A,N/A,N/A,N/A,N/A,N/A
0,4294967295,254,1,trans_TransData_26,N/A,N/A,N/A,1764070206071319.694	,2.146,0.083,0,0,N/A,N/A,N/A,N/A,N/A,N/A,N/A,N/A
0,4294967295,255,1,Add63,N/A,N/A,N/A,1764070206071321.902	,33.521,0.062,0,0,N/A,N/A,N/A,N/A,N/A,N/A,N/A,N/A
0,4294967295,256,1,Add67,N/A,N/A,N/A,1764070206071355.506	,70.438,0.083,0,0,N/A,N/A,N/A,N/A,N/A,N/A,N/A,N/A
0,4294967295,257,1,Relu64,N/A,N/A,N/A,1764070206071426.006	,33.312,0.062,0,0,N/A,N/A,N/A,N/A,N/A,N/A,N/A,N/A
0,4294967295,258,1,Conv2D68,N/A,N/A,N/A,1764070206559163.527	,365.875,487704.208,0,0,N/A,N/A,N/A,N/A,N/A,N/A,N/A,N/A
0,4294967295,259,1,Add69,N/A,N/A,N/A,1764070207037504.132	,4.0,477974.729,0,0,N/A,N/A,N/A,N/A,N/A,N/A,N/A,N/A
0,4294967295,260,1,Rsqrt70,N/A,N/A,N/A,1764070207513768.256	,4.125,476260.125,0,0,N/A,N/A,N/A,N/A,N/A,N/A,N/A,N/A
0,4294967295,261,1,Mul71,N/A,N/A,N/A,1764070208001534.882	,4.312,487762.5,0,0,N/A,N/A,N/A,N/A,N/A,N/A,N/A,N/A
0,4294967295,262,1,Mul71,N/A,N/A,N/A,1764070208001673.965	,2.062,134.771,0,0,N/A,N/A,N/A,N/A,N/A,N/A,N/A,N/A
0,4294967295,263,1,Sub72,N/A,N/A,N/A,1764070208460138.423	,3.979,458462.396,0,0,N/A,N/A,N/A,N/A,N/A,N/A,N/A,N/A
0,4294967295,264,1,trans_TransData_27,N/A,N/A,N/A,1764070208978045.632	,4.062,517903.229,0,0,N/A,N/A,N/A,N/A,N/A,N/A,N/A,N/A
0,4294967295,265,1,Mul73,N/A,N/A,N/A,1764070208978132.194	,19.354,82.5,0,0,N/A,N/A,N/A,N/A,N/A,N/A,N/A,N/A
0,4294967295,266,1,trans_TransData_28,N/A,N/A,N/A,1764070209482971.027	,4.062,504819.479,0,0,N/A,N/A,N/A,N/A,N/A,N/A,N/A,N/A
0,4294967295,267,1,Add74,N/A,N/A,N/A,1764070209483026.465	,19.146,51.375,0,0,N/A,N/A,N/A,N/A,N/A,N/A,N/A,N/A
0,4294967295,268,1,Relu75,N/A,N/A,N/A,1764070209920389.277	,20.042,437343.667,0,0,N/A,N/A,N/A,N/A,N/A,N/A,N/A,N/A
0,4294967295,269,1,Conv2D76,N/A,N/A,N/A,1764070210398272.715	,808.354,477863.396,0,0,N/A,N/A,N/A,N/A,N/A,N/A,N/A,N/A
0,4294967295,270,1,Add69,N/A,N/A,N/A,1764070210399081.132	,3.562,0.062,0,0,N/A,N/A,N/A,N/A,N/A,N/A,N/A,N/A
0,4294967295,271,1,Rsqrt70,N/A,N/A,N/A,1764070210399084.777	,3.0,0.083,0,0,N/A,N/A,N/A,N/A,N/A,N/A,N/A,N/A
0,4294967295,272,1,Mul71,N/A,N/A,N/A,1764070210399087.840	,2.396,0.062,0,0,N/A,N/A,N/A,N/A,N/A,N/A,N/A,N/A
0,4294967295,273,1,Mul71,N/A,N/A,N/A,1764070210399090.298	,2.271,0.062,0,0,N/A,N/A,N/A,N/A,N/A,N/A,N/A,N/A
0,4294967295,274,1,Sub72,N/A,N/A,N/A,1764070210399092.652	,2.646,0.083,0,0,N/A,N/A,N/A,N/A,N/A,N/A,N/A,N/A
0,4294967295,275,1,trans_TransData_27,N/A,N/A,N/A,1764070210399095.361	,2.521,0.062,0,0,N/A,N/A,N/A,N/A,N/A,N/A,N/A,N/A
0,4294967295,276,1,Mul73,N/A,N/A,N/A,1764070210399097.944	,26.562,0.062,0,0,N/A,N/A,N/A,N/A,N/A,N/A,N/A,N/A
0,4294967295,277,1,trans_TransData_28,N/A,N/A,N/A,1764070210399124.590	,2.396,0.083,0,0,N/A,N/A,N/A,N/A,N/A,N/A,N/A,N/A
0,4294967295,278,1,Add74,N/A,N/A,N/A,1764070210399127.069	,18.625,0.083,0,0,N/A,N/A,N/A,N/A,N/A,N/A,N/A,N/A
0,4294967295,279,1,Conv2D77,N/A,N/A,N/A,1764070210878935.277	,78.917,479789.583,0,0,N/A,N/A,N/A,N/A,N/A,N/A,N/A,N/A
0,4294967295,280,1,Add69,N/A,N/A,N/A,1764070210879090.006	,3.104,75.812,0,0,N/A,N/A,N/A,N/A,N/A,N/A,N/A,N/A
0,4294967295,281,1,Rsqrt70,N/A,N/A,N/A,1764070210879167.652	,2.708,74.542,0,0,N/A,N/A,N/A,N/A,N/A,N/A,N/A,N/A
0,4294967295,282,1,Mul71,N/A,N/A,N/A,1764070210879248.486	,3.354,78.125,0,0,N/A,N/A,N/A,N/A,N/A,N/A,N/A,N/A
0,4294967295,283,1,Mul71,N/A,N/A,N/A,1764070210879285.756	,2.125,33.917,0,0,N/A,N/A,N/A,N/A,N/A,N/A,N/A,N/A
0,4294967295,284,1,Sub72,N/A,N/A,N/A,1764070210879330.132	,2.417,42.25,0,0,N/A,N/A,N/A,N/A,N/A,N/A,N/A,N/A
0,4294967295,285,1,trans_TransData_27,N/A,N/A,N/A,1764070210879398.132	,2.354,65.583,0,0,N/A,N/A,N/A,N/A,N/A,N/A,N/A,N/A
0,4294967295,286,1,Mul73,N/A,N/A,N/A,1764070210879420.923	,18.0,20.438,0,0,N/A,N/A,N/A,N/A,N/A,N/A,N/A,N/A
0,4294967295,287,1,trans_TransData_28,N/A,N/A,N/A,1764070210879473.215	,2.083,34.292,0,0,N/A,N/A,N/A,N/A,N/A,N/A,N/A,N/A
0,4294967295,288,1,Add74,N/A,N/A,N/A,1764070210879493.027	,18.188,17.729,0,0,N/A,N/A,N/A,N/A,N/A,N/A,N/A,N/A
0,4294967295,289,1,Add78,N/A,N/A,N/A,1764070211350808.090	,25.958,471296.875,0,0,N/A,N/A,N/A,N/A,N/A,N/A,N/A,N/A
0,4294967295,290,1,Relu75,N/A,N/A,N/A,1764070211350948.632	,18.0,114.583,0,0,N/A,N/A,N/A,N/A,N/A,N/A,N/A,N/A
0,4294967295,291,1,Conv2D76,N/A,N/A,N/A,1764070211351025.840	,796.812,59.208,0,0,N/A,N/A,N/A,N/A,N/A,N/A,N/A,N/A
0,4294967295,292,1,Add69,N/A,N/A,N/A,1764070211351822.736	,3.583,0.083,0,0,N/A,N/A,N/A,N/A,N/A,N/A,N/A,N/A
0,4294967295,293,1,Rsqrt70,N/A,N/A,N/A,1764070211351826.382	,2.708,0.062,0,0,N/A,N/A,N/A,N/A,N/A,N/A,N/A,N/A
0,4294967295,294,1,Mul71,N/A,N/A,N/A,1764070211351829.173	,2.479,0.083,0,0,N/A,N/A,N/A,N/A,N/A,N/A,N/A,N/A
0,4294967295,295,1,Mul71,N/A,N/A,N/A,1764070211351831.715	,2.208,0.062,0,0,N/A,N/A,N/A,N/A,N/A,N/A,N/A,N/A
0,4294967295,296,1,Sub72,N/A,N/A,N/A,1764070211351834.006	,2.667,0.083,0,0,N/A,N/A,N/A,N/A,N/A,N/A,N/A,N/A
0,4294967295,297,1,trans_TransData_27,N/A,N/A,N/A,1764070211351836.756	,2.646,0.083,0,0,N/A,N/A,N/A,N/A,N/A,N/A,N/A,N/A
0,4294967295,298,1,Mul73,N/A,N/A,N/A,1764070211351839.465	,26.229,0.062,0,0,N/A,N/A,N/A,N/A,N/A,N/A,N/A,N/A
0,4294967295,299,1,trans_TransData_28,N/A,N/A,N/A,1764070211351865.756	,2.354,0.062,0,0,N/A,N/A,N/A,N/A,N/A,N/A,N/A,N/A
0,4294967295,300,1,Add74,N/A,N/A,N/A,1764070211351868.173	,18.417,0.062,0,0,N/A,N/A,N/A,N/A,N/A,N/A,N/A,N/A
0,4294967295,301,1,Relu75,N/A,N/A,N/A,1764070211351886.652	,17.646,0.062,0,0,N/A,N/A,N/A,N/A,N/A,N/A,N/A,N/A
0,4294967295,302,1,Conv2D76,N/A,N/A,N/A,1764070211351904.382	,758.125,0.083,0,0,N/A,N/A,N/A,N/A,N/A,N/A,N/A,N/A
0,4294967295,303,1,Add69,N/A,N/A,N/A,1764070211352662.590	,2.458,0.083,0,0,N/A,N/A,N/A,N/A,N/A,N/A,N/A,N/A
0,4294967295,304,1,Rsqrt70,N/A,N/A,N/A,1764070211352665.111	,2.562,0.062,0,0,N/A,N/A,N/A,N/A,N/A,N/A,N/A,N/A
0,4294967295,305,1,Mul71,N/A,N/A,N/A,1764070211352667.756	,2.354,0.083,0,0,N/A,N/A,N/A,N/A,N/A,N/A,N/A,N/A
0,4294967295,306,1,Mul71,N/A,N/A,N/A,1764070211352670.173	,2.333,0.062,0,0,N/A,N/A,N/A,N/A,N/A,N/A,N/A,N/A
0,4294967295,307,1,Sub72,N/A,N/A,N/A,1764070211352672.590	,2.396,0.083,0,0,N/A,N/A,N/A,N/A,N/A,N/A,N/A,N/A
0,4294967295,308,1,trans_TransData_27,N/A,N/A,N/A,1764070211352675.069	,2.042,0.083,0,0,N/A,N/A,N/A,N/A,N/A,N/A,N/A,N/A
0,4294967295,309,1,Mul73,N/A,N/A,N/A,1764070211352677.194	,27.042,0.083,0,0,N/A,N/A,N/A,N/A,N/A,N/A,N/A,N/A
0,4294967295,310,1,trans_TransData_28,N/A,N/A,N/A,1764070211352704.298	,2.062,0.062,0,0,N/A,N/A,N/A,N/A,N/A,N/A,N/A,N/A
0,4294967295,311,1,Add74,N/A,N/A,N/A,1764070211352706.423	,18.104,0.062,0,0,N/A,N/A,N/A,N/A,N/A,N/A,N/A,N/A
0,4294967295,312,1,Add78,N/A,N/A,N/A,1764070211352724.611	,33.896,0.083,0,0,N/A,N/A,N/A,N/A,N/A,N/A,N/A,N/A
0,4294967295,313,1,Relu75,N/A,N/A,N/A,1764070211352758.569	,17.792,0.062,0,0,N/A,N/A,N/A,N/A,N/A,N/A,N/A,N/A
0,4294967295,315,1,Fill79,N/A,N/A,N/A,1764070211849784.861	,4.021,497008.5,0,0,N/A,N/A,N/A,N/A,N/A,N/A,N/A,N/A
0,4294967295,316,1,trans_TransData_30,N/A,N/A,N/A,1764070211849854.590	,3.792,65.708,0,0,N/A,N/A,N/A,N/A,N/A,N/A,N/A,N/A
0,4294967295,317,1,Cast80,N/A,N/A,N/A,1764070212311645.506	,4.333,461787.125,0,0,N/A,N/A,N/A,N/A,N/A,N/A,N/A,N/A
0,4294967295,318,1,atomic_memset-1_801,N/A,N/A,N/A,1764070212912074.152	,4.062,600424.312,0,0,N/A,N/A,N/A,N/A,N/A,N/A,N/A,N/A
0,4294967295,319,1,trans_TransData_31,N/A,N/A,N/A,1764070212912132.173	,3.917,53.958,0,0,N/A,N/A,N/A,N/A,N/A,N/A,N/A,N/A
0,4294967295,320,1,Cumsum81,N/A,N/A,N/A,1764070212912170.277	,13.667,34.188,0,0,N/A,N/A,N/A,N/A,N/A,N/A,N/A,N/A
0,4294967295,321,1,trans_TransData_34,N/A,N/A,N/A,1764070212912231.632	,5.146,47.688,0,0,N/A,N/A,N/A,N/A,N/A,N/A,N/A,N/A
0,4294967295,322,1,Cast80,N/A,N/A,N/A,1764070212912714.548	,3.208,477.771,0,0,N/A,N/A,N/A,N/A,N/A,N/A,N/A,N/A
0,4294967295,323,1,atomic_memset-1_812,N/A,N/A,N/A,1764070213430213.777	,3.542,517496.021,0,0,N/A,N/A,N/A,N/A,N/A,N/A,N/A,N/A
0,4294967295,324,1,trans_TransData_35,N/A,N/A,N/A,1764070213430281.777	,3.979,64.458,0,0,N/A,N/A,N/A,N/A,N/A,N/A,N/A,N/A
0,4294967295,325,1,Cumsum82,N/A,N/A,N/A,1764070213430321.298	,57.167,35.542,0,0,N/A,N/A,N/A,N/A,N/A,N/A,N/A,N/A
0,4294967295,326,1,trans_TransData_38,N/A,N/A,N/A,1764070213430378.527	,3.792,0.062,0,0,N/A,N/A,N/A,N/A,N/A,N/A,N/A,N/A
0,4294967295,327,1,trans_TransData_39,N/A,N/A,N/A,1764070213915674.673	,5.083,485292.354,0,0,N/A,N/A,N/A,N/A,N/A,N/A,N/A,N/A
0,4294967295,329,1,Add84,N/A,N/A,N/A,1764070214400206.006	,3.792,484526.25,0,0,N/A,N/A,N/A,N/A,N/A,N/A,N/A,N/A
0,4294967295,330,1,trans_TransData_41,N/A,N/A,N/A,1764070214893693.840	,5.083,493484.042,0,0,N/A,N/A,N/A,N/A,N/A,N/A,N/A,N/A
0,4294967295,331,1,RealDiv85,N/A,N/A,N/A,1764070214893757.236	,2.854,58.312,0,0,N/A,N/A,N/A,N/A,N/A,N/A,N/A,N/A
0,4294967295,332,1,trans_TransData_44,N/A,N/A,N/A,1764070214893789.756	,3.583,29.667,0,0,N/A,N/A,N/A,N/A,N/A,N/A,N/A,N/A
0,4294967295,333,1,Mul86,N/A,N/A,N/A,1764070215360717.236	,5.417,466923.896,0,0,N/A,N/A,N/A,N/A,N/A,N/A,N/A,N/A
0,4294967295,334,1,trans_TransData_45,N/A,N/A,N/A,1764070215905041.506	,5.312,544318.854,0,0,N/A,N/A,N/A,N/A,N/A,N/A,N/A,N/A
0,4294967295,335,1,Slice87,N/A,N/A,N/A,1764070215905097.548	,3.771,50.729,0,0,N/A,N/A,N/A,N/A,N/A,N/A,N/A,N/A
0,4294967295,336,1,trans_TransData_48,N/A,N/A,N/A,1764070215905133.590	,3.542,32.271,0,0,N/A,N/A,N/A,N/A,N/A,N/A,N/A,N/A
0,4294967295,338,1,Add88,N/A,N/A,N/A,1764070216399003.111	,4.583,493865.979,0,0,N/A,N/A,N/A,N/A,N/A,N/A,N/A,N/A
0,4294967295,339,1,trans_TransData_49,N/A,N/A,N/A,1764070216399064.902	,3.271,57.208,0,0,N/A,N/A,N/A,N/A,N/A,N/A,N/A,N/A
0,4294967295,340,1,trans_TransData_51,N/A,N/A,N/A,1764070216900197.673	,5.5,501129.5,0,0,N/A,N/A,N/A,N/A,N/A,N/A,N/A,N/A
0,4294967295,341,1,RealDiv89,N/A,N/A,N/A,1764070216900255.152	,2.625,51.979,0,0,N/A,N/A,N/A,N/A,N/A,N/A,N/A,N/A
0,4294967295,342,1,trans_TransData_54,N/A,N/A,N/A,1764070216900289.569	,4.062,31.792,0,0,N/A,N/A,N/A,N/A,N/A,N/A,N/A,N/A
0,4294967295,343,1,Mul86,N/A,N/A,N/A,1764070216900499.027	,3.25,205.396,0,0,N/A,N/A,N/A,N/A,N/A,N/A,N/A,N/A
0,4294967295,345,1,FloorDiv91,N/A,N/A,N/A,1764070217797981.590	,4.104,897479.312,0,0,N/A,N/A,N/A,N/A,N/A,N/A,N/A,N/A
0,4294967295,346,1,Mul92,N/A,N/A,N/A,1764070218299718.527	,3.708,501732.833,0,0,N/A,N/A,N/A,N/A,N/A,N/A,N/A,N/A
0,4294967295,347,1,RealDiv93,N/A,N/A,N/A,1764070218756736.965	,4.104,457014.729,0,0,N/A,N/A,N/A,N/A,N/A,N/A,N/A,N/A
0,4294967295,348,1,Pow94,N/A,N/A,N/A,1764070219214637.986	,6.479,457896.917,0,0,N/A,N/A,N/A,N/A,N/A,N/A,N/A,N/A
0,4294967295,349,1,trans_TransData_39,N/A,N/A,N/A,1764070219214817.861	,3.542,173.396,0,0,N/A,N/A,N/A,N/A,N/A,N/A,N/A,N/A
0,4294967295,350,1,RealDiv95,N/A,N/A,N/A,1764070219683131.006	,15.438,468309.604,0,0,N/A,N/A,N/A,N/A,N/A,N/A,N/A,N/A
0,4294967295,351,1,trans_TransData_39,N/A,N/A,N/A,1764070219683265.111	,3.604,118.667,0,0,N/A,N/A,N/A,N/A,N/A,N/A,N/A,N/A
0,4294967295,352,1,RealDiv95,N/A,N/A,N/A,1764070219683316.298	,13.667,47.583,0,0,N/A,N/A,N/A,N/A,N/A,N/A,N/A,N/A
0,4294967295,353,1,AsStrided96,N/A,N/A,N/A,1764070220132664.486	,650.771,449334.521,0,0,N/A,N/A,N/A,N/A,N/A,N/A,N/A,N/A
0,4294967295,354,1,Sin97,N/A,N/A,N/A,1764070220581227.194	,56.458,447911.938,0,0,N/A,N/A,N/A,N/A,N/A,N/A,N/A,N/A
0,4294967295,355,1,AsStrided98,N/A,N/A,N/A,1764070221041800.361	,650.438,460516.708,0,0,N/A,N/A,N/A,N/A,N/A,N/A,N/A,N/A
0,4294967295,356,1,Cos99,N/A,N/A,N/A,1764070221482678.382	,57.375,440227.583,0,0,N/A,N/A,N/A,N/A,N/A,N/A,N/A,N/A
0,4294967295,357,1,Pack100,N/A,N/A,N/A,1764070221939550.486	,32.896,456814.729,0,0,N/A,N/A,N/A,N/A,N/A,N/A,N/A,N/A
0,4294967295,358,1,AsStrided96,N/A,N/A,N/A,1764070221939711.798	,648.167,128.417,0,0,N/A,N/A,N/A,N/A,N/A,N/A,N/A,N/A
0,4294967295,359,1,Sin97,N/A,N/A,N/A,1764070221940360.048	,54.062,0.083,0,0,N/A,N/A,N/A,N/A,N/A,N/A,N/A,N/A
0,4294967295,360,1,AsStrided98,N/A,N/A,N/A,1764070221940414.194	,645.792,0.083,0,0,N/A,N/A,N/A,N/A,N/A,N/A,N/A,N/A
0,4294967295,361,1,Cos99,N/A,N/A,N/A,1764070221941060.069	,55.479,0.083,0,0,N/A,N/A,N/A,N/A,N/A,N/A,N/A,N/A
0,4294967295,362,1,Pack100,N/A,N/A,N/A,1764070221941115.611	,30.521,0.062,0,0,N/A,N/A,N/A,N/A,N/A,N/A,N/A,N/A
0,4294967295,363,1,ConcatD101,N/A,N/A,N/A,1764070222435220.340	,45.792,494074.208,0,0,N/A,N/A,N/A,N/A,N/A,N/A,N/A,N/A
0,4294967295,364,1,Transpose102,N/A,N/A,N/A,1764070222957677.882	,161.646,522411.75,0,0,N/A,N/A,N/A,N/A,N/A,N/A,N/A,N/A
0,4294967295,365,1,Cast103,N/A,N/A,N/A,1764070223413832.965	,25.333,455993.438,0,0,N/A,N/A,N/A,N/A,N/A,N/A,N/A,N/A
0,4294967295,366,1,Conv2D104,N/A,N/A,N/A,1764070223917493.527	,108.917,503635.229,0,0,N/A,N/A,N/A,N/A,N/A,N/A,N/A,N/A
0,4294967295,367,1,Cast31,N/A,N/A,N/A,1764070223917691.111	,455.479,88.667,0,0,N/A,N/A,N/A,N/A,N/A,N/A,N/A,N/A
0,4294967295,368,1,trans_TransData_18,N/A,N/A,N/A,1764070223918146.673	,593.146,0.083,0,0,N/A,N/A,N/A,N/A,N/A,N/A,N/A,N/A
0,4294967295,369,1,Conv2D32,N/A,N/A,N/A,1764070223918739.882	,3605.583,0.062,0,0,N/A,N/A,N/A,N/A,N/A,N/A,N/A,N/A
0,4294967295,370,1,Add33,N/A,N/A,N/A,1764070223922345.527	,3.125,0.062,0,0,N/A,N/A,N/A,N/A,N/A,N/A,N/A,N/A
0,4294967295,371,1,Rsqrt34,N/A,N/A,N/A,1764070223922348.715	,2.292,0.062,0,0,N/A,N/A,N/A,N/A,N/A,N/A,N/A,N/A
0,4294967295,372,1,Mul35,N/A,N/A,N/A,1764070223922351.090	,2.75,0.083,0,0,N/A,N/A,N/A,N/A,N/A,N/A,N/A,N/A
0,4294967295,373,1,Mul35,N/A,N/A,N/A,1764070223922353.902	,2.062,0.062,0,0,N/A,N/A,N/A,N/A,N/A,N/A,N/A,N/A
0,4294967295,374,1,Sub36,N/A,N/A,N/A,1764070223922356.048	,2.458,0.083,0,0,N/A,N/A,N/A,N/A,N/A,N/A,N/A,N/A
0,4294967295,375,1,trans_TransData_19,N/A,N/A,N/A,1764070223922358.569	,2.354,0.062,0,0,N/A,N/A,N/A,N/A,N/A,N/A,N/A,N/A
0,4294967295,376,1,Mul37,N/A,N/A,N/A,1764070223922360.986	,1002.938,0.062,0,0,N/A,N/A,N/A,N/A,N/A,N/A,N/A,N/A
0,4294967295,377,1,trans_TransData_20,N/A,N/A,N/A,1764070223923363.986	,2.583,0.062,0,0,N/A,N/A,N/A,N/A,N/A,N/A,N/A,N/A
0,4294967295,378,1,Add38,N/A,N/A,N/A,1764070223923366.652	,1051.021,0.083,0,0,N/A,N/A,N/A,N/A,N/A,N/A,N/A,N/A
0,4294967295,379,1,Relu39,N/A,N/A,N/A,1764070223924417.736	,1215.188,0.062,0,0,N/A,N/A,N/A,N/A,N/A,N/A,N/A,N/A
0,4294967295,380,1,MaxPoolWithArgmaxV140,N/A,N/A,N/A,1764070223925632.986	,2573.833,0.062,0,0,N/A,N/A,N/A,N/A,N/A,N/A,N/A,N/A
0,4294967295,381,1,Conv2D41,N/A,N/A,N/A,1764070223928206.902	,541.604,0.083,0,0,N/A,N/A,N/A,N/A,N/A,N/A,N/A,N/A
0,4294967295,382,1,Add33,N/A,N/A,N/A,1764070223928748.590	,2.188,0.083,0,0,N/A,N/A,N/A,N/A,N/A,N/A,N/A,N/A
0,4294967295,383,1,Rsqrt34,N/A,N/A,N/A,1764070223928750.861	,2.312,0.083,0,0,N/A,N/A,N/A,N/A,N/A,N/A,N/A,N/A
0,4294967295,384,1,Mul35,N/A,N/A,N/A,1764070223928753.256	,2.417,0.083,0,0,N/A,N/A,N/A,N/A,N/A,N/A,N/A,N/A
0,4294967295,385,1,Mul35,N/A,N/A,N/A,1764070223928755.736	,2.062,0.062,0,0,N/A,N/A,N/A,N/A,N/A,N/A,N/A,N/A
0,4294967295,386,1,Sub36,N/A,N/A,N/A,1764070223928757.882	,2.479,0.083,0,0,N/A,N/A,N/A,N/A,N/A,N/A,N/A,N/A
0,4294967295,387,1,trans_TransData_21,N/A,N/A,N/A,1764070223928760.444	,2.167,0.083,0,0,N/A,N/A,N/A,N/A,N/A,N/A,N/A,N/A
0,4294967295,388,1,Mul42,N/A,N/A,N/A,1764070223928762.694	,192.229,0.083,0,0,N/A,N/A,N/A,N/A,N/A,N/A,N/A,N/A
0,4294967295,389,1,trans_TransData_22,N/A,N/A,N/A,1764070223928955.006	,2.354,0.083,0,0,N/A,N/A,N/A,N/A,N/A,N/A,N/A,N/A
0,4294967295,390,1,Add43,N/A,N/A,N/A,1764070223928957.423	,132.417,0.062,0,0,N/A,N/A,N/A,N/A,N/A,N/A,N/A,N/A
0,4294967295,391,1,Relu44,N/A,N/A,N/A,1764070223929089.923	,129.458,0.083,0,0,N/A,N/A,N/A,N/A,N/A,N/A,N/A,N/A
0,4294967295,392,1,Conv2D41,N/A,N/A,N/A,1764070223929219.465	,406.583,0.083,0,0,N/A,N/A,N/A,N/A,N/A,N/A,N/A,N/A
0,4294967295,393,1,Add33,N/A,N/A,N/A,1764070223929626.132	,2.312,0.083,0,0,N/A,N/A,N/A,N/A,N/A,N/A,N/A,N/A
0,4294967295,394,1,Rsqrt34,N/A,N/A,N/A,1764070223929628.527	,2.458,0.083,0,0,N/A,N/A,N/A,N/A,N/A,N/A,N/A,N/A
0,4294967295,395,1,Mul35,N/A,N/A,N/A,1764070223929631.069	,2.312,0.083,0,0,N/A,N/A,N/A,N/A,N/A,N/A,N/A,N/A
0,4294967295,396,1,Mul35,N/A,N/A,N/A,1764070223929633.465	,2.188,0.083,0,0,N/A,N/A,N/A,N/A,N/A,N/A,N/A,N/A
0,4294967295,397,1,Sub36,N/A,N/A,N/A,1764070223929635.715	,2.25,0.062,0,0,N/A,N/A,N/A,N/A,N/A,N/A,N/A,N/A
0,4294967295,398,1,trans_TransData_21,N/A,N/A,N/A,1764070223929638.027	,1.979,0.062,0,0,N/A,N/A,N/A,N/A,N/A,N/A,N/A,N/A
0,4294967295,399,1,Mul42,N/A,N/A,N/A,1764070223929640.069	,135.292,0.062,0,0,N/A,N/A,N/A,N/A,N/A,N/A,N/A,N/A
0,4294967295,400,1,trans_TransData_22,N/A,N/A,N/A,1764070223929775.423	,2.0,0.062,0,0,N/A,N/A,N/A,N/A,N/A,N/A,N/A,N/A
0,4294967295,401,1,Add43,N/A,N/A,N/A,1764070223929777.486	,133.542,0.062,0,0,N/A,N/A,N/A,N/A,N/A,N/A,N/A,N/A
0,4294967295,402,1,Add45,N/A,N/A,N/A,1764070223929911.111	,361.938,0.083,0,0,N/A,N/A,N/A,N/A,N/A,N/A,N/A,N/A
0,4294967295,403,1,Relu44,N/A,N/A,N/A,1764070223930273.111	,145.396,0.062,0,0,N/A,N/A,N/A,N/A,N/A,N/A,N/A,N/A
0,4294967295,404,1,Conv2D41,N/A,N/A,N/A,1764070223930418.569	,398.438,0.062,0,0,N/A,N/A,N/A,N/A,N/A,N/A,N/A,N/A
0,4294967295,405,1,Add33,N/A,N/A,N/A,1764070223930817.090	,2.333,0.083,0,0,N/A,N/A,N/A,N/A,N/A,N/A,N/A,N/A
0,4294967295,406,1,Rsqrt34,N/A,N/A,N/A,1764070223930819.486	,2.292,0.062,0,0,N/A,N/A,N/A,N/A,N/A,N/A,N/A,N/A
0,4294967295,407,1,Mul35,N/A,N/A,N/A,1764070223930821.840	,2.271,0.062,0,0,N/A,N/A,N/A,N/A,N/A,N/A,N/A,N/A
0,4294967295,408,1,Mul35,N/A,N/A,N/A,1764070223930824.173	,2.146,0.062,0,0,N/A,N/A,N/A,N/A,N/A,N/A,N/A,N/A
0,4294967295,409,1,Sub36,N/A,N/A,N/A,1764070223930826.382	,2.188,0.062,0,0,N/A,N/A,N/A,N/A,N/A,N/A,N/A,N/A
0,4294967295,410,1,trans_TransData_21,N/A,N/A,N/A,1764070223930828.632	,1.917,0.062,0,0,N/A,N/A,N/A,N/A,N/A,N/A,N/A,N/A
0,4294967295,411,1,Mul42,N/A,N/A,N/A,1764070223930830.632	,133.896,0.083,0,0,N/A,N/A,N/A,N/A,N/A,N/A,N/A,N/A
0,4294967295,412,1,trans_TransData_22,N/A,N/A,N/A,1764070223930964.611	,2.562,0.083,0,0,N/A,N/A,N/A,N/A,N/A,N/A,N/A,N/A
0,4294967295,413,1,Add43,N/A,N/A,N/A,1764070223930967.236	,133.479,0.062,0,0,N/A,N/A,N/A,N/A,N/A,N/A,N/A,N/A
0,4294967295,414,1,Relu44,N/A,N/A,N/A,1764070223931100.798	,129.021,0.083,0,0,N/A,N/A,N/A,N/A,N/A,N/A,N/A,N/A
0,4294967295,415,1,Conv2D41,N/A,N/A,N/A,1764070223931229.902	,406.333,0.083,0,0,N/A,N/A,N/A,N/A,N/A,N/A,N/A,N/A
0,4294967295,416,1,Add33,N/A,N/A,N/A,1764070223931636.298	,2.188,0.062,0,0,N/A,N/A,N/A,N/A,N/A,N/A,N/A,N/A
0,4294967295,417,1,Rsqrt34,N/A,N/A,N/A,1764070223931638.548	,2.354,0.062,0,0,N/A,N/A,N/A,N/A,N/A,N/A,N/A,N/A
0,4294967295,418,1,Mul35,N/A,N/A,N/A,1764070223931640.986	,2.292,0.083,0,0,N/A,N/A,N/A,N/A,N/A,N/A,N/A,N/A
0,4294967295,419,1,Mul35,N/A,N/A,N/A,1764070223931643.361	,2.083,0.083,0,0,N/A,N/A,N/A,N/A,N/A,N/A,N/A,N/A
0,4294967295,420,1,Sub36,N/A,N/A,N/A,1764070223931645.506	,2.458,0.062,0,0,N/A,N/A,N/A,N/A,N/A,N/A,N/A,N/A
0,4294967295,421,1,trans_TransData_21,N/A,N/A,N/A,1764070223931648.048	,2.042,0.083,0,0,N/A,N/A,N/A,N/A,N/A,N/A,N/A,N/A
0,4294967295,422,1,Mul42,N/A,N/A,N/A,1764070223931650.152	,137.333,0.062,0,0,N/A,N/A,N/A,N/A,N/A,N/A,N/A,N/A
0,4294967295,423,1,trans_TransData_22,N/A,N/A,N/A,1764070223931787.569	,2.292,0.083,0,0,N/A,N/A,N/A,N/A,N/A,N/A,N/A,N/A
0,4294967295,424,1,Add43,N/A,N/A,N/A,1764070223931789.923	,133.521,0.062,0,0,N/A,N/A,N/A,N/A,N/A,N/A,N/A,N/A
0,4294967295,425,1,Add45,N/A,N/A,N/A,1764070223931923.506	,373.458,0.062,0,0,N/A,N/A,N/A,N/A,N/A,N/A,N/A,N/A
0,4294967295,426,1,Relu44,N/A,N/A,N/A,1764070223932297.048	,140.104,0.083,0,0,N/A,N/A,N/A,N/A,N/A,N/A,N/A,N/A
0,4294967295,427,1,Conv2D46,N/A,N/A,N/A,1764070223932437.215	,211.188,0.062,0,0,N/A,N/A,N/A,N/A,N/A,N/A,N/A,N/A
0,4294967295,428,1,Add47,N/A,N/A,N/A,1764070223932648.486	,2.5,0.083,0,0,N/A,N/A,N/A,N/A,N/A,N/A,N/A,N/A
0,4294967295,429,1,Rsqrt48,N/A,N/A,N/A,1764070223932651.048	,2.583,0.062,0,0,N/A,N/A,N/A,N/A,N/A,N/A,N/A,N/A
0,4294967295,430,1,Mul49,N/A,N/A,N/A,1764070223932653.694	,2.354,0.062,0,0,N/A,N/A,N/A,N/A,N/A,N/A,N/A,N/A
0,4294967295,431,1,Mul49,N/A,N/A,N/A,1764070223932656.132	,2.125,0.083,0,0,N/A,N/A,N/A,N/A,N/A,N/A,N/A,N/A
0,4294967295,432,1,Sub50,N/A,N/A,N/A,1764070223932658.340	,2.521,0.083,0,0,N/A,N/A,N/A,N/A,N/A,N/A,N/A,N/A
0,4294967295,433,1,trans_TransData_23,N/A,N/A,N/A,1764070223932660.944	,2.083,0.083,0,0,N/A,N/A,N/A,N/A,N/A,N/A,N/A,N/A
0,4294967295,434,1,Mul51,N/A,N/A,N/A,1764070223932663.090	,67.812,0.062,0,0,N/A,N/A,N/A,N/A,N/A,N/A,N/A,N/A
0,4294967295,435,1,trans_TransData_24,N/A,N/A,N/A,1764070223932730.965	,2.271,0.062,0,0,N/A,N/A,N/A,N/A,N/A,N/A,N/A,N/A
0,4294967295,436,1,Add52,N/A,N/A,N/A,1764070223932733.319	,68.083,0.083,0,0,N/A,N/A,N/A,N/A,N/A,N/A,N/A,N/A
0,4294967295,437,1,Relu53,N/A,N/A,N/A,1764070223932801.486	,65.042,0.083,0,0,N/A,N/A,N/A,N/A,N/A,N/A,N/A,N/A
0,4294967295,438,1,Conv2D54,N/A,N/A,N/A,1764070223932866.611	,404.0,0.083,0,0,N/A,N/A,N/A,N/A,N/A,N/A,N/A,N/A
0,4294967295,439,1,Add47,N/A,N/A,N/A,1764070223933270.694	,2.229,0.083,0,0,N/A,N/A,N/A,N/A,N/A,N/A,N/A,N/A
0,4294967295,440,1,Rsqrt48,N/A,N/A,N/A,1764070223933273.006	,2.458,0.083,0,0,N/A,N/A,N/A,N/A,N/A,N/A,N/A,N/A
0,4294967295,441,1,Mul49,N/A,N/A,N/A,1764070223933275.548	,2.438,0.083,0,0,N/A,N/A,N/A,N/A,N/A,N/A,N/A,N/A
0,4294967295,442,1,Mul49,N/A,N/A,N/A,1764070223933278.048	,2.125,0.062,0,0,N/A,N/A,N/A,N/A,N/A,N/A,N/A,N/A
0,4294967295,443,1,Sub50,N/A,N/A,N/A,1764070223933280.256	,2.229,0.083,0,0,N/A,N/A,N/A,N/A,N/A,N/A,N/A,N/A
0,4294967295,444,1,trans_TransData_23,N/A,N/A,N/A,1764070223933282.548	,1.833,0.062,0,0,N/A,N/A,N/A,N/A,N/A,N/A,N/A,N/A
0,4294967295,445,1,Mul51,N/A,N/A,N/A,1764070223933284.444	,65.083,0.062,0,0,N/A,N/A,N/A,N/A,N/A,N/A,N/A,N/A
0,4294967295,446,1,trans_TransData_24,N/A,N/A,N/A,1764070223933349.611	,1.854,0.083,0,0,N/A,N/A,N/A,N/A,N/A,N/A,N/A,N/A
0,4294967295,447,1,Add52,N/A,N/A,N/A,1764070223933351.548	,65.104,0.083,0,0,N/A,N/A,N/A,N/A,N/A,N/A,N/A,N/A
0,4294967295,448,1,Conv2D55,N/A,N/A,N/A,1764070223933416.736	,159.688,0.083,0,0,N/A,N/A,N/A,N/A,N/A,N/A,N/A,N/A
0,4294967295,449,1,Add47,N/A,N/A,N/A,1764070223933576.506	,2.188,0.083,0,0,N/A,N/A,N/A,N/A,N/A,N/A,N/A,N/A
0,4294967295,450,1,Rsqrt48,N/A,N/A,N/A,1764070223933578.777	,2.479,0.083,0,0,N/A,N/A,N/A,N/A,N/A,N/A,N/A,N/A
0,4294967295,451,1,Mul49,N/A,N/A,N/A,1764070223933581.340	,2.208,0.083,0,0,N/A,N/A,N/A,N/A,N/A,N/A,N/A,N/A
0,4294967295,452,1,Mul49,N/A,N/A,N/A,1764070223933583.611	,2.062,0.062,0,0,N/A,N/A,N/A,N/A,N/A,N/A,N/A,N/A
0,4294967295,453,1,Sub50,N/A,N/A,N/A,1764070223933585.756	,2.5,0.083,0,0,N/A,N/A,N/A,N/A,N/A,N/A,N/A,N/A
0,4294967295,454,1,trans_TransData_23,N/A,N/A,N/A,1764070223933588.340	,2.021,0.083,0,0,N/A,N/A,N/A,N/A,N/A,N/A,N/A,N/A
0,4294967295,455,1,Mul51,N/A,N/A,N/A,1764070223933590.444	,66.812,0.083,0,0,N/A,N/A,N/A,N/A,N/A,N/A,N/A,N/A
0,4294967295,456,1,trans_TransData_24,N/A,N/A,N/A,1764070223933657.340	,2.0,0.083,0,0,N/A,N/A,N/A,N/A,N/A,N/A,N/A,N/A
0,4294967295,457,1,Add52,N/A,N/A,N/A,1764070223933659.402	,66.667,0.062,0,0,N/A,N/A,N/A,N/A,N/A,N/A,N/A,N/A
0,4294967295,458,1,Add56,N/A,N/A,N/A,1764070223933726.152	,143.708,0.083,0,0,N/A,N/A,N/A,N/A,N/A,N/A,N/A,N/A
0,4294967295,459,1,Relu53,N/A,N/A,N/A,1764070223933869.923	,64.479,0.062,0,0,N/A,N/A,N/A,N/A,N/A,N/A,N/A,N/A
0,4294967295,460,1,Conv2D54,N/A,N/A,N/A,1764070223933934.486	,403.042,0.083,0,0,N/A,N/A,N/A,N/A,N/A,N/A,N/A,N/A
0,4294967295,461,1,Add47,N/A,N/A,N/A,1764070223934337.590	,2.25,0.062,0,0,N/A,N/A,N/A,N/A,N/A,N/A,N/A,N/A
0,4294967295,462,1,Rsqrt48,N/A,N/A,N/A,1764070223934339.902	,2.562,0.062,0,0,N/A,N/A,N/A,N/A,N/A,N/A,N/A,N/A
0,4294967295,463,1,Mul49,N/A,N/A,N/A,1764070223934342.527	,2.292,0.062,0,0,N/A,N/A,N/A,N/A,N/A,N/A,N/A,N/A
0,4294967295,464,1,Mul49,N/A,N/A,N/A,1764070223934344.882	,2.062,0.062,0,0,N/A,N/A,N/A,N/A,N/A,N/A,N/A,N/A
0,4294967295,465,1,Sub50,N/A,N/A,N/A,1764070223934347.027	,2.312,0.083,0,0,N/A,N/A,N/A,N/A,N/A,N/A,N/A,N/A
0,4294967295,466,1,trans_TransData_23,N/A,N/A,N/A,1764070223934349.423	,2.0,0.083,0,0,N/A,N/A,N/A,N/A,N/A,N/A,N/A,N/A
0,4294967295,467,1,Mul51,N/A,N/A,N/A,1764070223934351.506	,67.562,0.083,0,0,N/A,N/A,N/A,N/A,N/A,N/A,N/A,N/A
0,4294967295,468,1,trans_TransData_24,N/A,N/A,N/A,1764070223934419.152	,2.104,0.083,0,0,N/A,N/A,N/A,N/A,N/A,N/A,N/A,N/A
0,4294967295,469,1,Add52,N/A,N/A,N/A,1764070223934421.319	,67.354,0.062,0,0,N/A,N/A,N/A,N/A,N/A,N/A,N/A,N/A
0,4294967295,470,1,Relu53,N/A,N/A,N/A,1764070223934488.756	,64.938,0.083,0,0,N/A,N/A,N/A,N/A,N/A,N/A,N/A,N/A
0,4294967295,471,1,Conv2D54,N/A,N/A,N/A,1764070223934553.777	,408.625,0.083,0,0,N/A,N/A,N/A,N/A,N/A,N/A,N/A,N/A
0,4294967295,472,1,Add47,N/A,N/A,N/A,1764070223934962.486	,2.229,0.083,0,0,N/A,N/A,N/A,N/A,N/A,N/A,N/A,N/A
0,4294967295,473,1,Rsqrt48,N/A,N/A,N/A,1764070223934964.798	,2.458,0.083,0,0,N/A,N/A,N/A,N/A,N/A,N/A,N/A,N/A
0,4294967295,474,1,Mul49,N/A,N/A,N/A,1764070223934967.319	,2.229,0.062,0,0,N/A,N/A,N/A,N/A,N/A,N/A,N/A,N/A
0,4294967295,475,1,Mul49,N/A,N/A,N/A,1764070223934969.611	,2.083,0.062,0,0,N/A,N/A,N/A,N/A,N/A,N/A,N/A,N/A
0,4294967295,476,1,Sub50,N/A,N/A,N/A,1764070223934971.777	,2.229,0.083,0,0,N/A,N/A,N/A,N/A,N/A,N/A,N/A,N/A
0,4294967295,477,1,trans_TransData_23,N/A,N/A,N/A,1764070223934974.090	,1.833,0.083,0,0,N/A,N/A,N/A,N/A,N/A,N/A,N/A,N/A
0,4294967295,478,1,Mul51,N/A,N/A,N/A,1764070223934976.006	,65.667,0.083,0,0,N/A,N/A,N/A,N/A,N/A,N/A,N/A,N/A
0,4294967295,479,1,trans_TransData_24,N/A,N/A,N/A,1764070223935041.736	,2.0,0.062,0,0,N/A,N/A,N/A,N/A,N/A,N/A,N/A,N/A
0,4294967295,480,1,Add52,N/A,N/A,N/A,1764070223935043.819	,65.938,0.083,0,0,N/A,N/A,N/A,N/A,N/A,N/A,N/A,N/A
0,4294967295,481,1,Add56,N/A,N/A,N/A,1764070223935109.819	,159.958,0.062,0,0,N/A,N/A,N/A,N/A,N/A,N/A,N/A,N/A
0,4294967295,482,1,Relu53,N/A,N/A,N/A,1764070223935269.861	,65.229,0.083,0,0,N/A,N/A,N/A,N/A,N/A,N/A,N/A,N/A
0,4294967295,483,1,Conv2D57,N/A,N/A,N/A,1764070223935335.152	,287.0,0.062,0,0,N/A,N/A,N/A,N/A,N/A,N/A,N/A,N/A
0,4294967295,484,1,Add58,N/A,N/A,N/A,1764070223935622.236	,2.625,0.083,0,0,N/A,N/A,N/A,N/A,N/A,N/A,N/A,N/A
0,4294967295,485,1,Rsqrt59,N/A,N/A,N/A,1764070223935624.944	,2.812,0.083,0,0,N/A,N/A,N/A,N/A,N/A,N/A,N/A,N/A
0,4294967295,486,1,Mul60,N/A,N/A,N/A,1764070223938613.402	,3.292,2985.646,0,0,N/A,N/A,N/A,N/A,N/A,N/A,N/A,N/A
0,4294967295,487,1,Mul60,N/A,N/A,N/A,1764070223939460.194	,2.062,843.5,0,0,N/A,N/A,N/A,N/A,N/A,N/A,N/A,N/A
0,4294967295,488,1,Sub61,N/A,N/A,N/A,1764070223940589.632	,3.333,1127.375,0,0,N/A,N/A,N/A,N/A,N/A,N/A,N/A,N/A
0,4294967295,489,1,trans_TransData_25,N/A,N/A,N/A,1764070223940918.423	,2.583,325.458,0,0,N/A,N/A,N/A,N/A,N/A,N/A,N/A,N/A
0,4294967295,490,1,Mul62,N/A,N/A,N/A,1764070223940956.236	,34.667,35.229,0,0,N/A,N/A,N/A,N/A,N/A,N/A,N/A,N/A
0,4294967295,491,1,trans_TransData_26,N/A,N/A,N/A,1764070223941043.361	,2.5,52.458,0,0,N/A,N/A,N/A,N/A,N/A,N/A,N/A,N/A
0,4294967295,492,1,Add63,N/A,N/A,N/A,1764070223941073.840	,34.875,27.979,0,0,N/A,N/A,N/A,N/A,N/A,N/A,N/A,N/A
0,4294967295,493,1,Relu64,N/A,N/A,N/A,1764070223941167.819	,33.854,59.104,0,0,N/A,N/A,N/A,N/A,N/A,N/A,N/A,N/A
0,4294967295,494,1,Conv2D65,N/A,N/A,N/A,1764070223941250.215	,465.646,48.542,0,0,N/A,N/A,N/A,N/A,N/A,N/A,N/A,N/A
0,4294967295,495,1,Add58,N/A,N/A,N/A,1764070223941715.923	,2.125,0.062,0,0,N/A,N/A,N/A,N/A,N/A,N/A,N/A,N/A
0,4294967295,496,1,Rsqrt59,N/A,N/A,N/A,1764070223941718.132	,2.021,0.083,0,0,N/A,N/A,N/A,N/A,N/A,N/A,N/A,N/A
0,4294967295,497,1,Mul60,N/A,N/A,N/A,1764070223941720.236	,2.208,0.083,0,0,N/A,N/A,N/A,N/A,N/A,N/A,N/A,N/A
0,4294967295,498,1,Mul60,N/A,N/A,N/A,1764070223941722.506	,2.021,0.062,0,0,N/A,N/A,N/A,N/A,N/A,N/A,N/A,N/A
0,4294967295,499,1,Sub61,N/A,N/A,N/A,1764070223941724.590	,2.125,0.062,0,0,N/A,N/A,N/A,N/A,N/A,N/A,N/A,N/A
0,4294967295,500,1,trans_TransData_25,N/A,N/A,N/A,1764070223941726.798	,1.875,0.083,0,0,N/A,N/A,N/A,N/A,N/A,N/A,N/A,N/A
0,4294967295,501,1,Mul62,N/A,N/A,N/A,1764070223941728.756	,33.292,0.083,0,0,N/A,N/A,N/A,N/A,N/A,N/A,N/A,N/A
0,4294967295,502,1,trans_TransData_26,N/A,N/A,N/A,1764070223941762.132	,1.771,0.083,0,0,N/A,N/A,N/A,N/A,N/A,N/A,N/A,N/A
0,4294967295,503,1,Add63,N/A,N/A,N/A,1764070223941767.444	,33.417,3.542,0,0,N/A,N/A,N/A,N/A,N/A,N/A,N/A,N/A
0,4294967295,504,1,Conv2D66,N/A,N/A,N/A,1764070223941834.256	,85.688,33.396,0,0,N/A,N/A,N/A,N/A,N/A,N/A,N/A,N/A
0,4294967295,505,1,Add58,N/A,N/A,N/A,1764070223941920.027	,2.146,0.083,0,0,N/A,N/A,N/A,N/A,N/A,N/A,N/A,N/A
0,4294967295,506,1,Rsqrt59,N/A,N/A,N/A,1764070223941946.902	,2.25,24.729,0,0,N/A,N/A,N/A,N/A,N/A,N/A,N/A,N/A
0,4294967295,507,1,Mul60,N/A,N/A,N/A,1764070223941991.132	,2.083,41.979,0,0,N/A,N/A,N/A,N/A,N/A,N/A,N/A,N/A
0,4294967295,508,1,Mul60,N/A,N/A,N/A,1764070223942027.319	,1.958,34.104,0,0,N/A,N/A,N/A,N/A,N/A,N/A,N/A,N/A
0,4294967295,509,1,Sub61,N/A,N/A,N/A,1764070223942063.590	,2.188,34.312,0,0,N/A,N/A,N/A,N/A,N/A,N/A,N/A,N/A
0,4294967295,510,1,trans_TransData_25,N/A,N/A,N/A,1764070223942117.256	,1.771,51.479,0,0,N/A,N/A,N/A,N/A,N/A,N/A,N/A,N/A
0,4294967295,511,1,Mul62,N/A,N/A,N/A,1764070223942126.506	,33.333,7.479,0,0,N/A,N/A,N/A,N/A,N/A,N/A,N/A,N/A
0,4294967295,512,1,trans_TransData_26,N/A,N/A,N/A,1764070223942180.465	,2.0,20.625,0,0,N/A,N/A,N/A,N/A,N/A,N/A,N/A,N/A
0,4294967295,513,1,Add63,N/A,N/A,N/A,1764070223942199.173	,33.896,16.708,0,0,N/A,N/A,N/A,N/A,N/A,N/A,N/A,N/A
0,4294967295,514,1,Add67,N/A,N/A,N/A,1764070223942252.152	,46.562,19.083,0,0,N/A,N/A,N/A,N/A,N/A,N/A,N/A,N/A
0,4294967295,515,1,Relu64,N/A,N/A,N/A,1764070223942298.798	,33.25,0.083,0,0,N/A,N/A,N/A,N/A,N/A,N/A,N/A,N/A
0,4294967295,516,1,Conv2D65,N/A,N/A,N/A,1764070223942343.152	,422.271,11.104,0,0,N/A,N/A,N/A,N/A,N/A,N/A,N/A,N/A
0,4294967295,517,1,Add58,N/A,N/A,N/A,1764070223942765.506	,2.396,0.083,0,0,N/A,N/A,N/A,N/A,N/A,N/A,N/A,N/A
0,4294967295,518,1,Rsqrt59,N/A,N/A,N/A,1764070223942767.986	,2.458,0.083,0,0,N/A,N/A,N/A,N/A,N/A,N/A,N/A,N/A
0,4294967295,519,1,Mul60,N/A,N/A,N/A,1764070223942770.527	,2.354,0.083,0,0,N/A,N/A,N/A,N/A,N/A,N/A,N/A,N/A
0,4294967295,520,1,Mul60,N/A,N/A,N/A,1764070223942772.944	,2.083,0.062,0,0,N/A,N/A,N/A,N/A,N/A,N/A,N/A,N/A
0,4294967295,521,1,Sub61,N/A,N/A,N/A,1764070223942775.111	,2.396,0.083,0,0,N/A,N/A,N/A,N/A,N/A,N/A,N/A,N/A
0,4294967295,522,1,trans_TransData_25,N/A,N/A,N/A,1764070223942777.590	,2.042,0.083,0,0,N/A,N/A,N/A,N/A,N/A,N/A,N/A,N/A
0,4294967295,523,1,Mul62,N/A,N/A,N/A,1764070223942779.694	,33.771,0.062,0,0,N/A,N/A,N/A,N/A,N/A,N/A,N/A,N/A
0,4294967295,524,1,trans_TransData_26,N/A,N/A,N/A,1764070223942813.548	,1.917,0.083,0,0,N/A,N/A,N/A,N/A,N/A,N/A,N/A,N/A
0,4294967295,525,1,Add63,N/A,N/A,N/A,1764070223942815.548	,33.688,0.083,0,0,N/A,N/A,N/A,N/A,N/A,N/A,N/A,N/A
0,4294967295,526,1,Relu64,N/A,N/A,N/A,1764070223942849.319	,33.438,0.083,0,0,N/A,N/A,N/A,N/A,N/A,N/A,N/A,N/A
0,4294967295,527,1,Conv2D65,N/A,N/A,N/A,1764070223942882.819	,456.0,0.062,0,0,N/A,N/A,N/A,N/A,N/A,N/A,N/A,N/A
0,4294967295,528,1,Add58,N/A,N/A,N/A,1764070223943338.902	,2.083,0.083,0,0,N/A,N/A,N/A,N/A,N/A,N/A,N/A,N/A
0,4294967295,529,1,Rsqrt59,N/A,N/A,N/A,1764070223943341.069	,2.062,0.083,0,0,N/A,N/A,N/A,N/A,N/A,N/A,N/A,N/A
0,4294967295,530,1,Mul60,N/A,N/A,N/A,1764070223943343.215	,2.188,0.083,0,0,N/A,N/A,N/A,N/A,N/A,N/A,N/A,N/A
0,4294967295,531,1,Mul60,N/A,N/A,N/A,1764070223943345.465	,2.188,0.062,0,0,N/A,N/A,N/A,N/A,N/A,N/A,N/A,N/A
0,4294967295,532,1,Sub61,N/A,N/A,N/A,1764070223943347.736	,2.083,0.083,0,0,N/A,N/A,N/A,N/A,N/A,N/A,N/A,N/A
0,4294967295,533,1,trans_TransData_25,N/A,N/A,N/A,1764070223943349.902	,1.875,0.083,0,0,N/A,N/A,N/A,N/A,N/A,N/A,N/A,N/A
0,4294967295,534,1,Mul62,N/A,N/A,N/A,1764070223943351.861	,33.354,0.083,0,0,N/A,N/A,N/A,N/A,N/A,N/A,N/A,N/A
0,4294967295,535,1,trans_TransData_26,N/A,N/A,N/A,1764070223943385.298	,1.938,0.083,0,0,N/A,N/A,N/A,N/A,N/A,N/A,N/A,N/A
0,4294967295,536,1,Add63,N/A,N/A,N/A,1764070223943387.298	,33.229,0.062,0,0,N/A,N/A,N/A,N/A,N/A,N/A,N/A,N/A
0,4294967295,537,1,Add67,N/A,N/A,N/A,1764070223943420.611	,68.938,0.083,0,0,N/A,N/A,N/A,N/A,N/A,N/A,N/A,N/A
0,4294967295,538,1,Relu64,N/A,N/A,N/A,1764070223943489.632	,33.062,0.083,0,0,N/A,N/A,N/A,N/A,N/A,N/A,N/A,N/A
0,4294967295,539,1,Conv2D68,N/A,N/A,N/A,1764070223943522.756	,378.688,0.062,0,0,N/A,N/A,N/A,N/A,N/A,N/A,N/A,N/A
0,4294967295,540,1,Add69,N/A,N/A,N/A,1764070223943901.506	,3.292,0.062,0,0,N/A,N/A,N/A,N/A,N/A,N/A,N/A,N/A
0,4294967295,541,1,Rsqrt70,N/A,N/A,N/A,1764070223943904.861	,2.75,0.062,0,0,N/A,N/A,N/A,N/A,N/A,N/A,N/A,N/A
0,4294967295,542,1,Mul71,N/A,N/A,N/A,1764070223943907.694	,2.562,0.083,0,0,N/A,N/A,N/A,N/A,N/A,N/A,N/A,N/A
0,4294967295,543,1,Mul71,N/A,N/A,N/A,1764070223943910.340	,2.125,0.083,0,0,N/A,N/A,N/A,N/A,N/A,N/A,N/A,N/A
0,4294967295,544,1,Sub72,N/A,N/A,N/A,1764070223943912.527	,2.792,0.062,0,0,N/A,N/A,N/A,N/A,N/A,N/A,N/A,N/A
0,4294967295,545,1,trans_TransData_27,N/A,N/A,N/A,1764070223943915.382	,2.229,0.062,0,0,N/A,N/A,N/A,N/A,N/A,N/A,N/A,N/A
0,4294967295,546,1,Mul73,N/A,N/A,N/A,1764070223943917.694	,18.667,0.083,0,0,N/A,N/A,N/A,N/A,N/A,N/A,N/A,N/A
0,4294967295,547,1,trans_TransData_28,N/A,N/A,N/A,1764070223943936.423	,2.417,0.062,0,0,N/A,N/A,N/A,N/A,N/A,N/A,N/A,N/A
0,4294967295,548,1,Add74,N/A,N/A,N/A,1764070223943938.923	,18.667,0.083,0,0,N/A,N/A,N/A,N/A,N/A,N/A,N/A,N/A
0,4294967295,549,1,Relu75,N/A,N/A,N/A,1764070223943957.673	,17.646,0.083,0,0,N/A,N/A,N/A,N/A,N/A,N/A,N/A,N/A
0,4294967295,550,1,Conv2D76,N/A,N/A,N/A,1764070223943975.382	,810.979,0.062,0,0,N/A,N/A,N/A,N/A,N/A,N/A,N/A,N/A
0,4294967295,551,1,Add69,N/A,N/A,N/A,1764070223944786.444	,2.333,0.083,0,0,N/A,N/A,N/A,N/A,N/A,N/A,N/A,N/A
0,4294967295,552,1,Rsqrt70,N/A,N/A,N/A,1764070223944788.840	,2.458,0.062,0,0,N/A,N/A,N/A,N/A,N/A,N/A,N/A,N/A
0,4294967295,553,1,Mul71,N/A,N/A,N/A,1764070223944791.382	,2.396,0.083,0,0,N/A,N/A,N/A,N/A,N/A,N/A,N/A,N/A
0,4294967295,554,1,Mul71,N/A,N/A,N/A,1764070223944793.861	,2.188,0.083,0,0,N/A,N/A,N/A,N/A,N/A,N/A,N/A,N/A
0,4294967295,555,1,Sub72,N/A,N/A,N/A,1764070223944796.132	,2.396,0.083,0,0,N/A,N/A,N/A,N/A,N/A,N/A,N/A,N/A
0,4294967295,556,1,trans_TransData_27,N/A,N/A,N/A,1764070223944798.590	,2.042,0.062,0,0,N/A,N/A,N/A,N/A,N/A,N/A,N/A,N/A
0,4294967295,557,1,Mul73,N/A,N/A,N/A,1764070223944800.694	,25.917,0.062,0,0,N/A,N/A,N/A,N/A,N/A,N/A,N/A,N/A
0,4294967295,558,1,trans_TransData_28,N/A,N/A,N/A,1764070223944826.694	,2.271,0.083,0,0,N/A,N/A,N/A,N/A,N/A,N/A,N/A,N/A
0,4294967295,559,1,Add74,N/A,N/A,N/A,1764070223944829.027	,18.0,0.062,0,0,N/A,N/A,N/A,N/A,N/A,N/A,N/A,N/A
0,4294967295,560,1,Conv2D77,N/A,N/A,N/A,1764070223944847.090	,76.667,0.062,0,0,N/A,N/A,N/A,N/A,N/A,N/A,N/A,N/A
0,4294967295,561,1,Add69,N/A,N/A,N/A,1764070223944923.819	,2.188,0.062,0,0,N/A,N/A,N/A,N/A,N/A,N/A,N/A,N/A
0,4294967295,562,1,Rsqrt70,N/A,N/A,N/A,1764070223944946.132	,2.292,20.125,0,0,N/A,N/A,N/A,N/A,N/A,N/A,N/A,N/A
0,4294967295,563,1,Mul71,N/A,N/A,N/A,1764070223944987.423	,2.125,39.0,0,0,N/A,N/A,N/A,N/A,N/A,N/A,N/A,N/A
0,4294967295,564,1,Mul71,N/A,N/A,N/A,1764070223945022.715	,2.125,33.167,0,0,N/A,N/A,N/A,N/A,N/A,N/A,N/A,N/A
0,4294967295,565,1,Sub72,N/A,N/A,N/A,1764070223945061.923	,2.104,37.083,0,0,N/A,N/A,N/A,N/A,N/A,N/A,N/A,N/A
0,4294967295,566,1,trans_TransData_27,N/A,N/A,N/A,1764070223945115.382	,1.875,51.354,0,0,N/A,N/A,N/A,N/A,N/A,N/A,N/A,N/A
0,4294967295,567,1,Mul73,N/A,N/A,N/A,1764070223945135.506	,17.667,18.25,0,0,N/A,N/A,N/A,N/A,N/A,N/A,N/A,N/A
0,4294967295,568,1,trans_TransData_28,N/A,N/A,N/A,1764070223945178.277	,1.792,25.104,0,0,N/A,N/A,N/A,N/A,N/A,N/A,N/A,N/A
0,4294967295,569,1,Add74,N/A,N/A,N/A,1764070223945197.277	,17.646,17.208,0,0,N/A,N/A,N/A,N/A,N/A,N/A,N/A,N/A
0,4294967295,570,1,Add78,N/A,N/A,N/A,1764070223945263.506	,24.917,48.583,0,0,N/A,N/A,N/A,N/A,N/A,N/A,N/A,N/A
0,4294967295,571,1,Relu75,N/A,N/A,N/A,1764070223945309.694	,17.583,21.271,0,0,N/A,N/A,N/A,N/A,N/A,N/A,N/A,N/A
0,4294967295,572,1,Conv2D76,N/A,N/A,N/A,1764070223945371.048	,789.396,43.771,0,0,N/A,N/A,N/A,N/A,N/A,N/A,N/A,N/A
0,4294967295,573,1,Add69,N/A,N/A,N/A,1764070223946160.527	,2.417,0.083,0,0,N/A,N/A,N/A,N/A,N/A,N/A,N/A,N/A
0,4294967295,574,1,Rsqrt70,N/A,N/A,N/A,1764070223946163.027	,2.5,0.083,0,0,N/A,N/A,N/A,N/A,N/A,N/A,N/A,N/A
0,4294967295,575,1,Mul71,N/A,N/A,N/A,1764070223946165.611	,2.354,0.083,0,0,N/A,N/A,N/A,N/A,N/A,N/A,N/A,N/A
0,4294967295,576,1,Mul71,N/A,N/A,N/A,1764070223946168.048	,2.188,0.083,0,0,N/A,N/A,N/A,N/A,N/A,N/A,N/A,N/A
0,4294967295,577,1,Sub72,N/A,N/A,N/A,1764070223946170.319	,2.333,0.083,0,0,N/A,N/A,N/A,N/A,N/A,N/A,N/A,N/A
0,4294967295,578,1,trans_TransData_27,N/A,N/A,N/A,1764070223946172.736	,2.042,0.083,0,0,N/A,N/A,N/A,N/A,N/A,N/A,N/A,N/A
0,4294967295,579,1,Mul73,N/A,N/A,N/A,1764070223946174.840	,25.688,0.062,0,0,N/A,N/A,N/A,N/A,N/A,N/A,N/A,N/A
0,4294967295,580,1,trans_TransData_28,N/A,N/A,N/A,1764070223946200.611	,2.208,0.083,0,0,N/A,N/A,N/A,N/A,N/A,N/A,N/A,N/A
0,4294967295,581,1,Add74,N/A,N/A,N/A,1764070223946202.882	,18.083,0.062,0,0,N/A,N/A,N/A,N/A,N/A,N/A,N/A,N/A
0,4294967295,582,1,Relu75,N/A,N/A,N/A,1764070223946221.048	,17.646,0.083,0,0,N/A,N/A,N/A,N/A,N/A,N/A,N/A,N/A
0,4294967295,583,1,Conv2D76,N/A,N/A,N/A,1764070223946238.756	,733.167,0.062,0,0,N/A,N/A,N/A,N/A,N/A,N/A,N/A,N/A
0,4294967295,584,1,Add69,N/A,N/A,N/A,1764070223946972.006	,2.312,0.083,0,0,N/A,N/A,N/A,N/A,N/A,N/A,N/A,N/A
0,4294967295,585,1,Rsqrt70,N/A,N/A,N/A,1764070223946974.382	,2.625,0.062,0,0,N/A,N/A,N/A,N/A,N/A,N/A,N/A,N/A
0,4294967295,586,1,Mul71,N/A,N/A,N/A,1764070223946977.069	,2.396,0.062,0,0,N/A,N/A,N/A,N/A,N/A,N/A,N/A,N/A
0,4294967295,587,1,Mul71,N/A,N/A,N/A,1764070223946979.527	,2.229,0.062,0,0,N/A,N/A,N/A,N/A,N/A,N/A,N/A,N/A
0,4294967295,588,1,Sub72,N/A,N/A,N/A,1764070223946981.819	,2.375,0.062,0,0,N/A,N/A,N/A,N/A,N/A,N/A,N/A,N/A
0,4294967295,589,1,trans_TransData_27,N/A,N/A,N/A,1764070223946984.256	,1.958,0.062,0,0,N/A,N/A,N/A,N/A,N/A,N/A,N/A,N/A
0,4294967295,590,1,Mul73,N/A,N/A,N/A,1764070223946986.277	,25.625,0.062,0,0,N/A,N/A,N/A,N/A,N/A,N/A,N/A,N/A
0,4294967295,591,1,trans_TransData_28,N/A,N/A,N/A,1764070223947011.986	,2.25,0.083,0,0,N/A,N/A,N/A,N/A,N/A,N/A,N/A,N/A
0,4294967295,592,1,Add74,N/A,N/A,N/A,1764070223947014.319	,18.021,0.083,0,0,N/A,N/A,N/A,N/A,N/A,N/A,N/A,N/A
0,4294967295,593,1,Add78,N/A,N/A,N/A,1764070223947032.402	,33.646,0.062,0,0,N/A,N/A,N/A,N/A,N/A,N/A,N/A,N/A
0,4294967295,594,1,Relu75,N/A,N/A,N/A,1764070223947066.132	,17.646,0.083,0,0,N/A,N/A,N/A,N/A,N/A,N/A,N/A,N/A
0,4294967295,596,1,Fill79,N/A,N/A,N/A,1764070223947086.027	,3.438,2.25,0,0,N/A,N/A,N/A,N/A,N/A,N/A,N/A,N/A
0,4294967295,597,1,trans_TransData_30,N/A,N/A,N/A,1764070223947089.527	,3.333,0.062,0,0,N/A,N/A,N/A,N/A,N/A,N/A,N/A,N/A
0,4294967295,598,1,Cast80,N/A,N/A,N/A,1764070223947092.923	,3.792,0.062,0,0,N/A,N/A,N/A,N/A,N/A,N/A,N/A,N/A
0,4294967295,599,1,atomic_memset-1_801,N/A,N/A,N/A,1764070223947096.777	,2.625,0.062,0,0,N/A,N/A,N/A,N/A,N/A,N/A,N/A,N/A
0,4294967295,600,1,trans_TransData_31,N/A,N/A,N/A,1764070223947099.465	,19.0,0.062,0,0,N/A,N/A,N/A,N/A,N/A,N/A,N/A,N/A
0,4294967295,601,1,Cumsum81,N/A,N/A,N/A,1764070223947118.527	,13.646,0.062,0,0,N/A,N/A,N/A,N/A,N/A,N/A,N/A,N/A
0,4294967295,602,1,trans_TransData_34,N/A,N/A,N/A,1764070223947132.236	,3.729,0.062,0,0,N/A,N/A,N/A,N/A,N/A,N/A,N/A,N/A
0,4294967295,603,1,Cast80,N/A,N/A,N/A,1764070223947136.027	,2.875,0.062,0,0,N/A,N/A,N/A,N/A,N/A,N/A,N/A,N/A
0,4294967295,604,1,atomic_memset-1_812,N/A,N/A,N/A,1764070223947138.986	,2.833,0.083,0,0,N/A,N/A,N/A,N/A,N/A,N/A,N/A,N/A
0,4294967295,605,1,trans_TransData_35,N/A,N/A,N/A,1764070223947141.882	,3.896,0.062,0,0,N/A,N/A,N/A,N/A,N/A,N/A,N/A,N/A
0,4294967295,606,1,Cumsum82,N/A,N/A,N/A,1764070223947145.840	,56.958,0.062,0,0,N/A,N/A,N/A,N/A,N/A,N/A,N/A,N/A
0,4294967295,607,1,trans_TransData_38,N/A,N/A,N/A,1764070223947202.861	,4.542,0.062,0,0,N/A,N/A,N/A,N/A,N/A,N/A,N/A,N/A
0,4294967295,608,1,trans_TransData_39,N/A,N/A,N/A,1764070223947207.486	,3.688,0.083,0,0,N/A,N/A,N/A,N/A,N/A,N/A,N/A,N/A
0,4294967295,610,1,Add84,N/A,N/A,N/A,1764070223947234.027	,2.25,22.854,0,0,N/A,N/A,N/A,N/A,N/A,N/A,N/A,N/A
0,4294967295,611,1,trans_TransData_41,N/A,N/A,N/A,1764070223947236.361	,3.417,0.083,0,0,N/A,N/A,N/A,N/A,N/A,N/A,N/A,N/A
0,4294967295,612,1,RealDiv85,N/A,N/A,N/A,1764070223947239.840	,2.75,0.062,0,0,N/A,N/A,N/A,N/A,N/A,N/A,N/A,N/A
0,4294967295,613,1,trans_TransData_44,N/A,N/A,N/A,1764070223947242.652	,3.667,0.062,0,0,N/A,N/A,N/A,N/A,N/A,N/A,N/A,N/A
0,4294967295,614,1,Mul86,N/A,N/A,N/A,1764070223947290.319	,3.542,44.0,0,0,N/A,N/A,N/A,N/A,N/A,N/A,N/A,N/A
0,4294967295,615,1,trans_TransData_45,N/A,N/A,N/A,1764070223947351.402	,3.583,57.542,0,0,N/A,N/A,N/A,N/A,N/A,N/A,N/A,N/A
0,4294967295,616,1,Slice87,N/A,N/A,N/A,1764070223947380.444	,3.854,25.458,0,0,N/A,N/A,N/A,N/A,N/A,N/A,N/A,N/A
0,4294967295,617,1,trans_TransData_48,N/A,N/A,N/A,1764070223947405.298	,3.375,21.0,0,0,N/A,N/A,N/A,N/A,N/A,N/A,N/A,N/A
0,4294967295,619,1,Add88,N/A,N/A,N/A,1764070223947478.069	,2.396,69.396,0,0,N/A,N/A,N/A,N/A,N/A,N/A,N/A,N/A
0,4294967295,620,1,trans_TransData_49,N/A,N/A,N/A,1764070223947502.694	,3.125,22.229,0,0,N/A,N/A,N/A,N/A,N/A,N/A,N/A,N/A
0,4294967295,621,1,trans_TransData_51,N/A,N/A,N/A,1764070223947559.027	,3.583,53.208,0,0,N/A,N/A,N/A,N/A,N/A,N/A,N/A,N/A
0,4294967295,622,1,RealDiv89,N/A,N/A,N/A,1764070223947585.090	,2.521,22.479,0,0,N/A,N/A,N/A,N/A,N/A,N/A,N/A,N/A
0,4294967295,623,1,trans_TransData_54,N/A,N/A,N/A,1764070223947619.902	,4.604,32.292,0,0,N/A,N/A,N/A,N/A,N/A,N/A,N/A,N/A
0,4294967295,624,1,Mul86,N/A,N/A,N/A,1764070223947820.736	,3.021,196.229,0,0,N/A,N/A,N/A,N/A,N/A,N/A,N/A,N/A
0,4294967295,626,1,FloorDiv91,N/A,N/A,N/A,1764070223947956.027	,2.729,132.271,0,0,N/A,N/A,N/A,N/A,N/A,N/A,N/A,N/A
0,4294967295,627,1,Mul92,N/A,N/A,N/A,1764070223948014.986	,2.375,56.229,0,0,N/A,N/A,N/A,N/A,N/A,N/A,N/A,N/A
0,4294967295,628,1,RealDiv93,N/A,N/A,N/A,1764070223948072.006	,2.271,54.646,0,0,N/A,N/A,N/A,N/A,N/A,N/A,N/A,N/A
0,4294967295,629,1,Pow94,N/A,N/A,N/A,1764070223948130.194	,5.0,55.917,0,0,N/A,N/A,N/A,N/A,N/A,N/A,N/A,N/A
0,4294967295,630,1,trans_TransData_39,N/A,N/A,N/A,1764070223948198.215	,3.167,63.021,0,0,N/A,N/A,N/A,N/A,N/A,N/A,N/A,N/A
0,4294967295,631,1,RealDiv95,N/A,N/A,N/A,1764070223948246.819	,13.938,45.438,0,0,N/A,N/A,N/A,N/A,N/A,N/A,N/A,N/A
0,4294967295,632,1,trans_TransData_39,N/A,N/A,N/A,1764070223948435.319	,3.104,174.562,0,0,N/A,N/A,N/A,N/A,N/A,N/A,N/A,N/A
0,4294967295,633,1,RealDiv95,N/A,N/A,N/A,1764070223948497.132	,13.354,58.708,0,0,N/A,N/A,N/A,N/A,N/A,N/A,N/A,N/A
0,4294967295,634,1,AsStrided96,N/A,N/A,N/A,1764070223948566.798	,649.208,56.312,0,0,N/A,N/A,N/A,N/A,N/A,N/A,N/A,N/A
0,4294967295,635,1,Sin97,N/A,N/A,N/A,1764070223949216.069	,55.458,0.062,0,0,N/A,N/A,N/A,N/A,N/A,N/A,N/A,N/A
0,4294967295,636,1,AsStrided98,N/A,N/A,N/A,1764070223949271.611	,648.854,0.083,0,0,N/A,N/A,N/A,N/A,N/A,N/A,N/A,N/A
0,4294967295,637,1,Cos99,N/A,N/A,N/A,1764070223949920.548	,57.021,0.083,0,0,N/A,N/A,N/A,N/A,N/A,N/A,N/A,N/A
0,4294967295,638,1,Pack100,N/A,N/A,N/A,1764070223949977.652	,31.0,0.083,0,0,N/A,N/A,N/A,N/A,N/A,N/A,N/A,N/A
0,4294967295,639,1,AsStrided96,N/A,N/A,N/A,1764070223950008.715	,645.188,0.062,0,0,N/A,N/A,N/A,N/A,N/A,N/A,N/A,N/A
0,4294967295,640,1,Sin97,N/A,N/A,N/A,1764070223950653.965	,53.979,0.062,0,0,N/A,N/A,N/A,N/A,N/A,N/A,N/A,N/A
0,4294967295,641,1,AsStrided98,N/A,N/A,N/A,1764070223950708.027	,645.646,0.083,0,0,N/A,N/A,N/A,N/A,N/A,N/A,N/A,N/A
0,4294967295,642,1,Cos99,N/A,N/A,N/A,1764070223951353.756	,55.417,0.083,0,0,N/A,N/A,N/A,N/A,N/A,N/A,N/A,N/A
0,4294967295,643,1,Pack100,N/A,N/A,N/A,1764070223951409.236	,30.333,0.062,0,0,N/A,N/A,N/A,N/A,N/A,N/A,N/A,N/A
0,4294967295,644,1,ConcatD101,N/A,N/A,N/A,1764070223951439.652	,43.729,0.083,0,0,N/A,N/A,N/A,N/A,N/A,N/A,N/A,N/A
0,4294967295,645,1,Transpose102,N/A,N/A,N/A,1764070223951483.444	,154.458,0.062,0,0,N/A,N/A,N/A,N/A,N/A,N/A,N/A,N/A
0,4294967295,646,1,Cast103,N/A,N/A,N/A,1764070223951637.986	,24.0,0.083,0,0,N/A,N/A,N/A,N/A,N/A,N/A,N/A,N/A
0,4294967295,647,1,Conv2D104,N/A,N/A,N/A,1764070223951662.069	,104.562,0.083,0,0,N/A,N/A,N/A,N/A,N/A,N/A,N/A,N/A
0,4294967295,648,1,trans_TransData_55,N/A,N/A,N/A,1764070224418298.819	,123.25,466532.188,0,0,N/A,N/A,N/A,N/A,N/A,N/A,N/A,N/A
0,4294967295,649,1,AsStrided106,N/A,N/A,N/A,1764070224884111.819	,16.25,465689.75,0,0,N/A,N/A,N/A,N/A,N/A,N/A,N/A,N/A
0,4294967295,651,1,trans_TransData_55,N/A,N/A,N/A,1764070225303346.132	,125.667,419218.062,0,0,N/A,N/A,N/A,N/A,N/A,N/A,N/A,N/A
0,4294967295,652,1,AsStrided108,N/A,N/A,N/A,1764070225761741.632	,16.188,458269.833,0,0,N/A,N/A,N/A,N/A,N/A,N/A,N/A,N/A
0,4294967295,654,1,trans_TransData_55,N/A,N/A,N/A,1764070225761977.194	,118.396,219.375,0,0,N/A,N/A,N/A,N/A,N/A,N/A,N/A,N/A
0,4294967295,655,1,AsStrided109,N/A,N/A,N/A,1764070226225909.298	,16.208,463813.708,0,0,N/A,N/A,N/A,N/A,N/A,N/A,N/A,N/A
0,4294967295,657,1,trans_TransData_55,N/A,N/A,N/A,1764070226226125.986	,92.75,200.479,0,0,N/A,N/A,N/A,N/A,N/A,N/A,N/A,N/A
0,4294967295,658,1,AsStrided110,N/A,N/A,N/A,1764070226721707.798	,16.312,495489.062,0,0,N/A,N/A,N/A,N/A,N/A,N/A,N/A,N/A
0,4294967295,660,1,trans_TransData_55,N/A,N/A,N/A,1764070226721930.277	,94.083,206.167,0,0,N/A,N/A,N/A,N/A,N/A,N/A,N/A,N/A
0,4294967295,661,1,AsStrided111,N/A,N/A,N/A,1764070227183459.132	,16.438,461434.771,0,0,N/A,N/A,N/A,N/A,N/A,N/A,N/A,N/A
0,4294967295,663,1,trans_TransData_55,N/A,N/A,N/A,1764070227183734.986	,96.979,259.417,0,0,N/A,N/A,N/A,N/A,N/A,N/A,N/A,N/A
0,4294967295,664,1,AsStrided112,N/A,N/A,N/A,1764070227662477.756	,16.083,478645.792,0,0,N/A,N/A,N/A,N/A,N/A,N/A,N/A,N/A
0,4294967295,666,1,trans_TransData_55,N/A,N/A,N/A,1764070227662787.277	,99.979,293.438,0,0,N/A,N/A,N/A,N/A,N/A,N/A,N/A,N/A
0,4294967295,667,1,AsStrided113,N/A,N/A,N/A,1764070228124200.090	,16.458,461312.833,0,0,N/A,N/A,N/A,N/A,N/A,N/A,N/A,N/A
0,4294967295,669,1,trans_TransData_55,N/A,N/A,N/A,1764070228124531.277	,95.146,314.729,0,0,N/A,N/A,N/A,N/A,N/A,N/A,N/A,N/A
0,4294967295,670,1,AsStrided114,N/A,N/A,N/A,1764070228589955.173	,16.438,465328.75,0,0,N/A,N/A,N/A,N/A,N/A,N/A,N/A,N/A
0,4294967295,672,1,trans_TransData_55,N/A,N/A,N/A,1764070228590194.444	,113.562,222.833,0,0,N/A,N/A,N/A,N/A,N/A,N/A,N/A,N/A
0,4294967295,673,1,AsStrided115,N/A,N/A,N/A,1764070229057119.340	,16.125,466811.333,0,0,N/A,N/A,N/A,N/A,N/A,N/A,N/A,N/A
0,4294967295,675,1,trans_TransData_55,N/A,N/A,N/A,1764070229057373.632	,92.958,238.167,0,0,N/A,N/A,N/A,N/A,N/A,N/A,N/A,N/A
0,4294967295,676,1,AsStrided116,N/A,N/A,N/A,1764070229534416.277	,16.875,476949.688,0,0,N/A,N/A,N/A,N/A,N/A,N/A,N/A,N/A
0,4294967295,678,1,trans_TransData_55,N/A,N/A,N/A,1764070229535677.236	,120.375,1244.083,0,0,N/A,N/A,N/A,N/A,N/A,N/A,N/A,N/A
0,4294967295,679,1,AsStrided117,N/A,N/A,N/A,1764070229988895.382	,16.562,453097.771,0,0,N/A,N/A,N/A,N/A,N/A,N/A,N/A,N/A
0,4294967295,681,1,trans_TransData_55,N/A,N/A,N/A,1764070229989114.840	,107.938,202.896,0,0,N/A,N/A,N/A,N/A,N/A,N/A,N/A,N/A
0,4294967295,682,1,AsStrided118,N/A,N/A,N/A,1764070230436508.215	,16.604,447285.438,0,0,N/A,N/A,N/A,N/A,N/A,N/A,N/A,N/A
0,4294967295,684,1,trans_TransData_55,N/A,N/A,N/A,1764070230436801.382	,97.958,276.562,0,0,N/A,N/A,N/A,N/A,N/A,N/A,N/A,N/A
0,4294967295,685,1,AsStrided119,N/A,N/A,N/A,1764070230982086.069	,16.417,545186.729,0,0,N/A,N/A,N/A,N/A,N/A,N/A,N/A,N/A
0,4294967295,687,1,trans_TransData_55,N/A,N/A,N/A,1764070230982376.486	,105.688,274.0,0,0,N/A,N/A,N/A,N/A,N/A,N/A,N/A,N/A
0,4294967295,688,1,AsStrided120,N/A,N/A,N/A,1764070231473561.402	,16.542,491079.229,0,0,N/A,N/A,N/A,N/A,N/A,N/A,N/A,N/A
0,4294967295,690,1,trans_TransData_55,N/A,N/A,N/A,1764070231473787.152	,129.333,209.208,0,0,N/A,N/A,N/A,N/A,N/A,N/A,N/A,N/A
0,4294967295,691,1,AsStrided121,N/A,N/A,N/A,1764070231938313.986	,17.396,464397.5,0,0,N/A,N/A,N/A,N/A,N/A,N/A,N/A,N/A
0,4294967295,693,1,trans_TransData_55,N/A,N/A,N/A,1764070231938608.132	,108.167,276.75,0,0,N/A,N/A,N/A,N/A,N/A,N/A,N/A,N/A
0,4294967295,694,1,AsStrided122,N/A,N/A,N/A,1764070232387394.986	,16.083,448678.688,0,0,N/A,N/A,N/A,N/A,N/A,N/A,N/A,N/A
0,4294967295,696,1,trans_TransData_55,N/A,N/A,N/A,1764070232387636.402	,86.812,225.333,0,0,N/A,N/A,N/A,N/A,N/A,N/A,N/A,N/A
0,4294967295,697,1,AsStrided123,N/A,N/A,N/A,1764070232876661.569	,16.125,488938.354,0,0,N/A,N/A,N/A,N/A,N/A,N/A,N/A,N/A
0,4294967295,699,1,trans_TransData_55,N/A,N/A,N/A,1764070232877004.736	,110.542,327.042,0,0,N/A,N/A,N/A,N/A,N/A,N/A,N/A,N/A
0,4294967295,700,1,AsStrided124,N/A,N/A,N/A,1764070233363440.798	,16.458,486325.521,0,0,N/A,N/A,N/A,N/A,N/A,N/A,N/A,N/A
0,4294967295,702,1,trans_TransData_55,N/A,N/A,N/A,1764070233363663.548	,126.604,206.292,0,0,N/A,N/A,N/A,N/A,N/A,N/A,N/A,N/A
0,4294967295,703,1,AsStrided125,N/A,N/A,N/A,1764070233872970.632	,16.625,509180.479,0,0,N/A,N/A,N/A,N/A,N/A,N/A,N/A,N/A
0,4294967295,705,1,trans_TransData_55,N/A,N/A,N/A,1764070233873204.527	,99.438,217.271,0,0,N/A,N/A,N/A,N/A,N/A,N/A,N/A,N/A
0,4294967295,706,1,AsStrided126,N/A,N/A,N/A,1764070234359637.611	,16.292,486333.646,0,0,N/A,N/A,N/A,N/A,N/A,N/A,N/A,N/A
0,4294967295,708,1,trans_TransData_55,N/A,N/A,N/A,1764070234360857.590	,112.646,1203.688,0,0,N/A,N/A,N/A,N/A,N/A,N/A,N/A,N/A
0,4294967295,709,1,AsStrided127,N/A,N/A,N/A,1764070234828832.215	,16.562,467861.979,0,0,N/A,N/A,N/A,N/A,N/A,N/A,N/A,N/A
0,4294967295,711,1,trans_TransData_55,N/A,N/A,N/A,1764070234829081.277	,107.833,232.5,0,0,N/A,N/A,N/A,N/A,N/A,N/A,N/A,N/A
0,4294967295,712,1,AsStrided128,N/A,N/A,N/A,1764070235298682.236	,16.917,469493.125,0,0,N/A,N/A,N/A,N/A,N/A,N/A,N/A,N/A
0,4294967295,714,1,trans_TransData_55,N/A,N/A,N/A,1764070235298927.340	,91.229,228.188,0,0,N/A,N/A,N/A,N/A,N/A,N/A,N/A,N/A
0,4294967295,715,1,AsStrided129,N/A,N/A,N/A,1764070235774626.798	,16.292,475608.229,0,0,N/A,N/A,N/A,N/A,N/A,N/A,N/A,N/A
0,4294967295,717,1,trans_TransData_55,N/A,N/A,N/A,1764070235774909.736	,101.646,266.646,0,0,N/A,N/A,N/A,N/A,N/A,N/A,N/A,N/A
0,4294967295,718,1,AsStrided130,N/A,N/A,N/A,1764070236240870.819	,16.438,465859.438,0,0,N/A,N/A,N/A,N/A,N/A,N/A,N/A,N/A
0,4294967295,720,1,trans_TransData_55,N/A,N/A,N/A,1764070236241165.486	,93.812,278.229,0,0,N/A,N/A,N/A,N/A,N/A,N/A,N/A,N/A
0,4294967295,721,1,AsStrided131,N/A,N/A,N/A,1764070236703334.256	,16.625,462074.958,0,0,N/A,N/A,N/A,N/A,N/A,N/A,N/A,N/A
0,4294967295,723,1,trans_TransData_55,N/A,N/A,N/A,1764070236703610.694	,97.604,259.812,0,0,N/A,N/A,N/A,N/A,N/A,N/A,N/A,N/A
0,4294967295,724,1,AsStrided132,N/A,N/A,N/A,1764070237160212.132	,16.375,456503.833,0,0,N/A,N/A,N/A,N/A,N/A,N/A,N/A,N/A
0,4294967295,726,1,trans_TransData_55,N/A,N/A,N/A,1764070237160485.652	,124.042,257.146,0,0,N/A,N/A,N/A,N/A,N/A,N/A,N/A,N/A
0,4294967295,727,1,AsStrided133,N/A,N/A,N/A,1764070237663507.486	,16.25,502897.792,0,0,N/A,N/A,N/A,N/A,N/A,N/A,N/A,N/A
0,4294967295,729,1,trans_TransData_55,N/A,N/A,N/A,1764070237663768.340	,96.146,244.604,0,0,N/A,N/A,N/A,N/A,N/A,N/A,N/A,N/A
0,4294967295,730,1,AsStrided134,N/A,N/A,N/A,1764070238124759.048	,16.312,460894.562,0,0,N/A,N/A,N/A,N/A,N/A,N/A,N/A,N/A
0,4294967295,732,1,trans_TransData_55,N/A,N/A,N/A,1764070238125043.965	,100.562,268.604,0,0,N/A,N/A,N/A,N/A,N/A,N/A,N/A,N/A
0,4294967295,733,1,AsStrided135,N/A,N/A,N/A,1764070238578005.361	,16.458,452860.833,0,0,N/A,N/A,N/A,N/A,N/A,N/A,N/A,N/A
0,4294967295,735,1,trans_TransData_55,N/A,N/A,N/A,1764070238578266.902	,109.292,245.083,0,0,N/A,N/A,N/A,N/A,N/A,N/A,N/A,N/A
0,4294967295,736,1,AsStrided136,N/A,N/A,N/A,1764070239045966.006	,16.896,467589.812,0,0,N/A,N/A,N/A,N/A,N/A,N/A,N/A,N/A
0,4294967295,738,1,trans_TransData_55,N/A,N/A,N/A,1764070239046268.006	,106.479,285.104,0,0,N/A,N/A,N/A,N/A,N/A,N/A,N/A,N/A
0,4294967295,739,1,AsStrided137,N/A,N/A,N/A,1764070239501978.652	,16.417,455604.167,0,0,N/A,N/A,N/A,N/A,N/A,N/A,N/A,N/A
0,4294967295,741,1,trans_TransData_55,N/A,N/A,N/A,1764070239502247.319	,82.75,252.25,0,0,N/A,N/A,N/A,N/A,N/A,N/A,N/A,N/A
0,4294967295,742,1,AsStrided138,N/A,N/A,N/A,1764070239966311.944	,16.5,463981.875,0,0,N/A,N/A,N/A,N/A,N/A,N/A,N/A,N/A
0,4294967295,744,1,trans_TransData_55,N/A,N/A,N/A,1764070239966945.465	,99.021,617.021,0,0,N/A,N/A,N/A,N/A,N/A,N/A,N/A,N/A
0,4294967295,745,1,AsStrided139,N/A,N/A,N/A,1764070240443806.882	,16.5,476762.396,0,0,N/A,N/A,N/A,N/A,N/A,N/A,N/A,N/A
0,4294967295,747,1,trans_TransData_55,N/A,N/A,N/A,1764070240444066.173	,109.521,242.792,0,0,N/A,N/A,N/A,N/A,N/A,N/A,N/A,N/A
0,4294967295,748,1,AsStrided140,N/A,N/A,N/A,1764070240905705.944	,16.229,461530.25,0,0,N/A,N/A,N/A,N/A,N/A,N/A,N/A,N/A
0,4294967295,750,1,trans_TransData_55,N/A,N/A,N/A,1764070240905935.132	,95.458,212.958,0,0,N/A,N/A,N/A,N/A,N/A,N/A,N/A,N/A
0,4294967295,751,1,AsStrided141,N/A,N/A,N/A,1764070241362503.882	,16.146,456473.292,0,0,N/A,N/A,N/A,N/A,N/A,N/A,N/A,N/A
0,4294967295,753,1,trans_TransData_55,N/A,N/A,N/A,1764070241362749.027	,112.562,229.0,0,0,N/A,N/A,N/A,N/A,N/A,N/A,N/A,N/A
0,4294967295,754,1,AsStrided142,N/A,N/A,N/A,1764070241836956.527	,16.396,474094.938,0,0,N/A,N/A,N/A,N/A,N/A,N/A,N/A,N/A
0,4294967295,756,1,trans_TransData_55,N/A,N/A,N/A,1764070241837198.027	,88.958,225.104,0,0,N/A,N/A,N/A,N/A,N/A,N/A,N/A,N/A
0,4294967295,757,1,AsStrided143,N/A,N/A,N/A,1764070242305597.361	,16.542,468310.375,0,0,N/A,N/A,N/A,N/A,N/A,N/A,N/A,N/A
0,4294967295,759,1,trans_TransData_55,N/A,N/A,N/A,1764070242305824.736	,112.312,210.833,0,0,N/A,N/A,N/A,N/A,N/A,N/A,N/A,N/A
0,4294967295,760,1,AsStrided144,N/A,N/A,N/A,1764070242802175.965	,16.271,496238.917,0,0,N/A,N/A,N/A,N/A,N/A,N/A,N/A,N/A
0,4294967295,762,1,trans_TransData_55,N/A,N/A,N/A,1764070242802487.465	,108.625,295.229,0,0,N/A,N/A,N/A,N/A,N/A,N/A,N/A,N/A
0,4294967295,763,1,AsStrided145,N/A,N/A,N/A,1764070243280614.048	,16.604,478017.958,0,0,N/A,N/A,N/A,N/A,N/A,N/A,N/A,N/A
0,4294967295,765,1,trans_TransData_55,N/A,N/A,N/A,1764070243280866.402	,99.771,235.75,0,0,N/A,N/A,N/A,N/A,N/A,N/A,N/A,N/A
0,4294967295,766,1,AsStrided146,N/A,N/A,N/A,1764070243778320.861	,16.625,497354.688,0,0,N/A,N/A,N/A,N/A,N/A,N/A,N/A,N/A
0,4294967295,768,1,trans_TransData_55,N/A,N/A,N/A,1764070243778612.694	,87.771,275.208,0,0,N/A,N/A,N/A,N/A,N/A,N/A,N/A,N/A
0,4294967295,769,1,AsStrided147,N/A,N/A,N/A,1764070244255118.027	,16.542,476417.562,0,0,N/A,N/A,N/A,N/A,N/A,N/A,N/A,N/A
0,4294967295,771,1,trans_TransData_55,N/A,N/A,N/A,1764070244255386.736	,108.75,252.167,0,0,N/A,N/A,N/A,N/A,N/A,N/A,N/A,N/A
0,4294967295,772,1,AsStrided148,N/A,N/A,N/A,1764070244725731.340	,16.188,470235.854,0,0,N/A,N/A,N/A,N/A,N/A,N/A,N/A,N/A
0,4294967295,774,1,trans_TransData_55,N/A,N/A,N/A,1764070244726029.632	,109.896,282.104,0,0,N/A,N/A,N/A,N/A,N/A,N/A,N/A,N/A
0,4294967295,775,1,AsStrided149,N/A,N/A,N/A,1764070245179210.194	,16.75,453070.667,0,0,N/A,N/A,N/A,N/A,N/A,N/A,N/A,N/A
0,4294967295,777,1,trans_TransData_55,N/A,N/A,N/A,1764070245179508.777	,95.25,281.833,0,0,N/A,N/A,N/A,N/A,N/A,N/A,N/A,N/A
0,4294967295,778,1,AsStrided150,N/A,N/A,N/A,1764070245632737.298	,16.375,453133.271,0,0,N/A,N/A,N/A,N/A,N/A,N/A,N/A,N/A
0,4294967295,780,1,trans_TransData_55,N/A,N/A,N/A,1764070245632990.819	,114.0,237.146,0,0,N/A,N/A,N/A,N/A,N/A,N/A,N/A,N/A
0,4294967295,781,1,AsStrided151,N/A,N/A,N/A,1764070246108619.319	,16.667,475514.5,0,0,N/A,N/A,N/A,N/A,N/A,N/A,N/A,N/A
0,4294967295,783,1,trans_TransData_55,N/A,N/A,N/A,1764070246108963.173	,115.812,327.188,0,0,N/A,N/A,N/A,N/A,N/A,N/A,N/A,N/A
0,4294967295,784,1,AsStrided152,N/A,N/A,N/A,1764070246572243.632	,17.062,463164.646,0,0,N/A,N/A,N/A,N/A,N/A,N/A,N/A,N/A
0,4294967295,786,1,trans_TransData_55,N/A,N/A,N/A,1764070246572538.819	,95.5,278.125,0,0,N/A,N/A,N/A,N/A,N/A,N/A,N/A,N/A
0,4294967295,787,1,AsStrided153,N/A,N/A,N/A,1764070247028013.590	,16.542,455379.271,0,0,N/A,N/A,N/A,N/A,N/A,N/A,N/A,N/A
0,4294967295,789,1,trans_TransData_55,N/A,N/A,N/A,1764070247028475.527	,103.625,445.396,0,0,N/A,N/A,N/A,N/A,N/A,N/A,N/A,N/A
0,4294967295,790,1,AsStrided154,N/A,N/A,N/A,1764070247478017.152	,16.146,449438.0,0,0,N/A,N/A,N/A,N/A,N/A,N/A,N/A,N/A
0,4294967295,792,1,trans_TransData_55,N/A,N/A,N/A,1764070247478264.132	,97.208,230.833,0,0,N/A,N/A,N/A,N/A,N/A,N/A,N/A,N/A
0,4294967295,793,1,AsStrided155,N/A,N/A,N/A,1764070247953053.423	,16.479,474692.083,0,0,N/A,N/A,N/A,N/A,N/A,N/A,N/A,N/A
0,4294967295,795,1,trans_TransData_55,N/A,N/A,N/A,1764070247953391.486	,112.729,321.583,0,0,N/A,N/A,N/A,N/A,N/A,N/A,N/A,N/A
0,4294967295,796,1,AsStrided156,N/A,N/A,N/A,1764070248419231.319	,16.208,465727.104,0,0,N/A,N/A,N/A,N/A,N/A,N/A,N/A,N/A
0,4294967295,798,1,trans_TransData_55,N/A,N/A,N/A,1764070248419498.111	,124.479,250.583,0,0,N/A,N/A,N/A,N/A,N/A,N/A,N/A,N/A
0,4294967295,799,1,AsStrided157,N/A,N/A,N/A,1764070248878184.632	,16.667,458562.042,0,0,N/A,N/A,N/A,N/A,N/A,N/A,N/A,N/A
0,4294967295,801,1,trans_TransData_55,N/A,N/A,N/A,1764070248878450.798	,109.375,249.5,0,0,N/A,N/A,N/A,N/A,N/A,N/A,N/A,N/A
0,4294967295,802,1,AsStrided158,N/A,N/A,N/A,1764070249341102.423	,17.0,462542.25,0,0,N/A,N/A,N/A,N/A,N/A,N/A,N/A,N/A
0,4294967295,804,1,trans_TransData_55,N/A,N/A,N/A,1764070249341386.382	,113.833,266.958,0,0,N/A,N/A,N/A,N/A,N/A,N/A,N/A,N/A
0,4294967295,805,1,AsStrided159,N/A,N/A,N/A,1764070249821514.632	,16.625,480014.417,0,0,N/A,N/A,N/A,N/A,N/A,N/A,N/A,N/A
0,4294967295,807,1,trans_TransData_55,N/A,N/A,N/A,1764070249821789.882	,95.708,258.625,0,0,N/A,N/A,N/A,N/A,N/A,N/A,N/A,N/A
0,4294967295,808,1,AsStrided160,N/A,N/A,N/A,1764070250300948.694	,16.667,479063.104,0,0,N/A,N/A,N/A,N/A,N/A,N/A,N/A,N/A
0,4294967295,810,1,trans_TransData_55,N/A,N/A,N/A,1764070250301200.923	,101.333,235.562,0,0,N/A,N/A,N/A,N/A,N/A,N/A,N/A,N/A
0,4294967295,811,1,AsStrided161,N/A,N/A,N/A,1764070250763264.236	,16.417,461961.979,0,0,N/A,N/A,N/A,N/A,N/A,N/A,N/A,N/A
0,4294967295,813,1,trans_TransData_55,N/A,N/A,N/A,1764070250763557.882	,111.604,277.229,0,0,N/A,N/A,N/A,N/A,N/A,N/A,N/A,N/A
0,4294967295,814,1,AsStrided162,N/A,N/A,N/A,1764070251233822.611	,16.583,470153.125,0,0,N/A,N/A,N/A,N/A,N/A,N/A,N/A,N/A
0,4294967295,816,1,trans_TransData_55,N/A,N/A,N/A,1764070251234096.236	,95.542,257.042,0,0,N/A,N/A,N/A,N/A,N/A,N/A,N/A,N/A
0,4294967295,817,1,AsStrided163,N/A,N/A,N/A,1764070251698063.402	,16.458,463871.625,0,0,N/A,N/A,N/A,N/A,N/A,N/A,N/A,N/A
0,4294967295,819,1,trans_TransData_55,N/A,N/A,N/A,1764070251698309.048	,98.312,229.188,0,0,N/A,N/A,N/A,N/A,N/A,N/A,N/A,N/A
0,4294967295,820,1,AsStrided164,N/A,N/A,N/A,1764070252175484.319	,17.104,477076.958,0,0,N/A,N/A,N/A,N/A,N/A,N/A,N/A,N/A
0,4294967295,822,1,trans_TransData_55,N/A,N/A,N/A,1764070252175809.819	,95.417,308.396,0,0,N/A,N/A,N/A,N/A,N/A,N/A,N/A,N/A
0,4294967295,823,1,AsStrided165,N/A,N/A,N/A,1764070252641954.194	,16.583,466048.958,0,0,N/A,N/A,N/A,N/A,N/A,N/A,N/A,N/A
0,4294967295,825,1,trans_TransData_55,N/A,N/A,N/A,1764070252642201.027	,120.708,230.25,0,0,N/A,N/A,N/A,N/A,N/A,N/A,N/A,N/A
0,4294967295,826,1,AsStrided166,N/A,N/A,N/A,1764070253142188.027	,16.5,499866.292,0,0,N/A,N/A,N/A,N/A,N/A,N/A,N/A,N/A
0,4294967295,828,1,trans_TransData_55,N/A,N/A,N/A,1764070253142454.256	,108.312,249.729,0,0,N/A,N/A,N/A,N/A,N/A,N/A,N/A,N/A
0,4294967295,829,1,AsStrided167,N/A,N/A,N/A,1764070253637953.111	,16.583,495390.542,0,0,N/A,N/A,N/A,N/A,N/A,N/A,N/A,N/A
0,4294967295,831,1,trans_TransData_55,N/A,N/A,N/A,1764070253638184.861	,97.083,215.167,0,0,N/A,N/A,N/A,N/A,N/A,N/A,N/A,N/A
0,4294967295,832,1,AsStrided168,N/A,N/A,N/A,1764070254095736.736	,16.562,457454.792,0,0,N/A,N/A,N/A,N/A,N/A,N/A,N/A,N/A
0,4294967295,834,1,trans_TransData_55,N/A,N/A,N/A,1764070254096040.340	,90.458,287.042,0,0,N/A,N/A,N/A,N/A,N/A,N/A,N/A,N/A
0,4294967295,835,1,AsStrided169,N/A,N/A,N/A,1764070254560616.382	,16.438,464485.583,0,0,N/A,N/A,N/A,N/A,N/A,N/A,N/A,N/A
0,4294967295,837,1,trans_TransData_55,N/A,N/A,N/A,1764070254560899.006	,99.729,266.188,0,0,N/A,N/A,N/A,N/A,N/A,N/A,N/A,N/A
0,4294967295,838,1,AsStrided170,N/A,N/A,N/A,1764070255023244.986	,16.896,462246.25,0,0,N/A,N/A,N/A,N/A,N/A,N/A,N/A,N/A
0,4294967295,840,1,trans_TransData_55,N/A,N/A,N/A,1764070255023487.861	,123.333,225.979,0,0,N/A,N/A,N/A,N/A,N/A,N/A,N/A,N/A
0,4294967295,841,1,AsStrided171,N/A,N/A,N/A,1764070255476581.569	,16.833,452970.375,0,0,N/A,N/A,N/A,N/A,N/A,N/A,N/A,N/A
0,4294967295,843,1,trans_TransData_55,N/A,N/A,N/A,1764070255476977.590	,94.042,379.188,0,0,N/A,N/A,N/A,N/A,N/A,N/A,N/A,N/A
0,4294967295,844,1,AsStrided172,N/A,N/A,N/A,1764070255949662.319	,16.708,472590.688,0,0,N/A,N/A,N/A,N/A,N/A,N/A,N/A,N/A
0,4294967295,846,1,trans_TransData_55,N/A,N/A,N/A,1764070255949919.236	,97.375,240.208,0,0,N/A,N/A,N/A,N/A,N/A,N/A,N/A,N/A
0,4294967295,847,1,AsStrided173,N/A,N/A,N/A,1764070256427534.652	,16.188,477518.042,0,0,N/A,N/A,N/A,N/A,N/A,N/A,N/A,N/A
0,4294967295,849,1,trans_TransData_55,N/A,N/A,N/A,1764070256427762.027	,125.917,211.188,0,0,N/A,N/A,N/A,N/A,N/A,N/A,N/A,N/A
0,4294967295,850,1,AsStrided174,N/A,N/A,N/A,1764070256879960.673	,16.625,452072.729,0,0,N/A,N/A,N/A,N/A,N/A,N/A,N/A,N/A
0,4294967295,852,1,trans_TransData_55,N/A,N/A,N/A,1764070256880207.527	,101.583,230.229,0,0,N/A,N/A,N/A,N/A,N/A,N/A,N/A,N/A
0,4294967295,853,1,AsStrided175,N/A,N/A,N/A,1764070257350356.694	,16.604,470047.583,0,0,N/A,N/A,N/A,N/A,N/A,N/A,N/A,N/A
0,4294967295,855,1,trans_TransData_55,N/A,N/A,N/A,1764070257350612.340	,109.229,239.042,0,0,N/A,N/A,N/A,N/A,N/A,N/A,N/A,N/A
0,4294967295,856,1,AsStrided176,N/A,N/A,N/A,1764070257847111.506	,16.292,496389.938,0,0,N/A,N/A,N/A,N/A,N/A,N/A,N/A,N/A
0,4294967295,858,1,trans_TransData_55,N/A,N/A,N/A,1764070257847391.277	,100.354,263.479,0,0,N/A,N/A,N/A,N/A,N/A,N/A,N/A,N/A
0,4294967295,859,1,AsStrided177,N/A,N/A,N/A,1764070258310394.819	,16.438,462903.188,0,0,N/A,N/A,N/A,N/A,N/A,N/A,N/A,N/A
0,4294967295,861,1,trans_TransData_55,N/A,N/A,N/A,1764070258310647.256	,98.562,236.0,0,0,N/A,N/A,N/A,N/A,N/A,N/A,N/A,N/A
0,4294967295,862,1,AsStrided178,N/A,N/A,N/A,1764070258786503.736	,16.667,475757.917,0,0,N/A,N/A,N/A,N/A,N/A,N/A,N/A,N/A
0,4294967295,864,1,trans_TransData_55,N/A,N/A,N/A,1764070258786763.444	,93.958,243.042,0,0,N/A,N/A,N/A,N/A,N/A,N/A,N/A,N/A
0,4294967295,865,1,AsStrided179,N/A,N/A,N/A,1764070259275137.361	,16.583,488279.958,0,0,N/A,N/A,N/A,N/A,N/A,N/A,N/A,N/A
0,4294967295,867,1,trans_TransData_55,N/A,N/A,N/A,1764070259275415.506	,97.562,261.562,0,0,N/A,N/A,N/A,N/A,N/A,N/A,N/A,N/A
0,4294967295,868,1,AsStrided180,N/A,N/A,N/A,1764070259757188.194	,16.292,481675.125,0,0,N/A,N/A,N/A,N/A,N/A,N/A,N/A,N/A
0,4294967295,870,1,trans_TransData_55,N/A,N/A,N/A,1764070259757416.423	,115.229,211.938,0,0,N/A,N/A,N/A,N/A,N/A,N/A,N/A,N/A
0,4294967295,871,1,AsStrided181,N/A,N/A,N/A,1764070260232569.069	,16.229,475037.417,0,0,N/A,N/A,N/A,N/A,N/A,N/A,N/A,N/A
0,4294967295,873,1,trans_TransData_55,N/A,N/A,N/A,1764070260232822.715	,95.396,237.417,0,0,N/A,N/A,N/A,N/A,N/A,N/A,N/A,N/A
0,4294967295,874,1,AsStrided182,N/A,N/A,N/A,1764070260683005.069	,16.458,450086.958,0,0,N/A,N/A,N/A,N/A,N/A,N/A,N/A,N/A
0,4294967295,876,1,trans_TransData_55,N/A,N/A,N/A,1764070260683242.486	,116.042,220.958,0,0,N/A,N/A,N/A,N/A,N/A,N/A,N/A,N/A
0,4294967295,877,1,AsStrided183,N/A,N/A,N/A,1764070261145773.590	,16.583,462415.062,0,0,N/A,N/A,N/A,N/A,N/A,N/A,N/A,N/A
0,4294967295,879,1,trans_TransData_55,N/A,N/A,N/A,1764070261146034.736	,92.167,244.562,0,0,N/A,N/A,N/A,N/A,N/A,N/A,N/A,N/A
0,4294967295,880,1,AsStrided184,N/A,N/A,N/A,1764070261639360.694	,16.458,493233.792,0,0,N/A,N/A,N/A,N/A,N/A,N/A,N/A,N/A
0,4294967295,882,1,trans_TransData_55,N/A,N/A,N/A,1764070261639631.048	,125.708,253.896,0,0,N/A,N/A,N/A,N/A,N/A,N/A,N/A,N/A
0,4294967295,883,1,AsStrided185,N/A,N/A,N/A,1764070262114375.027	,16.271,474618.271,0,0,N/A,N/A,N/A,N/A,N/A,N/A,N/A,N/A
0,4294967295,885,1,trans_TransData_55,N/A,N/A,N/A,1764070262114626.569	,115.854,235.271,0,0,N/A,N/A,N/A,N/A,N/A,N/A,N/A,N/A
0,4294967295,886,1,AsStrided186,N/A,N/A,N/A,1764070262601096.840	,16.542,486354.417,0,0,N/A,N/A,N/A,N/A,N/A,N/A,N/A,N/A
0,4294967295,888,1,trans_TransData_55,N/A,N/A,N/A,1764070262601331.819	,105.792,218.438,0,0,N/A,N/A,N/A,N/A,N/A,N/A,N/A,N/A
0,4294967295,889,1,AsStrided187,N/A,N/A,N/A,1764070263078011.027	,16.562,476573.417,0,0,N/A,N/A,N/A,N/A,N/A,N/A,N/A,N/A
0,4294967295,891,1,trans_TransData_55,N/A,N/A,N/A,1764070263078299.840	,97.167,272.25,0,0,N/A,N/A,N/A,N/A,N/A,N/A,N/A,N/A
0,4294967295,892,1,AsStrided188,N/A,N/A,N/A,1764070263581186.632	,16.5,502789.625,0,0,N/A,N/A,N/A,N/A,N/A,N/A,N/A,N/A
0,4294967295,894,1,trans_TransData_55,N/A,N/A,N/A,1764070263581423.506	,82.042,220.375,0,0,N/A,N/A,N/A,N/A,N/A,N/A,N/A,N/A
0,4294967295,895,1,AsStrided189,N/A,N/A,N/A,1764070264046675.882	,16.479,465170.333,0,0,N/A,N/A,N/A,N/A,N/A,N/A,N/A,N/A
0,4294967295,897,1,trans_TransData_55,N/A,N/A,N/A,1764070264046949.152	,90.458,256.792,0,0,N/A,N/A,N/A,N/A,N/A,N/A,N/A,N/A
0,4294967295,898,1,AsStrided190,N/A,N/A,N/A,1764070264511775.111	,16.917,464735.5,0,0,N/A,N/A,N/A,N/A,N/A,N/A,N/A,N/A
0,4294967295,900,1,trans_TransData_55,N/A,N/A,N/A,1764070264512050.756	,118.729,258.729,0,0,N/A,N/A,N/A,N/A,N/A,N/A,N/A,N/A
0,4294967295,901,1,AsStrided191,N/A,N/A,N/A,1764070264995232.444	,16.667,483062.958,0,0,N/A,N/A,N/A,N/A,N/A,N/A,N/A,N/A
0,4294967295,903,1,trans_TransData_55,N/A,N/A,N/A,1764070264995458.319	,103.688,209.208,0,0,N/A,N/A,N/A,N/A,N/A,N/A,N/A,N/A
0,4294967295,904,1,AsStrided192,N/A,N/A,N/A,1764070265459457.361	,16.375,463895.354,0,0,N/A,N/A,N/A,N/A,N/A,N/A,N/A,N/A
0,4294967295,906,1,trans_TransData_55,N/A,N/A,N/A,1764070265459737.319	,97.688,263.583,0,0,N/A,N/A,N/A,N/A,N/A,N/A,N/A,N/A
0,4294967295,907,1,AsStrided193,N/A,N/A,N/A,1764070265916819.111	,16.708,456984.104,0,0,N/A,N/A,N/A,N/A,N/A,N/A,N/A,N/A
0,4294967295,909,1,trans_TransData_55,N/A,N/A,N/A,1764070265917052.986	,112.479,217.167,0,0,N/A,N/A,N/A,N/A,N/A,N/A,N/A,N/A
0,4294967295,910,1,AsStrided194,N/A,N/A,N/A,1764070266364130.902	,16.625,446965.438,0,0,N/A,N/A,N/A,N/A,N/A,N/A,N/A,N/A
0,4294967295,912,1,trans_TransData_55,N/A,N/A,N/A,1764070266364405.465	,85.938,257.938,0,0,N/A,N/A,N/A,N/A,N/A,N/A,N/A,N/A
0,4294967295,913,1,AsStrided195,N/A,N/A,N/A,1764070266839384.173	,16.167,474892.771,0,0,N/A,N/A,N/A,N/A,N/A,N/A,N/A,N/A
0,4294967295,915,1,trans_TransData_55,N/A,N/A,N/A,1764070266839642.027	,111.5,241.688,0,0,N/A,N/A,N/A,N/A,N/A,N/A,N/A,N/A
0,4294967295,916,1,AsStrided196,N/A,N/A,N/A,1764070267315630.486	,16.604,475876.958,0,0,N/A,N/A,N/A,N/A,N/A,N/A,N/A,N/A
0,4294967295,918,1,trans_TransData_55,N/A,N/A,N/A,1764070267316078.444	,114.896,431.354,0,0,N/A,N/A,N/A,N/A,N/A,N/A,N/A,N/A
0,4294967295,919,1,AsStrided197,N/A,N/A,N/A,1764070267819954.319	,16.896,503760.979,0,0,N/A,N/A,N/A,N/A,N/A,N/A,N/A,N/A
0,4294967295,921,1,trans_TransData_55,N/A,N/A,N/A,1764070267820200.756	,119.521,229.542,0,0,N/A,N/A,N/A,N/A,N/A,N/A,N/A,N/A
0,4294967295,922,1,AsStrided198,N/A,N/A,N/A,1764070268307398.527	,16.25,487078.25,0,0,N/A,N/A,N/A,N/A,N/A,N/A,N/A,N/A
0,4294967295,924,1,trans_TransData_55,N/A,N/A,N/A,1764070268307633.215	,124.396,218.438,0,0,N/A,N/A,N/A,N/A,N/A,N/A,N/A,N/A
0,4294967295,925,1,AsStrided199,N/A,N/A,N/A,1764070268771235.215	,16.354,463477.604,0,0,N/A,N/A,N/A,N/A,N/A,N/A,N/A,N/A
0,4294967295,927,1,trans_TransData_55,N/A,N/A,N/A,1764070268774611.548	,128.0,3359.979,0,0,N/A,N/A,N/A,N/A,N/A,N/A,N/A,N/A
0,4294967295,928,1,AsStrided200,N/A,N/A,N/A,1764070269239006.777	,16.625,464267.229,0,0,N/A,N/A,N/A,N/A,N/A,N/A,N/A,N/A
0,4294967295,930,1,trans_TransData_55,N/A,N/A,N/A,1764070269239288.756	,110.729,265.354,0,0,N/A,N/A,N/A,N/A,N/A,N/A,N/A,N/A
0,4294967295,931,1,AsStrided201,N/A,N/A,N/A,1764070269701159.027	,16.75,461759.542,0,0,N/A,N/A,N/A,N/A,N/A,N/A,N/A,N/A
0,4294967295,933,1,trans_TransData_55,N/A,N/A,N/A,1764070269701461.965	,95.708,286.188,0,0,N/A,N/A,N/A,N/A,N/A,N/A,N/A,N/A
0,4294967295,934,1,AsStrided202,N/A,N/A,N/A,1764070270172151.340	,16.729,470593.667,0,0,N/A,N/A,N/A,N/A,N/A,N/A,N/A,N/A
0,4294967295,936,1,trans_TransData_55,N/A,N/A,N/A,1764070270172506.486	,123.667,338.417,0,0,N/A,N/A,N/A,N/A,N/A,N/A,N/A,N/A
0,4294967295,937,1,AsStrided203,N/A,N/A,N/A,1764070270641874.006	,16.812,469243.854,0,0,N/A,N/A,N/A,N/A,N/A,N/A,N/A,N/A
0,4294967295,939,1,trans_TransData_55,N/A,N/A,N/A,1764070270642108.319	,108.688,217.5,0,0,N/A,N/A,N/A,N/A,N/A,N/A,N/A,N/A
0,4294967295,940,1,AsStrided204,N/A,N/A,N/A,1764070271107917.965	,16.542,465700.958,0,0,N/A,N/A,N/A,N/A,N/A,N/A,N/A,N/A
0,4294967295,942,1,trans_TransData_55,N/A,N/A,N/A,1764070271108222.756	,92.125,288.25,0,0,N/A,N/A,N/A,N/A,N/A,N/A,N/A,N/A
0,4294967295,943,1,AsStrided205,N/A,N/A,N/A,1764070271591223.277	,16.229,482908.396,0,0,N/A,N/A,N/A,N/A,N/A,N/A,N/A,N/A
0,4294967295,945,1,trans_TransData_55,N/A,N/A,N/A,1764070271591476.902	,111.812,237.396,0,0,N/A,N/A,N/A,N/A,N/A,N/A,N/A,N/A
0,4294967295,946,1,AsStrided206,N/A,N/A,N/A,1764070272067541.715	,16.083,475953.0,0,0,N/A,N/A,N/A,N/A,N/A,N/A,N/A,N/A
0,4294967295,948,1,trans_TransData_55,N/A,N/A,N/A,1764070272067805.527	,96.562,247.729,0,0,N/A,N/A,N/A,N/A,N/A,N/A,N/A,N/A
0,4294967295,949,1,AsStrided207,N/A,N/A,N/A,1764070272558591.923	,16.625,490689.833,0,0,N/A,N/A,N/A,N/A,N/A,N/A,N/A,N/A
0,4294967295,951,1,trans_TransData_55,N/A,N/A,N/A,1764070272558825.986	,123.333,217.438,0,0,N/A,N/A,N/A,N/A,N/A,N/A,N/A,N/A
0,4294967295,952,1,AsStrided208,N/A,N/A,N/A,1764070273029657.819	,16.667,470708.5,0,0,N/A,N/A,N/A,N/A,N/A,N/A,N/A,N/A
0,4294967295,954,1,trans_TransData_55,N/A,N/A,N/A,1764070273029921.090	,89.25,246.604,0,0,N/A,N/A,N/A,N/A,N/A,N/A,N/A,N/A
0,4294967295,955,1,AsStrided209,N/A,N/A,N/A,1764070273514047.819	,16.438,484037.479,0,0,N/A,N/A,N/A,N/A,N/A,N/A,N/A,N/A
0,4294967295,957,1,trans_TransData_55,N/A,N/A,N/A,1764070273514277.652	,80.792,213.396,0,0,N/A,N/A,N/A,N/A,N/A,N/A,N/A,N/A
0,4294967295,958,1,AsStrided210,N/A,N/A,N/A,1764070273996803.590	,16.083,482445.146,0,0,N/A,N/A,N/A,N/A,N/A,N/A,N/A,N/A
0,4294967295,960,1,trans_TransData_55,N/A,N/A,N/A,1764070273997055.444	,123.729,235.771,0,0,N/A,N/A,N/A,N/A,N/A,N/A,N/A,N/A
0,4294967295,961,1,AsStrided211,N/A,N/A,N/A,1764070274460031.944	,16.292,462852.771,0,0,N/A,N/A,N/A,N/A,N/A,N/A,N/A,N/A
0,4294967295,963,1,trans_TransData_55,N/A,N/A,N/A,1764070274460395.048	,113.562,346.812,0,0,N/A,N/A,N/A,N/A,N/A,N/A,N/A,N/A
0,4294967295,964,1,AsStrided212,N/A,N/A,N/A,1764070274936811.465	,16.208,476302.854,0,0,N/A,N/A,N/A,N/A,N/A,N/A,N/A,N/A
0,4294967295,966,1,trans_TransData_55,N/A,N/A,N/A,1764070274937074.673	,107.188,247.0,0,0,N/A,N/A,N/A,N/A,N/A,N/A,N/A,N/A
0,4294967295,967,1,AsStrided213,N/A,N/A,N/A,1764070275415729.465	,16.5,478547.604,0,0,N/A,N/A,N/A,N/A,N/A,N/A,N/A,N/A
0,4294967295,969,1,trans_TransData_55,N/A,N/A,N/A,1764070275416022.777	,83.792,276.812,0,0,N/A,N/A,N/A,N/A,N/A,N/A,N/A,N/A
0,4294967295,970,1,AsStrided214,N/A,N/A,N/A,1764070275889798.736	,16.729,473692.167,0,0,N/A,N/A,N/A,N/A,N/A,N/A,N/A,N/A
0,4294967295,972,1,trans_TransData_55,N/A,N/A,N/A,1764070275890081.756	,80.979,266.292,0,0,N/A,N/A,N/A,N/A,N/A,N/A,N/A,N/A
0,4294967295,973,1,AsStrided215,N/A,N/A,N/A,1764070276355742.715	,16.667,465579.979,0,0,N/A,N/A,N/A,N/A,N/A,N/A,N/A,N/A
0,4294967295,975,1,trans_TransData_55,N/A,N/A,N/A,1764070276356011.861	,87.25,252.479,0,0,N/A,N/A,N/A,N/A,N/A,N/A,N/A,N/A
0,4294967295,976,1,AsStrided216,N/A,N/A,N/A,1764070276825686.736	,16.667,469587.625,0,0,N/A,N/A,N/A,N/A,N/A,N/A,N/A,N/A
0,4294967295,978,1,trans_TransData_55,N/A,N/A,N/A,1764070276825926.069	,95.917,222.667,0,0,N/A,N/A,N/A,N/A,N/A,N/A,N/A,N/A
0,4294967295,979,1,AsStrided217,N/A,N/A,N/A,1764070277279106.215	,16.75,453084.229,0,0,N/A,N/A,N/A,N/A,N/A,N/A,N/A,N/A
0,4294967295,981,1,trans_TransData_55,N/A,N/A,N/A,1764070277279338.798	,120.812,215.833,0,0,N/A,N/A,N/A,N/A,N/A,N/A,N/A,N/A
0,4294967295,982,1,AsStrided218,N/A,N/A,N/A,1764070277744107.402	,16.688,464647.792,0,0,N/A,N/A,N/A,N/A,N/A,N/A,N/A,N/A
0,4294967295,984,1,trans_TransData_55,N/A,N/A,N/A,1764070277744383.152	,101.667,259.062,0,0,N/A,N/A,N/A,N/A,N/A,N/A,N/A,N/A
0,4294967295,985,1,AsStrided219,N/A,N/A,N/A,1764070278223807.027	,16.542,479322.208,0,0,N/A,N/A,N/A,N/A,N/A,N/A,N/A,N/A
0,4294967295,987,1,trans_TransData_55,N/A,N/A,N/A,1764070278224081.298	,113.438,257.729,0,0,N/A,N/A,N/A,N/A,N/A,N/A,N/A,N/A
0,4294967295,988,1,AsStrided220,N/A,N/A,N/A,1764070278705325.340	,16.771,481130.604,0,0,N/A,N/A,N/A,N/A,N/A,N/A,N/A,N/A
0,4294967295,990,1,trans_TransData_55,N/A,N/A,N/A,1764070278705570.715	,110.417,228.604,0,0,N/A,N/A,N/A,N/A,N/A,N/A,N/A,N/A
0,4294967295,991,1,AsStrided221,N/A,N/A,N/A,1764070279171562.152	,17.104,465881.021,0,0,N/A,N/A,N/A,N/A,N/A,N/A,N/A,N/A
0,4294967295,993,1,trans_TransData_55,N/A,N/A,N/A,1764070279172078.215	,118.292,498.958,0,0,N/A,N/A,N/A,N/A,N/A,N/A,N/A,N/A
0,4294967295,994,1,AsStrided222,N/A,N/A,N/A,1764070279663171.861	,16.417,490975.354,0,0,N/A,N/A,N/A,N/A,N/A,N/A,N/A,N/A
0,4294967295,996,1,trans_TransData_55,N/A,N/A,N/A,1764070279663436.819	,100.917,248.542,0,0,N/A,N/A,N/A,N/A,N/A,N/A,N/A,N/A
0,4294967295,997,1,AsStrided223,N/A,N/A,N/A,1764070280123071.694	,16.542,459533.958,0,0,N/A,N/A,N/A,N/A,N/A,N/A,N/A,N/A
0,4294967295,999,1,trans_TransData_55,N/A,N/A,N/A,1764070280123323.090	,117.375,234.854,0,0,N/A,N/A,N/A,N/A,N/A,N/A,N/A,N/A
0,4294967295,1000,1,AsStrided224,N/A,N/A,N/A,1764070280604663.215	,16.625,481222.75,0,0,N/A,N/A,N/A,N/A,N/A,N/A,N/A,N/A
0,4294967295,1002,1,trans_TransData_55,N/A,N/A,N/A,1764070280604907.611	,86.146,227.771,0,0,N/A,N/A,N/A,N/A,N/A,N/A,N/A,N/A
0,4294967295,1003,1,AsStrided225,N/A,N/A,N/A,1764070281108706.048	,16.438,503712.292,0,0,N/A,N/A,N/A,N/A,N/A,N/A,N/A,N/A
0,4294967295,1005,1,trans_TransData_55,N/A,N/A,N/A,1764070281108964.965	,104.667,242.479,0,0,N/A,N/A,N/A,N/A,N/A,N/A,N/A,N/A
0,4294967295,1006,1,AsStrided226,N/A,N/A,N/A,1764070281572667.215	,16.875,463597.583,0,0,N/A,N/A,N/A,N/A,N/A,N/A,N/A,N/A
0,4294967295,1008,1,trans_TransData_55,N/A,N/A,N/A,1764070281572987.548	,86.938,303.458,0,0,N/A,N/A,N/A,N/A,N/A,N/A,N/A,N/A
0,4294967295,1009,1,AsStrided227,N/A,N/A,N/A,1764070282043717.777	,16.854,470643.292,0,0,N/A,N/A,N/A,N/A,N/A,N/A,N/A,N/A
0,4294967295,1011,1,trans_TransData_55,N/A,N/A,N/A,1764070282043984.382	,119.583,249.75,0,0,N/A,N/A,N/A,N/A,N/A,N/A,N/A,N/A
0,4294967295,1012,1,AsStrided228,N/A,N/A,N/A,1764070282540509.423	,16.5,496405.458,0,0,N/A,N/A,N/A,N/A,N/A,N/A,N/A,N/A
0,4294967295,1014,1,trans_TransData_55,N/A,N/A,N/A,1764070282540764.569	,107.521,238.646,0,0,N/A,N/A,N/A,N/A,N/A,N/A,N/A,N/A
0,4294967295,1015,1,AsStrided229,N/A,N/A,N/A,1764070283014127.673	,17.021,473255.583,0,0,N/A,N/A,N/A,N/A,N/A,N/A,N/A,N/A
0,4294967295,1017,1,trans_TransData_55,N/A,N/A,N/A,1764070283014413.569	,87.0,268.875,0,0,N/A,N/A,N/A,N/A,N/A,N/A,N/A,N/A
0,4294967295,1018,1,AsStrided230,N/A,N/A,N/A,1764070283482267.027	,16.208,467766.458,0,0,N/A,N/A,N/A,N/A,N/A,N/A,N/A,N/A
0,4294967295,1020,1,trans_TransData_55,N/A,N/A,N/A,1764070283482494.652	,127.5,211.417,0,0,N/A,N/A,N/A,N/A,N/A,N/A,N/A,N/A
0,4294967295,1021,1,AsStrided231,N/A,N/A,N/A,1764070283957557.569	,16.583,474935.417,0,0,N/A,N/A,N/A,N/A,N/A,N/A,N/A,N/A
0,4294967295,1023,1,trans_TransData_55,N/A,N/A,N/A,1764070283957798.590	,102.875,224.438,0,0,N/A,N/A,N/A,N/A,N/A,N/A,N/A,N/A
0,4294967295,1024,1,AsStrided232,N/A,N/A,N/A,1764070284420535.902	,16.688,462634.438,0,0,N/A,N/A,N/A,N/A,N/A,N/A,N/A,N/A
0,4294967295,1026,1,trans_TransData_55,N/A,N/A,N/A,1764070284420820.361	,103.542,267.771,0,0,N/A,N/A,N/A,N/A,N/A,N/A,N/A,N/A
0,4294967295,1027,1,AsStrided233,N/A,N/A,N/A,1764070284906584.194	,16.729,485660.292,0,0,N/A,N/A,N/A,N/A,N/A,N/A,N/A,N/A
0,4294967295,1029,1,trans_TransData_55,N/A,N/A,N/A,1764070284906870.111	,81.271,269.188,0,0,N/A,N/A,N/A,N/A,N/A,N/A,N/A,N/A
0,4294967295,1030,1,AsStrided234,N/A,N/A,N/A,1764070285378911.652	,16.375,471960.271,0,0,N/A,N/A,N/A,N/A,N/A,N/A,N/A,N/A
0,4294967295,1032,1,trans_TransData_55,N/A,N/A,N/A,1764070285379244.319	,124.396,316.292,0,0,N/A,N/A,N/A,N/A,N/A,N/A,N/A,N/A
0,4294967295,1033,1,AsStrided235,N/A,N/A,N/A,1764070285840816.340	,16.479,461447.625,0,0,N/A,N/A,N/A,N/A,N/A,N/A,N/A,N/A
0,4294967295,1035,1,trans_TransData_55,N/A,N/A,N/A,1764070285841069.590	,87.5,236.771,0,0,N/A,N/A,N/A,N/A,N/A,N/A,N/A,N/A
0,4294967295,1036,1,AsStrided236,N/A,N/A,N/A,1764070286302280.152	,16.188,461123.062,0,0,N/A,N/A,N/A,N/A,N/A,N/A,N/A,N/A
0,4294967295,1038,1,trans_TransData_55,N/A,N/A,N/A,1764070286302547.173	,96.188,250.833,0,0,N/A,N/A,N/A,N/A,N/A,N/A,N/A,N/A
0,4294967295,1039,1,AsStrided237,N/A,N/A,N/A,1764070286801757.194	,16.292,499113.833,0,0,N/A,N/A,N/A,N/A,N/A,N/A,N/A,N/A
0,4294967295,1041,1,trans_TransData_55,N/A,N/A,N/A,1764070286802024.319	,100.708,250.833,0,0,N/A,N/A,N/A,N/A,N/A,N/A,N/A,N/A
0,4294967295,1042,1,AsStrided238,N/A,N/A,N/A,1764070287281400.298	,16.771,479275.271,0,0,N/A,N/A,N/A,N/A,N/A,N/A,N/A,N/A
0,4294967295,1044,1,trans_TransData_55,N/A,N/A,N/A,1764070287281649.923	,96.083,232.854,0,0,N/A,N/A,N/A,N/A,N/A,N/A,N/A,N/A
0,4294967295,1045,1,AsStrided239,N/A,N/A,N/A,1764070287781165.861	,16.229,499419.854,0,0,N/A,N/A,N/A,N/A,N/A,N/A,N/A,N/A
0,4294967295,1047,1,trans_TransData_55,N/A,N/A,N/A,1764070287781436.798	,107.167,254.708,0,0,N/A,N/A,N/A,N/A,N/A,N/A,N/A,N/A
0,4294967295,1048,1,AsStrided240,N/A,N/A,N/A,1764070288250464.277	,16.25,468920.312,0,0,N/A,N/A,N/A,N/A,N/A,N/A,N/A,N/A
0,4294967295,1050,1,trans_TransData_55,N/A,N/A,N/A,1764070288251359.902	,104.354,879.375,0,0,N/A,N/A,N/A,N/A,N/A,N/A,N/A,N/A
0,4294967295,1051,1,AsStrided241,N/A,N/A,N/A,1764070288717711.027	,16.625,466246.771,0,0,N/A,N/A,N/A,N/A,N/A,N/A,N/A,N/A
0,4294967295,1053,1,trans_TransData_55,N/A,N/A,N/A,1764070288717945.673	,96.854,218.021,0,0,N/A,N/A,N/A,N/A,N/A,N/A,N/A,N/A
0,4294967295,1054,1,AsStrided242,N/A,N/A,N/A,1764070289190992.423	,16.396,472949.896,0,0,N/A,N/A,N/A,N/A,N/A,N/A,N/A,N/A
0,4294967295,1056,1,trans_TransData_55,N/A,N/A,N/A,1764070289191220.965	,118.208,212.146,0,0,N/A,N/A,N/A,N/A,N/A,N/A,N/A,N/A
0,4294967295,1057,1,AsStrided243,N/A,N/A,N/A,1764070289680770.569	,16.458,489431.396,0,0,N/A,N/A,N/A,N/A,N/A,N/A,N/A,N/A
0,4294967295,1059,1,trans_TransData_55,N/A,N/A,N/A,1764070289681006.361	,122.75,219.333,0,0,N/A,N/A,N/A,N/A,N/A,N/A,N/A,N/A
0,4294967295,1060,1,AsStrided244,N/A,N/A,N/A,1764070290161548.111	,16.125,480419.0,0,0,N/A,N/A,N/A,N/A,N/A,N/A,N/A,N/A
0,4294967295,1062,1,trans_TransData_55,N/A,N/A,N/A,1764070290161833.132	,94.021,268.896,0,0,N/A,N/A,N/A,N/A,N/A,N/A,N/A,N/A
0,4294967295,1063,1,AsStrided245,N/A,N/A,N/A,1764070290643531.423	,16.5,481604.271,0,0,N/A,N/A,N/A,N/A,N/A,N/A,N/A,N/A
0,4294967295,1065,1,trans_TransData_55,N/A,N/A,N/A,1764070290643790.215	,92.708,242.292,0,0,N/A,N/A,N/A,N/A,N/A,N/A,N/A,N/A
0,4294967295,1066,1,AsStrided246,N/A,N/A,N/A,1764070291138684.111	,16.958,494801.188,0,0,N/A,N/A,N/A,N/A,N/A,N/A,N/A,N/A
0,4294967295,1068,1,trans_TransData_55,N/A,N/A,N/A,1764070291138939.632	,122.458,238.562,0,0,N/A,N/A,N/A,N/A,N/A,N/A,N/A,N/A
0,4294967295,1069,1,AsStrided247,N/A,N/A,N/A,1764070291616836.923	,16.25,477774.833,0,0,N/A,N/A,N/A,N/A,N/A,N/A,N/A,N/A
0,4294967295,1071,1,trans_TransData_55,N/A,N/A,N/A,1764070291617235.069	,98.812,381.896,0,0,N/A,N/A,N/A,N/A,N/A,N/A,N/A,N/A
0,4294967295,1072,1,AsStrided248,N/A,N/A,N/A,1764070292083014.465	,16.271,465680.583,0,0,N/A,N/A,N/A,N/A,N/A,N/A,N/A,N/A
0,4294967295,1074,1,trans_TransData_55,N/A,N/A,N/A,1764070292083284.569	,109.938,253.833,0,0,N/A,N/A,N/A,N/A,N/A,N/A,N/A,N/A
0,4294967295,1075,1,AsStrided249,N/A,N/A,N/A,1764070292626755.423	,16.375,543360.917,0,0,N/A,N/A,N/A,N/A,N/A,N/A,N/A,N/A
0,4294967295,1077,1,trans_TransData_55,N/A,N/A,N/A,1764070292627009.694	,115.854,237.896,0,0,N/A,N/A,N/A,N/A,N/A,N/A,N/A,N/A
0,4294967295,1078,1,AsStrided250,N/A,N/A,N/A,1764070293135281.319	,16.521,508155.771,0,0,N/A,N/A,N/A,N/A,N/A,N/A,N/A,N/A
0,4294967295,1080,1,trans_TransData_55,N/A,N/A,N/A,1764070293135588.590	,104.0,290.75,0,0,N/A,N/A,N/A,N/A,N/A,N/A,N/A,N/A
0,4294967295,1081,1,AsStrided251,N/A,N/A,N/A,1764070293621546.319	,16.417,485853.729,0,0,N/A,N/A,N/A,N/A,N/A,N/A,N/A,N/A
0,4294967295,1083,1,trans_TransData_55,N/A,N/A,N/A,1764070293621826.069	,109.729,263.333,0,0,N/A,N/A,N/A,N/A,N/A,N/A,N/A,N/A
0,4294967295,1084,1,AsStrided252,N/A,N/A,N/A,1764070294103991.173	,16.438,482055.375,0,0,N/A,N/A,N/A,N/A,N/A,N/A,N/A,N/A
0,4294967295,1086,1,trans_TransData_55,N/A,N/A,N/A,1764070294104235.361	,108.917,227.75,0,0,N/A,N/A,N/A,N/A,N/A,N/A,N/A,N/A
0,4294967295,1087,1,AsStrided253,N/A,N/A,N/A,1764070294578699.319	,17.708,474355.042,0,0,N/A,N/A,N/A,N/A,N/A,N/A,N/A,N/A
0,4294967295,1089,1,trans_TransData_55,N/A,N/A,N/A,1764070294579430.236	,107.688,713.208,0,0,N/A,N/A,N/A,N/A,N/A,N/A,N/A,N/A
0,4294967295,1090,1,AsStrided254,N/A,N/A,N/A,1764070295040391.861	,16.854,460853.938,0,0,N/A,N/A,N/A,N/A,N/A,N/A,N/A,N/A
0,4294967295,1092,1,trans_TransData_55,N/A,N/A,N/A,1764070295040656.361	,110.458,247.646,0,0,N/A,N/A,N/A,N/A,N/A,N/A,N/A,N/A
0,4294967295,1093,1,AsStrided255,N/A,N/A,N/A,1764070295522442.861	,16.646,481676.042,0,0,N/A,N/A,N/A,N/A,N/A,N/A,N/A,N/A
0,4294967295,1095,1,trans_TransData_55,N/A,N/A,N/A,1764070295522685.027	,114.75,225.521,0,0,N/A,N/A,N/A,N/A,N/A,N/A,N/A,N/A
0,4294967295,1096,1,AsStrided256,N/A,N/A,N/A,1764070296001289.173	,16.979,478489.396,0,0,N/A,N/A,N/A,N/A,N/A,N/A,N/A,N/A
0,4294967295,1098,1,trans_TransData_55,N/A,N/A,N/A,1764070296001539.777	,110.854,233.625,0,0,N/A,N/A,N/A,N/A,N/A,N/A,N/A,N/A
0,4294967295,1099,1,AsStrided257,N/A,N/A,N/A,1764070296478159.652	,16.625,476509.021,0,0,N/A,N/A,N/A,N/A,N/A,N/A,N/A,N/A
0,4294967295,1101,1,trans_TransData_55,N/A,N/A,N/A,1764070296478441.465	,108.562,265.188,0,0,N/A,N/A,N/A,N/A,N/A,N/A,N/A,N/A
0,4294967295,1102,1,AsStrided258,N/A,N/A,N/A,1764070296942673.694	,16.708,464123.667,0,0,N/A,N/A,N/A,N/A,N/A,N/A,N/A,N/A
0,4294967295,1104,1,trans_TransData_55,N/A,N/A,N/A,1764070296942916.569	,111.875,226.167,0,0,N/A,N/A,N/A,N/A,N/A,N/A,N/A,N/A
0,4294967295,1105,1,AsStrided259,N/A,N/A,N/A,1764070297404046.027	,16.583,461017.583,0,0,N/A,N/A,N/A,N/A,N/A,N/A,N/A,N/A
0,4294967295,1107,1,trans_TransData_55,N/A,N/A,N/A,1764070297404316.611	,101.688,254.0,0,0,N/A,N/A,N/A,N/A,N/A,N/A,N/A,N/A
0,4294967295,1108,1,AsStrided260,N/A,N/A,N/A,1764070297919828.277	,16.521,515409.979,0,0,N/A,N/A,N/A,N/A,N/A,N/A,N/A,N/A
0,4294967295,1110,1,trans_TransData_55,N/A,N/A,N/A,1764070297920095.590	,117.479,250.792,0,0,N/A,N/A,N/A,N/A,N/A,N/A,N/A,N/A
0,4294967295,1111,1,AsStrided261,N/A,N/A,N/A,1764070298395113.382	,16.417,474900.312,0,0,N/A,N/A,N/A,N/A,N/A,N/A,N/A,N/A
0,4294967295,1113,1,trans_TransData_55,N/A,N/A,N/A,1764070298395340.402	,109.417,210.604,0,0,N/A,N/A,N/A,N/A,N/A,N/A,N/A,N/A
0,4294967295,1114,1,AsStrided262,N/A,N/A,N/A,1764070298916979.506	,16.438,521529.688,0,0,N/A,N/A,N/A,N/A,N/A,N/A,N/A,N/A
0,4294967295,1116,1,trans_TransData_55,N/A,N/A,N/A,1764070298917260.944	,94.562,265.0,0,0,N/A,N/A,N/A,N/A,N/A,N/A,N/A,N/A
0,4294967295,1117,1,AsStrided263,N/A,N/A,N/A,1764070299390741.423	,16.646,473385.917,0,0,N/A,N/A,N/A,N/A,N/A,N/A,N/A,N/A
0,4294967295,1119,1,trans_TransData_55,N/A,N/A,N/A,1764070299390970.965	,107.333,212.896,0,0,N/A,N/A,N/A,N/A,N/A,N/A,N/A,N/A
0,4294967295,1120,1,AsStrided264,N/A,N/A,N/A,1764070299858279.340	,16.896,467201.042,0,0,N/A,N/A,N/A,N/A,N/A,N/A,N/A,N/A
0,4294967295,1122,1,trans_TransData_55,N/A,N/A,N/A,1764070299858578.465	,87.125,282.229,0,0,N/A,N/A,N/A,N/A,N/A,N/A,N/A,N/A
0,4294967295,1123,1,AsStrided265,N/A,N/A,N/A,1764070300321093.340	,16.5,462427.75,0,0,N/A,N/A,N/A,N/A,N/A,N/A,N/A,N/A
0,4294967295,1125,1,trans_TransData_55,N/A,N/A,N/A,1764070300321342.756	,109.938,232.917,0,0,N/A,N/A,N/A,N/A,N/A,N/A,N/A,N/A
0,4294967295,1126,1,AsStrided266,N/A,N/A,N/A,1764070300764724.611	,16.729,443271.917,0,0,N/A,N/A,N/A,N/A,N/A,N/A,N/A,N/A
0,4294967295,1128,1,trans_TransData_55,N/A,N/A,N/A,1764070300765009.965	,82.042,268.625,0,0,N/A,N/A,N/A,N/A,N/A,N/A,N/A,N/A
0,4294967295,1129,1,AsStrided267,N/A,N/A,N/A,1764070301202970.694	,16.438,437878.688,0,0,N/A,N/A,N/A,N/A,N/A,N/A,N/A,N/A
0,4294967295,1131,1,trans_TransData_55,N/A,N/A,N/A,1764070301203249.402	,100.542,262.271,0,0,N/A,N/A,N/A,N/A,N/A,N/A,N/A,N/A
0,4294967295,1132,1,AsStrided268,N/A,N/A,N/A,1764070301679462.632	,16.729,476112.688,0,0,N/A,N/A,N/A,N/A,N/A,N/A,N/A,N/A
0,4294967295,1134,1,trans_TransData_55,N/A,N/A,N/A,1764070301679719.173	,112.021,239.812,0,0,N/A,N/A,N/A,N/A,N/A,N/A,N/A,N/A
0,4294967295,1135,1,AsStrided269,N/A,N/A,N/A,1764070302128258.090	,16.292,448426.896,0,0,N/A,N/A,N/A,N/A,N/A,N/A,N/A,N/A
0,4294967295,1137,1,trans_TransData_55,N/A,N/A,N/A,1764070302128543.486	,124.104,269.104,0,0,N/A,N/A,N/A,N/A,N/A,N/A,N/A,N/A
0,4294967295,1138,1,AsStrided270,N/A,N/A,N/A,1764070302602499.402	,16.958,473831.812,0,0,N/A,N/A,N/A,N/A,N/A,N/A,N/A,N/A
0,4294967295,1140,1,trans_TransData_55,N/A,N/A,N/A,1764070302602796.048	,108.646,279.688,0,0,N/A,N/A,N/A,N/A,N/A,N/A,N/A,N/A
0,4294967295,1141,1,AsStrided271,N/A,N/A,N/A,1764070303051644.173	,16.146,448739.479,0,0,N/A,N/A,N/A,N/A,N/A,N/A,N/A,N/A
0,4294967295,1143,1,trans_TransData_55,N/A,N/A,N/A,1764070303051895.798	,92.542,235.479,0,0,N/A,N/A,N/A,N/A,N/A,N/A,N/A,N/A
0,4294967295,1144,1,AsStrided272,N/A,N/A,N/A,1764070303523319.173	,16.5,471330.833,0,0,N/A,N/A,N/A,N/A,N/A,N/A,N/A,N/A
0,4294967295,1146,1,trans_TransData_55,N/A,N/A,N/A,1764070303523592.632	,110.75,256.958,0,0,N/A,N/A,N/A,N/A,N/A,N/A,N/A,N/A
0,4294967295,1147,1,AsStrided273,N/A,N/A,N/A,1764070303980440.236	,16.688,456736.854,0,0,N/A,N/A,N/A,N/A,N/A,N/A,N/A,N/A
0,4294967295,1149,1,trans_TransData_55,N/A,N/A,N/A,1764070303980692.256	,111.979,235.333,0,0,N/A,N/A,N/A,N/A,N/A,N/A,N/A,N/A
0,4294967295,1150,1,AsStrided274,N/A,N/A,N/A,1764070304460378.132	,16.833,479573.896,0,0,N/A,N/A,N/A,N/A,N/A,N/A,N/A,N/A
0,4294967295,1152,1,trans_TransData_55,N/A,N/A,N/A,1764070304460725.465	,96.167,330.5,0,0,N/A,N/A,N/A,N/A,N/A,N/A,N/A,N/A
0,4294967295,1153,1,AsStrided275,N/A,N/A,N/A,1764070304917959.861	,16.417,457138.229,0,0,N/A,N/A,N/A,N/A,N/A,N/A,N/A,N/A
0,4294967295,1155,1,trans_TransData_55,N/A,N/A,N/A,1764070304918200.798	,108.375,224.521,0,0,N/A,N/A,N/A,N/A,N/A,N/A,N/A,N/A
0,4294967295,1156,1,AsStrided276,N/A,N/A,N/A,1764070305362223.256	,16.604,443914.083,0,0,N/A,N/A,N/A,N/A,N/A,N/A,N/A,N/A
0,4294967295,1158,1,trans_TransData_55,N/A,N/A,N/A,1764070305362453.152	,98.458,213.292,0,0,N/A,N/A,N/A,N/A,N/A,N/A,N/A,N/A
0,4294967295,1159,1,AsStrided277,N/A,N/A,N/A,1764070305829454.923	,16.458,466903.312,0,0,N/A,N/A,N/A,N/A,N/A,N/A,N/A,N/A
0,4294967295,1161,1,trans_TransData_55,N/A,N/A,N/A,1764070305829719.652	,98.667,248.271,0,0,N/A,N/A,N/A,N/A,N/A,N/A,N/A,N/A
0,4294967295,1162,1,AsStrided278,N/A,N/A,N/A,1764070306312921.194	,16.688,483102.875,0,0,N/A,N/A,N/A,N/A,N/A,N/A,N/A,N/A
0,4294967295,1164,1,trans_TransData_55,N/A,N/A,N/A,1764070306313178.111	,97.458,240.229,0,0,N/A,N/A,N/A,N/A,N/A,N/A,N/A,N/A
0,4294967295,1165,1,AsStrided279,N/A,N/A,N/A,1764070306783182.027	,16.625,469906.458,0,0,N/A,N/A,N/A,N/A,N/A,N/A,N/A,N/A
0,4294967295,1167,1,trans_TransData_55,N/A,N/A,N/A,1764070306783463.090	,108.958,264.438,0,0,N/A,N/A,N/A,N/A,N/A,N/A,N/A,N/A
0,4294967295,1168,1,AsStrided280,N/A,N/A,N/A,1764070307249760.736	,16.333,466188.688,0,0,N/A,N/A,N/A,N/A,N/A,N/A,N/A,N/A
0,4294967295,1170,1,trans_TransData_55,N/A,N/A,N/A,1764070307252393.444	,93.521,2616.375,0,0,N/A,N/A,N/A,N/A,N/A,N/A,N/A,N/A
0,4294967295,1171,1,AsStrided281,N/A,N/A,N/A,1764070307721976.694	,16.271,469489.729,0,0,N/A,N/A,N/A,N/A,N/A,N/A,N/A,N/A
0,4294967295,1173,1,trans_TransData_55,N/A,N/A,N/A,1764070307722223.632	,106.646,230.667,0,0,N/A,N/A,N/A,N/A,N/A,N/A,N/A,N/A
0,4294967295,1174,1,AsStrided282,N/A,N/A,N/A,1764070308202751.861	,16.896,480421.583,0,0,N/A,N/A,N/A,N/A,N/A,N/A,N/A,N/A
0,4294967295,1176,1,trans_TransData_55,N/A,N/A,N/A,1764070308203013.006	,98.917,244.25,0,0,N/A,N/A,N/A,N/A,N/A,N/A,N/A,N/A
0,4294967295,1177,1,AsStrided283,N/A,N/A,N/A,1764070308670670.840	,16.833,467558.917,0,0,N/A,N/A,N/A,N/A,N/A,N/A,N/A,N/A
0,4294967295,1179,1,trans_TransData_55,N/A,N/A,N/A,1764070308670896.736	,123.562,209.062,0,0,N/A,N/A,N/A,N/A,N/A,N/A,N/A,N/A
0,4294967295,1180,1,AsStrided284,N/A,N/A,N/A,1764070309142361.506	,16.396,471341.208,0,0,N/A,N/A,N/A,N/A,N/A,N/A,N/A,N/A
0,4294967295,1182,1,trans_TransData_55,N/A,N/A,N/A,1764070309142675.882	,117.125,297.979,0,0,N/A,N/A,N/A,N/A,N/A,N/A,N/A,N/A
0,4294967295,1183,1,AsStrided285,N/A,N/A,N/A,1764070309610648.506	,16.854,467855.5,0,0,N/A,N/A,N/A,N/A,N/A,N/A,N/A,N/A
0,4294967295,1185,1,trans_TransData_55,N/A,N/A,N/A,1764070309610905.590	,91.0,240.229,0,0,N/A,N/A,N/A,N/A,N/A,N/A,N/A,N/A
0,4294967295,1186,1,AsStrided286,N/A,N/A,N/A,1764070310065260.840	,16.333,454264.25,0,0,N/A,N/A,N/A,N/A,N/A,N/A,N/A,N/A
0,4294967295,1188,1,trans_TransData_55,N/A,N/A,N/A,1764070310065518.569	,108.708,241.396,0,0,N/A,N/A,N/A,N/A,N/A,N/A,N/A,N/A
0,4294967295,1189,1,AsStrided287,N/A,N/A,N/A,1764070310518280.861	,16.417,452653.583,0,0,N/A,N/A,N/A,N/A,N/A,N/A,N/A,N/A
0,4294967295,1191,1,trans_TransData_55,N/A,N/A,N/A,1764070310518541.611	,79.688,244.333,0,0,N/A,N/A,N/A,N/A,N/A,N/A,N/A,N/A
0,4294967295,1192,1,AsStrided288,N/A,N/A,N/A,1764070310969352.006	,16.271,450730.708,0,0,N/A,N/A,N/A,N/A,N/A,N/A,N/A,N/A
0,4294967295,1194,1,trans_TransData_55,N/A,N/A,N/A,1764070310971954.173	,106.479,2585.896,0,0,N/A,N/A,N/A,N/A,N/A,N/A,N/A,N/A
0,4294967295,1195,1,AsStrided289,N/A,N/A,N/A,1764070311436931.736	,16.583,464871.083,0,0,N/A,N/A,N/A,N/A,N/A,N/A,N/A,N/A
0,4294967295,1197,1,trans_TransData_55,N/A,N/A,N/A,1764070311437183.132	,116.938,234.812,0,0,N/A,N/A,N/A,N/A,N/A,N/A,N/A,N/A
0,4294967295,1198,1,AsStrided290,N/A,N/A,N/A,1764070311891341.840	,16.438,454041.771,0,0,N/A,N/A,N/A,N/A,N/A,N/A,N/A,N/A
0,4294967295,1200,1,trans_TransData_55,N/A,N/A,N/A,1764070311891612.277	,95.604,254.0,0,0,N/A,N/A,N/A,N/A,N/A,N/A,N/A,N/A
0,4294967295,1201,1,AsStrided291,N/A,N/A,N/A,1764070312339946.465	,16.583,448238.583,0,0,N/A,N/A,N/A,N/A,N/A,N/A,N/A,N/A
0,4294967295,1203,1,trans_TransData_55,N/A,N/A,N/A,1764070312340228.548	,108.021,265.5,0,0,N/A,N/A,N/A,N/A,N/A,N/A,N/A,N/A
0,4294967295,1204,1,AsStrided292,N/A,N/A,N/A,1764070312820110.923	,16.438,479774.354,0,0,N/A,N/A,N/A,N/A,N/A,N/A,N/A,N/A
0,4294967295,1206,1,trans_TransData_55,N/A,N/A,N/A,1764070312820403.132	,115.958,275.771,0,0,N/A,N/A,N/A,N/A,N/A,N/A,N/A,N/A
0,4294967295,1207,1,AsStrided293,N/A,N/A,N/A,1764070313285993.944	,17.146,465474.854,0,0,N/A,N/A,N/A,N/A,N/A,N/A,N/A,N/A
0,4294967295,1209,1,trans_TransData_55,N/A,N/A,N/A,1764070313286279.173	,116.667,268.083,0,0,N/A,N/A,N/A,N/A,N/A,N/A,N/A,N/A
0,4294967295,1210,1,AsStrided294,N/A,N/A,N/A,1764070313762203.423	,16.771,475807.583,0,0,N/A,N/A,N/A,N/A,N/A,N/A,N/A,N/A
0,4294967295,1212,1,trans_TransData_55,N/A,N/A,N/A,1764070313762453.423	,96.104,233.229,0,0,N/A,N/A,N/A,N/A,N/A,N/A,N/A,N/A
0,4294967295,1213,1,AsStrided295,N/A,N/A,N/A,1764070314243821.382	,16.438,481271.854,0,0,N/A,N/A,N/A,N/A,N/A,N/A,N/A,N/A
0,4294967295,1215,1,trans_TransData_55,N/A,N/A,N/A,1764070314244045.632	,118.938,207.812,0,0,N/A,N/A,N/A,N/A,N/A,N/A,N/A,N/A
0,4294967295,1216,1,AsStrided296,N/A,N/A,N/A,1764070314701187.902	,16.604,457023.333,0,0,N/A,N/A,N/A,N/A,N/A,N/A,N/A,N/A
0,4294967295,1218,1,trans_TransData_55,N/A,N/A,N/A,1764070314701435.944	,128.188,231.438,0,0,N/A,N/A,N/A,N/A,N/A,N/A,N/A,N/A
0,4294967295,1219,1,AsStrided297,N/A,N/A,N/A,1764070315158006.569	,16.792,456442.438,0,0,N/A,N/A,N/A,N/A,N/A,N/A,N/A,N/A
0,4294967295,1221,1,trans_TransData_55,N/A,N/A,N/A,1764070315158273.277	,113.062,249.917,0,0,N/A,N/A,N/A,N/A,N/A,N/A,N/A,N/A
0,4294967295,1222,1,AsStrided298,N/A,N/A,N/A,1764070315602110.382	,16.792,443724.042,0,0,N/A,N/A,N/A,N/A,N/A,N/A,N/A,N/A
0,4294967295,1224,1,trans_TransData_55,N/A,N/A,N/A,1764070315602595.319	,106.875,468.146,0,0,N/A,N/A,N/A,N/A,N/A,N/A,N/A,N/A
0,4294967295,1225,1,AsStrided299,N/A,N/A,N/A,1764070316079817.611	,16.625,477115.417,0,0,N/A,N/A,N/A,N/A,N/A,N/A,N/A,N/A
0,4294967295,1227,1,trans_TransData_55,N/A,N/A,N/A,1764070316080049.840	,95.479,215.604,0,0,N/A,N/A,N/A,N/A,N/A,N/A,N/A,N/A
0,4294967295,1228,1,AsStrided300,N/A,N/A,N/A,1764070316534265.715	,16.688,454120.396,0,0,N/A,N/A,N/A,N/A,N/A,N/A,N/A,N/A
0,4294967295,1230,1,trans_TransData_55,N/A,N/A,N/A,1764070316534602.027	,89.458,319.625,0,0,N/A,N/A,N/A,N/A,N/A,N/A,N/A,N/A
0,4294967295,1231,1,AsStrided301,N/A,N/A,N/A,1764070316998814.027	,16.521,464122.542,0,0,N/A,N/A,N/A,N/A,N/A,N/A,N/A,N/A
0,4294967295,1233,1,trans_TransData_55,N/A,N/A,N/A,1764070316999047.632	,126.625,217.083,0,0,N/A,N/A,N/A,N/A,N/A,N/A,N/A,N/A
0,4294967295,1234,1,AsStrided302,N/A,N/A,N/A,1764070317463845.486	,16.458,464671.229,0,0,N/A,N/A,N/A,N/A,N/A,N/A,N/A,N/A
0,4294967295,1236,1,trans_TransData_55,N/A,N/A,N/A,1764070317464152.944	,111.979,291.0,0,0,N/A,N/A,N/A,N/A,N/A,N/A,N/A,N/A
0,4294967295,1237,1,AsStrided303,N/A,N/A,N/A,1764070317919781.090	,16.667,455516.167,0,0,N/A,N/A,N/A,N/A,N/A,N/A,N/A,N/A
0,4294967295,1239,1,trans_TransData_55,N/A,N/A,N/A,1764070317920014.632	,92.229,216.875,0,0,N/A,N/A,N/A,N/A,N/A,N/A,N/A,N/A
0,4294967295,1240,1,AsStrided304,N/A,N/A,N/A,1764070318388247.902	,16.646,468141.042,0,0,N/A,N/A,N/A,N/A,N/A,N/A,N/A,N/A
0,4294967295,1242,1,trans_TransData_55,N/A,N/A,N/A,1764070318388500.923	,110.542,236.375,0,0,N/A,N/A,N/A,N/A,N/A,N/A,N/A,N/A
0,4294967295,1243,1,AsStrided305,N/A,N/A,N/A,1764070318867317.673	,16.375,478706.208,0,0,N/A,N/A,N/A,N/A,N/A,N/A,N/A,N/A
0,4294967295,1245,1,trans_TransData_55,N/A,N/A,N/A,1764070318867560.569	,107.604,226.521,0,0,N/A,N/A,N/A,N/A,N/A,N/A,N/A,N/A
0,4294967295,1246,1,AsStrided306,N/A,N/A,N/A,1764070319325880.444	,16.604,458212.271,0,0,N/A,N/A,N/A,N/A,N/A,N/A,N/A,N/A
0,4294967295,1248,1,trans_TransData_55,N/A,N/A,N/A,1764070319326136.152	,94.229,239.104,0,0,N/A,N/A,N/A,N/A,N/A,N/A,N/A,N/A
0,4294967295,1249,1,AsStrided307,N/A,N/A,N/A,1764070319789525.236	,16.771,463294.854,0,0,N/A,N/A,N/A,N/A,N/A,N/A,N/A,N/A
0,4294967295,1251,1,trans_TransData_55,N/A,N/A,N/A,1764070319789789.236	,122.479,247.229,0,0,N/A,N/A,N/A,N/A,N/A,N/A,N/A,N/A
0,4294967295,1252,1,AsStrided308,N/A,N/A,N/A,1764070320263193.194	,16.583,473281.479,0,0,N/A,N/A,N/A,N/A,N/A,N/A,N/A,N/A
0,4294967295,1254,1,trans_TransData_55,N/A,N/A,N/A,1764070320263446.611	,103.792,236.833,0,0,N/A,N/A,N/A,N/A,N/A,N/A,N/A,N/A
0,4294967295,1255,1,AsStrided309,N/A,N/A,N/A,1764070320720479.090	,16.396,456928.688,0,0,N/A,N/A,N/A,N/A,N/A,N/A,N/A,N/A
0,4294967295,1257,1,trans_TransData_55,N/A,N/A,N/A,1764070320720741.756	,81.271,246.271,0,0,N/A,N/A,N/A,N/A,N/A,N/A,N/A,N/A
0,4294967295,1258,1,AsStrided310,N/A,N/A,N/A,1764070321188916.215	,16.521,468093.188,0,0,N/A,N/A,N/A,N/A,N/A,N/A,N/A,N/A
0,4294967295,1260,1,trans_TransData_55,N/A,N/A,N/A,1764070321189176.861	,103.979,244.125,0,0,N/A,N/A,N/A,N/A,N/A,N/A,N/A,N/A
0,4294967295,1261,1,AsStrided311,N/A,N/A,N/A,1764070321681654.319	,16.417,492373.479,0,0,N/A,N/A,N/A,N/A,N/A,N/A,N/A,N/A
0,4294967295,1263,1,trans_TransData_55,N/A,N/A,N/A,1764070321681916.715	,109.542,245.979,0,0,N/A,N/A,N/A,N/A,N/A,N/A,N/A,N/A
0,4294967295,1264,1,AsStrided312,N/A,N/A,N/A,1764070322164262.069	,16.771,482235.812,0,0,N/A,N/A,N/A,N/A,N/A,N/A,N/A,N/A
0,4294967295,1266,1,trans_TransData_55,N/A,N/A,N/A,1764070322164615.027	,81.771,336.188,0,0,N/A,N/A,N/A,N/A,N/A,N/A,N/A,N/A
0,4294967295,1267,1,AsStrided313,N/A,N/A,N/A,1764070322662719.840	,16.625,498023.042,0,0,N/A,N/A,N/A,N/A,N/A,N/A,N/A,N/A
0,4294967295,1269,1,trans_TransData_55,N/A,N/A,N/A,1764070322662965.382	,96.021,228.917,0,0,N/A,N/A,N/A,N/A,N/A,N/A,N/A,N/A
0,4294967295,1270,1,AsStrided314,N/A,N/A,N/A,1764070323149429.486	,16.583,486368.083,0,0,N/A,N/A,N/A,N/A,N/A,N/A,N/A,N/A
0,4294967295,1272,1,trans_TransData_55,N/A,N/A,N/A,1764070323149677.611	,97.146,231.542,0,0,N/A,N/A,N/A,N/A,N/A,N/A,N/A,N/A
0,4294967295,1273,1,AsStrided315,N/A,N/A,N/A,1764070323627580.152	,16.646,477805.396,0,0,N/A,N/A,N/A,N/A,N/A,N/A,N/A,N/A
0,4294967295,1275,1,trans_TransData_55,N/A,N/A,N/A,1764070323627826.340	,109.479,229.542,0,0,N/A,N/A,N/A,N/A,N/A,N/A,N/A,N/A
0,4294967295,1276,1,AsStrided316,N/A,N/A,N/A,1764070324082244.777	,16.875,454308.958,0,0,N/A,N/A,N/A,N/A,N/A,N/A,N/A,N/A
0,4294967295,1278,1,trans_TransData_55,N/A,N/A,N/A,1764070324082473.236	,111.917,211.583,0,0,N/A,N/A,N/A,N/A,N/A,N/A,N/A,N/A
0,4294967295,1279,1,AsStrided317,N/A,N/A,N/A,1764070324554122.465	,16.542,471537.312,0,0,N/A,N/A,N/A,N/A,N/A,N/A,N/A,N/A
0,4294967295,1281,1,trans_TransData_55,N/A,N/A,N/A,1764070324554380.548	,116.979,241.542,0,0,N/A,N/A,N/A,N/A,N/A,N/A,N/A,N/A
0,4294967295,1282,1,AsStrided318,N/A,N/A,N/A,1764070325014644.694	,16.625,460147.167,0,0,N/A,N/A,N/A,N/A,N/A,N/A,N/A,N/A
0,4294967295,1284,1,trans_TransData_55,N/A,N/A,N/A,1764070325017238.256	,124.688,2576.938,0,0,N/A,N/A,N/A,N/A,N/A,N/A,N/A,N/A
0,4294967295,1285,1,AsStrided319,N/A,N/A,N/A,1764070325491803.006	,16.604,474440.062,0,0,N/A,N/A,N/A,N/A,N/A,N/A,N/A,N/A
0,4294967295,1287,1,trans_TransData_55,N/A,N/A,N/A,1764070325492075.694	,80.688,256.083,0,0,N/A,N/A,N/A,N/A,N/A,N/A,N/A,N/A
0,4294967295,1288,1,AsStrided320,N/A,N/A,N/A,1764070325941022.069	,17.146,448865.688,0,0,N/A,N/A,N/A,N/A,N/A,N/A,N/A,N/A
0,4294967295,1290,1,trans_TransData_55,N/A,N/A,N/A,1764070325941293.756	,112.104,254.542,0,0,N/A,N/A,N/A,N/A,N/A,N/A,N/A,N/A
0,4294967295,1291,1,AsStrided321,N/A,N/A,N/A,1764070326395513.298	,16.5,454107.438,0,0,N/A,N/A,N/A,N/A,N/A,N/A,N/A,N/A
0,4294967295,1293,1,trans_TransData_55,N/A,N/A,N/A,1764070326395757.923	,113.104,228.125,0,0,N/A,N/A,N/A,N/A,N/A,N/A,N/A,N/A
0,4294967295,1294,1,AsStrided322,N/A,N/A,N/A,1764070326880944.215	,16.688,485073.188,0,0,N/A,N/A,N/A,N/A,N/A,N/A,N/A,N/A
0,4294967295,1296,1,trans_TransData_55,N/A,N/A,N/A,1764070326881205.882	,90.812,244.979,0,0,N/A,N/A,N/A,N/A,N/A,N/A,N/A,N/A
0,4294967295,1297,1,AsStrided323,N/A,N/A,N/A,1764070327346147.527	,16.604,464850.833,0,0,N/A,N/A,N/A,N/A,N/A,N/A,N/A,N/A
0,4294967295,1299,1,trans_TransData_55,N/A,N/A,N/A,1764070327346385.215	,111.583,221.083,0,0,N/A,N/A,N/A,N/A,N/A,N/A,N/A,N/A
0,4294967295,1300,1,AsStrided324,N/A,N/A,N/A,1764070327844806.611	,16.583,498309.812,0,0,N/A,N/A,N/A,N/A,N/A,N/A,N/A,N/A
0,4294967295,1302,1,trans_TransData_55,N/A,N/A,N/A,1764070327845107.361	,95.75,284.167,0,0,N/A,N/A,N/A,N/A,N/A,N/A,N/A,N/A
0,4294967295,1303,1,AsStrided325,N/A,N/A,N/A,1764070328318555.569	,16.521,473352.458,0,0,N/A,N/A,N/A,N/A,N/A,N/A,N/A,N/A
0,4294967295,1305,1,trans_TransData_55,N/A,N/A,N/A,1764070328318788.298	,97.708,216.208,0,0,N/A,N/A,N/A,N/A,N/A,N/A,N/A,N/A
0,4294967295,1306,1,AsStrided326,N/A,N/A,N/A,1764070328787526.465	,17.104,468640.458,0,0,N/A,N/A,N/A,N/A,N/A,N/A,N/A,N/A
0,4294967295,1308,1,trans_TransData_55,N/A,N/A,N/A,1764070328787758.694	,107.208,215.125,0,0,N/A,N/A,N/A,N/A,N/A,N/A,N/A,N/A
0,4294967295,1309,1,AsStrided327,N/A,N/A,N/A,1764070329276244.194	,16.542,488378.292,0,0,N/A,N/A,N/A,N/A,N/A,N/A,N/A,N/A
0,4294967295,1311,1,trans_TransData_55,N/A,N/A,N/A,1764070329276568.756	,96.312,308.021,0,0,N/A,N/A,N/A,N/A,N/A,N/A,N/A,N/A
0,4294967295,1312,1,AsStrided328,N/A,N/A,N/A,1764070329724625.090	,17.125,447960.021,0,0,N/A,N/A,N/A,N/A,N/A,N/A,N/A,N/A
0,4294967295,1314,1,trans_TransData_55,N/A,N/A,N/A,1764070329724931.256	,79.667,289.042,0,0,N/A,N/A,N/A,N/A,N/A,N/A,N/A,N/A
0,4294967295,1315,1,AsStrided329,N/A,N/A,N/A,1764070330189731.548	,16.583,464720.625,0,0,N/A,N/A,N/A,N/A,N/A,N/A,N/A,N/A
0,4294967295,1317,1,trans_TransData_55,N/A,N/A,N/A,1764070330189971.590	,121.938,223.458,0,0,N/A,N/A,N/A,N/A,N/A,N/A,N/A,N/A
0,4294967295,1318,1,AsStrided330,N/A,N/A,N/A,1764070330674697.986	,16.521,484604.458,0,0,N/A,N/A,N/A,N/A,N/A,N/A,N/A,N/A
0,4294967295,1320,1,trans_TransData_55,N/A,N/A,N/A,1764070330674930.173	,122.125,215.667,0,0,N/A,N/A,N/A,N/A,N/A,N/A,N/A,N/A
0,4294967295,1321,1,AsStrided331,N/A,N/A,N/A,1764070331123812.444	,16.333,448760.146,0,0,N/A,N/A,N/A,N/A,N/A,N/A,N/A,N/A
0,4294967295,1323,1,trans_TransData_55,N/A,N/A,N/A,1764070331124040.465	,107.208,211.688,0,0,N/A,N/A,N/A,N/A,N/A,N/A,N/A,N/A
0,4294967295,1324,1,AsStrided332,N/A,N/A,N/A,1764070331597501.986	,16.812,473354.312,0,0,N/A,N/A,N/A,N/A,N/A,N/A,N/A,N/A
0,4294967295,1326,1,trans_TransData_55,N/A,N/A,N/A,1764070331597759.132	,129.833,240.333,0,0,N/A,N/A,N/A,N/A,N/A,N/A,N/A,N/A
0,4294967295,1327,1,AsStrided333,N/A,N/A,N/A,1764070332060191.923	,16.521,462302.958,0,0,N/A,N/A,N/A,N/A,N/A,N/A,N/A,N/A
0,4294967295,1329,1,trans_TransData_55,N/A,N/A,N/A,1764070332060495.902	,99.542,287.458,0,0,N/A,N/A,N/A,N/A,N/A,N/A,N/A,N/A
0,4294967295,1330,1,AsStrided334,N/A,N/A,N/A,1764070332521461.923	,16.729,460866.479,0,0,N/A,N/A,N/A,N/A,N/A,N/A,N/A,N/A
0,4294967295,1332,1,trans_TransData_55,N/A,N/A,N/A,1764070332521687.236	,111.312,208.583,0,0,N/A,N/A,N/A,N/A,N/A,N/A,N/A,N/A
0,4294967295,1333,1,AsStrided335,N/A,N/A,N/A,1764070333017020.840	,16.5,495222.292,0,0,N/A,N/A,N/A,N/A,N/A,N/A,N/A,N/A
0,4294967295,1335,1,trans_TransData_55,N/A,N/A,N/A,1764070333017262.694	,108.708,225.354,0,0,N/A,N/A,N/A,N/A,N/A,N/A,N/A,N/A
0,4294967295,1336,1,AsStrided336,N/A,N/A,N/A,1764070333522373.694	,16.625,505002.292,0,0,N/A,N/A,N/A,N/A,N/A,N/A,N/A,N/A
0,4294967295,1338,1,trans_TransData_55,N/A,N/A,N/A,1764070333522634.402	,108.833,244.083,0,0,N/A,N/A,N/A,N/A,N/A,N/A,N/A,N/A
0,4294967295,1339,1,AsStrided337,N/A,N/A,N/A,1764070333986584.715	,16.979,463841.479,0,0,N/A,N/A,N/A,N/A,N/A,N/A,N/A,N/A
0,4294967295,1341,1,trans_TransData_55,N/A,N/A,N/A,1764070333987169.569	,98.625,567.875,0,0,N/A,N/A,N/A,N/A,N/A,N/A,N/A,N/A
0,4294967295,1342,1,AsStrided338,N/A,N/A,N/A,1764070334440110.382	,16.312,452842.188,0,0,N/A,N/A,N/A,N/A,N/A,N/A,N/A,N/A
0,4294967295,1344,1,trans_TransData_55,N/A,N/A,N/A,1764070334440376.590	,104.458,249.896,0,0,N/A,N/A,N/A,N/A,N/A,N/A,N/A,N/A
0,4294967295,1345,1,AsStrided339,N/A,N/A,N/A,1764070334916680.861	,16.812,476199.812,0,0,N/A,N/A,N/A,N/A,N/A,N/A,N/A,N/A
0,4294967295,1347,1,trans_TransData_55,N/A,N/A,N/A,1764070334916941.319	,102.375,243.646,0,0,N/A,N/A,N/A,N/A,N/A,N/A,N/A,N/A
0,4294967295,1348,1,AsStrided340,N/A,N/A,N/A,1764070335402805.423	,16.646,485761.729,0,0,N/A,N/A,N/A,N/A,N/A,N/A,N/A,N/A
0,4294967295,1350,1,trans_TransData_55,N/A,N/A,N/A,1764070335403110.506	,113.979,288.438,0,0,N/A,N/A,N/A,N/A,N/A,N/A,N/A,N/A
0,4294967295,1351,1,AsStrided341,N/A,N/A,N/A,1764070335881903.652	,16.583,478679.167,0,0,N/A,N/A,N/A,N/A,N/A,N/A,N/A,N/A
0,4294967295,1353,1,trans_TransData_55,N/A,N/A,N/A,1764070335882140.777	,102.417,220.542,0,0,N/A,N/A,N/A,N/A,N/A,N/A,N/A,N/A
0,4294967295,1354,1,AsStrided342,N/A,N/A,N/A,1764070336377759.652	,16.792,495516.458,0,0,N/A,N/A,N/A,N/A,N/A,N/A,N/A,N/A
0,4294967295,1356,1,trans_TransData_55,N/A,N/A,N/A,1764070336378037.527	,86.396,261.083,0,0,N/A,N/A,N/A,N/A,N/A,N/A,N/A,N/A
0,4294967295,1357,1,AsStrided343,N/A,N/A,N/A,1764070336843926.027	,16.375,465802.104,0,0,N/A,N/A,N/A,N/A,N/A,N/A,N/A,N/A
0,4294967295,1359,1,trans_TransData_55,N/A,N/A,N/A,1764070336844151.444	,95.812,209.042,0,0,N/A,N/A,N/A,N/A,N/A,N/A,N/A,N/A
0,4294967295,1360,1,AsStrided344,N/A,N/A,N/A,1764070337313933.861	,16.417,469686.604,0,0,N/A,N/A,N/A,N/A,N/A,N/A,N/A,N/A
0,4294967295,1362,1,trans_TransData_55,N/A,N/A,N/A,1764070337314176.986	,111.25,226.708,0,0,N/A,N/A,N/A,N/A,N/A,N/A,N/A,N/A
0,4294967295,1363,1,AsStrided345,N/A,N/A,N/A,1764070337795824.444	,15.875,481536.208,0,0,N/A,N/A,N/A,N/A,N/A,N/A,N/A,N/A
0,4294967295,1365,1,trans_TransData_55,N/A,N/A,N/A,1764070337796074.986	,81.312,234.667,0,0,N/A,N/A,N/A,N/A,N/A,N/A,N/A,N/A
0,4294967295,1366,1,AsStrided346,N/A,N/A,N/A,1764070338278192.652	,15.896,482036.354,0,0,N/A,N/A,N/A,N/A,N/A,N/A,N/A,N/A
0,4294967295,1368,1,trans_TransData_55,N/A,N/A,N/A,1764070338278448.756	,112.25,240.208,0,0,N/A,N/A,N/A,N/A,N/A,N/A,N/A,N/A
0,4294967295,1369,1,AsStrided347,N/A,N/A,N/A,1764070338742096.569	,16.042,463535.562,0,0,N/A,N/A,N/A,N/A,N/A,N/A,N/A,N/A
0,4294967295,1371,1,trans_TransData_55,N/A,N/A,N/A,1764070338742415.027	,125.958,302.417,0,0,N/A,N/A,N/A,N/A,N/A,N/A,N/A,N/A
0,4294967295,1372,1,AsStrided348,N/A,N/A,N/A,1764070339213662.819	,16.312,471121.833,0,0,N/A,N/A,N/A,N/A,N/A,N/A,N/A,N/A
0,4294967295,1374,1,trans_TransData_55,N/A,N/A,N/A,1764070339213933.402	,102.042,254.271,0,0,N/A,N/A,N/A,N/A,N/A,N/A,N/A,N/A
0,4294967295,1375,1,AsStrided349,N/A,N/A,N/A,1764070339683952.986	,16.083,469917.542,0,0,N/A,N/A,N/A,N/A,N/A,N/A,N/A,N/A
0,4294967295,1377,1,trans_TransData_55,N/A,N/A,N/A,1764070339684184.048	,97.188,214.979,0,0,N/A,N/A,N/A,N/A,N/A,N/A,N/A,N/A
0,4294967295,1378,1,AsStrided350,N/A,N/A,N/A,1764070340157584.423	,16.083,473303.188,0,0,N/A,N/A,N/A,N/A,N/A,N/A,N/A,N/A
0,4294967295,1380,1,trans_TransData_55,N/A,N/A,N/A,1764070340157863.111	,83.167,262.604,0,0,N/A,N/A,N/A,N/A,N/A,N/A,N/A,N/A
0,4294967295,1381,1,AsStrided351,N/A,N/A,N/A,1764070340631841.632	,16.417,473895.354,0,0,N/A,N/A,N/A,N/A,N/A,N/A,N/A,N/A
0,4294967295,1383,1,trans_TransData_55,N/A,N/A,N/A,1764070340632097.527	,108.688,239.479,0,0,N/A,N/A,N/A,N/A,N/A,N/A,N/A,N/A
0,4294967295,1384,1,AsStrided352,N/A,N/A,N/A,1764070341101398.819	,16.0,469192.604,0,0,N/A,N/A,N/A,N/A,N/A,N/A,N/A,N/A
0,4294967295,1386,1,trans_TransData_55,N/A,N/A,N/A,1764070341101678.465	,80.729,263.646,0,0,N/A,N/A,N/A,N/A,N/A,N/A,N/A,N/A
0,4294967295,1387,1,AsStrided353,N/A,N/A,N/A,1764070341564094.048	,16.188,462334.854,0,0,N/A,N/A,N/A,N/A,N/A,N/A,N/A,N/A
0,4294967295,1389,1,trans_TransData_55,N/A,N/A,N/A,1764070341564340.590	,94.062,230.354,0,0,N/A,N/A,N/A,N/A,N/A,N/A,N/A,N/A
0,4294967295,1390,1,AsStrided354,N/A,N/A,N/A,1764070342026229.548	,16.312,461794.896,0,0,N/A,N/A,N/A,N/A,N/A,N/A,N/A,N/A
0,4294967295,1392,1,trans_TransData_55,N/A,N/A,N/A,1764070342026485.256	,106.25,239.396,0,0,N/A,N/A,N/A,N/A,N/A,N/A,N/A,N/A
0,4294967295,1393,1,AsStrided355,N/A,N/A,N/A,1764070342512144.986	,16.083,485553.479,0,0,N/A,N/A,N/A,N/A,N/A,N/A,N/A,N/A
0,4294967295,1395,1,trans_TransData_55,N/A,N/A,N/A,1764070342512433.361	,109.458,272.292,0,0,N/A,N/A,N/A,N/A,N/A,N/A,N/A,N/A
0,4294967295,1396,1,AsStrided356,N/A,N/A,N/A,1764070342991663.715	,16.354,479120.896,0,0,N/A,N/A,N/A,N/A,N/A,N/A,N/A,N/A
0,4294967295,1398,1,trans_TransData_55,N/A,N/A,N/A,1764070342991903.715	,81.0,223.646,0,0,N/A,N/A,N/A,N/A,N/A,N/A,N/A,N/A
0,4294967295,1399,1,AsStrided357,N/A,N/A,N/A,1764070343503733.152	,16.292,511748.438,0,0,N/A,N/A,N/A,N/A,N/A,N/A,N/A,N/A
0,4294967295,1401,1,trans_TransData_55,N/A,N/A,N/A,1764070343503995.694	,116.021,246.25,0,0,N/A,N/A,N/A,N/A,N/A,N/A,N/A,N/A
0,4294967295,1402,1,AsStrided358,N/A,N/A,N/A,1764070343959020.506	,16.229,454908.792,0,0,N/A,N/A,N/A,N/A,N/A,N/A,N/A,N/A
0,4294967295,1404,1,trans_TransData_55,N/A,N/A,N/A,1764070343959253.861	,91.167,217.125,0,0,N/A,N/A,N/A,N/A,N/A,N/A,N/A,N/A
0,4294967295,1405,1,AsStrided359,N/A,N/A,N/A,1764070344418529.236	,15.979,459184.208,0,0,N/A,N/A,N/A,N/A,N/A,N/A,N/A,N/A
0,4294967295,1407,1,trans_TransData_55,N/A,N/A,N/A,1764070344418795.215	,110.688,250.0,0,0,N/A,N/A,N/A,N/A,N/A,N/A,N/A,N/A
0,4294967295,1408,1,AsStrided360,N/A,N/A,N/A,1764070344878024.465	,15.875,459118.562,0,0,N/A,N/A,N/A,N/A,N/A,N/A,N/A,N/A
0,4294967295,1410,1,trans_TransData_55,N/A,N/A,N/A,1764070344878269.402	,109.417,229.062,0,0,N/A,N/A,N/A,N/A,N/A,N/A,N/A,N/A
0,4294967295,1411,1,AsStrided361,N/A,N/A,N/A,1764070345324234.756	,15.792,445855.938,0,0,N/A,N/A,N/A,N/A,N/A,N/A,N/A,N/A
0,4294967295,1413,1,trans_TransData_55,N/A,N/A,N/A,1764070345324499.340	,97.521,248.792,0,0,N/A,N/A,N/A,N/A,N/A,N/A,N/A,N/A
0,4294967295,1414,1,AsStrided362,N/A,N/A,N/A,1764070345793923.548	,16.396,469326.688,0,0,N/A,N/A,N/A,N/A,N/A,N/A,N/A,N/A
0,4294967295,1416,1,trans_TransData_55,N/A,N/A,N/A,1764070345794174.548	,105.708,234.604,0,0,N/A,N/A,N/A,N/A,N/A,N/A,N/A,N/A
0,4294967295,1417,1,AsStrided363,N/A,N/A,N/A,1764070346254251.402	,16.292,459971.146,0,0,N/A,N/A,N/A,N/A,N/A,N/A,N/A,N/A
0,4294967295,1419,1,trans_TransData_55,N/A,N/A,N/A,1764070346254505.590	,122.062,237.896,0,0,N/A,N/A,N/A,N/A,N/A,N/A,N/A,N/A
0,4294967295,1420,1,AsStrided364,N/A,N/A,N/A,1764070346723340.027	,15.896,468712.375,0,0,N/A,N/A,N/A,N/A,N/A,N/A,N/A,N/A
0,4294967295,1422,1,trans_TransData_55,N/A,N/A,N/A,1764070346723621.298	,112.375,265.375,0,0,N/A,N/A,N/A,N/A,N/A,N/A,N/A,N/A
0,4294967295,1423,1,AsStrided365,N/A,N/A,N/A,1764070347204024.111	,16.375,480290.438,0,0,N/A,N/A,N/A,N/A,N/A,N/A,N/A,N/A
0,4294967295,1425,1,trans_TransData_55,N/A,N/A,N/A,1764070347204258.194	,82.833,217.708,0,0,N/A,N/A,N/A,N/A,N/A,N/A,N/A,N/A
0,4294967295,1426,1,AsStrided366,N/A,N/A,N/A,1764070347676024.694	,16.188,471683.667,0,0,N/A,N/A,N/A,N/A,N/A,N/A,N/A,N/A
0,4294967295,1428,1,trans_TransData_55,N/A,N/A,N/A,1764070347676255.569	,112.917,214.688,0,0,N/A,N/A,N/A,N/A,N/A,N/A,N/A,N/A
0,4294967295,1429,1,AsStrided367,N/A,N/A,N/A,1764070348166892.090	,16.438,490523.604,0,0,N/A,N/A,N/A,N/A,N/A,N/A,N/A,N/A
0,4294967295,1431,1,trans_TransData_55,N/A,N/A,N/A,1764070348167204.861	,112.812,296.333,0,0,N/A,N/A,N/A,N/A,N/A,N/A,N/A,N/A
0,4294967295,1432,1,AsStrided368,N/A,N/A,N/A,1764070348643214.486	,16.292,475896.812,0,0,N/A,N/A,N/A,N/A,N/A,N/A,N/A,N/A
0,4294967295,1434,1,trans_TransData_55,N/A,N/A,N/A,1764070348643465.215	,103.146,234.438,0,0,N/A,N/A,N/A,N/A,N/A,N/A,N/A,N/A
0,4294967295,1435,1,AsStrided369,N/A,N/A,N/A,1764070349120838.090	,16.354,477269.729,0,0,N/A,N/A,N/A,N/A,N/A,N/A,N/A,N/A
0,4294967295,1437,1,trans_TransData_55,N/A,N/A,N/A,1764070349121070.673	,79.729,216.229,0,0,N/A,N/A,N/A,N/A,N/A,N/A,N/A,N/A
0,4294967295,1438,1,AsStrided370,N/A,N/A,N/A,1764070349602624.069	,16.167,481473.667,0,0,N/A,N/A,N/A,N/A,N/A,N/A,N/A,N/A
0,4294967295,1440,1,trans_TransData_55,N/A,N/A,N/A,1764070349603078.923	,125.542,438.688,0,0,N/A,N/A,N/A,N/A,N/A,N/A,N/A,N/A
0,4294967295,1441,1,AsStrided371,N/A,N/A,N/A,1764070350072093.694	,16.312,468889.229,0,0,N/A,N/A,N/A,N/A,N/A,N/A,N/A,N/A
0,4294967295,1443,1,trans_TransData_55,N/A,N/A,N/A,1764070350072369.652	,97.208,259.646,0,0,N/A,N/A,N/A,N/A,N/A,N/A,N/A,N/A
0,4294967295,1444,1,AsStrided372,N/A,N/A,N/A,1764070350545673.111	,16.188,473206.25,0,0,N/A,N/A,N/A,N/A,N/A,N/A,N/A,N/A
0,4294967295,1446,1,trans_TransData_55,N/A,N/A,N/A,1764070350545931.069	,107.146,241.771,0,0,N/A,N/A,N/A,N/A,N/A,N/A,N/A,N/A
0,4294967295,1447,1,AsStrided373,N/A,N/A,N/A,1764070351019404.965	,15.896,473366.75,0,0,N/A,N/A,N/A,N/A,N/A,N/A,N/A,N/A
0,4294967295,1449,1,trans_TransData_55,N/A,N/A,N/A,1764070351019658.069	,101.542,237.208,0,0,N/A,N/A,N/A,N/A,N/A,N/A,N/A,N/A
0,4294967295,1450,1,AsStrided374,N/A,N/A,N/A,1764070351504159.277	,16.333,484399.667,0,0,N/A,N/A,N/A,N/A,N/A,N/A,N/A,N/A
0,4294967295,1452,1,trans_TransData_55,N/A,N/A,N/A,1764070351504414.152	,106.5,238.542,0,0,N/A,N/A,N/A,N/A,N/A,N/A,N/A,N/A
0,4294967295,1453,1,AsStrided375,N/A,N/A,N/A,1764070351962661.444	,16.5,458140.792,0,0,N/A,N/A,N/A,N/A,N/A,N/A,N/A,N/A
0,4294967295,1455,1,trans_TransData_55,N/A,N/A,N/A,1764070351962985.340	,109.083,307.396,0,0,N/A,N/A,N/A,N/A,N/A,N/A,N/A,N/A
0,4294967295,1456,1,AsStrided376,N/A,N/A,N/A,1764070352438511.069	,16.271,475416.646,0,0,N/A,N/A,N/A,N/A,N/A,N/A,N/A,N/A
0,4294967295,1458,1,trans_TransData_55,N/A,N/A,N/A,1764070352438794.361	,113.438,267.021,0,0,N/A,N/A,N/A,N/A,N/A,N/A,N/A,N/A
0,4294967295,1459,1,AsStrided377,N/A,N/A,N/A,1764070352930795.361	,15.958,491887.562,0,0,N/A,N/A,N/A,N/A,N/A,N/A,N/A,N/A
0,4294967295,1461,1,trans_TransData_55,N/A,N/A,N/A,1764070352931123.527	,83.667,312.208,0,0,N/A,N/A,N/A,N/A,N/A,N/A,N/A,N/A
0,4294967295,1462,1,AsStrided378,N/A,N/A,N/A,1764070353395035.256	,16.417,463828.062,0,0,N/A,N/A,N/A,N/A,N/A,N/A,N/A,N/A
0,4294967295,1464,1,trans_TransData_55,N/A,N/A,N/A,1764070353395303.694	,114.542,252.021,0,0,N/A,N/A,N/A,N/A,N/A,N/A,N/A,N/A
0,4294967295,1465,1,AsStrided379,N/A,N/A,N/A,1764070353879742.340	,16.417,484324.104,0,0,N/A,N/A,N/A,N/A,N/A,N/A,N/A,N/A
0,4294967295,1467,1,trans_TransData_55,N/A,N/A,N/A,1764070353879987.444	,118.292,228.688,0,0,N/A,N/A,N/A,N/A,N/A,N/A,N/A,N/A
0,4294967295,1468,1,AsStrided380,N/A,N/A,N/A,1764070354349450.256	,16.062,469344.521,0,0,N/A,N/A,N/A,N/A,N/A,N/A,N/A,N/A
0,4294967295,1470,1,trans_TransData_55,N/A,N/A,N/A,1764070354349699.944	,119.958,233.625,0,0,N/A,N/A,N/A,N/A,N/A,N/A,N/A,N/A
0,4294967295,1471,1,AsStrided381,N/A,N/A,N/A,1764070354820842.569	,15.917,471022.667,0,0,N/A,N/A,N/A,N/A,N/A,N/A,N/A,N/A
0,4294967295,1473,1,trans_TransData_55,N/A,N/A,N/A,1764070354821116.965	,122.854,258.479,0,0,N/A,N/A,N/A,N/A,N/A,N/A,N/A,N/A
0,4294967295,1474,1,AsStrided382,N/A,N/A,N/A,1764070355312987.256	,16.438,491747.438,0,0,N/A,N/A,N/A,N/A,N/A,N/A,N/A,N/A
0,4294967295,1476,1,trans_TransData_55,N/A,N/A,N/A,1764070355313296.736	,106.688,293.042,0,0,N/A,N/A,N/A,N/A,N/A,N/A,N/A,N/A
0,4294967295,1477,1,AsStrided383,N/A,N/A,N/A,1764070355782265.152	,16.188,468861.729,0,0,N/A,N/A,N/A,N/A,N/A,N/A,N/A,N/A
0,4294967295,1479,1,trans_TransData_55,N/A,N/A,N/A,1764070355782517.090	,123.312,235.75,0,0,N/A,N/A,N/A,N/A,N/A,N/A,N/A,N/A
0,4294967295,1480,1,AsStrided384,N/A,N/A,N/A,1764070356242401.882	,16.396,459761.479,0,0,N/A,N/A,N/A,N/A,N/A,N/A,N/A,N/A
0,4294967295,1482,1,trans_TransData_55,N/A,N/A,N/A,1764070356242655.527	,108.167,237.25,0,0,N/A,N/A,N/A,N/A,N/A,N/A,N/A,N/A
0,4294967295,1483,1,AsStrided385,N/A,N/A,N/A,1764070356724124.486	,16.208,481360.792,0,0,N/A,N/A,N/A,N/A,N/A,N/A,N/A,N/A
0,4294967295,1485,1,trans_TransData_55,N/A,N/A,N/A,1764070356724450.673	,84.5,309.979,0,0,N/A,N/A,N/A,N/A,N/A,N/A,N/A,N/A
0,4294967295,1486,1,AsStrided386,N/A,N/A,N/A,1764070357193318.069	,16.292,468782.896,0,0,N/A,N/A,N/A,N/A,N/A,N/A,N/A,N/A
0,4294967295,1488,1,trans_TransData_55,N/A,N/A,N/A,1764070357193553.548	,98.271,219.188,0,0,N/A,N/A,N/A,N/A,N/A,N/A,N/A,N/A
0,4294967295,1489,1,AsStrided387,N/A,N/A,N/A,1764070357643987.132	,16.417,450335.312,0,0,N/A,N/A,N/A,N/A,N/A,N/A,N/A,N/A
0,4294967295,1491,1,trans_TransData_55,N/A,N/A,N/A,1764070357644358.569	,96.708,355.021,0,0,N/A,N/A,N/A,N/A,N/A,N/A,N/A,N/A
0,4294967295,1492,1,AsStrided388,N/A,N/A,N/A,1764070358121190.590	,16.229,476735.312,0,0,N/A,N/A,N/A,N/A,N/A,N/A,N/A,N/A
0,4294967295,1494,1,trans_TransData_55,N/A,N/A,N/A,1764070358121427.340	,106.292,220.521,0,0,N/A,N/A,N/A,N/A,N/A,N/A,N/A,N/A
0,4294967295,1495,1,AsStrided389,N/A,N/A,N/A,1764070358572176.506	,16.021,450642.875,0,0,N/A,N/A,N/A,N/A,N/A,N/A,N/A,N/A
0,4294967295,1497,1,trans_TransData_55,N/A,N/A,N/A,1764070358574692.132	,84.729,2499.604,0,0,N/A,N/A,N/A,N/A,N/A,N/A,N/A,N/A
0,4294967295,1498,1,AsStrided390,N/A,N/A,N/A,1764070359041368.902	,16.25,466592.042,0,0,N/A,N/A,N/A,N/A,N/A,N/A,N/A,N/A
0,4294967295,1500,1,trans_TransData_55,N/A,N/A,N/A,1764070359041662.111	,125.792,276.958,0,0,N/A,N/A,N/A,N/A,N/A,N/A,N/A,N/A
0,4294967295,1501,1,AsStrided391,N/A,N/A,N/A,1764070359521738.236	,16.125,479950.333,0,0,N/A,N/A,N/A,N/A,N/A,N/A,N/A,N/A
0,4294967295,1503,1,trans_TransData_55,N/A,N/A,N/A,1764070359521964.444	,118.521,210.083,0,0,N/A,N/A,N/A,N/A,N/A,N/A,N/A,N/A
0,4294967295,1504,1,AsStrided392,N/A,N/A,N/A,1764070359994246.382	,16.271,472163.417,0,0,N/A,N/A,N/A,N/A,N/A,N/A,N/A,N/A
0,4294967295,1506,1,trans_TransData_55,N/A,N/A,N/A,1764070359994514.402	,95.646,251.75,0,0,N/A,N/A,N/A,N/A,N/A,N/A,N/A,N/A
0,4294967295,1507,1,AsStrided393,N/A,N/A,N/A,1764070360445368.465	,16.146,450758.417,0,0,N/A,N/A,N/A,N/A,N/A,N/A,N/A,N/A
0,4294967295,1509,1,trans_TransData_55,N/A,N/A,N/A,1764070360445620.965	,79.938,236.354,0,0,N/A,N/A,N/A,N/A,N/A,N/A,N/A,N/A
0,4294967295,1510,1,AsStrided394,N/A,N/A,N/A,1764070360900486.590	,16.312,454785.688,0,0,N/A,N/A,N/A,N/A,N/A,N/A,N/A,N/A
0,4294967295,1512,1,trans_TransData_55,N/A,N/A,N/A,1764070360900737.506	,93.25,234.604,0,0,N/A,N/A,N/A,N/A,N/A,N/A,N/A,N/A
0,4294967295,1513,1,AsStrided395,N/A,N/A,N/A,1764070361354445.652	,16.354,453614.896,0,0,N/A,N/A,N/A,N/A,N/A,N/A,N/A,N/A
0,4294967295,1515,1,trans_TransData_55,N/A,N/A,N/A,1764070361354756.611	,107.125,294.604,0,0,N/A,N/A,N/A,N/A,N/A,N/A,N/A,N/A
0,4294967295,1516,1,AsStrided396,N/A,N/A,N/A,1764070361821019.506	,16.062,466155.771,0,0,N/A,N/A,N/A,N/A,N/A,N/A,N/A,N/A
0,4294967295,1518,1,trans_TransData_55,N/A,N/A,N/A,1764070361821256.215	,117.021,220.646,0,0,N/A,N/A,N/A,N/A,N/A,N/A,N/A,N/A
0,4294967295,1519,1,AsStrided397,N/A,N/A,N/A,1764070362269404.548	,15.896,448031.312,0,0,N/A,N/A,N/A,N/A,N/A,N/A,N/A,N/A
0,4294967295,1521,1,trans_TransData_55,N/A,N/A,N/A,1764070362269693.340	,121.75,272.896,0,0,N/A,N/A,N/A,N/A,N/A,N/A,N/A,N/A
0,4294967295,1522,1,AsStrided398,N/A,N/A,N/A,1764070362781168.673	,16.354,511353.583,0,0,N/A,N/A,N/A,N/A,N/A,N/A,N/A,N/A
0,4294967295,1524,1,trans_TransData_55,N/A,N/A,N/A,1764070362781421.194	,114.479,236.167,0,0,N/A,N/A,N/A,N/A,N/A,N/A,N/A,N/A
0,4294967295,1525,1,AsStrided399,N/A,N/A,N/A,1764070363241398.590	,16.25,459862.917,0,0,N/A,N/A,N/A,N/A,N/A,N/A,N/A,N/A
0,4294967295,1527,1,trans_TransData_55,N/A,N/A,N/A,1764070363241632.798	,108.021,217.958,0,0,N/A,N/A,N/A,N/A,N/A,N/A,N/A,N/A
0,4294967295,1528,1,AsStrided400,N/A,N/A,N/A,1764070363721182.861	,16.188,479442.042,0,0,N/A,N/A,N/A,N/A,N/A,N/A,N/A,N/A
0,4294967295,1530,1,trans_TransData_55,N/A,N/A,N/A,1764070363721464.694	,113.958,265.646,0,0,N/A,N/A,N/A,N/A,N/A,N/A,N/A,N/A
0,4294967295,1531,1,AsStrided401,N/A,N/A,N/A,1764070364198937.319	,16.292,477358.667,0,0,N/A,N/A,N/A,N/A,N/A,N/A,N/A,N/A
0,4294967295,1533,1,trans_TransData_55,N/A,N/A,N/A,1764070364199176.298	,111.167,222.688,0,0,N/A,N/A,N/A,N/A,N/A,N/A,N/A,N/A
0,4294967295,1534,1,AsStrided402,N/A,N/A,N/A,1764070364677877.465	,16.25,478590.0,0,0,N/A,N/A,N/A,N/A,N/A,N/A,N/A,N/A
0,4294967295,1536,1,trans_TransData_55,N/A,N/A,N/A,1764070364678174.944	,96.438,281.229,0,0,N/A,N/A,N/A,N/A,N/A,N/A,N/A,N/A
0,4294967295,1537,1,AsStrided403,N/A,N/A,N/A,1764070365137865.652	,16.333,459594.271,0,0,N/A,N/A,N/A,N/A,N/A,N/A,N/A,N/A
0,4294967295,1539,1,trans_TransData_55,N/A,N/A,N/A,1764070365138147.256	,122.062,265.271,0,0,N/A,N/A,N/A,N/A,N/A,N/A,N/A,N/A
0,4294967295,1540,1,AsStrided404,N/A,N/A,N/A,1764070365620792.923	,16.688,482523.604,0,0,N/A,N/A,N/A,N/A,N/A,N/A,N/A,N/A
0,4294967295,1542,1,trans_TransData_55,N/A,N/A,N/A,1764070365621036.819	,122.604,227.208,0,0,N/A,N/A,N/A,N/A,N/A,N/A,N/A,N/A
0,4294967295,1543,1,AsStrided405,N/A,N/A,N/A,1764070366109873.486	,16.062,488714.062,0,0,N/A,N/A,N/A,N/A,N/A,N/A,N/A,N/A
0,4294967295,1545,1,trans_TransData_55,N/A,N/A,N/A,1764070366110161.590	,119.271,272.042,0,0,N/A,N/A,N/A,N/A,N/A,N/A,N/A,N/A
0,4294967295,1546,1,AsStrided406,N/A,N/A,N/A,1764070366582502.444	,16.354,472221.583,0,0,N/A,N/A,N/A,N/A,N/A,N/A,N/A,N/A
0,4294967295,1548,1,trans_TransData_55,N/A,N/A,N/A,1764070366582786.111	,95.792,267.312,0,0,N/A,N/A,N/A,N/A,N/A,N/A,N/A,N/A
0,4294967295,1549,1,AsStrided106,N/A,N/A,N/A,1764070366582881.986	,14.812,0.083,0,0,N/A,N/A,N/A,N/A,N/A,N/A,N/A,N/A
0,4294967295,1551,1,trans_TransData_55,N/A,N/A,N/A,1764070366582966.861	,105.812,70.062,0,0,N/A,N/A,N/A,N/A,N/A,N/A,N/A,N/A
0,4294967295,1552,1,AsStrided108,N/A,N/A,N/A,1764070366583072.756	,14.208,0.083,0,0,N/A,N/A,N/A,N/A,N/A,N/A,N/A,N/A
0,4294967295,1554,1,trans_TransData_55,N/A,N/A,N/A,1764070366583098.423	,93.333,11.458,0,0,N/A,N/A,N/A,N/A,N/A,N/A,N/A,N/A
0,4294967295,1555,1,AsStrided109,N/A,N/A,N/A,1764070366583191.840	,13.917,0.083,0,0,N/A,N/A,N/A,N/A,N/A,N/A,N/A,N/A
0,4294967295,1557,1,trans_TransData_55,N/A,N/A,N/A,1764070366583228.569	,107.5,22.812,0,0,N/A,N/A,N/A,N/A,N/A,N/A,N/A,N/A
0,4294967295,1558,1,AsStrided110,N/A,N/A,N/A,1764070366583336.152	,14.833,0.083,0,0,N/A,N/A,N/A,N/A,N/A,N/A,N/A,N/A
0,4294967295,1560,1,trans_TransData_55,N/A,N/A,N/A,1764070366583387.048	,110.021,36.062,0,0,N/A,N/A,N/A,N/A,N/A,N/A,N/A,N/A
0,4294967295,1561,1,AsStrided111,N/A,N/A,N/A,1764070366583497.152	,14.271,0.083,0,0,N/A,N/A,N/A,N/A,N/A,N/A,N/A,N/A
0,4294967295,1563,1,trans_TransData_55,N/A,N/A,N/A,1764070366583514.152	,121.438,2.729,0,0,N/A,N/A,N/A,N/A,N/A,N/A,N/A,N/A
0,4294967295,1564,1,AsStrided112,N/A,N/A,N/A,1764070366583635.652	,13.938,0.062,0,0,N/A,N/A,N/A,N/A,N/A,N/A,N/A,N/A
0,4294967295,1566,1,trans_TransData_55,N/A,N/A,N/A,1764070366583651.027	,100.0,1.438,0,0,N/A,N/A,N/A,N/A,N/A,N/A,N/A,N/A
0,4294967295,1567,1,AsStrided113,N/A,N/A,N/A,1764070366583751.111	,14.125,0.083,0,0,N/A,N/A,N/A,N/A,N/A,N/A,N/A,N/A
0,4294967295,1569,1,trans_TransData_55,N/A,N/A,N/A,1764070366583771.506	,103.896,6.271,0,0,N/A,N/A,N/A,N/A,N/A,N/A,N/A,N/A
0,4294967295,1570,1,AsStrided114,N/A,N/A,N/A,1764070366583875.486	,14.271,0.083,0,0,N/A,N/A,N/A,N/A,N/A,N/A,N/A,N/A
0,4294967295,1572,1,trans_TransData_55,N/A,N/A,N/A,1764070366583894.673	,95.271,4.917,0,0,N/A,N/A,N/A,N/A,N/A,N/A,N/A,N/A
0,4294967295,1573,1,AsStrided115,N/A,N/A,N/A,1764070366583990.006	,14.25,0.062,0,0,N/A,N/A,N/A,N/A,N/A,N/A,N/A,N/A
0,4294967295,1575,1,trans_TransData_55,N/A,N/A,N/A,1764070366584022.298	,104.896,18.042,0,0,N/A,N/A,N/A,N/A,N/A,N/A,N/A,N/A
0,4294967295,1576,1,AsStrided116,N/A,N/A,N/A,1764070366584127.277	,13.896,0.083,0,0,N/A,N/A,N/A,N/A,N/A,N/A,N/A,N/A
0,4294967295,1578,1,trans_TransData_55,N/A,N/A,N/A,1764070366584148.048	,123.146,6.875,0,0,N/A,N/A,N/A,N/A,N/A,N/A,N/A,N/A
0,4294967295,1579,1,AsStrided117,N/A,N/A,N/A,1764070366584271.256	,14.229,0.062,0,0,N/A,N/A,N/A,N/A,N/A,N/A,N/A,N/A
0,4294967295,1581,1,trans_TransData_55,N/A,N/A,N/A,1764070366584286.882	,124.396,1.396,0,0,N/A,N/A,N/A,N/A,N/A,N/A,N/A,N/A
0,4294967295,1582,1,AsStrided118,N/A,N/A,N/A,1764070366584411.361	,14.208,0.083,0,0,N/A,N/A,N/A,N/A,N/A,N/A,N/A,N/A
0,4294967295,1584,1,trans_TransData_55,N/A,N/A,N/A,1764070366584427.006	,106.292,1.438,0,0,N/A,N/A,N/A,N/A,N/A,N/A,N/A,N/A
0,4294967295,1585,1,AsStrided119,N/A,N/A,N/A,1764070366584533.361	,14.021,0.062,0,0,N/A,N/A,N/A,N/A,N/A,N/A,N/A,N/A
0,4294967295,1587,1,trans_TransData_55,N/A,N/A,N/A,1764070366584548.798	,86.104,1.417,0,0,N/A,N/A,N/A,N/A,N/A,N/A,N/A,N/A
0,4294967295,1588,1,AsStrided120,N/A,N/A,N/A,1764070366584634.986	,14.604,0.083,0,0,N/A,N/A,N/A,N/A,N/A,N/A,N/A,N/A
0,4294967295,1590,1,trans_TransData_55,N/A,N/A,N/A,1764070366584700.027	,110.979,50.438,0,0,N/A,N/A,N/A,N/A,N/A,N/A,N/A,N/A
0,4294967295,1591,1,AsStrided121,N/A,N/A,N/A,1764070366584811.090	,14.188,0.083,0,0,N/A,N/A,N/A,N/A,N/A,N/A,N/A,N/A
0,4294967295,1593,1,trans_TransData_55,N/A,N/A,N/A,1764070366584826.673	,131.208,1.396,0,0,N/A,N/A,N/A,N/A,N/A,N/A,N/A,N/A
0,4294967295,1594,1,AsStrided122,N/A,N/A,N/A,1764070366584957.944	,14.875,0.062,0,0,N/A,N/A,N/A,N/A,N/A,N/A,N/A,N/A
0,4294967295,1596,1,trans_TransData_55,N/A,N/A,N/A,1764070366584974.048	,109.854,1.229,0,0,N/A,N/A,N/A,N/A,N/A,N/A,N/A,N/A
0,4294967295,1597,1,AsStrided123,N/A,N/A,N/A,1764070366585083.965	,14.375,0.062,0,0,N/A,N/A,N/A,N/A,N/A,N/A,N/A,N/A
0,4294967295,1599,1,trans_TransData_55,N/A,N/A,N/A,1764070366585099.715	,97.854,1.375,0,0,N/A,N/A,N/A,N/A,N/A,N/A,N/A,N/A
0,4294967295,1600,1,AsStrided124,N/A,N/A,N/A,1764070366585197.632	,14.021,0.062,0,0,N/A,N/A,N/A,N/A,N/A,N/A,N/A,N/A
0,4294967295,1602,1,trans_TransData_55,N/A,N/A,N/A,1764070366585213.090	,120.688,1.438,0,0,N/A,N/A,N/A,N/A,N/A,N/A,N/A,N/A
0,4294967295,1603,1,AsStrided125,N/A,N/A,N/A,1764070366585333.840	,14.125,0.062,0,0,N/A,N/A,N/A,N/A,N/A,N/A,N/A,N/A
0,4294967295,1605,1,trans_TransData_55,N/A,N/A,N/A,1764070366585349.361	,96.479,1.396,0,0,N/A,N/A,N/A,N/A,N/A,N/A,N/A,N/A
0,4294967295,1606,1,AsStrided126,N/A,N/A,N/A,1764070366585445.923	,13.875,0.083,0,0,N/A,N/A,N/A,N/A,N/A,N/A,N/A,N/A
0,4294967295,1608,1,trans_TransData_55,N/A,N/A,N/A,1764070366585461.152	,107.0,1.354,0,0,N/A,N/A,N/A,N/A,N/A,N/A,N/A,N/A
0,4294967295,1609,1,AsStrided127,N/A,N/A,N/A,1764070366585568.236	,14.958,0.083,0,0,N/A,N/A,N/A,N/A,N/A,N/A,N/A,N/A
0,4294967295,1611,1,trans_TransData_55,N/A,N/A,N/A,1764070366585584.527	,96.5,1.333,0,0,N/A,N/A,N/A,N/A,N/A,N/A,N/A,N/A
0,4294967295,1612,1,AsStrided128,N/A,N/A,N/A,1764070366585681.111	,14.021,0.083,0,0,N/A,N/A,N/A,N/A,N/A,N/A,N/A,N/A
0,4294967295,1614,1,trans_TransData_55,N/A,N/A,N/A,1764070366585696.486	,109.25,1.354,0,0,N/A,N/A,N/A,N/A,N/A,N/A,N/A,N/A
0,4294967295,1615,1,AsStrided129,N/A,N/A,N/A,1764070366585805.819	,14.146,0.083,0,0,N/A,N/A,N/A,N/A,N/A,N/A,N/A,N/A
0,4294967295,1617,1,trans_TransData_55,N/A,N/A,N/A,1764070366585821.361	,90.833,1.396,0,0,N/A,N/A,N/A,N/A,N/A,N/A,N/A,N/A
0,4294967295,1618,1,AsStrided130,N/A,N/A,N/A,1764070366585912.277	,14.125,0.083,0,0,N/A,N/A,N/A,N/A,N/A,N/A,N/A,N/A
0,4294967295,1620,1,trans_TransData_55,N/A,N/A,N/A,1764070366585927.736	,99.771,1.333,0,0,N/A,N/A,N/A,N/A,N/A,N/A,N/A,N/A
0,4294967295,1621,1,AsStrided131,N/A,N/A,N/A,1764070366586027.590	,13.917,0.083,0,0,N/A,N/A,N/A,N/A,N/A,N/A,N/A,N/A
0,4294967295,1623,1,trans_TransData_55,N/A,N/A,N/A,1764070366586042.882	,93.979,1.375,0,0,N/A,N/A,N/A,N/A,N/A,N/A,N/A,N/A
0,4294967295,1624,1,AsStrided132,N/A,N/A,N/A,1764070366586136.944	,14.146,0.083,0,0,N/A,N/A,N/A,N/A,N/A,N/A,N/A,N/A
0,4294967295,1626,1,trans_TransData_55,N/A,N/A,N/A,1764070366586160.736	,126.188,9.646,0,0,N/A,N/A,N/A,N/A,N/A,N/A,N/A,N/A
0,4294967295,1627,1,AsStrided133,N/A,N/A,N/A,1764070366586286.986	,14.812,0.062,0,0,N/A,N/A,N/A,N/A,N/A,N/A,N/A,N/A
0,4294967295,1629,1,trans_TransData_55,N/A,N/A,N/A,1764070366586303.194	,106.479,1.396,0,0,N/A,N/A,N/A,N/A,N/A,N/A,N/A,N/A
0,4294967295,1630,1,AsStrided134,N/A,N/A,N/A,1764070366586409.756	,14.146,0.083,0,0,N/A,N/A,N/A,N/A,N/A,N/A,N/A,N/A
0,4294967295,1632,1,trans_TransData_55,N/A,N/A,N/A,1764070366586425.340	,91.479,1.438,0,0,N/A,N/A,N/A,N/A,N/A,N/A,N/A,N/A
0,4294967295,1633,1,AsStrided135,N/A,N/A,N/A,1764070366587270.402	,14.104,753.583,0,0,N/A,N/A,N/A,N/A,N/A,N/A,N/A,N/A
0,4294967295,1635,1,trans_TransData_55,N/A,N/A,N/A,1764070366587854.694	,103.146,570.188,0,0,N/A,N/A,N/A,N/A,N/A,N/A,N/A,N/A
0,4294967295,1636,1,AsStrided136,N/A,N/A,N/A,1764070366589809.694	,14.458,1851.854,0,0,N/A,N/A,N/A,N/A,N/A,N/A,N/A,N/A
0,4294967295,1638,1,trans_TransData_55,N/A,N/A,N/A,1764070366589972.736	,105.396,148.583,0,0,N/A,N/A,N/A,N/A,N/A,N/A,N/A,N/A
0,4294967295,1639,1,AsStrided137,N/A,N/A,N/A,1764070366590078.215	,14.375,0.083,0,0,N/A,N/A,N/A,N/A,N/A,N/A,N/A,N/A
0,4294967295,1641,1,trans_TransData_55,N/A,N/A,N/A,1764070366590113.715	,114.229,21.125,0,0,N/A,N/A,N/A,N/A,N/A,N/A,N/A,N/A
0,4294967295,1642,1,AsStrided138,N/A,N/A,N/A,1764070366590228.027	,14.042,0.083,0,0,N/A,N/A,N/A,N/A,N/A,N/A,N/A,N/A
0,4294967295,1644,1,trans_TransData_55,N/A,N/A,N/A,1764070366590255.402	,105.521,13.333,0,0,N/A,N/A,N/A,N/A,N/A,N/A,N/A,N/A
0,4294967295,1645,1,AsStrided139,N/A,N/A,N/A,1764070366590361.006	,14.396,0.083,0,0,N/A,N/A,N/A,N/A,N/A,N/A,N/A,N/A
0,4294967295,1647,1,trans_TransData_55,N/A,N/A,N/A,1764070366590377.527	,95.729,2.125,0,0,N/A,N/A,N/A,N/A,N/A,N/A,N/A,N/A
0,4294967295,1648,1,AsStrided140,N/A,N/A,N/A,1764070366590473.340	,14.083,0.083,0,0,N/A,N/A,N/A,N/A,N/A,N/A,N/A,N/A
0,4294967295,1650,1,trans_TransData_55,N/A,N/A,N/A,1764070366590508.652	,121.062,21.229,0,0,N/A,N/A,N/A,N/A,N/A,N/A,N/A,N/A
0,4294967295,1651,1,AsStrided141,N/A,N/A,N/A,1764070366590629.798	,14.25,0.083,0,0,N/A,N/A,N/A,N/A,N/A,N/A,N/A,N/A
0,4294967295,1653,1,trans_TransData_55,N/A,N/A,N/A,1764070366590654.402	,91.583,10.354,0,0,N/A,N/A,N/A,N/A,N/A,N/A,N/A,N/A
0,4294967295,1654,1,AsStrided142,N/A,N/A,N/A,1764070366590746.048	,14.062,0.062,0,0,N/A,N/A,N/A,N/A,N/A,N/A,N/A,N/A
0,4294967295,1656,1,trans_TransData_55,N/A,N/A,N/A,1764070366590779.923	,100.5,19.812,0,0,N/A,N/A,N/A,N/A,N/A,N/A,N/A,N/A
0,4294967295,1657,1,AsStrided143,N/A,N/A,N/A,1764070366590880.506	,14.125,0.083,0,0,N/A,N/A,N/A,N/A,N/A,N/A,N/A,N/A
0,4294967295,1659,1,trans_TransData_55,N/A,N/A,N/A,1764070366590914.111	,95.25,19.479,0,0,N/A,N/A,N/A,N/A,N/A,N/A,N/A,N/A
0,4294967295,1660,1,AsStrided144,N/A,N/A,N/A,1764070366591009.444	,14.958,0.083,0,0,N/A,N/A,N/A,N/A,N/A,N/A,N/A,N/A
0,4294967295,1662,1,trans_TransData_55,N/A,N/A,N/A,1764070366591047.694	,115.312,23.292,0,0,N/A,N/A,N/A,N/A,N/A,N/A,N/A,N/A
0,4294967295,1663,1,AsStrided145,N/A,N/A,N/A,1764070366591163.090	,13.958,0.083,0,0,N/A,N/A,N/A,N/A,N/A,N/A,N/A,N/A
0,4294967295,1665,1,trans_TransData_55,N/A,N/A,N/A,1764070366592607.340	,102.479,1430.292,0,0,N/A,N/A,N/A,N/A,N/A,N/A,N/A,N/A
0,4294967295,1666,1,AsStrided146,N/A,N/A,N/A,1764070366592709.902	,14.354,0.083,0,0,N/A,N/A,N/A,N/A,N/A,N/A,N/A,N/A
0,4294967295,1668,1,trans_TransData_55,N/A,N/A,N/A,1764070366592763.215	,113.938,38.958,0,0,N/A,N/A,N/A,N/A,N/A,N/A,N/A,N/A
0,4294967295,1669,1,AsStrided147,N/A,N/A,N/A,1764070366592877.236	,13.938,0.083,0,0,N/A,N/A,N/A,N/A,N/A,N/A,N/A,N/A
0,4294967295,1671,1,trans_TransData_55,N/A,N/A,N/A,1764070366592893.965	,99.521,2.792,0,0,N/A,N/A,N/A,N/A,N/A,N/A,N/A,N/A
0,4294967295,1672,1,AsStrided148,N/A,N/A,N/A,1764070366592993.569	,15.125,0.083,0,0,N/A,N/A,N/A,N/A,N/A,N/A,N/A,N/A
0,4294967295,1674,1,trans_TransData_55,N/A,N/A,N/A,1764070366593033.340	,123.812,24.646,0,0,N/A,N/A,N/A,N/A,N/A,N/A,N/A,N/A
0,4294967295,1675,1,AsStrided149,N/A,N/A,N/A,1764070366593157.236	,14.625,0.083,0,0,N/A,N/A,N/A,N/A,N/A,N/A,N/A,N/A
0,4294967295,1677,1,trans_TransData_55,N/A,N/A,N/A,1764070366593173.111	,109.562,1.25,0,0,N/A,N/A,N/A,N/A,N/A,N/A,N/A,N/A
0,4294967295,1678,1,AsStrided150,N/A,N/A,N/A,1764070366593282.736	,14.146,0.062,0,0,N/A,N/A,N/A,N/A,N/A,N/A,N/A,N/A
0,4294967295,1680,1,trans_TransData_55,N/A,N/A,N/A,1764070366593300.465	,87.646,3.583,0,0,N/A,N/A,N/A,N/A,N/A,N/A,N/A,N/A
0,4294967295,1681,1,AsStrided151,N/A,N/A,N/A,1764070366593543.236	,14.146,155.125,0,0,N/A,N/A,N/A,N/A,N/A,N/A,N/A,N/A
0,4294967295,1683,1,trans_TransData_55,N/A,N/A,N/A,1764070366593628.527	,107.188,71.146,0,0,N/A,N/A,N/A,N/A,N/A,N/A,N/A,N/A
0,4294967295,1684,1,AsStrided152,N/A,N/A,N/A,1764070366593735.777	,14.188,0.062,0,0,N/A,N/A,N/A,N/A,N/A,N/A,N/A,N/A
0,4294967295,1686,1,trans_TransData_55,N/A,N/A,N/A,1764070366593752.632	,105.25,2.667,0,0,N/A,N/A,N/A,N/A,N/A,N/A,N/A,N/A
0,4294967295,1687,1,AsStrided153,N/A,N/A,N/A,1764070366593857.965	,14.833,0.083,0,0,N/A,N/A,N/A,N/A,N/A,N/A,N/A,N/A
0,4294967295,1689,1,trans_TransData_55,N/A,N/A,N/A,1764070366593891.882	,93.583,19.083,0,0,N/A,N/A,N/A,N/A,N/A,N/A,N/A,N/A
0,4294967295,1690,1,AsStrided154,N/A,N/A,N/A,1764070366593985.527	,14.021,0.062,0,0,N/A,N/A,N/A,N/A,N/A,N/A,N/A,N/A
0,4294967295,1692,1,trans_TransData_55,N/A,N/A,N/A,1764070366594014.527	,100.188,14.979,0,0,N/A,N/A,N/A,N/A,N/A,N/A,N/A,N/A
0,4294967295,1693,1,AsStrided155,N/A,N/A,N/A,1764070366594114.798	,14.292,0.083,0,0,N/A,N/A,N/A,N/A,N/A,N/A,N/A,N/A
0,4294967295,1695,1,trans_TransData_55,N/A,N/A,N/A,1764070366594136.777	,95.208,7.688,0,0,N/A,N/A,N/A,N/A,N/A,N/A,N/A,N/A
0,4294967295,1696,1,AsStrided156,N/A,N/A,N/A,1764070366594232.069	,14.229,0.083,0,0,N/A,N/A,N/A,N/A,N/A,N/A,N/A,N/A
0,4294967295,1698,1,trans_TransData_55,N/A,N/A,N/A,1764070366594256.694	,94.854,10.396,0,0,N/A,N/A,N/A,N/A,N/A,N/A,N/A,N/A
0,4294967295,1699,1,AsStrided157,N/A,N/A,N/A,1764070366594351.611	,13.917,0.062,0,0,N/A,N/A,N/A,N/A,N/A,N/A,N/A,N/A
0,4294967295,1701,1,trans_TransData_55,N/A,N/A,N/A,1764070366594378.673	,110.75,13.146,0,0,N/A,N/A,N/A,N/A,N/A,N/A,N/A,N/A
0,4294967295,1702,1,AsStrided158,N/A,N/A,N/A,1764070366594489.506	,14.333,0.083,0,0,N/A,N/A,N/A,N/A,N/A,N/A,N/A,N/A
0,4294967295,1704,1,trans_TransData_55,N/A,N/A,N/A,1764070366594505.132	,122.792,1.292,0,0,N/A,N/A,N/A,N/A,N/A,N/A,N/A,N/A
0,4294967295,1705,1,AsStrided159,N/A,N/A,N/A,1764070366594656.256	,14.375,28.333,0,0,N/A,N/A,N/A,N/A,N/A,N/A,N/A,N/A
0,4294967295,1707,1,trans_TransData_55,N/A,N/A,N/A,1764070366594740.986	,96.396,70.354,0,0,N/A,N/A,N/A,N/A,N/A,N/A,N/A,N/A
0,4294967295,1708,1,AsStrided160,N/A,N/A,N/A,1764070366594837.444	,14.229,0.062,0,0,N/A,N/A,N/A,N/A,N/A,N/A,N/A,N/A
0,4294967295,1710,1,trans_TransData_55,N/A,N/A,N/A,1764070366594875.694	,87.938,24.021,0,0,N/A,N/A,N/A,N/A,N/A,N/A,N/A,N/A
0,4294967295,1711,1,AsStrided161,N/A,N/A,N/A,1764070366594963.694	,14.021,0.062,0,0,N/A,N/A,N/A,N/A,N/A,N/A,N/A,N/A
0,4294967295,1713,1,trans_TransData_55,N/A,N/A,N/A,1764070366594995.777	,118.062,18.062,0,0,N/A,N/A,N/A,N/A,N/A,N/A,N/A,N/A
0,4294967295,1714,1,AsStrided162,N/A,N/A,N/A,1764070366595113.923	,14.146,0.083,0,0,N/A,N/A,N/A,N/A,N/A,N/A,N/A,N/A
0,4294967295,1716,1,trans_TransData_55,N/A,N/A,N/A,1764070366595129.361	,112.75,1.292,0,0,N/A,N/A,N/A,N/A,N/A,N/A,N/A,N/A
0,4294967295,1717,1,AsStrided163,N/A,N/A,N/A,1764070366595242.173	,14.875,0.062,0,0,N/A,N/A,N/A,N/A,N/A,N/A,N/A,N/A
0,4294967295,1719,1,trans_TransData_55,N/A,N/A,N/A,1764070366595258.340	,107.271,1.292,0,0,N/A,N/A,N/A,N/A,N/A,N/A,N/A,N/A
0,4294967295,1720,1,AsStrided164,N/A,N/A,N/A,1764070366595365.694	,13.917,0.083,0,0,N/A,N/A,N/A,N/A,N/A,N/A,N/A,N/A
0,4294967295,1722,1,trans_TransData_55,N/A,N/A,N/A,1764070366595380.923	,106.5,1.312,0,0,N/A,N/A,N/A,N/A,N/A,N/A,N/A,N/A
0,4294967295,1723,1,AsStrided165,N/A,N/A,N/A,1764070366595487.506	,14.292,0.083,0,0,N/A,N/A,N/A,N/A,N/A,N/A,N/A,N/A
0,4294967295,1725,1,trans_TransData_55,N/A,N/A,N/A,1764070366595503.111	,96.896,1.312,0,0,N/A,N/A,N/A,N/A,N/A,N/A,N/A,N/A
0,4294967295,1726,1,AsStrided166,N/A,N/A,N/A,1764070366595600.090	,14.021,0.083,0,0,N/A,N/A,N/A,N/A,N/A,N/A,N/A,N/A
0,4294967295,1728,1,trans_TransData_55,N/A,N/A,N/A,1764070366595615.402	,93.292,1.292,0,0,N/A,N/A,N/A,N/A,N/A,N/A,N/A,N/A
0,4294967295,1729,1,AsStrided167,N/A,N/A,N/A,1764070366595708.777	,14.312,0.083,0,0,N/A,N/A,N/A,N/A,N/A,N/A,N/A,N/A
0,4294967295,1731,1,trans_TransData_55,N/A,N/A,N/A,1764070366595735.152	,126.5,12.062,0,0,N/A,N/A,N/A,N/A,N/A,N/A,N/A,N/A
0,4294967295,1732,1,AsStrided168,N/A,N/A,N/A,1764070366595861.715	,14.188,0.062,0,0,N/A,N/A,N/A,N/A,N/A,N/A,N/A,N/A
0,4294967295,1734,1,trans_TransData_55,N/A,N/A,N/A,1764070366595877.194	,106.521,1.292,0,0,N/A,N/A,N/A,N/A,N/A,N/A,N/A,N/A
0,4294967295,1735,1,AsStrided169,N/A,N/A,N/A,1764070366595983.777	,13.917,0.062,0,0,N/A,N/A,N/A,N/A,N/A,N/A,N/A,N/A
0,4294967295,1737,1,trans_TransData_55,N/A,N/A,N/A,1764070366595999.006	,79.479,1.312,0,0,N/A,N/A,N/A,N/A,N/A,N/A,N/A,N/A
0,4294967295,1738,1,AsStrided170,N/A,N/A,N/A,1764070366596078.548	,14.125,0.062,0,0,N/A,N/A,N/A,N/A,N/A,N/A,N/A,N/A
0,4294967295,1740,1,trans_TransData_55,N/A,N/A,N/A,1764070366596103.465	,89.625,10.792,0,0,N/A,N/A,N/A,N/A,N/A,N/A,N/A,N/A
0,4294967295,1741,1,AsStrided171,N/A,N/A,N/A,1764070366596193.173	,14.104,0.083,0,0,N/A,N/A,N/A,N/A,N/A,N/A,N/A,N/A
0,4294967295,1743,1,trans_TransData_55,N/A,N/A,N/A,1764070366596219.319	,96.917,12.042,0,0,N/A,N/A,N/A,N/A,N/A,N/A,N/A,N/A
0,4294967295,1744,1,AsStrided172,N/A,N/A,N/A,1764070366596316.319	,14.229,0.083,0,0,N/A,N/A,N/A,N/A,N/A,N/A,N/A,N/A
0,4294967295,1746,1,trans_TransData_55,N/A,N/A,N/A,1764070366596340.090	,104.729,9.542,0,0,N/A,N/A,N/A,N/A,N/A,N/A,N/A,N/A
0,4294967295,1747,1,AsStrided173,N/A,N/A,N/A,1764070366596444.902	,14.104,0.083,0,0,N/A,N/A,N/A,N/A,N/A,N/A,N/A,N/A
0,4294967295,1749,1,trans_TransData_55,N/A,N/A,N/A,1764070366596468.152	,94.979,9.146,0,0,N/A,N/A,N/A,N/A,N/A,N/A,N/A,N/A
0,4294967295,1750,1,AsStrided174,N/A,N/A,N/A,1764070366596563.215	,14.333,0.083,0,0,N/A,N/A,N/A,N/A,N/A,N/A,N/A,N/A
0,4294967295,1752,1,trans_TransData_55,N/A,N/A,N/A,1764070366596589.652	,106.812,12.104,0,0,N/A,N/A,N/A,N/A,N/A,N/A,N/A,N/A
0,4294967295,1753,1,AsStrided175,N/A,N/A,N/A,1764070366596696.548	,14.354,0.083,0,0,N/A,N/A,N/A,N/A,N/A,N/A,N/A,N/A
0,4294967295,1755,1,trans_TransData_55,N/A,N/A,N/A,1764070366596712.194	,111.083,1.292,0,0,N/A,N/A,N/A,N/A,N/A,N/A,N/A,N/A
0,4294967295,1756,1,AsStrided176,N/A,N/A,N/A,1764070366596823.340	,13.917,0.062,0,0,N/A,N/A,N/A,N/A,N/A,N/A,N/A,N/A
0,4294967295,1758,1,trans_TransData_55,N/A,N/A,N/A,1764070366596838.569	,79.104,1.312,0,0,N/A,N/A,N/A,N/A,N/A,N/A,N/A,N/A
0,4294967295,1759,1,AsStrided177,N/A,N/A,N/A,1764070366596917.756	,14.104,0.083,0,0,N/A,N/A,N/A,N/A,N/A,N/A,N/A,N/A
0,4294967295,1761,1,trans_TransData_55,N/A,N/A,N/A,1764070366596942.027	,115.583,10.167,0,0,N/A,N/A,N/A,N/A,N/A,N/A,N/A,N/A
0,4294967295,1762,1,AsStrided178,N/A,N/A,N/A,1764070366597057.694	,14.125,0.083,0,0,N/A,N/A,N/A,N/A,N/A,N/A,N/A,N/A
0,4294967295,1764,1,trans_TransData_55,N/A,N/A,N/A,1764070366597073.132	,119.229,1.312,0,0,N/A,N/A,N/A,N/A,N/A,N/A,N/A,N/A
0,4294967295,1765,1,AsStrided179,N/A,N/A,N/A,1764070366597192.423	,14.229,0.062,0,0,N/A,N/A,N/A,N/A,N/A,N/A,N/A,N/A
0,4294967295,1767,1,trans_TransData_55,N/A,N/A,N/A,1764070366597207.923	,111.417,1.271,0,0,N/A,N/A,N/A,N/A,N/A,N/A,N/A,N/A
0,4294967295,1768,1,AsStrided180,N/A,N/A,N/A,1764070366597319.402	,13.917,0.062,0,0,N/A,N/A,N/A,N/A,N/A,N/A,N/A,N/A
0,4294967295,1770,1,trans_TransData_55,N/A,N/A,N/A,1764070366597334.632	,91.792,1.312,0,0,N/A,N/A,N/A,N/A,N/A,N/A,N/A,N/A
0,4294967295,1771,1,AsStrided181,N/A,N/A,N/A,1764070366597426.506	,14.333,0.083,0,0,N/A,N/A,N/A,N/A,N/A,N/A,N/A,N/A
0,4294967295,1773,1,trans_TransData_55,N/A,N/A,N/A,1764070366597442.132	,104.854,1.292,0,0,N/A,N/A,N/A,N/A,N/A,N/A,N/A,N/A
0,4294967295,1774,1,AsStrided182,N/A,N/A,N/A,1764070366597547.069	,14.417,0.083,0,0,N/A,N/A,N/A,N/A,N/A,N/A,N/A,N/A
0,4294967295,1776,1,trans_TransData_55,N/A,N/A,N/A,1764070366597562.777	,93.458,1.292,0,0,N/A,N/A,N/A,N/A,N/A,N/A,N/A,N/A
0,4294967295,1777,1,AsStrided183,N/A,N/A,N/A,1764070366597656.298	,14.021,0.062,0,0,N/A,N/A,N/A,N/A,N/A,N/A,N/A,N/A
0,4294967295,1779,1,trans_TransData_55,N/A,N/A,N/A,1764070366597671.590	,92.854,1.271,0,0,N/A,N/A,N/A,N/A,N/A,N/A,N/A,N/A
0,4294967295,1780,1,AsStrided184,N/A,N/A,N/A,1764070366597764.527	,14.562,0.083,0,0,N/A,N/A,N/A,N/A,N/A,N/A,N/A,N/A
0,4294967295,1782,1,trans_TransData_55,N/A,N/A,N/A,1764070366597780.382	,102.708,1.292,0,0,N/A,N/A,N/A,N/A,N/A,N/A,N/A,N/A
0,4294967295,1783,1,AsStrided185,N/A,N/A,N/A,1764070366597883.152	,13.917,0.062,0,0,N/A,N/A,N/A,N/A,N/A,N/A,N/A,N/A
0,4294967295,1785,1,trans_TransData_55,N/A,N/A,N/A,1764070366597899.173	,79.229,2.104,0,0,N/A,N/A,N/A,N/A,N/A,N/A,N/A,N/A
0,4294967295,1786,1,AsStrided186,N/A,N/A,N/A,1764070366597978.486	,14.208,0.083,0,0,N/A,N/A,N/A,N/A,N/A,N/A,N/A,N/A
0,4294967295,1788,1,trans_TransData_55,N/A,N/A,N/A,1764070366598016.819	,89.438,24.125,0,0,N/A,N/A,N/A,N/A,N/A,N/A,N/A,N/A
0,4294967295,1789,1,AsStrided187,N/A,N/A,N/A,1764070366598106.319	,14.354,0.062,0,0,N/A,N/A,N/A,N/A,N/A,N/A,N/A,N/A
0,4294967295,1791,1,trans_TransData_55,N/A,N/A,N/A,1764070366598127.902	,106.083,7.229,0,0,N/A,N/A,N/A,N/A,N/A,N/A,N/A,N/A
0,4294967295,1792,1,AsStrided188,N/A,N/A,N/A,1764070366598234.048	,13.917,0.062,0,0,N/A,N/A,N/A,N/A,N/A,N/A,N/A,N/A
0,4294967295,1794,1,trans_TransData_55,N/A,N/A,N/A,1764070366598252.382	,111.042,4.417,0,0,N/A,N/A,N/A,N/A,N/A,N/A,N/A,N/A
0,4294967295,1795,1,AsStrided189,N/A,N/A,N/A,1764070366598363.506	,14.229,0.083,0,0,N/A,N/A,N/A,N/A,N/A,N/A,N/A,N/A
0,4294967295,1797,1,trans_TransData_55,N/A,N/A,N/A,1764070366598379.132	,124.292,1.396,0,0,N/A,N/A,N/A,N/A,N/A,N/A,N/A,N/A
0,4294967295,1798,1,AsStrided190,N/A,N/A,N/A,1764070366598503.506	,14.062,0.083,0,0,N/A,N/A,N/A,N/A,N/A,N/A,N/A,N/A
0,4294967295,1800,1,trans_TransData_55,N/A,N/A,N/A,1764070366598519.006	,82.396,1.438,0,0,N/A,N/A,N/A,N/A,N/A,N/A,N/A,N/A
0,4294967295,1801,1,AsStrided191,N/A,N/A,N/A,1764070366598601.465	,14.25,0.062,0,0,N/A,N/A,N/A,N/A,N/A,N/A,N/A,N/A
0,4294967295,1803,1,trans_TransData_55,N/A,N/A,N/A,1764070366598631.819	,117.583,16.104,0,0,N/A,N/A,N/A,N/A,N/A,N/A,N/A,N/A
0,4294967295,1804,1,AsStrided192,N/A,N/A,N/A,1764070366598749.486	,14.042,0.083,0,0,N/A,N/A,N/A,N/A,N/A,N/A,N/A,N/A
0,4294967295,1806,1,trans_TransData_55,N/A,N/A,N/A,1764070366598764.944	,91.812,1.417,0,0,N/A,N/A,N/A,N/A,N/A,N/A,N/A,N/A
0,4294967295,1807,1,AsStrided193,N/A,N/A,N/A,1764070366598856.840	,14.208,0.083,0,0,N/A,N/A,N/A,N/A,N/A,N/A,N/A,N/A
0,4294967295,1809,1,trans_TransData_55,N/A,N/A,N/A,1764070366598872.361	,97.542,1.312,0,0,N/A,N/A,N/A,N/A,N/A,N/A,N/A,N/A
0,4294967295,1810,1,AsStrided194,N/A,N/A,N/A,1764070366598969.986	,14.229,0.083,0,0,N/A,N/A,N/A,N/A,N/A,N/A,N/A,N/A
0,4294967295,1812,1,trans_TransData_55,N/A,N/A,N/A,1764070366598989.090	,110.583,4.875,0,0,N/A,N/A,N/A,N/A,N/A,N/A,N/A,N/A
0,4294967295,1813,1,AsStrided195,N/A,N/A,N/A,1764070366599099.756	,14.042,0.083,0,0,N/A,N/A,N/A,N/A,N/A,N/A,N/A,N/A
0,4294967295,1815,1,trans_TransData_55,N/A,N/A,N/A,1764070366599115.215	,126.333,1.417,0,0,N/A,N/A,N/A,N/A,N/A,N/A,N/A,N/A
0,4294967295,1816,1,AsStrided196,N/A,N/A,N/A,1764070366599241.632	,14.125,0.083,0,0,N/A,N/A,N/A,N/A,N/A,N/A,N/A,N/A
0,4294967295,1818,1,trans_TransData_55,N/A,N/A,N/A,1764070366599257.173	,95.0,1.417,0,0,N/A,N/A,N/A,N/A,N/A,N/A,N/A,N/A
0,4294967295,1819,1,AsStrided197,N/A,N/A,N/A,1764070366599352.256	,14.521,0.083,0,0,N/A,N/A,N/A,N/A,N/A,N/A,N/A,N/A
0,4294967295,1821,1,trans_TransData_55,N/A,N/A,N/A,1764070366599368.090	,77.396,1.312,0,0,N/A,N/A,N/A,N/A,N/A,N/A,N/A,N/A
0,4294967295,1822,1,AsStrided198,N/A,N/A,N/A,1764070366599445.548	,14.292,0.062,0,0,N/A,N/A,N/A,N/A,N/A,N/A,N/A,N/A
0,4294967295,1824,1,trans_TransData_55,N/A,N/A,N/A,1764070366599474.548	,97.042,14.708,0,0,N/A,N/A,N/A,N/A,N/A,N/A,N/A,N/A
0,4294967295,1825,1,AsStrided199,N/A,N/A,N/A,1764070366599571.652	,14.125,0.062,0,0,N/A,N/A,N/A,N/A,N/A,N/A,N/A,N/A
0,4294967295,1827,1,trans_TransData_55,N/A,N/A,N/A,1764070366599589.715	,122.146,3.938,0,0,N/A,N/A,N/A,N/A,N/A,N/A,N/A,N/A
0,4294967295,1828,1,AsStrided200,N/A,N/A,N/A,1764070366599711.923	,14.875,0.062,0,0,N/A,N/A,N/A,N/A,N/A,N/A,N/A,N/A
0,4294967295,1830,1,trans_TransData_55,N/A,N/A,N/A,1764070366599789.132	,93.438,62.333,0,0,N/A,N/A,N/A,N/A,N/A,N/A,N/A,N/A
0,4294967295,1831,1,AsStrided201,N/A,N/A,N/A,1764070366599882.652	,14.354,0.083,0,0,N/A,N/A,N/A,N/A,N/A,N/A,N/A,N/A
0,4294967295,1833,1,trans_TransData_55,N/A,N/A,N/A,1764070366599914.652	,97.292,17.646,0,0,N/A,N/A,N/A,N/A,N/A,N/A,N/A,N/A
0,4294967295,1834,1,AsStrided202,N/A,N/A,N/A,1764070366600012.006	,14.042,0.062,0,0,N/A,N/A,N/A,N/A,N/A,N/A,N/A,N/A
0,4294967295,1836,1,trans_TransData_55,N/A,N/A,N/A,1764070366600031.777	,94.396,5.729,0,0,N/A,N/A,N/A,N/A,N/A,N/A,N/A,N/A
0,4294967295,1837,1,AsStrided203,N/A,N/A,N/A,1764070366600126.236	,14.229,0.062,0,0,N/A,N/A,N/A,N/A,N/A,N/A,N/A,N/A
0,4294967295,1839,1,trans_TransData_55,N/A,N/A,N/A,1764070366600160.527	,95.229,20.062,0,0,N/A,N/A,N/A,N/A,N/A,N/A,N/A,N/A
0,4294967295,1840,1,AsStrided204,N/A,N/A,N/A,1764070366600255.840	,14.125,0.083,0,0,N/A,N/A,N/A,N/A,N/A,N/A,N/A,N/A
0,4294967295,1842,1,trans_TransData_55,N/A,N/A,N/A,1764070366600279.694	,113.896,9.729,0,0,N/A,N/A,N/A,N/A,N/A,N/A,N/A,N/A
0,4294967295,1843,1,AsStrided205,N/A,N/A,N/A,1764070366600393.652	,14.375,0.062,0,0,N/A,N/A,N/A,N/A,N/A,N/A,N/A,N/A
0,4294967295,1845,1,trans_TransData_55,N/A,N/A,N/A,1764070366600539.402	,113.292,131.375,0,0,N/A,N/A,N/A,N/A,N/A,N/A,N/A,N/A
0,4294967295,1846,1,AsStrided206,N/A,N/A,N/A,1764070366600652.756	,15.083,0.062,0,0,N/A,N/A,N/A,N/A,N/A,N/A,N/A,N/A
0,4294967295,1848,1,trans_TransData_55,N/A,N/A,N/A,1764070366600702.236	,94.771,34.396,0,0,N/A,N/A,N/A,N/A,N/A,N/A,N/A,N/A
0,4294967295,1849,1,AsStrided207,N/A,N/A,N/A,1764070366600797.090	,14.5,0.083,0,0,N/A,N/A,N/A,N/A,N/A,N/A,N/A,N/A
0,4294967295,1851,1,trans_TransData_55,N/A,N/A,N/A,1764070366600812.902	,91.604,1.312,0,0,N/A,N/A,N/A,N/A,N/A,N/A,N/A,N/A
0,4294967295,1852,1,AsStrided208,N/A,N/A,N/A,1764070366600904.590	,14.958,0.083,0,0,N/A,N/A,N/A,N/A,N/A,N/A,N/A,N/A
0,4294967295,1854,1,trans_TransData_55,N/A,N/A,N/A,1764070366600920.902	,107.188,1.354,0,0,N/A,N/A,N/A,N/A,N/A,N/A,N/A,N/A
0,4294967295,1855,1,AsStrided209,N/A,N/A,N/A,1764070366601028.152	,14.062,0.062,0,0,N/A,N/A,N/A,N/A,N/A,N/A,N/A,N/A
0,4294967295,1857,1,trans_TransData_55,N/A,N/A,N/A,1764070366601043.527	,92.438,1.312,0,0,N/A,N/A,N/A,N/A,N/A,N/A,N/A,N/A
0,4294967295,1858,1,AsStrided210,N/A,N/A,N/A,1764070366601136.048	,14.438,0.083,0,0,N/A,N/A,N/A,N/A,N/A,N/A,N/A,N/A
0,4294967295,1860,1,trans_TransData_55,N/A,N/A,N/A,1764070366601166.944	,98.521,16.458,0,0,N/A,N/A,N/A,N/A,N/A,N/A,N/A,N/A
0,4294967295,1861,1,AsStrided211,N/A,N/A,N/A,1764070366601265.548	,14.021,0.083,0,0,N/A,N/A,N/A,N/A,N/A,N/A,N/A,N/A
0,4294967295,1863,1,trans_TransData_55,N/A,N/A,N/A,1764070366601291.402	,95.5,11.833,0,0,N/A,N/A,N/A,N/A,N/A,N/A,N/A,N/A
0,4294967295,1864,1,AsStrided212,N/A,N/A,N/A,1764070366601386.986	,14.125,0.083,0,0,N/A,N/A,N/A,N/A,N/A,N/A,N/A,N/A
0,4294967295,1866,1,trans_TransData_55,N/A,N/A,N/A,1764070366601412.423	,119.188,11.312,0,0,N/A,N/A,N/A,N/A,N/A,N/A,N/A,N/A
0,4294967295,1867,1,AsStrided213,N/A,N/A,N/A,1764070366601531.673	,14.875,0.062,0,0,N/A,N/A,N/A,N/A,N/A,N/A,N/A,N/A
0,4294967295,1869,1,trans_TransData_55,N/A,N/A,N/A,1764070366601547.861	,81.292,1.312,0,0,N/A,N/A,N/A,N/A,N/A,N/A,N/A,N/A
0,4294967295,1870,1,AsStrided214,N/A,N/A,N/A,1764070366601629.215	,14.146,0.062,0,0,N/A,N/A,N/A,N/A,N/A,N/A,N/A,N/A
0,4294967295,1872,1,trans_TransData_55,N/A,N/A,N/A,1764070366601657.132	,110.438,13.771,0,0,N/A,N/A,N/A,N/A,N/A,N/A,N/A,N/A
0,4294967295,1873,1,AsStrided215,N/A,N/A,N/A,1764070366601767.652	,14.292,0.083,0,0,N/A,N/A,N/A,N/A,N/A,N/A,N/A,N/A
0,4294967295,1875,1,trans_TransData_55,N/A,N/A,N/A,1764070366601784.673	,94.625,2.729,0,0,N/A,N/A,N/A,N/A,N/A,N/A,N/A,N/A
0,4294967295,1876,1,AsStrided216,N/A,N/A,N/A,1764070366601879.361	,14.25,0.062,0,0,N/A,N/A,N/A,N/A,N/A,N/A,N/A,N/A
0,4294967295,1878,1,trans_TransData_55,N/A,N/A,N/A,1764070366601904.923	,106.312,11.312,0,0,N/A,N/A,N/A,N/A,N/A,N/A,N/A,N/A
0,4294967295,1879,1,AsStrided217,N/A,N/A,N/A,1764070366602011.319	,14.104,0.083,0,0,N/A,N/A,N/A,N/A,N/A,N/A,N/A,N/A
0,4294967295,1881,1,trans_TransData_55,N/A,N/A,N/A,1764070366602026.861	,96.833,1.438,0,0,N/A,N/A,N/A,N/A,N/A,N/A,N/A,N/A
0,4294967295,1882,1,AsStrided218,N/A,N/A,N/A,1764070366602123.756	,14.125,0.062,0,0,N/A,N/A,N/A,N/A,N/A,N/A,N/A,N/A
0,4294967295,1884,1,trans_TransData_55,N/A,N/A,N/A,1764070366602142.402	,105.708,4.521,0,0,N/A,N/A,N/A,N/A,N/A,N/A,N/A,N/A
0,4294967295,1885,1,AsStrided219,N/A,N/A,N/A,1764070366602248.173	,14.5,0.062,0,0,N/A,N/A,N/A,N/A,N/A,N/A,N/A,N/A
0,4294967295,1887,1,trans_TransData_55,N/A,N/A,N/A,1764070366602264.090	,95.021,1.417,0,0,N/A,N/A,N/A,N/A,N/A,N/A,N/A,N/A
0,4294967295,1888,1,AsStrided220,N/A,N/A,N/A,1764070366602359.194	,14.208,0.083,0,0,N/A,N/A,N/A,N/A,N/A,N/A,N/A,N/A
0,4294967295,1890,1,trans_TransData_55,N/A,N/A,N/A,1764070366602380.611	,93.833,7.208,0,0,N/A,N/A,N/A,N/A,N/A,N/A,N/A,N/A
0,4294967295,1891,1,AsStrided221,N/A,N/A,N/A,1764070366602474.527	,14.021,0.083,0,0,N/A,N/A,N/A,N/A,N/A,N/A,N/A,N/A
0,4294967295,1893,1,trans_TransData_55,N/A,N/A,N/A,1764070366602497.402	,117.104,8.854,0,0,N/A,N/A,N/A,N/A,N/A,N/A,N/A,N/A
0,4294967295,1894,1,AsStrided222,N/A,N/A,N/A,1764070366602614.590	,14.125,0.083,0,0,N/A,N/A,N/A,N/A,N/A,N/A,N/A,N/A
0,4294967295,1896,1,trans_TransData_55,N/A,N/A,N/A,1764070366602700.027	,89.542,71.312,0,0,N/A,N/A,N/A,N/A,N/A,N/A,N/A,N/A
0,4294967295,1897,1,AsStrided223,N/A,N/A,N/A,1764070366602789.632	,14.896,0.062,0,0,N/A,N/A,N/A,N/A,N/A,N/A,N/A,N/A
0,4294967295,1899,1,trans_TransData_55,N/A,N/A,N/A,1764070366602836.090	,94.646,31.562,0,0,N/A,N/A,N/A,N/A,N/A,N/A,N/A,N/A
0,4294967295,1900,1,AsStrided224,N/A,N/A,N/A,1764070366602930.819	,14.229,0.083,0,0,N/A,N/A,N/A,N/A,N/A,N/A,N/A,N/A
0,4294967295,1902,1,trans_TransData_55,N/A,N/A,N/A,1764070366602961.986	,101.062,16.938,0,0,N/A,N/A,N/A,N/A,N/A,N/A,N/A,N/A
0,4294967295,1903,1,AsStrided225,N/A,N/A,N/A,1764070366603063.132	,14.854,0.083,0,0,N/A,N/A,N/A,N/A,N/A,N/A,N/A,N/A
0,4294967295,1905,1,trans_TransData_55,N/A,N/A,N/A,1764070366603083.715	,122.75,5.729,0,0,N/A,N/A,N/A,N/A,N/A,N/A,N/A,N/A
0,4294967295,1906,1,AsStrided226,N/A,N/A,N/A,1764070366603206.548	,14.333,0.083,0,0,N/A,N/A,N/A,N/A,N/A,N/A,N/A,N/A
0,4294967295,1908,1,trans_TransData_55,N/A,N/A,N/A,1764070366603232.527	,106.0,11.646,0,0,N/A,N/A,N/A,N/A,N/A,N/A,N/A,N/A
0,4294967295,1909,1,AsStrided227,N/A,N/A,N/A,1764070366603338.590	,14.125,0.062,0,0,N/A,N/A,N/A,N/A,N/A,N/A,N/A,N/A
0,4294967295,1911,1,trans_TransData_55,N/A,N/A,N/A,1764070366603363.444	,93.562,10.729,0,0,N/A,N/A,N/A,N/A,N/A,N/A,N/A,N/A
0,4294967295,1912,1,AsStrided228,N/A,N/A,N/A,1764070366603457.090	,15.021,0.083,0,0,N/A,N/A,N/A,N/A,N/A,N/A,N/A,N/A
0,4294967295,1914,1,trans_TransData_55,N/A,N/A,N/A,1764070366603486.132	,91.0,14.021,0,0,N/A,N/A,N/A,N/A,N/A,N/A,N/A,N/A
0,4294967295,1915,1,AsStrided229,N/A,N/A,N/A,1764070366603577.215	,14.354,0.083,0,0,N/A,N/A,N/A,N/A,N/A,N/A,N/A,N/A
0,4294967295,1917,1,trans_TransData_55,N/A,N/A,N/A,1764070366603610.861	,94.521,19.292,0,0,N/A,N/A,N/A,N/A,N/A,N/A,N/A,N/A
0,4294967295,1918,1,AsStrided230,N/A,N/A,N/A,1764070366603705.465	,14.104,0.083,0,0,N/A,N/A,N/A,N/A,N/A,N/A,N/A,N/A
0,4294967295,1920,1,trans_TransData_55,N/A,N/A,N/A,1764070366603730.215	,117.271,10.646,0,0,N/A,N/A,N/A,N/A,N/A,N/A,N/A,N/A
0,4294967295,1921,1,AsStrided231,N/A,N/A,N/A,1764070366603847.569	,14.021,0.083,0,0,N/A,N/A,N/A,N/A,N/A,N/A,N/A,N/A
0,4294967295,1923,1,trans_TransData_55,N/A,N/A,N/A,1764070366603862.965	,110.583,1.375,0,0,N/A,N/A,N/A,N/A,N/A,N/A,N/A,N/A
0,4294967295,1924,1,AsStrided232,N/A,N/A,N/A,1764070366603973.632	,14.5,0.083,0,0,N/A,N/A,N/A,N/A,N/A,N/A,N/A,N/A
0,4294967295,1926,1,trans_TransData_55,N/A,N/A,N/A,1764070366603989.486	,113.146,1.354,0,0,N/A,N/A,N/A,N/A,N/A,N/A,N/A,N/A
0,4294967295,1927,1,AsStrided233,N/A,N/A,N/A,1764070366604102.694	,14.896,0.062,0,0,N/A,N/A,N/A,N/A,N/A,N/A,N/A,N/A
0,4294967295,1929,1,trans_TransData_55,N/A,N/A,N/A,1764070366604118.861	,96.354,1.271,0,0,N/A,N/A,N/A,N/A,N/A,N/A,N/A,N/A
0,4294967295,1930,1,AsStrided234,N/A,N/A,N/A,1764070366604215.277	,14.417,0.062,0,0,N/A,N/A,N/A,N/A,N/A,N/A,N/A,N/A
0,4294967295,1932,1,trans_TransData_55,N/A,N/A,N/A,1764070366604231.006	,105.417,1.312,0,0,N/A,N/A,N/A,N/A,N/A,N/A,N/A,N/A
0,4294967295,1933,1,AsStrided235,N/A,N/A,N/A,1764070366604336.486	,14.417,0.062,0,0,N/A,N/A,N/A,N/A,N/A,N/A,N/A,N/A
0,4294967295,1935,1,trans_TransData_55,N/A,N/A,N/A,1764070366604352.215	,95.229,1.312,0,0,N/A,N/A,N/A,N/A,N/A,N/A,N/A,N/A
0,4294967295,1936,1,AsStrided236,N/A,N/A,N/A,1764070366605570.715	,14.208,1123.271,0,0,N/A,N/A,N/A,N/A,N/A,N/A,N/A,N/A
0,4294967295,1938,1,trans_TransData_55,N/A,N/A,N/A,1764070366605695.986	,82.625,111.062,0,0,N/A,N/A,N/A,N/A,N/A,N/A,N/A,N/A
0,4294967295,1939,1,AsStrided237,N/A,N/A,N/A,1764070366605778.694	,14.438,0.083,0,0,N/A,N/A,N/A,N/A,N/A,N/A,N/A,N/A
0,4294967295,1941,1,trans_TransData_55,N/A,N/A,N/A,1764070366605832.173	,79.25,39.042,0,0,N/A,N/A,N/A,N/A,N/A,N/A,N/A,N/A
0,4294967295,1942,1,AsStrided238,N/A,N/A,N/A,1764070366605911.506	,14.583,0.083,0,0,N/A,N/A,N/A,N/A,N/A,N/A,N/A,N/A
0,4294967295,1944,1,trans_TransData_55,N/A,N/A,N/A,1764070366605968.840	,96.042,42.75,0,0,N/A,N/A,N/A,N/A,N/A,N/A,N/A,N/A
0,4294967295,1945,1,AsStrided239,N/A,N/A,N/A,1764070366606064.965	,14.542,0.083,0,0,N/A,N/A,N/A,N/A,N/A,N/A,N/A,N/A
0,4294967295,1947,1,trans_TransData_55,N/A,N/A,N/A,1764070366606092.777	,94.146,13.271,0,0,N/A,N/A,N/A,N/A,N/A,N/A,N/A,N/A
0,4294967295,1948,1,AsStrided240,N/A,N/A,N/A,1764070366606187.006	,13.917,0.083,0,0,N/A,N/A,N/A,N/A,N/A,N/A,N/A,N/A
0,4294967295,1950,1,trans_TransData_55,N/A,N/A,N/A,1764070366606222.319	,78.229,21.396,0,0,N/A,N/A,N/A,N/A,N/A,N/A,N/A,N/A
0,4294967295,1951,1,AsStrided241,N/A,N/A,N/A,1764070366606300.611	,14.896,0.062,0,0,N/A,N/A,N/A,N/A,N/A,N/A,N/A,N/A
0,4294967295,1953,1,trans_TransData_55,N/A,N/A,N/A,1764070366606348.173	,78.438,32.667,0,0,N/A,N/A,N/A,N/A,N/A,N/A,N/A,N/A
0,4294967295,1954,1,AsStrided242,N/A,N/A,N/A,1764070366606426.694	,14.354,0.083,0,0,N/A,N/A,N/A,N/A,N/A,N/A,N/A,N/A
0,4294967295,1956,1,trans_TransData_55,N/A,N/A,N/A,1764070366606476.298	,106.729,35.25,0,0,N/A,N/A,N/A,N/A,N/A,N/A,N/A,N/A
0,4294967295,1957,1,AsStrided243,N/A,N/A,N/A,1764070366606583.090	,15.021,0.062,0,0,N/A,N/A,N/A,N/A,N/A,N/A,N/A,N/A
0,4294967295,1959,1,trans_TransData_55,N/A,N/A,N/A,1764070366606628.486	,114.562,30.375,0,0,N/A,N/A,N/A,N/A,N/A,N/A,N/A,N/A
0,4294967295,1960,1,AsStrided244,N/A,N/A,N/A,1764070366606743.132	,14.333,0.083,0,0,N/A,N/A,N/A,N/A,N/A,N/A,N/A,N/A
0,4294967295,1962,1,trans_TransData_55,N/A,N/A,N/A,1764070366606759.777	,99.729,2.312,0,0,N/A,N/A,N/A,N/A,N/A,N/A,N/A,N/A
0,4294967295,1963,1,AsStrided245,N/A,N/A,N/A,1764070366606859.569	,14.375,0.062,0,0,N/A,N/A,N/A,N/A,N/A,N/A,N/A,N/A
0,4294967295,1965,1,trans_TransData_55,N/A,N/A,N/A,1764070366606889.319	,89.229,15.375,0,0,N/A,N/A,N/A,N/A,N/A,N/A,N/A,N/A
0,4294967295,1966,1,AsStrided246,N/A,N/A,N/A,1764070366606978.632	,14.688,0.083,0,0,N/A,N/A,N/A,N/A,N/A,N/A,N/A,N/A
0,4294967295,1968,1,trans_TransData_55,N/A,N/A,N/A,1764070366607018.236	,96.667,24.917,0,0,N/A,N/A,N/A,N/A,N/A,N/A,N/A,N/A
0,4294967295,1969,1,AsStrided247,N/A,N/A,N/A,1764070366607114.986	,14.458,0.083,0,0,N/A,N/A,N/A,N/A,N/A,N/A,N/A,N/A
0,4294967295,1971,1,trans_TransData_55,N/A,N/A,N/A,1764070366607139.736	,80.042,10.292,0,0,N/A,N/A,N/A,N/A,N/A,N/A,N/A,N/A
0,4294967295,1972,1,AsStrided248,N/A,N/A,N/A,1764070366607219.840	,14.625,0.062,0,0,N/A,N/A,N/A,N/A,N/A,N/A,N/A,N/A
0,4294967295,1974,1,trans_TransData_55,N/A,N/A,N/A,1764070366607271.277	,81.917,36.812,0,0,N/A,N/A,N/A,N/A,N/A,N/A,N/A,N/A
0,4294967295,1975,1,AsStrided249,N/A,N/A,N/A,1764070366607353.277	,14.188,0.083,0,0,N/A,N/A,N/A,N/A,N/A,N/A,N/A,N/A
0,4294967295,1977,1,trans_TransData_55,N/A,N/A,N/A,1764070366607394.027	,105.688,26.562,0,0,N/A,N/A,N/A,N/A,N/A,N/A,N/A,N/A
0,4294967295,1978,1,AsStrided250,N/A,N/A,N/A,1764070366607499.798	,15.125,0.083,0,0,N/A,N/A,N/A,N/A,N/A,N/A,N/A,N/A
0,4294967295,1980,1,trans_TransData_55,N/A,N/A,N/A,1764070366607526.715	,79.146,11.792,0,0,N/A,N/A,N/A,N/A,N/A,N/A,N/A,N/A
0,4294967295,1981,1,AsStrided251,N/A,N/A,N/A,1764070366607605.944	,14.958,0.083,0,0,N/A,N/A,N/A,N/A,N/A,N/A,N/A,N/A
0,4294967295,1983,1,trans_TransData_55,N/A,N/A,N/A,1764070366607995.902	,98.542,375.0,0,0,N/A,N/A,N/A,N/A,N/A,N/A,N/A,N/A
0,4294967295,1984,1,AsStrided252,N/A,N/A,N/A,1764070366608094.506	,14.375,0.062,0,0,N/A,N/A,N/A,N/A,N/A,N/A,N/A,N/A
0,4294967295,1986,1,trans_TransData_55,N/A,N/A,N/A,1764070366608149.090	,78.688,40.208,0,0,N/A,N/A,N/A,N/A,N/A,N/A,N/A,N/A
0,4294967295,1987,1,AsStrided253,N/A,N/A,N/A,1764070366608227.840	,14.542,0.062,0,0,N/A,N/A,N/A,N/A,N/A,N/A,N/A,N/A
0,4294967295,1989,1,trans_TransData_55,N/A,N/A,N/A,1764070366608289.819	,91.896,47.438,0,0,N/A,N/A,N/A,N/A,N/A,N/A,N/A,N/A
0,4294967295,1990,1,AsStrided254,N/A,N/A,N/A,1764070366608381.798	,14.958,0.083,0,0,N/A,N/A,N/A,N/A,N/A,N/A,N/A,N/A
0,4294967295,1992,1,trans_TransData_55,N/A,N/A,N/A,1764070366608419.777	,107.042,23.021,0,0,N/A,N/A,N/A,N/A,N/A,N/A,N/A,N/A
0,4294967295,1993,1,AsStrided255,N/A,N/A,N/A,1764070366608526.902	,14.0,0.083,0,0,N/A,N/A,N/A,N/A,N/A,N/A,N/A,N/A
0,4294967295,1995,1,trans_TransData_55,N/A,N/A,N/A,1764070366609557.173	,95.396,1016.271,0,0,N/A,N/A,N/A,N/A,N/A,N/A,N/A,N/A
0,4294967295,1996,1,AsStrided256,N/A,N/A,N/A,1764070366609652.632	,15.417,0.062,0,0,N/A,N/A,N/A,N/A,N/A,N/A,N/A,N/A
0,4294967295,1998,1,trans_TransData_55,N/A,N/A,N/A,1764070366609749.965	,92.562,81.917,0,0,N/A,N/A,N/A,N/A,N/A,N/A,N/A,N/A
0,4294967295,1999,1,AsStrided257,N/A,N/A,N/A,1764070366609842.590	,14.792,0.062,0,0,N/A,N/A,N/A,N/A,N/A,N/A,N/A,N/A
0,4294967295,2001,1,trans_TransData_55,N/A,N/A,N/A,1764070366609887.569	,81.938,30.188,0,0,N/A,N/A,N/A,N/A,N/A,N/A,N/A,N/A
0,4294967295,2002,1,AsStrided258,N/A,N/A,N/A,1764070366609969.590	,14.188,0.083,0,0,N/A,N/A,N/A,N/A,N/A,N/A,N/A,N/A
0,4294967295,2004,1,trans_TransData_55,N/A,N/A,N/A,1764070366610026.632	,118.042,42.854,0,0,N/A,N/A,N/A,N/A,N/A,N/A,N/A,N/A
0,4294967295,2005,1,AsStrided259,N/A,N/A,N/A,1764070366610144.736	,14.333,0.062,0,0,N/A,N/A,N/A,N/A,N/A,N/A,N/A,N/A
0,4294967295,2007,1,trans_TransData_55,N/A,N/A,N/A,1764070366610160.486	,89.25,1.417,0,0,N/A,N/A,N/A,N/A,N/A,N/A,N/A,N/A
0,4294967295,2008,1,AsStrided260,N/A,N/A,N/A,1764070366610249.798	,17.896,0.062,0,0,N/A,N/A,N/A,N/A,N/A,N/A,N/A,N/A
0,4294967295,2010,1,trans_TransData_55,N/A,N/A,N/A,1764070366610275.715	,83.354,8.021,0,0,N/A,N/A,N/A,N/A,N/A,N/A,N/A,N/A
0,4294967295,2011,1,AsStrided261,N/A,N/A,N/A,1764070366610359.152	,14.292,0.083,0,0,N/A,N/A,N/A,N/A,N/A,N/A,N/A,N/A
0,4294967295,2013,1,trans_TransData_55,N/A,N/A,N/A,1764070366610405.465	,89.167,32.021,0,0,N/A,N/A,N/A,N/A,N/A,N/A,N/A,N/A
0,4294967295,2014,1,AsStrided262,N/A,N/A,N/A,1764070366610494.694	,14.125,0.062,0,0,N/A,N/A,N/A,N/A,N/A,N/A,N/A,N/A
0,4294967295,2016,1,trans_TransData_55,N/A,N/A,N/A,1764070366610525.736	,93.417,16.917,0,0,N/A,N/A,N/A,N/A,N/A,N/A,N/A,N/A
0,4294967295,2017,1,AsStrided263,N/A,N/A,N/A,1764070366610640.382	,14.396,21.229,0,0,N/A,N/A,N/A,N/A,N/A,N/A,N/A,N/A
0,4294967295,2019,1,trans_TransData_55,N/A,N/A,N/A,1764070366610730.027	,80.062,75.25,0,0,N/A,N/A,N/A,N/A,N/A,N/A,N/A,N/A
0,4294967295,2020,1,AsStrided264,N/A,N/A,N/A,1764070366610810.173	,14.312,0.083,0,0,N/A,N/A,N/A,N/A,N/A,N/A,N/A,N/A
0,4294967295,2022,1,trans_TransData_55,N/A,N/A,N/A,1764070366610853.527	,109.104,29.042,0,0,N/A,N/A,N/A,N/A,N/A,N/A,N/A,N/A
0,4294967295,2023,1,AsStrided265,N/A,N/A,N/A,1764070366610962.694	,14.167,0.062,0,0,N/A,N/A,N/A,N/A,N/A,N/A,N/A,N/A
0,4294967295,2025,1,trans_TransData_55,N/A,N/A,N/A,1764070366610978.236	,102.458,1.375,0,0,N/A,N/A,N/A,N/A,N/A,N/A,N/A,N/A
0,4294967295,2026,1,AsStrided266,N/A,N/A,N/A,1764070366611080.777	,14.021,0.083,0,0,N/A,N/A,N/A,N/A,N/A,N/A,N/A,N/A
0,4294967295,2028,1,trans_TransData_55,N/A,N/A,N/A,1764070366611096.152	,120.771,1.354,0,0,N/A,N/A,N/A,N/A,N/A,N/A,N/A,N/A
0,4294967295,2029,1,AsStrided267,N/A,N/A,N/A,1764070366611216.986	,14.25,0.062,0,0,N/A,N/A,N/A,N/A,N/A,N/A,N/A,N/A
0,4294967295,2031,1,trans_TransData_55,N/A,N/A,N/A,1764070366611232.527	,99.583,1.292,0,0,N/A,N/A,N/A,N/A,N/A,N/A,N/A,N/A
0,4294967295,2032,1,AsStrided268,N/A,N/A,N/A,1764070366611332.194	,14.312,0.083,0,0,N/A,N/A,N/A,N/A,N/A,N/A,N/A,N/A
0,4294967295,2034,1,trans_TransData_55,N/A,N/A,N/A,1764070366611347.840	,95.271,1.333,0,0,N/A,N/A,N/A,N/A,N/A,N/A,N/A,N/A
0,4294967295,2035,1,AsStrided269,N/A,N/A,N/A,1764070366611443.173	,13.917,0.062,0,0,N/A,N/A,N/A,N/A,N/A,N/A,N/A,N/A
0,4294967295,2037,1,trans_TransData_55,N/A,N/A,N/A,1764070366611459.423	,106.021,2.333,0,0,N/A,N/A,N/A,N/A,N/A,N/A,N/A,N/A
0,4294967295,2038,1,AsStrided270,N/A,N/A,N/A,1764070366611565.527	,14.771,0.083,0,0,N/A,N/A,N/A,N/A,N/A,N/A,N/A,N/A
0,4294967295,2040,1,trans_TransData_55,N/A,N/A,N/A,1764070366611581.632	,122.083,1.333,0,0,N/A,N/A,N/A,N/A,N/A,N/A,N/A,N/A
0,4294967295,2041,1,AsStrided271,N/A,N/A,N/A,1764070366611703.777	,14.0,0.062,0,0,N/A,N/A,N/A,N/A,N/A,N/A,N/A,N/A
0,4294967295,2043,1,trans_TransData_55,N/A,N/A,N/A,1764070366611719.173	,125.5,1.396,0,0,N/A,N/A,N/A,N/A,N/A,N/A,N/A,N/A
0,4294967295,2044,1,AsStrided272,N/A,N/A,N/A,1764070366611844.736	,14.125,0.062,0,0,N/A,N/A,N/A,N/A,N/A,N/A,N/A,N/A
0,4294967295,2046,1,trans_TransData_55,N/A,N/A,N/A,1764070366611860.298	,110.688,1.438,0,0,N/A,N/A,N/A,N/A,N/A,N/A,N/A,N/A
0,4294967295,2047,1,AsStrided273,N/A,N/A,N/A,1764070366611971.048	,14.292,0.062,0,0,N/A,N/A,N/A,N/A,N/A,N/A,N/A,N/A
0,4294967295,2049,1,trans_TransData_55,N/A,N/A,N/A,1764070366611986.715	,127.479,1.375,0,0,N/A,N/A,N/A,N/A,N/A,N/A,N/A,N/A
0,4294967295,2050,1,AsStrided274,N/A,N/A,N/A,1764070366612114.277	,14.062,0.083,0,0,N/A,N/A,N/A,N/A,N/A,N/A,N/A,N/A
0,4294967295,2052,1,trans_TransData_55,N/A,N/A,N/A,1764070366612129.652	,90.021,1.312,0,0,N/A,N/A,N/A,N/A,N/A,N/A,N/A,N/A
0,4294967295,2053,1,AsStrided275,N/A,N/A,N/A,1764070366612219.756	,14.167,0.083,0,0,N/A,N/A,N/A,N/A,N/A,N/A,N/A,N/A
0,4294967295,2055,1,trans_TransData_55,N/A,N/A,N/A,1764070366612235.298	,89.188,1.375,0,0,N/A,N/A,N/A,N/A,N/A,N/A,N/A,N/A
0,4294967295,2056,1,AsStrided276,N/A,N/A,N/A,1764070366612324.569	,14.042,0.083,0,0,N/A,N/A,N/A,N/A,N/A,N/A,N/A,N/A
0,4294967295,2058,1,trans_TransData_55,N/A,N/A,N/A,1764070366612339.923	,104.833,1.312,0,0,N/A,N/A,N/A,N/A,N/A,N/A,N/A,N/A
0,4294967295,2059,1,AsStrided277,N/A,N/A,N/A,1764070366612444.840	,14.479,0.083,0,0,N/A,N/A,N/A,N/A,N/A,N/A,N/A,N/A
0,4294967295,2061,1,trans_TransData_55,N/A,N/A,N/A,1764070366612460.715	,106.417,1.396,0,0,N/A,N/A,N/A,N/A,N/A,N/A,N/A,N/A
0,4294967295,2062,1,AsStrided278,N/A,N/A,N/A,1764070366612567.194	,14.021,0.062,0,0,N/A,N/A,N/A,N/A,N/A,N/A,N/A,N/A
0,4294967295,2064,1,trans_TransData_55,N/A,N/A,N/A,1764070366612582.548	,98.792,1.333,0,0,N/A,N/A,N/A,N/A,N/A,N/A,N/A,N/A
0,4294967295,2065,1,AsStrided279,N/A,N/A,N/A,1764070366612681.402	,14.292,0.062,0,0,N/A,N/A,N/A,N/A,N/A,N/A,N/A,N/A
0,4294967295,2067,1,trans_TransData_55,N/A,N/A,N/A,1764070366612704.194	,105.792,8.5,0,0,N/A,N/A,N/A,N/A,N/A,N/A,N/A,N/A
0,4294967295,2068,1,AsStrided280,N/A,N/A,N/A,1764070366612810.069	,15.062,0.083,0,0,N/A,N/A,N/A,N/A,N/A,N/A,N/A,N/A
0,4294967295,2070,1,trans_TransData_55,N/A,N/A,N/A,1764070366612826.569	,108.354,1.438,0,0,N/A,N/A,N/A,N/A,N/A,N/A,N/A,N/A
0,4294967295,2071,1,AsStrided281,N/A,N/A,N/A,1764070366612934.986	,13.917,0.062,0,0,N/A,N/A,N/A,N/A,N/A,N/A,N/A,N/A
0,4294967295,2073,1,trans_TransData_55,N/A,N/A,N/A,1764070366612950.277	,96.292,1.375,0,0,N/A,N/A,N/A,N/A,N/A,N/A,N/A,N/A
0,4294967295,2074,1,AsStrided282,N/A,N/A,N/A,1764070366613046.652	,14.167,0.083,0,0,N/A,N/A,N/A,N/A,N/A,N/A,N/A,N/A
0,4294967295,2076,1,trans_TransData_55,N/A,N/A,N/A,1764070366613062.256	,101.979,1.438,0,0,N/A,N/A,N/A,N/A,N/A,N/A,N/A,N/A
0,4294967295,2077,1,AsStrided283,N/A,N/A,N/A,1764070366613164.298	,14.375,0.062,0,0,N/A,N/A,N/A,N/A,N/A,N/A,N/A,N/A
0,4294967295,2079,1,trans_TransData_55,N/A,N/A,N/A,1764070366613180.069	,96.229,1.396,0,0,N/A,N/A,N/A,N/A,N/A,N/A,N/A,N/A
0,4294967295,2080,1,AsStrided284,N/A,N/A,N/A,1764070366613276.382	,14.312,0.083,0,0,N/A,N/A,N/A,N/A,N/A,N/A,N/A,N/A
0,4294967295,2082,1,trans_TransData_55,N/A,N/A,N/A,1764070366613295.777	,87.292,5.083,0,0,N/A,N/A,N/A,N/A,N/A,N/A,N/A,N/A
0,4294967295,2083,1,AsStrided285,N/A,N/A,N/A,1764070366613383.152	,14.25,0.083,0,0,N/A,N/A,N/A,N/A,N/A,N/A,N/A,N/A
0,4294967295,2085,1,trans_TransData_55,N/A,N/A,N/A,1764070366613412.986	,97.375,15.583,0,0,N/A,N/A,N/A,N/A,N/A,N/A,N/A,N/A
0,4294967295,2086,1,AsStrided286,N/A,N/A,N/A,1764070366613510.444	,14.312,0.083,0,0,N/A,N/A,N/A,N/A,N/A,N/A,N/A,N/A
0,4294967295,2088,1,trans_TransData_55,N/A,N/A,N/A,1764070366613545.902	,84.625,21.146,0,0,N/A,N/A,N/A,N/A,N/A,N/A,N/A,N/A
0,4294967295,2089,1,AsStrided287,N/A,N/A,N/A,1764070366613630.590	,14.479,0.062,0,0,N/A,N/A,N/A,N/A,N/A,N/A,N/A,N/A
0,4294967295,2091,1,trans_TransData_55,N/A,N/A,N/A,1764070366613666.798	,78.75,21.729,0,0,N/A,N/A,N/A,N/A,N/A,N/A,N/A,N/A
0,4294967295,2092,1,AsStrided288,N/A,N/A,N/A,1764070366613745.632	,14.104,0.083,0,0,N/A,N/A,N/A,N/A,N/A,N/A,N/A,N/A
0,4294967295,2094,1,trans_TransData_55,N/A,N/A,N/A,1764070366613798.340	,106.188,38.604,0,0,N/A,N/A,N/A,N/A,N/A,N/A,N/A,N/A
0,4294967295,2095,1,AsStrided289,N/A,N/A,N/A,1764070366613904.590	,14.25,0.062,0,0,N/A,N/A,N/A,N/A,N/A,N/A,N/A,N/A
0,4294967295,2097,1,trans_TransData_55,N/A,N/A,N/A,1764070366614084.006	,89.5,165.167,0,0,N/A,N/A,N/A,N/A,N/A,N/A,N/A,N/A
0,4294967295,2098,1,AsStrided290,N/A,N/A,N/A,1764070366614173.569	,14.021,0.062,0,0,N/A,N/A,N/A,N/A,N/A,N/A,N/A,N/A
0,4294967295,2100,1,trans_TransData_55,N/A,N/A,N/A,1764070366614214.402	,109.646,26.812,0,0,N/A,N/A,N/A,N/A,N/A,N/A,N/A,N/A
0,4294967295,2101,1,AsStrided291,N/A,N/A,N/A,1764070366614324.132	,14.438,0.083,0,0,N/A,N/A,N/A,N/A,N/A,N/A,N/A,N/A
0,4294967295,2103,1,trans_TransData_55,N/A,N/A,N/A,1764070366614348.652	,110.771,10.083,0,0,N/A,N/A,N/A,N/A,N/A,N/A,N/A,N/A
0,4294967295,2104,1,AsStrided292,N/A,N/A,N/A,1764070366614459.506	,14.271,0.083,0,0,N/A,N/A,N/A,N/A,N/A,N/A,N/A,N/A
0,4294967295,2106,1,trans_TransData_55,N/A,N/A,N/A,1764070366614475.090	,107.75,1.312,0,0,N/A,N/A,N/A,N/A,N/A,N/A,N/A,N/A
0,4294967295,2107,1,AsStrided293,N/A,N/A,N/A,1764070366614582.902	,14.417,0.062,0,0,N/A,N/A,N/A,N/A,N/A,N/A,N/A,N/A
0,4294967295,2109,1,trans_TransData_55,N/A,N/A,N/A,1764070366614639.527	,89.667,42.208,0,0,N/A,N/A,N/A,N/A,N/A,N/A,N/A,N/A
0,4294967295,2110,1,AsStrided294,N/A,N/A,N/A,1764070366614729.277	,14.396,0.083,0,0,N/A,N/A,N/A,N/A,N/A,N/A,N/A,N/A
0,4294967295,2112,1,trans_TransData_55,N/A,N/A,N/A,1764070366614768.048	,119.917,24.375,0,0,N/A,N/A,N/A,N/A,N/A,N/A,N/A,N/A
0,4294967295,2113,1,AsStrided295,N/A,N/A,N/A,1764070366614888.027	,14.083,0.062,0,0,N/A,N/A,N/A,N/A,N/A,N/A,N/A,N/A
0,4294967295,2115,1,trans_TransData_55,N/A,N/A,N/A,1764070366614903.361	,82.25,1.25,0,0,N/A,N/A,N/A,N/A,N/A,N/A,N/A,N/A
0,4294967295,2116,1,AsStrided296,N/A,N/A,N/A,1764070366614985.694	,14.667,0.083,0,0,N/A,N/A,N/A,N/A,N/A,N/A,N/A,N/A
0,4294967295,2118,1,trans_TransData_55,N/A,N/A,N/A,1764070366615022.152	,84.604,21.792,0,0,N/A,N/A,N/A,N/A,N/A,N/A,N/A,N/A
0,4294967295,2119,1,AsStrided297,N/A,N/A,N/A,1764070366615106.819	,14.375,0.062,0,0,N/A,N/A,N/A,N/A,N/A,N/A,N/A,N/A
0,4294967295,2121,1,trans_TransData_55,N/A,N/A,N/A,1764070366615145.111	,98.958,23.917,0,0,N/A,N/A,N/A,N/A,N/A,N/A,N/A,N/A
0,4294967295,2122,1,AsStrided298,N/A,N/A,N/A,1764070366615244.132	,14.167,0.062,0,0,N/A,N/A,N/A,N/A,N/A,N/A,N/A,N/A
0,4294967295,2124,1,trans_TransData_55,N/A,N/A,N/A,1764070366615273.861	,114.292,15.562,0,0,N/A,N/A,N/A,N/A,N/A,N/A,N/A,N/A
0,4294967295,2125,1,AsStrided299,N/A,N/A,N/A,1764070366615388.236	,14.354,0.083,0,0,N/A,N/A,N/A,N/A,N/A,N/A,N/A,N/A
0,4294967295,2127,1,trans_TransData_55,N/A,N/A,N/A,1764070366615403.882	,79.042,1.292,0,0,N/A,N/A,N/A,N/A,N/A,N/A,N/A,N/A
0,4294967295,2128,1,AsStrided300,N/A,N/A,N/A,1764070366615482.986	,14.271,0.062,0,0,N/A,N/A,N/A,N/A,N/A,N/A,N/A,N/A
0,4294967295,2130,1,trans_TransData_55,N/A,N/A,N/A,1764070366615519.902	,79.583,22.646,0,0,N/A,N/A,N/A,N/A,N/A,N/A,N/A,N/A
0,4294967295,2131,1,AsStrided301,N/A,N/A,N/A,1764070366615599.548	,14.583,0.062,0,0,N/A,N/A,N/A,N/A,N/A,N/A,N/A,N/A
0,4294967295,2133,1,trans_TransData_55,N/A,N/A,N/A,1764070366615649.673	,93.208,35.542,0,0,N/A,N/A,N/A,N/A,N/A,N/A,N/A,N/A
0,4294967295,2134,1,AsStrided302,N/A,N/A,N/A,1764070366615742.965	,14.583,0.083,0,0,N/A,N/A,N/A,N/A,N/A,N/A,N/A,N/A
0,4294967295,2136,1,trans_TransData_55,N/A,N/A,N/A,1764070366615771.152	,85.917,13.604,0,0,N/A,N/A,N/A,N/A,N/A,N/A,N/A,N/A
0,4294967295,2137,1,AsStrided303,N/A,N/A,N/A,1764070366615857.132	,14.312,0.062,0,0,N/A,N/A,N/A,N/A,N/A,N/A,N/A,N/A
0,4294967295,2139,1,trans_TransData_55,N/A,N/A,N/A,1764070366615898.632	,86.167,27.188,0,0,N/A,N/A,N/A,N/A,N/A,N/A,N/A,N/A
0,4294967295,2140,1,AsStrided304,N/A,N/A,N/A,1764070366615984.882	,14.208,0.083,0,0,N/A,N/A,N/A,N/A,N/A,N/A,N/A,N/A
0,4294967295,2142,1,trans_TransData_55,N/A,N/A,N/A,1764070366616023.840	,86.521,24.75,0,0,N/A,N/A,N/A,N/A,N/A,N/A,N/A,N/A
0,4294967295,2143,1,AsStrided305,N/A,N/A,N/A,1764070366616110.444	,14.208,0.083,0,0,N/A,N/A,N/A,N/A,N/A,N/A,N/A,N/A
0,4294967295,2145,1,trans_TransData_55,N/A,N/A,N/A,1764070366616144.527	,83.292,19.875,0,0,N/A,N/A,N/A,N/A,N/A,N/A,N/A,N/A
0,4294967295,2146,1,AsStrided306,N/A,N/A,N/A,1764070366616227.902	,14.271,0.083,0,0,N/A,N/A,N/A,N/A,N/A,N/A,N/A,N/A
0,4294967295,2148,1,trans_TransData_55,N/A,N/A,N/A,1764070366616268.944	,108.104,26.771,0,0,N/A,N/A,N/A,N/A,N/A,N/A,N/A,N/A
0,4294967295,2149,1,AsStrided307,N/A,N/A,N/A,1764070366616377.132	,14.188,0.083,0,0,N/A,N/A,N/A,N/A,N/A,N/A,N/A,N/A
0,4294967295,2151,1,trans_TransData_55,N/A,N/A,N/A,1764070366616400.527	,120.375,9.208,0,0,N/A,N/A,N/A,N/A,N/A,N/A,N/A,N/A
0,4294967295,2152,1,AsStrided308,N/A,N/A,N/A,1764070366616520.986	,14.833,0.083,0,0,N/A,N/A,N/A,N/A,N/A,N/A,N/A,N/A
0,4294967295,2154,1,trans_TransData_55,N/A,N/A,N/A,1764070366616537.111	,78.854,1.292,0,0,N/A,N/A,N/A,N/A,N/A,N/A,N/A,N/A
0,4294967295,2155,1,AsStrided309,N/A,N/A,N/A,1764070366616616.048	,14.208,0.083,0,0,N/A,N/A,N/A,N/A,N/A,N/A,N/A,N/A
0,4294967295,2157,1,trans_TransData_55,N/A,N/A,N/A,1764070366616658.673	,86.167,28.417,0,0,N/A,N/A,N/A,N/A,N/A,N/A,N/A,N/A
0,4294967295,2158,1,AsStrided310,N/A,N/A,N/A,1764070366616744.902	,14.188,0.062,0,0,N/A,N/A,N/A,N/A,N/A,N/A,N/A,N/A
0,4294967295,2160,1,trans_TransData_55,N/A,N/A,N/A,1764070366616760.319	,80.333,1.229,0,0,N/A,N/A,N/A,N/A,N/A,N/A,N/A,N/A
0,4294967295,2161,1,AsStrided311,N/A,N/A,N/A,1764070366616840.715	,14.083,0.062,0,0,N/A,N/A,N/A,N/A,N/A,N/A,N/A,N/A
0,4294967295,2163,1,trans_TransData_55,N/A,N/A,N/A,1764070366616882.632	,95.792,27.833,0,0,N/A,N/A,N/A,N/A,N/A,N/A,N/A,N/A
0,4294967295,2164,1,AsStrided312,N/A,N/A,N/A,1764070366616978.506	,14.521,0.083,0,0,N/A,N/A,N/A,N/A,N/A,N/A,N/A,N/A
0,4294967295,2166,1,trans_TransData_55,N/A,N/A,N/A,1764070366617007.882	,89.021,14.854,0,0,N/A,N/A,N/A,N/A,N/A,N/A,N/A,N/A
0,4294967295,2167,1,AsStrided313,N/A,N/A,N/A,1764070366617096.965	,14.25,0.062,0,0,N/A,N/A,N/A,N/A,N/A,N/A,N/A,N/A
0,4294967295,2169,1,trans_TransData_55,N/A,N/A,N/A,1764070366617135.048	,87.458,23.833,0,0,N/A,N/A,N/A,N/A,N/A,N/A,N/A,N/A
0,4294967295,2170,1,AsStrided314,N/A,N/A,N/A,1764070366617222.590	,14.0,0.083,0,0,N/A,N/A,N/A,N/A,N/A,N/A,N/A,N/A
0,4294967295,2172,1,trans_TransData_55,N/A,N/A,N/A,1764070366617255.506	,80.438,18.917,0,0,N/A,N/A,N/A,N/A,N/A,N/A,N/A,N/A
0,4294967295,2173,1,AsStrided315,N/A,N/A,N/A,1764070366617336.006	,14.292,0.062,0,0,N/A,N/A,N/A,N/A,N/A,N/A,N/A,N/A
0,4294967295,2175,1,trans_TransData_55,N/A,N/A,N/A,1764070366617375.944	,92.812,25.646,0,0,N/A,N/A,N/A,N/A,N/A,N/A,N/A,N/A
0,4294967295,2176,1,AsStrided316,N/A,N/A,N/A,1764070366617621.840	,14.292,153.083,0,0,N/A,N/A,N/A,N/A,N/A,N/A,N/A,N/A
0,4294967295,2178,1,trans_TransData_55,N/A,N/A,N/A,1764070366617704.027	,106.375,67.896,0,0,N/A,N/A,N/A,N/A,N/A,N/A,N/A,N/A
0,4294967295,2179,1,AsStrided317,N/A,N/A,N/A,1764070366617810.486	,14.208,0.083,0,0,N/A,N/A,N/A,N/A,N/A,N/A,N/A,N/A
0,4294967295,2181,1,trans_TransData_55,N/A,N/A,N/A,1764070366617828.527	,112.708,3.833,0,0,N/A,N/A,N/A,N/A,N/A,N/A,N/A,N/A
0,4294967295,2182,1,AsStrided318,N/A,N/A,N/A,1764070366617941.298	,14.417,0.062,0,0,N/A,N/A,N/A,N/A,N/A,N/A,N/A,N/A
0,4294967295,2184,1,trans_TransData_55,N/A,N/A,N/A,1764070366617958.673	,105.646,2.958,0,0,N/A,N/A,N/A,N/A,N/A,N/A,N/A,N/A
0,4294967295,2185,1,AsStrided319,N/A,N/A,N/A,1764070366618064.402	,14.083,0.083,0,0,N/A,N/A,N/A,N/A,N/A,N/A,N/A,N/A
0,4294967295,2187,1,trans_TransData_55,N/A,N/A,N/A,1764070366618083.736	,88.208,5.25,0,0,N/A,N/A,N/A,N/A,N/A,N/A,N/A,N/A
0,4294967295,2188,1,AsStrided320,N/A,N/A,N/A,1764070366618172.006	,14.542,0.062,0,0,N/A,N/A,N/A,N/A,N/A,N/A,N/A,N/A
0,4294967295,2190,1,trans_TransData_55,N/A,N/A,N/A,1764070366618203.006	,113.583,16.458,0,0,N/A,N/A,N/A,N/A,N/A,N/A,N/A,N/A
0,4294967295,2191,1,AsStrided321,N/A,N/A,N/A,1764070366618316.652	,14.375,0.062,0,0,N/A,N/A,N/A,N/A,N/A,N/A,N/A,N/A
0,4294967295,2193,1,trans_TransData_55,N/A,N/A,N/A,1764070366618332.340	,84.604,1.312,0,0,N/A,N/A,N/A,N/A,N/A,N/A,N/A,N/A
0,4294967295,2194,1,AsStrided322,N/A,N/A,N/A,1764070366618417.027	,14.125,0.083,0,0,N/A,N/A,N/A,N/A,N/A,N/A,N/A,N/A
0,4294967295,2196,1,trans_TransData_55,N/A,N/A,N/A,1764070366618441.798	,94.375,10.646,0,0,N/A,N/A,N/A,N/A,N/A,N/A,N/A,N/A
0,4294967295,2197,1,AsStrided323,N/A,N/A,N/A,1764070366618536.256	,14.083,0.083,0,0,N/A,N/A,N/A,N/A,N/A,N/A,N/A,N/A
0,4294967295,2199,1,trans_TransData_55,N/A,N/A,N/A,1764070366618662.277	,111.375,111.938,0,0,N/A,N/A,N/A,N/A,N/A,N/A,N/A,N/A
0,4294967295,2200,1,AsStrided324,N/A,N/A,N/A,1764070366618773.736	,14.208,0.083,0,0,N/A,N/A,N/A,N/A,N/A,N/A,N/A,N/A
0,4294967295,2202,1,trans_TransData_55,N/A,N/A,N/A,1764070366618797.152	,104.021,9.208,0,0,N/A,N/A,N/A,N/A,N/A,N/A,N/A,N/A
0,4294967295,2203,1,AsStrided325,N/A,N/A,N/A,1764070366618901.256	,14.583,0.083,0,0,N/A,N/A,N/A,N/A,N/A,N/A,N/A,N/A
0,4294967295,2205,1,trans_TransData_55,N/A,N/A,N/A,1764070366618917.986	,78.438,2.146,0,0,N/A,N/A,N/A,N/A,N/A,N/A,N/A,N/A
0,4294967295,2206,1,AsStrided326,N/A,N/A,N/A,1764070366618996.486	,14.167,0.062,0,0,N/A,N/A,N/A,N/A,N/A,N/A,N/A,N/A
0,4294967295,2208,1,trans_TransData_55,N/A,N/A,N/A,1764070366619051.256	,90.396,40.604,0,0,N/A,N/A,N/A,N/A,N/A,N/A,N/A,N/A
0,4294967295,2209,1,AsStrided327,N/A,N/A,N/A,1764070366619141.736	,14.667,0.083,0,0,N/A,N/A,N/A,N/A,N/A,N/A,N/A,N/A
0,4294967295,2211,1,trans_TransData_55,N/A,N/A,N/A,1764070366619175.215	,108.542,18.812,0,0,N/A,N/A,N/A,N/A,N/A,N/A,N/A,N/A
0,4294967295,2212,1,AsStrided328,N/A,N/A,N/A,1764070366619283.840	,14.333,0.083,0,0,N/A,N/A,N/A,N/A,N/A,N/A,N/A,N/A
0,4294967295,2214,1,trans_TransData_55,N/A,N/A,N/A,1764070366619304.382	,88.438,6.208,0,0,N/A,N/A,N/A,N/A,N/A,N/A,N/A,N/A
0,4294967295,2215,1,AsStrided329,N/A,N/A,N/A,1764070366619392.902	,14.292,0.083,0,0,N/A,N/A,N/A,N/A,N/A,N/A,N/A,N/A
0,4294967295,2217,1,trans_TransData_55,N/A,N/A,N/A,1764070366620452.569	,92.312,1045.375,0,0,N/A,N/A,N/A,N/A,N/A,N/A,N/A,N/A
0,4294967295,2218,1,AsStrided330,N/A,N/A,N/A,1764070366620544.944	,14.458,0.062,0,0,N/A,N/A,N/A,N/A,N/A,N/A,N/A,N/A
0,4294967295,2220,1,trans_TransData_55,N/A,N/A,N/A,1764070366623063.006	,109.708,2503.604,0,0,N/A,N/A,N/A,N/A,N/A,N/A,N/A,N/A
0,4294967295,2221,1,AsStrided331,N/A,N/A,N/A,1764070366623172.798	,14.562,0.083,0,0,N/A,N/A,N/A,N/A,N/A,N/A,N/A,N/A
0,4294967295,2223,1,trans_TransData_55,N/A,N/A,N/A,1764070366623256.006	,99.792,68.646,0,0,N/A,N/A,N/A,N/A,N/A,N/A,N/A,N/A
0,4294967295,2224,1,AsStrided332,N/A,N/A,N/A,1764070366623355.882	,14.271,0.083,0,0,N/A,N/A,N/A,N/A,N/A,N/A,N/A,N/A
0,4294967295,2226,1,trans_TransData_55,N/A,N/A,N/A,1764070366623390.423	,86.188,20.271,0,0,N/A,N/A,N/A,N/A,N/A,N/A,N/A,N/A
0,4294967295,2227,1,AsStrided333,N/A,N/A,N/A,1764070366623476.673	,14.792,0.062,0,0,N/A,N/A,N/A,N/A,N/A,N/A,N/A,N/A
0,4294967295,2229,1,trans_TransData_55,N/A,N/A,N/A,1764070366623529.652	,110.562,38.188,0,0,N/A,N/A,N/A,N/A,N/A,N/A,N/A,N/A
0,4294967295,2230,1,AsStrided334,N/A,N/A,N/A,1764070366623640.298	,14.542,0.083,0,0,N/A,N/A,N/A,N/A,N/A,N/A,N/A,N/A
0,4294967295,2232,1,trans_TransData_55,N/A,N/A,N/A,1764070366623656.132	,111.312,1.292,0,0,N/A,N/A,N/A,N/A,N/A,N/A,N/A,N/A
0,4294967295,2233,1,AsStrided335,N/A,N/A,N/A,1764070366623767.506	,15.188,0.062,0,0,N/A,N/A,N/A,N/A,N/A,N/A,N/A,N/A
0,4294967295,2235,1,trans_TransData_55,N/A,N/A,N/A,1764070366623785.006	,108.312,2.312,0,0,N/A,N/A,N/A,N/A,N/A,N/A,N/A,N/A
0,4294967295,2236,1,AsStrided336,N/A,N/A,N/A,1764070366623893.402	,14.5,0.083,0,0,N/A,N/A,N/A,N/A,N/A,N/A,N/A,N/A
0,4294967295,2238,1,trans_TransData_55,N/A,N/A,N/A,1764070366623914.652	,114.375,6.75,0,0,N/A,N/A,N/A,N/A,N/A,N/A,N/A,N/A
0,4294967295,2239,1,AsStrided337,N/A,N/A,N/A,1764070366624029.111	,14.146,0.083,0,0,N/A,N/A,N/A,N/A,N/A,N/A,N/A,N/A
0,4294967295,2241,1,trans_TransData_55,N/A,N/A,N/A,1764070366624519.756	,109.396,476.5,0,0,N/A,N/A,N/A,N/A,N/A,N/A,N/A,N/A
0,4294967295,2242,1,AsStrided338,N/A,N/A,N/A,1764070366624629.215	,14.042,0.062,0,0,N/A,N/A,N/A,N/A,N/A,N/A,N/A,N/A
0,4294967295,2244,1,trans_TransData_55,N/A,N/A,N/A,1764070366624695.944	,85.25,52.688,0,0,N/A,N/A,N/A,N/A,N/A,N/A,N/A,N/A
0,4294967295,2245,1,AsStrided339,N/A,N/A,N/A,1764070366624781.277	,14.125,0.083,0,0,N/A,N/A,N/A,N/A,N/A,N/A,N/A,N/A
0,4294967295,2247,1,trans_TransData_55,N/A,N/A,N/A,1764070366624952.798	,111.396,157.396,0,0,N/A,N/A,N/A,N/A,N/A,N/A,N/A,N/A
0,4294967295,2248,1,AsStrided340,N/A,N/A,N/A,1764070366625064.277	,13.917,0.083,0,0,N/A,N/A,N/A,N/A,N/A,N/A,N/A,N/A
0,4294967295,2250,1,trans_TransData_55,N/A,N/A,N/A,1764070366625087.652	,93.667,9.458,0,0,N/A,N/A,N/A,N/A,N/A,N/A,N/A,N/A
0,4294967295,2251,1,AsStrided341,N/A,N/A,N/A,1764070366625181.382	,14.479,0.062,0,0,N/A,N/A,N/A,N/A,N/A,N/A,N/A,N/A
0,4294967295,2253,1,trans_TransData_55,N/A,N/A,N/A,1764070366625217.277	,80.271,21.417,0,0,N/A,N/A,N/A,N/A,N/A,N/A,N/A,N/A
0,4294967295,2254,1,AsStrided342,N/A,N/A,N/A,1764070366625297.632	,14.208,0.083,0,0,N/A,N/A,N/A,N/A,N/A,N/A,N/A,N/A
0,4294967295,2256,1,trans_TransData_55,N/A,N/A,N/A,1764070366625339.340	,94.354,27.5,0,0,N/A,N/A,N/A,N/A,N/A,N/A,N/A,N/A
0,4294967295,2257,1,AsStrided343,N/A,N/A,N/A,1764070366625433.756	,14.333,0.062,0,0,N/A,N/A,N/A,N/A,N/A,N/A,N/A,N/A
0,4294967295,2259,1,trans_TransData_55,N/A,N/A,N/A,1764070366625466.965	,96.333,18.875,0,0,N/A,N/A,N/A,N/A,N/A,N/A,N/A,N/A
0,4294967295,2260,1,AsStrided344,N/A,N/A,N/A,1764070366625563.382	,14.125,0.083,0,0,N/A,N/A,N/A,N/A,N/A,N/A,N/A,N/A
0,4294967295,2262,1,trans_TransData_55,N/A,N/A,N/A,1764070366625590.319	,104.0,12.812,0,0,N/A,N/A,N/A,N/A,N/A,N/A,N/A,N/A
0,4294967295,2263,1,AsStrided345,N/A,N/A,N/A,1764070366625694.402	,13.896,0.083,0,0,N/A,N/A,N/A,N/A,N/A,N/A,N/A,N/A
0,4294967295,2265,1,trans_TransData_55,N/A,N/A,N/A,1764070366625709.486	,111.458,1.188,0,0,N/A,N/A,N/A,N/A,N/A,N/A,N/A,N/A
0,4294967295,2266,1,AsStrided346,N/A,N/A,N/A,1764070366625821.027	,14.25,0.083,0,0,N/A,N/A,N/A,N/A,N/A,N/A,N/A,N/A
0,4294967295,2268,1,trans_TransData_55,N/A,N/A,N/A,1764070366625836.506	,90.812,1.229,0,0,N/A,N/A,N/A,N/A,N/A,N/A,N/A,N/A
0,4294967295,2269,1,AsStrided347,N/A,N/A,N/A,1764070366625927.402	,14.104,0.083,0,0,N/A,N/A,N/A,N/A,N/A,N/A,N/A,N/A
0,4294967295,2271,1,trans_TransData_55,N/A,N/A,N/A,1764070366625952.215	,92.646,10.708,0,0,N/A,N/A,N/A,N/A,N/A,N/A,N/A,N/A
0,4294967295,2272,1,AsStrided348,N/A,N/A,N/A,1764070366626044.923	,14.271,0.062,0,0,N/A,N/A,N/A,N/A,N/A,N/A,N/A,N/A
0,4294967295,2274,1,trans_TransData_55,N/A,N/A,N/A,1764070366626076.423	,124.625,17.229,0,0,N/A,N/A,N/A,N/A,N/A,N/A,N/A,N/A
0,4294967295,2275,1,AsStrided349,N/A,N/A,N/A,1764070366626201.111	,14.062,0.062,0,0,N/A,N/A,N/A,N/A,N/A,N/A,N/A,N/A
0,4294967295,2277,1,trans_TransData_55,N/A,N/A,N/A,1764070366626216.423	,121.583,1.25,0,0,N/A,N/A,N/A,N/A,N/A,N/A,N/A,N/A
0,4294967295,2278,1,AsStrided350,N/A,N/A,N/A,1764070366626338.090	,14.354,0.083,0,0,N/A,N/A,N/A,N/A,N/A,N/A,N/A,N/A
0,4294967295,2280,1,trans_TransData_55,N/A,N/A,N/A,1764070366626701.611	,108.875,349.167,0,0,N/A,N/A,N/A,N/A,N/A,N/A,N/A,N/A
0,4294967295,2281,1,AsStrided351,N/A,N/A,N/A,1764070366626810.548	,14.562,0.062,0,0,N/A,N/A,N/A,N/A,N/A,N/A,N/A,N/A
0,4294967295,2283,1,trans_TransData_55,N/A,N/A,N/A,1764070366626848.340	,112.896,23.229,0,0,N/A,N/A,N/A,N/A,N/A,N/A,N/A,N/A
0,4294967295,2284,1,AsStrided352,N/A,N/A,N/A,1764070366626961.319	,13.896,0.083,0,0,N/A,N/A,N/A,N/A,N/A,N/A,N/A,N/A
0,4294967295,2286,1,trans_TransData_55,N/A,N/A,N/A,1764070366626976.444	,115.583,1.229,0,0,N/A,N/A,N/A,N/A,N/A,N/A,N/A,N/A
0,4294967295,2287,1,AsStrided353,N/A,N/A,N/A,1764070366627092.111	,14.354,0.083,0,0,N/A,N/A,N/A,N/A,N/A,N/A,N/A,N/A
0,4294967295,2289,1,trans_TransData_55,N/A,N/A,N/A,1764070366627107.652	,112.146,1.188,0,0,N/A,N/A,N/A,N/A,N/A,N/A,N/A,N/A
0,4294967295,2290,1,AsStrided354,N/A,N/A,N/A,1764070366627219.861	,13.917,0.062,0,0,N/A,N/A,N/A,N/A,N/A,N/A,N/A,N/A
0,4294967295,2292,1,trans_TransData_55,N/A,N/A,N/A,1764070366627235.006	,108.667,1.229,0,0,N/A,N/A,N/A,N/A,N/A,N/A,N/A,N/A
0,4294967295,2293,1,AsStrided355,N/A,N/A,N/A,1764070366627343.756	,14.25,0.083,0,0,N/A,N/A,N/A,N/A,N/A,N/A,N/A,N/A
0,4294967295,2295,1,trans_TransData_55,N/A,N/A,N/A,1764070366627359.277	,96.458,1.271,0,0,N/A,N/A,N/A,N/A,N/A,N/A,N/A,N/A
0,4294967295,2296,1,AsStrided356,N/A,N/A,N/A,1764070366627455.819	,14.792,0.083,0,0,N/A,N/A,N/A,N/A,N/A,N/A,N/A,N/A
0,4294967295,2298,1,trans_TransData_55,N/A,N/A,N/A,1764070366627471.819	,80.854,1.208,0,0,N/A,N/A,N/A,N/A,N/A,N/A,N/A,N/A
0,4294967295,2299,1,AsStrided357,N/A,N/A,N/A,1764070366627552.756	,14.146,0.083,0,0,N/A,N/A,N/A,N/A,N/A,N/A,N/A,N/A
0,4294967295,2301,1,trans_TransData_55,N/A,N/A,N/A,1764070366627585.111	,96.917,18.208,0,0,N/A,N/A,N/A,N/A,N/A,N/A,N/A,N/A
0,4294967295,2302,1,AsStrided358,N/A,N/A,N/A,1764070366627682.090	,14.167,0.062,0,0,N/A,N/A,N/A,N/A,N/A,N/A,N/A,N/A
0,4294967295,2304,1,trans_TransData_55,N/A,N/A,N/A,1764070366627877.736	,94.646,181.479,0,0,N/A,N/A,N/A,N/A,N/A,N/A,N/A,N/A
0,4294967295,2305,1,AsStrided359,N/A,N/A,N/A,1764070366627972.444	,14.083,0.062,0,0,N/A,N/A,N/A,N/A,N/A,N/A,N/A,N/A
0,4294967295,2307,1,trans_TransData_55,N/A,N/A,N/A,1764070366628005.215	,120.292,18.688,0,0,N/A,N/A,N/A,N/A,N/A,N/A,N/A,N/A
0,4294967295,2308,1,AsStrided360,N/A,N/A,N/A,1764070366628125.569	,14.312,0.062,0,0,N/A,N/A,N/A,N/A,N/A,N/A,N/A,N/A
0,4294967295,2310,1,trans_TransData_55,N/A,N/A,N/A,1764070366628141.090	,114.125,1.208,0,0,N/A,N/A,N/A,N/A,N/A,N/A,N/A,N/A
0,4294967295,2311,1,AsStrided361,N/A,N/A,N/A,1764070366628255.277	,14.104,0.062,0,0,N/A,N/A,N/A,N/A,N/A,N/A,N/A,N/A
0,4294967295,2313,1,trans_TransData_55,N/A,N/A,N/A,1764070366628270.590	,120.208,1.208,0,0,N/A,N/A,N/A,N/A,N/A,N/A,N/A,N/A
0,4294967295,2314,1,AsStrided362,N/A,N/A,N/A,1764070366628390.861	,14.354,0.062,0,0,N/A,N/A,N/A,N/A,N/A,N/A,N/A,N/A
0,4294967295,2316,1,trans_TransData_55,N/A,N/A,N/A,1764070366628406.444	,91.792,1.229,0,0,N/A,N/A,N/A,N/A,N/A,N/A,N/A,N/A
0,4294967295,2317,1,AsStrided363,N/A,N/A,N/A,1764070366628498.298	,14.292,0.062,0,0,N/A,N/A,N/A,N/A,N/A,N/A,N/A,N/A
0,4294967295,2319,1,trans_TransData_55,N/A,N/A,N/A,1764070366628513.902	,103.771,1.312,0,0,N/A,N/A,N/A,N/A,N/A,N/A,N/A,N/A
0,4294967295,2320,1,AsStrided364,N/A,N/A,N/A,1764070366628617.736	,13.917,0.062,0,0,N/A,N/A,N/A,N/A,N/A,N/A,N/A,N/A
0,4294967295,2322,1,trans_TransData_55,N/A,N/A,N/A,1764070366628632.965	,96.146,1.312,0,0,N/A,N/A,N/A,N/A,N/A,N/A,N/A,N/A
0,4294967295,2323,1,AsStrided365,N/A,N/A,N/A,1764070366628729.173	,14.333,0.062,0,0,N/A,N/A,N/A,N/A,N/A,N/A,N/A,N/A
0,4294967295,2325,1,trans_TransData_55,N/A,N/A,N/A,1764070366628744.819	,109.979,1.312,0,0,N/A,N/A,N/A,N/A,N/A,N/A,N/A,N/A
0,4294967295,2326,1,AsStrided366,N/A,N/A,N/A,1764070366628854.882	,14.875,0.083,0,0,N/A,N/A,N/A,N/A,N/A,N/A,N/A,N/A
0,4294967295,2328,1,trans_TransData_55,N/A,N/A,N/A,1764070366628870.965	,109.792,1.208,0,0,N/A,N/A,N/A,N/A,N/A,N/A,N/A,N/A
0,4294967295,2329,1,AsStrided367,N/A,N/A,N/A,1764070366628980.840	,14.312,0.083,0,0,N/A,N/A,N/A,N/A,N/A,N/A,N/A,N/A
0,4294967295,2331,1,trans_TransData_55,N/A,N/A,N/A,1764070366628996.465	,78.583,1.312,0,0,N/A,N/A,N/A,N/A,N/A,N/A,N/A,N/A
0,4294967295,2332,1,AsStrided368,N/A,N/A,N/A,1764070366629075.132	,13.917,0.083,0,0,N/A,N/A,N/A,N/A,N/A,N/A,N/A,N/A
0,4294967295,2334,1,trans_TransData_55,N/A,N/A,N/A,1764070366629103.798	,103.396,14.75,0,0,N/A,N/A,N/A,N/A,N/A,N/A,N/A,N/A
0,4294967295,2335,1,AsStrided369,N/A,N/A,N/A,1764070366629207.256	,14.125,0.062,0,0,N/A,N/A,N/A,N/A,N/A,N/A,N/A,N/A
0,4294967295,2337,1,trans_TransData_55,N/A,N/A,N/A,1764070366629222.673	,117.062,1.292,0,0,N/A,N/A,N/A,N/A,N/A,N/A,N/A,N/A
0,4294967295,2338,1,AsStrided370,N/A,N/A,N/A,1764070366629339.819	,14.208,0.083,0,0,N/A,N/A,N/A,N/A,N/A,N/A,N/A,N/A
0,4294967295,2340,1,trans_TransData_55,N/A,N/A,N/A,1764070366629355.340	,90.833,1.312,0,0,N/A,N/A,N/A,N/A,N/A,N/A,N/A,N/A
0,4294967295,2341,1,AsStrided371,N/A,N/A,N/A,1764070366629446.236	,14.917,0.062,0,0,N/A,N/A,N/A,N/A,N/A,N/A,N/A,N/A
0,4294967295,2343,1,trans_TransData_55,N/A,N/A,N/A,1764070366629464.882	,124.146,3.729,0,0,N/A,N/A,N/A,N/A,N/A,N/A,N/A,N/A
0,4294967295,2344,1,AsStrided372,N/A,N/A,N/A,1764070366629589.111	,14.125,0.083,0,0,N/A,N/A,N/A,N/A,N/A,N/A,N/A,N/A
0,4294967295,2346,1,trans_TransData_55,N/A,N/A,N/A,1764070366629604.569	,108.167,1.333,0,0,N/A,N/A,N/A,N/A,N/A,N/A,N/A,N/A
0,4294967295,2347,1,AsStrided373,N/A,N/A,N/A,1764070366629712.819	,14.333,0.083,0,0,N/A,N/A,N/A,N/A,N/A,N/A,N/A,N/A
0,4294967295,2349,1,trans_TransData_55,N/A,N/A,N/A,1764070366629728.465	,94.104,1.312,0,0,N/A,N/A,N/A,N/A,N/A,N/A,N/A,N/A
0,4294967295,2350,1,AsStrided374,N/A,N/A,N/A,1764070366629822.652	,14.521,0.083,0,0,N/A,N/A,N/A,N/A,N/A,N/A,N/A,N/A
0,4294967295,2352,1,trans_TransData_55,N/A,N/A,N/A,1764070366629838.402	,107.917,1.229,0,0,N/A,N/A,N/A,N/A,N/A,N/A,N/A,N/A
0,4294967295,2353,1,AsStrided375,N/A,N/A,N/A,1764070366629946.402	,14.042,0.083,0,0,N/A,N/A,N/A,N/A,N/A,N/A,N/A,N/A
0,4294967295,2355,1,trans_TransData_55,N/A,N/A,N/A,1764070366629961.756	,79.229,1.312,0,0,N/A,N/A,N/A,N/A,N/A,N/A,N/A,N/A
0,4294967295,2356,1,AsStrided376,N/A,N/A,N/A,1764070366630041.069	,14.917,0.083,0,0,N/A,N/A,N/A,N/A,N/A,N/A,N/A,N/A
0,4294967295,2358,1,trans_TransData_55,N/A,N/A,N/A,1764070366630068.506	,97.062,12.521,0,0,N/A,N/A,N/A,N/A,N/A,N/A,N/A,N/A
0,4294967295,2359,1,AsStrided377,N/A,N/A,N/A,1764070366630165.632	,14.125,0.062,0,0,N/A,N/A,N/A,N/A,N/A,N/A,N/A,N/A
0,4294967295,2361,1,trans_TransData_55,N/A,N/A,N/A,1764070366630184.506	,120.583,4.75,0,0,N/A,N/A,N/A,N/A,N/A,N/A,N/A,N/A
0,4294967295,2362,1,AsStrided378,N/A,N/A,N/A,1764070366630305.152	,14.0,0.062,0,0,N/A,N/A,N/A,N/A,N/A,N/A,N/A,N/A
0,4294967295,2364,1,trans_TransData_55,N/A,N/A,N/A,1764070366630320.382	,122.229,1.229,0,0,N/A,N/A,N/A,N/A,N/A,N/A,N/A,N/A
0,4294967295,2365,1,AsStrided379,N/A,N/A,N/A,1764070366630442.694	,14.229,0.083,0,0,N/A,N/A,N/A,N/A,N/A,N/A,N/A,N/A
0,4294967295,2367,1,trans_TransData_55,N/A,N/A,N/A,1764070366630458.236	,110.812,1.312,0,0,N/A,N/A,N/A,N/A,N/A,N/A,N/A,N/A
0,4294967295,2368,1,AsStrided380,N/A,N/A,N/A,1764070366630647.444	,14.0,78.396,0,0,N/A,N/A,N/A,N/A,N/A,N/A,N/A,N/A
0,4294967295,2370,1,trans_TransData_55,N/A,N/A,N/A,1764070366630728.986	,125.854,67.542,0,0,N/A,N/A,N/A,N/A,N/A,N/A,N/A,N/A
0,4294967295,2371,1,AsStrided381,N/A,N/A,N/A,1764070366630854.923	,14.896,0.083,0,0,N/A,N/A,N/A,N/A,N/A,N/A,N/A,N/A
0,4294967295,2373,1,trans_TransData_55,N/A,N/A,N/A,1764070366630871.132	,107.271,1.312,0,0,N/A,N/A,N/A,N/A,N/A,N/A,N/A,N/A
0,4294967295,2374,1,AsStrided382,N/A,N/A,N/A,1764070366630978.486	,14.229,0.083,0,0,N/A,N/A,N/A,N/A,N/A,N/A,N/A,N/A
0,4294967295,2376,1,trans_TransData_55,N/A,N/A,N/A,1764070366630993.944	,94.688,1.229,0,0,N/A,N/A,N/A,N/A,N/A,N/A,N/A,N/A
0,4294967295,2377,1,AsStrided383,N/A,N/A,N/A,1764070366631088.715	,13.896,0.083,0,0,N/A,N/A,N/A,N/A,N/A,N/A,N/A,N/A
0,4294967295,2379,1,trans_TransData_55,N/A,N/A,N/A,1764070366631103.861	,94.188,1.25,0,0,N/A,N/A,N/A,N/A,N/A,N/A,N/A,N/A
0,4294967295,2380,1,AsStrided384,N/A,N/A,N/A,1764070366631198.132	,14.208,0.083,0,0,N/A,N/A,N/A,N/A,N/A,N/A,N/A,N/A
0,4294967295,2382,1,trans_TransData_55,N/A,N/A,N/A,1764070366631217.715	,120.312,5.375,0,0,N/A,N/A,N/A,N/A,N/A,N/A,N/A,N/A
0,4294967295,2383,1,AsStrided385,N/A,N/A,N/A,1764070366631338.111	,14.25,0.083,0,0,N/A,N/A,N/A,N/A,N/A,N/A,N/A,N/A
0,4294967295,2385,1,trans_TransData_55,N/A,N/A,N/A,1764070366631353.569	,83.083,1.208,0,0,N/A,N/A,N/A,N/A,N/A,N/A,N/A,N/A
0,4294967295,2386,1,AsStrided386,N/A,N/A,N/A,1764070366631436.736	,14.188,0.083,0,0,N/A,N/A,N/A,N/A,N/A,N/A,N/A,N/A
0,4294967295,2388,1,trans_TransData_55,N/A,N/A,N/A,1764070366631454.486	,124.104,3.562,0,0,N/A,N/A,N/A,N/A,N/A,N/A,N/A,N/A
0,4294967295,2389,1,AsStrided387,N/A,N/A,N/A,1764070366631578.673	,13.917,0.083,0,0,N/A,N/A,N/A,N/A,N/A,N/A,N/A,N/A
0,4294967295,2391,1,trans_TransData_55,N/A,N/A,N/A,1764070366631593.902	,97.438,1.312,0,0,N/A,N/A,N/A,N/A,N/A,N/A,N/A,N/A
0,4294967295,2392,1,AsStrided388,N/A,N/A,N/A,1764070366631691.402	,14.25,0.062,0,0,N/A,N/A,N/A,N/A,N/A,N/A,N/A,N/A
0,4294967295,2394,1,trans_TransData_55,N/A,N/A,N/A,1764070366631706.882	,94.771,1.229,0,0,N/A,N/A,N/A,N/A,N/A,N/A,N/A,N/A
0,4294967295,2395,1,AsStrided389,N/A,N/A,N/A,1764070366631801.736	,14.229,0.083,0,0,N/A,N/A,N/A,N/A,N/A,N/A,N/A,N/A
0,4294967295,2397,1,trans_TransData_55,N/A,N/A,N/A,1764070366631817.152	,108.375,1.188,0,0,N/A,N/A,N/A,N/A,N/A,N/A,N/A,N/A
0,4294967295,2398,1,AsStrided390,N/A,N/A,N/A,1764070366631925.611	,14.125,0.083,0,0,N/A,N/A,N/A,N/A,N/A,N/A,N/A,N/A
0,4294967295,2400,1,trans_TransData_55,N/A,N/A,N/A,1764070366631940.965	,91.125,1.229,0,0,N/A,N/A,N/A,N/A,N/A,N/A,N/A,N/A
0,4294967295,2401,1,AsStrided391,N/A,N/A,N/A,1764070366632032.152	,14.229,0.062,0,0,N/A,N/A,N/A,N/A,N/A,N/A,N/A,N/A
0,4294967295,2403,1,trans_TransData_55,N/A,N/A,N/A,1764070366632049.298	,96.438,2.917,0,0,N/A,N/A,N/A,N/A,N/A,N/A,N/A,N/A
0,4294967295,2404,1,AsStrided392,N/A,N/A,N/A,1764070366632145.819	,14.125,0.083,0,0,N/A,N/A,N/A,N/A,N/A,N/A,N/A,N/A
0,4294967295,2406,1,trans_TransData_55,N/A,N/A,N/A,1764070366632163.715	,95.479,3.771,0,0,N/A,N/A,N/A,N/A,N/A,N/A,N/A,N/A
0,4294967295,2407,1,AsStrided393,N/A,N/A,N/A,1764070366632259.256	,14.333,0.062,0,0,N/A,N/A,N/A,N/A,N/A,N/A,N/A,N/A
0,4294967295,2409,1,trans_TransData_55,N/A,N/A,N/A,1764070366632277.048	,80.729,3.458,0,0,N/A,N/A,N/A,N/A,N/A,N/A,N/A,N/A
0,4294967295,2410,1,AsStrided394,N/A,N/A,N/A,1764070366632380.798	,14.979,23.021,0,0,N/A,N/A,N/A,N/A,N/A,N/A,N/A,N/A
0,4294967295,2412,1,trans_TransData_55,N/A,N/A,N/A,1764070366632407.902	,90.771,12.125,0,0,N/A,N/A,N/A,N/A,N/A,N/A,N/A,N/A
0,4294967295,2413,1,AsStrided395,N/A,N/A,N/A,1764070366632498.736	,14.229,0.062,0,0,N/A,N/A,N/A,N/A,N/A,N/A,N/A,N/A
0,4294967295,2415,1,trans_TransData_55,N/A,N/A,N/A,1764070366632567.840	,99.667,54.875,0,0,N/A,N/A,N/A,N/A,N/A,N/A,N/A,N/A
0,4294967295,2416,1,AsStrided396,N/A,N/A,N/A,1764070366632667.590	,14.667,0.083,0,0,N/A,N/A,N/A,N/A,N/A,N/A,N/A,N/A
0,4294967295,2418,1,trans_TransData_55,N/A,N/A,N/A,1764070366632708.611	,95.833,26.354,0,0,N/A,N/A,N/A,N/A,N/A,N/A,N/A,N/A
0,4294967295,2419,1,AsStrided397,N/A,N/A,N/A,1764070366632804.506	,14.0,0.062,0,0,N/A,N/A,N/A,N/A,N/A,N/A,N/A,N/A
0,4294967295,2421,1,trans_TransData_55,N/A,N/A,N/A,1764070366632833.548	,101.958,15.042,0,0,N/A,N/A,N/A,N/A,N/A,N/A,N/A,N/A
0,4294967295,2422,1,AsStrided398,N/A,N/A,N/A,1764070366632935.590	,14.229,0.083,0,0,N/A,N/A,N/A,N/A,N/A,N/A,N/A,N/A
0,4294967295,2424,1,trans_TransData_55,N/A,N/A,N/A,1764070366632951.111	,110.5,1.292,0,0,N/A,N/A,N/A,N/A,N/A,N/A,N/A,N/A
0,4294967295,2425,1,AsStrided399,N/A,N/A,N/A,1764070366633061.694	,13.917,0.083,0,0,N/A,N/A,N/A,N/A,N/A,N/A,N/A,N/A
0,4294967295,2427,1,trans_TransData_55,N/A,N/A,N/A,1764070366633077.736	,101.208,2.125,0,0,N/A,N/A,N/A,N/A,N/A,N/A,N/A,N/A
0,4294967295,2428,1,AsStrided400,N/A,N/A,N/A,1764070366633179.006	,14.208,0.062,0,0,N/A,N/A,N/A,N/A,N/A,N/A,N/A,N/A
0,4294967295,2430,1,trans_TransData_55,N/A,N/A,N/A,1764070366633194.444	,106.5,1.229,0,0,N/A,N/A,N/A,N/A,N/A,N/A,N/A,N/A
0,4294967295,2431,1,AsStrided401,N/A,N/A,N/A,1764070366633301.027	,14.208,0.083,0,0,N/A,N/A,N/A,N/A,N/A,N/A,N/A,N/A
0,4294967295,2433,1,trans_TransData_55,N/A,N/A,N/A,1764070366633455.673	,102.062,140.438,0,0,N/A,N/A,N/A,N/A,N/A,N/A,N/A,N/A
0,4294967295,2434,1,AsStrided402,N/A,N/A,N/A,1764070366633557.819	,13.896,0.083,0,0,N/A,N/A,N/A,N/A,N/A,N/A,N/A,N/A
0,4294967295,2436,1,trans_TransData_55,N/A,N/A,N/A,1764070366633575.194	,107.896,3.479,0,0,N/A,N/A,N/A,N/A,N/A,N/A,N/A,N/A
0,4294967295,2437,1,AsStrided403,N/A,N/A,N/A,1764070366633683.173	,14.208,0.083,0,0,N/A,N/A,N/A,N/A,N/A,N/A,N/A,N/A
0,4294967295,2439,1,trans_TransData_55,N/A,N/A,N/A,1764070366633698.694	,80.958,1.312,0,0,N/A,N/A,N/A,N/A,N/A,N/A,N/A,N/A
0,4294967295,2440,1,AsStrided404,N/A,N/A,N/A,1764070366633779.736	,13.875,0.083,0,0,N/A,N/A,N/A,N/A,N/A,N/A,N/A,N/A
0,4294967295,2442,1,trans_TransData_55,N/A,N/A,N/A,1764070366633814.382	,109.188,20.771,0,0,N/A,N/A,N/A,N/A,N/A,N/A,N/A,N/A
0,4294967295,2443,1,AsStrided405,N/A,N/A,N/A,1764070366633923.632	,14.333,0.062,0,0,N/A,N/A,N/A,N/A,N/A,N/A,N/A,N/A
0,4294967295,2445,1,trans_TransData_55,N/A,N/A,N/A,1764070366633939.152	,92.479,1.188,0,0,N/A,N/A,N/A,N/A,N/A,N/A,N/A,N/A
0,4294967295,2446,1,AsStrided406,N/A,N/A,N/A,1764070366634031.715	,13.938,0.083,0,0,N/A,N/A,N/A,N/A,N/A,N/A,N/A,N/A
0,4294967295,2448,1,Pack407/Pack00,N/A,N/A,N/A,1764070370622125.840	,14.292,3988080.188,0,0,N/A,N/A,N/A,N/A,N/A,N/A,N/A,N/A
0,4294967295,2449,1,Pack407/Pack10,N/A,N/A,N/A,1764070370622267.277	,12.125,127.146,0,0,N/A,N/A,N/A,N/A,N/A,N/A,N/A,N/A
0,4294967295,2450,1,Pack407/Pack20,N/A,N/A,N/A,1764070370622387.611	,11.917,108.208,0,0,N/A,N/A,N/A,N/A,N/A,N/A,N/A,N/A
0,4294967295,2451,1,Pack407/Pack30,N/A,N/A,N/A,1764070370622500.632	,12.396,101.104,0,0,N/A,N/A,N/A,N/A,N/A,N/A,N/A,N/A
0,4294967295,2452,1,Pack407/Pack40,N/A,N/A,N/A,1764070370622620.923	,13.812,107.896,0,0,N/A,N/A,N/A,N/A,N/A,N/A,N/A,N/A
0,4294967295,2453,1,Pack407/Pack50,N/A,N/A,N/A,1764070370622723.923	,12.667,89.188,0,0,N/A,N/A,N/A,N/A,N/A,N/A,N/A,N/A
0,4294967295,2454,1,Pack407/Pack60,N/A,N/A,N/A,1764070370622811.694	,15.354,75.104,0,0,N/A,N/A,N/A,N/A,N/A,N/A,N/A,N/A
0,4294967295,2455,1,Pack407/Pack70,N/A,N/A,N/A,1764070370622905.340	,14.521,78.292,0,0,N/A,N/A,N/A,N/A,N/A,N/A,N/A,N/A
0,4294967295,2456,1,Pack407/Pack80,N/A,N/A,N/A,1764070370623006.736	,14.604,86.875,0,0,N/A,N/A,N/A,N/A,N/A,N/A,N/A,N/A
0,4294967295,2457,1,Pack407/Pack90,N/A,N/A,N/A,1764070370623077.319	,8.375,55.979,0,0,N/A,N/A,N/A,N/A,N/A,N/A,N/A,N/A
0,4294967295,2458,1,Pack407/PackBase_node0,N/A,N/A,N/A,1764070370623136.756	,40.896,51.062,0,0,N/A,N/A,N/A,N/A,N/A,N/A,N/A,N/A
0,4294967295,2459,1,AsStrided106,N/A,N/A,N/A,1764070370623324.965	,36.604,147.312,0,0,N/A,N/A,N/A,N/A,N/A,N/A,N/A,N/A
0,4294967295,2461,1,AsStrided108,N/A,N/A,N/A,1764070370623500.756	,14.458,139.188,0,0,N/A,N/A,N/A,N/A,N/A,N/A,N/A,N/A
0,4294967295,2463,1,AsStrided109,N/A,N/A,N/A,1764070370623622.486	,14.292,107.271,0,0,N/A,N/A,N/A,N/A,N/A,N/A,N/A,N/A
0,4294967295,2465,1,AsStrided110,N/A,N/A,N/A,1764070370623745.736	,14.396,108.958,0,0,N/A,N/A,N/A,N/A,N/A,N/A,N/A,N/A
0,4294967295,2467,1,AsStrided111,N/A,N/A,N/A,1764070370623839.048	,14.875,78.917,0,0,N/A,N/A,N/A,N/A,N/A,N/A,N/A,N/A
0,4294967295,2469,1,AsStrided112,N/A,N/A,N/A,1764070370623939.902	,13.938,85.979,0,0,N/A,N/A,N/A,N/A,N/A,N/A,N/A,N/A
0,4294967295,2471,1,AsStrided113,N/A,N/A,N/A,1764070370624034.756	,14.417,80.917,0,0,N/A,N/A,N/A,N/A,N/A,N/A,N/A,N/A
0,4294967295,2473,1,AsStrided114,N/A,N/A,N/A,1764070370624140.965	,14.417,91.792,0,0,N/A,N/A,N/A,N/A,N/A,N/A,N/A,N/A
0,4294967295,2475,1,AsStrided115,N/A,N/A,N/A,1764070370624237.444	,14.458,82.062,0,0,N/A,N/A,N/A,N/A,N/A,N/A,N/A,N/A
0,4294967295,2477,1,AsStrided116,N/A,N/A,N/A,1764070370624328.756	,14.417,76.854,0,0,N/A,N/A,N/A,N/A,N/A,N/A,N/A,N/A
0,4294967295,2479,1,AsStrided117,N/A,N/A,N/A,1764070370624480.069	,14.438,136.896,0,0,N/A,N/A,N/A,N/A,N/A,N/A,N/A,N/A
0,4294967295,2481,1,AsStrided118,N/A,N/A,N/A,1764070370624590.506	,14.167,96.0,0,0,N/A,N/A,N/A,N/A,N/A,N/A,N/A,N/A
0,4294967295,2483,1,AsStrided119,N/A,N/A,N/A,1764070370624707.027	,14.5,102.354,0,0,N/A,N/A,N/A,N/A,N/A,N/A,N/A,N/A
0,4294967295,2485,1,AsStrided120,N/A,N/A,N/A,1764070370630811.006	,14.979,6089.479,0,0,N/A,N/A,N/A,N/A,N/A,N/A,N/A,N/A
0,4294967295,2487,1,AsStrided121,N/A,N/A,N/A,1764070370631269.715	,13.958,443.729,0,0,N/A,N/A,N/A,N/A,N/A,N/A,N/A,N/A
0,4294967295,2489,1,AsStrided122,N/A,N/A,N/A,1764070370631432.632	,14.188,148.958,0,0,N/A,N/A,N/A,N/A,N/A,N/A,N/A,N/A
0,4294967295,2491,1,AsStrided123,N/A,N/A,N/A,1764070370631538.361	,14.521,91.542,0,0,N/A,N/A,N/A,N/A,N/A,N/A,N/A,N/A
0,4294967295,2493,1,AsStrided124,N/A,N/A,N/A,1764070370631634.256	,14.458,81.375,0,0,N/A,N/A,N/A,N/A,N/A,N/A,N/A,N/A
0,4294967295,2495,1,AsStrided125,N/A,N/A,N/A,1764070370631825.486	,14.375,176.771,0,0,N/A,N/A,N/A,N/A,N/A,N/A,N/A,N/A
0,4294967295,2497,1,AsStrided126,N/A,N/A,N/A,1764070370632118.548	,13.917,278.688,0,0,N/A,N/A,N/A,N/A,N/A,N/A,N/A,N/A
0,4294967295,2499,1,AsStrided127,N/A,N/A,N/A,1764070370632214.194	,14.229,81.729,0,0,N/A,N/A,N/A,N/A,N/A,N/A,N/A,N/A
0,4294967295,2501,1,AsStrided128,N/A,N/A,N/A,1764070370632305.298	,13.917,76.875,0,0,N/A,N/A,N/A,N/A,N/A,N/A,N/A,N/A
0,4294967295,2503,1,AsStrided129,N/A,N/A,N/A,1764070370632487.132	,14.188,167.917,0,0,N/A,N/A,N/A,N/A,N/A,N/A,N/A,N/A
0,4294967295,2505,1,AsStrided130,N/A,N/A,N/A,1764070370632593.632	,14.208,92.312,0,0,N/A,N/A,N/A,N/A,N/A,N/A,N/A,N/A
0,4294967295,2507,1,AsStrided131,N/A,N/A,N/A,1764070370632707.569	,14.521,99.729,0,0,N/A,N/A,N/A,N/A,N/A,N/A,N/A,N/A
0,4294967295,2509,1,AsStrided132,N/A,N/A,N/A,1764070370632825.111	,14.188,103.021,0,0,N/A,N/A,N/A,N/A,N/A,N/A,N/A,N/A
0,4294967295,2511,1,AsStrided133,N/A,N/A,N/A,1764070370632926.882	,14.167,87.583,0,0,N/A,N/A,N/A,N/A,N/A,N/A,N/A,N/A
0,4294967295,2513,1,AsStrided134,N/A,N/A,N/A,1764070370633025.923	,14.125,84.875,0,0,N/A,N/A,N/A,N/A,N/A,N/A,N/A,N/A
0,4294967295,2515,1,AsStrided135,N/A,N/A,N/A,1764070370633117.590	,14.146,77.542,0,0,N/A,N/A,N/A,N/A,N/A,N/A,N/A,N/A
0,4294967295,2517,1,AsStrided136,N/A,N/A,N/A,1764070370633207.277	,14.229,75.542,0,0,N/A,N/A,N/A,N/A,N/A,N/A,N/A,N/A
0,4294967295,2519,1,AsStrided137,N/A,N/A,N/A,1764070370633298.756	,14.167,77.25,0,0,N/A,N/A,N/A,N/A,N/A,N/A,N/A,N/A
0,4294967295,2521,1,AsStrided138,N/A,N/A,N/A,1764070370633387.673	,13.938,74.75,0,0,N/A,N/A,N/A,N/A,N/A,N/A,N/A,N/A
0,4294967295,2523,1,AsStrided139,N/A,N/A,N/A,1764070370633473.506	,14.396,71.896,0,0,N/A,N/A,N/A,N/A,N/A,N/A,N/A,N/A
0,4294967295,2525,1,AsStrided140,N/A,N/A,N/A,1764070370633600.965	,13.896,113.062,0,0,N/A,N/A,N/A,N/A,N/A,N/A,N/A,N/A
0,4294967295,2527,1,AsStrided141,N/A,N/A,N/A,1764070370633694.382	,14.146,79.521,0,0,N/A,N/A,N/A,N/A,N/A,N/A,N/A,N/A
0,4294967295,2529,1,AsStrided142,N/A,N/A,N/A,1764070370633814.986	,13.938,106.458,0,0,N/A,N/A,N/A,N/A,N/A,N/A,N/A,N/A
0,4294967295,2531,1,AsStrided143,N/A,N/A,N/A,1764070370633911.652	,14.167,82.729,0,0,N/A,N/A,N/A,N/A,N/A,N/A,N/A,N/A
0,4294967295,2533,1,AsStrided144,N/A,N/A,N/A,1764070370634005.861	,14.125,80.042,0,0,N/A,N/A,N/A,N/A,N/A,N/A,N/A,N/A
0,4294967295,2535,1,AsStrided145,N/A,N/A,N/A,1764070370634098.173	,13.917,78.188,0,0,N/A,N/A,N/A,N/A,N/A,N/A,N/A,N/A
0,4294967295,2537,1,AsStrided146,N/A,N/A,N/A,1764070370634191.444	,14.125,79.354,0,0,N/A,N/A,N/A,N/A,N/A,N/A,N/A,N/A
0,4294967295,2539,1,AsStrided147,N/A,N/A,N/A,1764070370634284.673	,14.125,79.104,0,0,N/A,N/A,N/A,N/A,N/A,N/A,N/A,N/A
0,4294967295,2541,1,AsStrided148,N/A,N/A,N/A,1764070370634378.986	,14.188,80.188,0,0,N/A,N/A,N/A,N/A,N/A,N/A,N/A,N/A
0,4294967295,2543,1,AsStrided149,N/A,N/A,N/A,1764070370634468.465	,14.146,75.292,0,0,N/A,N/A,N/A,N/A,N/A,N/A,N/A,N/A
0,4294967295,2545,1,AsStrided150,N/A,N/A,N/A,1764070370634598.819	,13.979,116.208,0,0,N/A,N/A,N/A,N/A,N/A,N/A,N/A,N/A
0,4294967295,2547,1,AsStrided151,N/A,N/A,N/A,1764070370634694.444	,14.396,81.646,0,0,N/A,N/A,N/A,N/A,N/A,N/A,N/A,N/A
0,4294967295,2549,1,AsStrided152,N/A,N/A,N/A,1764070370634795.277	,14.125,86.438,0,0,N/A,N/A,N/A,N/A,N/A,N/A,N/A,N/A
0,4294967295,2551,1,AsStrided153,N/A,N/A,N/A,1764070370634915.819	,14.167,106.417,0,0,N/A,N/A,N/A,N/A,N/A,N/A,N/A,N/A
0,4294967295,2553,1,AsStrided154,N/A,N/A,N/A,1764070370635013.923	,13.938,83.938,0,0,N/A,N/A,N/A,N/A,N/A,N/A,N/A,N/A
0,4294967295,2555,1,AsStrided155,N/A,N/A,N/A,1764070370635114.569	,14.188,86.708,0,0,N/A,N/A,N/A,N/A,N/A,N/A,N/A,N/A
0,4294967295,2557,1,AsStrided156,N/A,N/A,N/A,1764070370635210.652	,14.125,81.896,0,0,N/A,N/A,N/A,N/A,N/A,N/A,N/A,N/A
0,4294967295,2559,1,AsStrided157,N/A,N/A,N/A,1764070370635304.694	,13.938,79.917,0,0,N/A,N/A,N/A,N/A,N/A,N/A,N/A,N/A
0,4294967295,2561,1,AsStrided158,N/A,N/A,N/A,1764070370635563.256	,14.292,244.625,0,0,N/A,N/A,N/A,N/A,N/A,N/A,N/A,N/A
0,4294967295,2563,1,AsStrided159,N/A,N/A,N/A,1764070370635706.069	,14.542,128.521,0,0,N/A,N/A,N/A,N/A,N/A,N/A,N/A,N/A
0,4294967295,2565,1,AsStrided160,N/A,N/A,N/A,1764070370635832.840	,14.125,112.229,0,0,N/A,N/A,N/A,N/A,N/A,N/A,N/A,N/A
0,4294967295,2567,1,AsStrided161,N/A,N/A,N/A,1764070370635944.756	,14.021,97.792,0,0,N/A,N/A,N/A,N/A,N/A,N/A,N/A,N/A
0,4294967295,2569,1,AsStrided162,N/A,N/A,N/A,1764070370636042.069	,14.25,83.292,0,0,N/A,N/A,N/A,N/A,N/A,N/A,N/A,N/A
0,4294967295,2571,1,AsStrided163,N/A,N/A,N/A,1764070370636146.902	,14.396,90.583,0,0,N/A,N/A,N/A,N/A,N/A,N/A,N/A,N/A
0,4294967295,2573,1,AsStrided164,N/A,N/A,N/A,1764070370636427.006	,14.375,265.708,0,0,N/A,N/A,N/A,N/A,N/A,N/A,N/A,N/A
0,4294967295,2575,1,AsStrided165,N/A,N/A,N/A,1764070370636522.569	,14.438,81.188,0,0,N/A,N/A,N/A,N/A,N/A,N/A,N/A,N/A
0,4294967295,2577,1,AsStrided166,N/A,N/A,N/A,1764070370636612.944	,13.958,75.938,0,0,N/A,N/A,N/A,N/A,N/A,N/A,N/A,N/A
0,4294967295,2579,1,AsStrided167,N/A,N/A,N/A,1764070370636786.756	,14.812,159.854,0,0,N/A,N/A,N/A,N/A,N/A,N/A,N/A,N/A
0,4294967295,2581,1,AsStrided168,N/A,N/A,N/A,1764070370636887.090	,14.375,85.521,0,0,N/A,N/A,N/A,N/A,N/A,N/A,N/A,N/A
0,4294967295,2583,1,AsStrided169,N/A,N/A,N/A,1764070370636997.902	,14.021,96.438,0,0,N/A,N/A,N/A,N/A,N/A,N/A,N/A,N/A
0,4294967295,2585,1,AsStrided170,N/A,N/A,N/A,1764070370637102.048	,14.5,90.125,0,0,N/A,N/A,N/A,N/A,N/A,N/A,N/A,N/A
0,4294967295,2587,1,AsStrided171,N/A,N/A,N/A,1764070370637188.819	,14.125,72.271,0,0,N/A,N/A,N/A,N/A,N/A,N/A,N/A,N/A
0,4294967295,2589,1,AsStrided172,N/A,N/A,N/A,1764070370637276.319	,14.125,73.375,0,0,N/A,N/A,N/A,N/A,N/A,N/A,N/A,N/A
0,4294967295,2591,1,AsStrided173,N/A,N/A,N/A,1764070370637362.756	,13.938,72.312,0,0,N/A,N/A,N/A,N/A,N/A,N/A,N/A,N/A
0,4294967295,2593,1,AsStrided174,N/A,N/A,N/A,1764070370637454.798	,14.146,78.104,0,0,N/A,N/A,N/A,N/A,N/A,N/A,N/A,N/A
0,4294967295,2595,1,AsStrided175,N/A,N/A,N/A,1764070370637545.361	,14.354,76.417,0,0,N/A,N/A,N/A,N/A,N/A,N/A,N/A,N/A
0,4294967295,2597,1,AsStrided176,N/A,N/A,N/A,1764070370637629.215	,14.042,69.5,0,0,N/A,N/A,N/A,N/A,N/A,N/A,N/A,N/A
0,4294967295,2599,1,AsStrided177,N/A,N/A,N/A,1764070370637710.152	,14.271,66.896,0,0,N/A,N/A,N/A,N/A,N/A,N/A,N/A,N/A
0,4294967295,2601,1,AsStrided178,N/A,N/A,N/A,1764070370637830.632	,14.146,106.208,0,0,N/A,N/A,N/A,N/A,N/A,N/A,N/A,N/A
0,4294967295,2603,1,AsStrided179,N/A,N/A,N/A,1764070370637923.069	,14.229,78.292,0,0,N/A,N/A,N/A,N/A,N/A,N/A,N/A,N/A
0,4294967295,2605,1,AsStrided180,N/A,N/A,N/A,1764070370638008.444	,13.896,71.146,0,0,N/A,N/A,N/A,N/A,N/A,N/A,N/A,N/A
0,4294967295,2607,1,AsStrided181,N/A,N/A,N/A,1764070370638119.923	,14.146,97.583,0,0,N/A,N/A,N/A,N/A,N/A,N/A,N/A,N/A
0,4294967295,2609,1,AsStrided182,N/A,N/A,N/A,1764070370638224.736	,14.917,90.667,0,0,N/A,N/A,N/A,N/A,N/A,N/A,N/A,N/A
0,4294967295,2611,1,AsStrided183,N/A,N/A,N/A,1764070370638311.777	,13.917,72.125,0,0,N/A,N/A,N/A,N/A,N/A,N/A,N/A,N/A
0,4294967295,2613,1,AsStrided184,N/A,N/A,N/A,1764070370638404.319	,14.125,78.625,0,0,N/A,N/A,N/A,N/A,N/A,N/A,N/A,N/A
0,4294967295,2615,1,AsStrided185,N/A,N/A,N/A,1764070370638559.652	,13.938,141.208,0,0,N/A,N/A,N/A,N/A,N/A,N/A,N/A,N/A
0,4294967295,2617,1,AsStrided186,N/A,N/A,N/A,1764070370638670.673	,14.146,97.083,0,0,N/A,N/A,N/A,N/A,N/A,N/A,N/A,N/A
0,4294967295,2619,1,AsStrided187,N/A,N/A,N/A,1764070370638764.611	,14.271,79.792,0,0,N/A,N/A,N/A,N/A,N/A,N/A,N/A,N/A
0,4294967295,2621,1,AsStrided188,N/A,N/A,N/A,1764070370638851.527	,13.958,72.646,0,0,N/A,N/A,N/A,N/A,N/A,N/A,N/A,N/A
0,4294967295,2623,1,AsStrided189,N/A,N/A,N/A,1764070370638970.423	,14.208,104.938,0,0,N/A,N/A,N/A,N/A,N/A,N/A,N/A,N/A
0,4294967295,2625,1,AsStrided190,N/A,N/A,N/A,1764070370639243.756	,13.938,259.125,0,0,N/A,N/A,N/A,N/A,N/A,N/A,N/A,N/A
0,4294967295,2627,1,AsStrided191,N/A,N/A,N/A,1764070370639340.756	,14.125,83.062,0,0,N/A,N/A,N/A,N/A,N/A,N/A,N/A,N/A
0,4294967295,2629,1,AsStrided192,N/A,N/A,N/A,1764070370639431.548	,13.917,76.667,0,0,N/A,N/A,N/A,N/A,N/A,N/A,N/A,N/A
0,4294967295,2631,1,AsStrided193,N/A,N/A,N/A,1764070370639533.111	,15.042,87.646,0,0,N/A,N/A,N/A,N/A,N/A,N/A,N/A,N/A
0,4294967295,2633,1,AsStrided194,N/A,N/A,N/A,1764070370639618.965	,14.146,70.812,0,0,N/A,N/A,N/A,N/A,N/A,N/A,N/A,N/A
0,4294967295,2635,1,AsStrided195,N/A,N/A,N/A,1764070370639707.632	,13.917,74.521,0,0,N/A,N/A,N/A,N/A,N/A,N/A,N/A,N/A
0,4294967295,2637,1,AsStrided196,N/A,N/A,N/A,1764070370639790.965	,14.125,69.417,0,0,N/A,N/A,N/A,N/A,N/A,N/A,N/A,N/A
0,4294967295,2639,1,AsStrided197,N/A,N/A,N/A,1764070370639887.319	,14.833,82.229,0,0,N/A,N/A,N/A,N/A,N/A,N/A,N/A,N/A
0,4294967295,2641,1,AsStrided198,N/A,N/A,N/A,1764070370640002.861	,14.146,100.708,0,0,N/A,N/A,N/A,N/A,N/A,N/A,N/A,N/A
0,4294967295,2643,1,AsStrided199,N/A,N/A,N/A,1764070370640092.673	,14.062,75.667,0,0,N/A,N/A,N/A,N/A,N/A,N/A,N/A,N/A
0,4294967295,2645,1,AsStrided200,N/A,N/A,N/A,1764070370640193.694	,14.188,86.958,0,0,N/A,N/A,N/A,N/A,N/A,N/A,N/A,N/A
0,4294967295,2647,1,AsStrided201,N/A,N/A,N/A,1764070370640297.423	,15.042,89.542,0,0,N/A,N/A,N/A,N/A,N/A,N/A,N/A,N/A
0,4294967295,2649,1,AsStrided202,N/A,N/A,N/A,1764070370640434.986	,13.917,122.521,0,0,N/A,N/A,N/A,N/A,N/A,N/A,N/A,N/A
0,4294967295,2651,1,AsStrided203,N/A,N/A,N/A,1764070370640524.569	,14.396,75.667,0,0,N/A,N/A,N/A,N/A,N/A,N/A,N/A,N/A
0,4294967295,2653,1,AsStrided204,N/A,N/A,N/A,1764070370640617.319	,14.188,78.354,0,0,N/A,N/A,N/A,N/A,N/A,N/A,N/A,N/A
0,4294967295,2655,1,AsStrided205,N/A,N/A,N/A,1764070370640706.861	,14.521,75.354,0,0,N/A,N/A,N/A,N/A,N/A,N/A,N/A,N/A
0,4294967295,2657,1,AsStrided206,N/A,N/A,N/A,1764070370640791.298	,14.167,69.917,0,0,N/A,N/A,N/A,N/A,N/A,N/A,N/A,N/A
0,4294967295,2659,1,AsStrided207,N/A,N/A,N/A,1764070370640881.069	,14.417,75.604,0,0,N/A,N/A,N/A,N/A,N/A,N/A,N/A,N/A
0,4294967295,2661,1,AsStrided208,N/A,N/A,N/A,1764070370640970.694	,14.146,75.208,0,0,N/A,N/A,N/A,N/A,N/A,N/A,N/A,N/A
0,4294967295,2663,1,AsStrided209,N/A,N/A,N/A,1764070370641090.444	,14.146,105.604,0,0,N/A,N/A,N/A,N/A,N/A,N/A,N/A,N/A
0,4294967295,2665,1,AsStrided210,N/A,N/A,N/A,1764070370641180.069	,14.146,75.479,0,0,N/A,N/A,N/A,N/A,N/A,N/A,N/A,N/A
0,4294967295,2667,1,AsStrided211,N/A,N/A,N/A,1764070370641288.652	,14.062,94.438,0,0,N/A,N/A,N/A,N/A,N/A,N/A,N/A,N/A
0,4294967295,2669,1,AsStrided212,N/A,N/A,N/A,1764070370641382.006	,14.125,79.292,0,0,N/A,N/A,N/A,N/A,N/A,N/A,N/A,N/A
0,4294967295,2671,1,AsStrided213,N/A,N/A,N/A,1764070370641469.652	,14.146,73.521,0,0,N/A,N/A,N/A,N/A,N/A,N/A,N/A,N/A
0,4294967295,2673,1,AsStrided214,N/A,N/A,N/A,1764070370641557.590	,14.083,73.792,0,0,N/A,N/A,N/A,N/A,N/A,N/A,N/A,N/A
0,4294967295,2675,1,AsStrided215,N/A,N/A,N/A,1764070370641698.111	,14.167,126.438,0,0,N/A,N/A,N/A,N/A,N/A,N/A,N/A,N/A
0,4294967295,2677,1,AsStrided216,N/A,N/A,N/A,1764070370641814.506	,14.833,102.229,0,0,N/A,N/A,N/A,N/A,N/A,N/A,N/A,N/A
0,4294967295,2679,1,AsStrided217,N/A,N/A,N/A,1764070370641902.423	,14.146,73.083,0,0,N/A,N/A,N/A,N/A,N/A,N/A,N/A,N/A
0,4294967295,2681,1,AsStrided218,N/A,N/A,N/A,1764070370641986.902	,13.938,70.333,0,0,N/A,N/A,N/A,N/A,N/A,N/A,N/A,N/A
0,4294967295,2683,1,AsStrided219,N/A,N/A,N/A,1764070370642102.715	,14.292,101.875,0,0,N/A,N/A,N/A,N/A,N/A,N/A,N/A,N/A
0,4294967295,2685,1,AsStrided220,N/A,N/A,N/A,1764070370642200.736	,14.521,83.729,0,0,N/A,N/A,N/A,N/A,N/A,N/A,N/A,N/A
0,4294967295,2687,1,AsStrided221,N/A,N/A,N/A,1764070370642293.652	,14.125,78.396,0,0,N/A,N/A,N/A,N/A,N/A,N/A,N/A,N/A
0,4294967295,2689,1,AsStrided222,N/A,N/A,N/A,1764070370642563.382	,14.167,255.604,0,0,N/A,N/A,N/A,N/A,N/A,N/A,N/A,N/A
0,4294967295,2691,1,AsStrided223,N/A,N/A,N/A,1764070370642668.756	,14.833,91.208,0,0,N/A,N/A,N/A,N/A,N/A,N/A,N/A,N/A
0,4294967295,2693,1,AsStrided224,N/A,N/A,N/A,1764070370642758.152	,14.292,74.562,0,0,N/A,N/A,N/A,N/A,N/A,N/A,N/A,N/A
0,4294967295,2695,1,AsStrided225,N/A,N/A,N/A,1764070370642844.673	,14.458,72.229,0,0,N/A,N/A,N/A,N/A,N/A,N/A,N/A,N/A
0,4294967295,2697,1,AsStrided226,N/A,N/A,N/A,1764070370642928.673	,13.917,69.542,0,0,N/A,N/A,N/A,N/A,N/A,N/A,N/A,N/A
0,4294967295,2699,1,AsStrided227,N/A,N/A,N/A,1764070370643023.590	,14.146,81.0,0,0,N/A,N/A,N/A,N/A,N/A,N/A,N/A,N/A
0,4294967295,2701,1,AsStrided228,N/A,N/A,N/A,1764070370643107.902	,13.917,70.167,0,0,N/A,N/A,N/A,N/A,N/A,N/A,N/A,N/A
0,4294967295,2703,1,AsStrided229,N/A,N/A,N/A,1764070370643204.152	,14.312,82.333,0,0,N/A,N/A,N/A,N/A,N/A,N/A,N/A,N/A
0,4294967295,2705,1,AsStrided230,N/A,N/A,N/A,1764070370643291.402	,14.417,72.938,0,0,N/A,N/A,N/A,N/A,N/A,N/A,N/A,N/A
0,4294967295,2707,1,AsStrided231,N/A,N/A,N/A,1764070370643388.111	,14.875,82.292,0,0,N/A,N/A,N/A,N/A,N/A,N/A,N/A,N/A
0,4294967295,2709,1,AsStrided232,N/A,N/A,N/A,1764070370643472.423	,14.125,69.438,0,0,N/A,N/A,N/A,N/A,N/A,N/A,N/A,N/A
0,4294967295,2711,1,AsStrided233,N/A,N/A,N/A,1764070370643558.861	,14.0,72.312,0,0,N/A,N/A,N/A,N/A,N/A,N/A,N/A,N/A
0,4294967295,2713,1,AsStrided234,N/A,N/A,N/A,1764070370643650.736	,14.146,77.875,0,0,N/A,N/A,N/A,N/A,N/A,N/A,N/A,N/A
0,4294967295,2715,1,AsStrided235,N/A,N/A,N/A,1764070370643734.861	,14.292,69.979,0,0,N/A,N/A,N/A,N/A,N/A,N/A,N/A,N/A
0,4294967295,2717,1,AsStrided236,N/A,N/A,N/A,1764070370643819.465	,13.917,70.312,0,0,N/A,N/A,N/A,N/A,N/A,N/A,N/A,N/A
0,4294967295,2719,1,AsStrided237,N/A,N/A,N/A,1764070370643903.402	,14.167,70.021,0,0,N/A,N/A,N/A,N/A,N/A,N/A,N/A,N/A
0,4294967295,2721,1,AsStrided238,N/A,N/A,N/A,1764070370643996.486	,14.917,78.917,0,0,N/A,N/A,N/A,N/A,N/A,N/A,N/A,N/A
0,4294967295,2723,1,AsStrided239,N/A,N/A,N/A,1764070370644083.861	,14.167,72.458,0,0,N/A,N/A,N/A,N/A,N/A,N/A,N/A,N/A
0,4294967295,2725,1,AsStrided240,N/A,N/A,N/A,1764070370644168.861	,14.021,70.833,0,0,N/A,N/A,N/A,N/A,N/A,N/A,N/A,N/A
0,4294967295,2727,1,AsStrided241,N/A,N/A,N/A,1764070370644252.423	,14.208,69.542,0,0,N/A,N/A,N/A,N/A,N/A,N/A,N/A,N/A
0,4294967295,2729,1,AsStrided242,N/A,N/A,N/A,1764070370644400.069	,14.167,133.438,0,0,N/A,N/A,N/A,N/A,N/A,N/A,N/A,N/A
0,4294967295,2731,1,AsStrided243,N/A,N/A,N/A,1764070370651229.486	,15.479,6815.25,0,0,N/A,N/A,N/A,N/A,N/A,N/A,N/A,N/A
0,4294967295,2733,1,AsStrided244,N/A,N/A,N/A,1764070370651347.027	,14.479,102.062,0,0,N/A,N/A,N/A,N/A,N/A,N/A,N/A,N/A
0,4294967295,2735,1,AsStrided245,N/A,N/A,N/A,1764070370651445.090	,14.333,83.583,0,0,N/A,N/A,N/A,N/A,N/A,N/A,N/A,N/A
0,4294967295,2737,1,AsStrided246,N/A,N/A,N/A,1764070370651557.194	,14.875,97.771,0,0,N/A,N/A,N/A,N/A,N/A,N/A,N/A,N/A
0,4294967295,2739,1,AsStrided247,N/A,N/A,N/A,1764070370651650.590	,14.208,78.521,0,0,N/A,N/A,N/A,N/A,N/A,N/A,N/A,N/A
0,4294967295,2741,1,AsStrided248,N/A,N/A,N/A,1764070370651745.277	,14.229,80.479,0,0,N/A,N/A,N/A,N/A,N/A,N/A,N/A,N/A
0,4294967295,2743,1,AsStrided249,N/A,N/A,N/A,1764070370651848.402	,14.625,88.896,0,0,N/A,N/A,N/A,N/A,N/A,N/A,N/A,N/A
0,4294967295,2745,1,AsStrided250,N/A,N/A,N/A,1764070370651940.944	,14.271,77.917,0,0,N/A,N/A,N/A,N/A,N/A,N/A,N/A,N/A
0,4294967295,2747,1,AsStrided251,N/A,N/A,N/A,1764070370652037.506	,14.25,82.292,0,0,N/A,N/A,N/A,N/A,N/A,N/A,N/A,N/A
0,4294967295,2749,1,AsStrided252,N/A,N/A,N/A,1764070370652131.923	,14.021,80.167,0,0,N/A,N/A,N/A,N/A,N/A,N/A,N/A,N/A
0,4294967295,2751,1,AsStrided253,N/A,N/A,N/A,1764070370652226.298	,14.271,80.354,0,0,N/A,N/A,N/A,N/A,N/A,N/A,N/A,N/A
0,4294967295,2753,1,AsStrided254,N/A,N/A,N/A,1764070370652541.319	,14.5,300.75,0,0,N/A,N/A,N/A,N/A,N/A,N/A,N/A,N/A
0,4294967295,2755,1,AsStrided255,N/A,N/A,N/A,1764070370652651.090	,14.25,95.271,0,0,N/A,N/A,N/A,N/A,N/A,N/A,N/A,N/A
0,4294967295,2757,1,AsStrided256,N/A,N/A,N/A,1764070370652734.402	,14.271,69.062,0,0,N/A,N/A,N/A,N/A,N/A,N/A,N/A,N/A
0,4294967295,2759,1,AsStrided257,N/A,N/A,N/A,1764070370652830.819	,14.125,82.146,0,0,N/A,N/A,N/A,N/A,N/A,N/A,N/A,N/A
0,4294967295,2761,1,AsStrided258,N/A,N/A,N/A,1764070370652921.173	,14.25,76.229,0,0,N/A,N/A,N/A,N/A,N/A,N/A,N/A,N/A
0,4294967295,2763,1,AsStrided259,N/A,N/A,N/A,1764070370653010.569	,13.938,75.146,0,0,N/A,N/A,N/A,N/A,N/A,N/A,N/A,N/A
0,4294967295,2765,1,AsStrided260,N/A,N/A,N/A,1764070370653095.277	,14.208,70.771,0,0,N/A,N/A,N/A,N/A,N/A,N/A,N/A,N/A
0,4294967295,2767,1,AsStrided261,N/A,N/A,N/A,1764070370653199.923	,14.833,90.438,0,0,N/A,N/A,N/A,N/A,N/A,N/A,N/A,N/A
0,4294967295,2769,1,AsStrided262,N/A,N/A,N/A,1764070370653291.215	,13.917,76.458,0,0,N/A,N/A,N/A,N/A,N/A,N/A,N/A,N/A
0,4294967295,2771,1,AsStrided263,N/A,N/A,N/A,1764070370653381.194	,14.583,76.062,0,0,N/A,N/A,N/A,N/A,N/A,N/A,N/A,N/A
0,4294967295,2773,1,AsStrided264,N/A,N/A,N/A,1764070370653466.632	,14.292,70.854,0,0,N/A,N/A,N/A,N/A,N/A,N/A,N/A,N/A
0,4294967295,2775,1,AsStrided265,N/A,N/A,N/A,1764070370653566.256	,14.958,85.333,0,0,N/A,N/A,N/A,N/A,N/A,N/A,N/A,N/A
0,4294967295,2777,1,AsStrided266,N/A,N/A,N/A,1764070370653658.923	,13.938,77.708,0,0,N/A,N/A,N/A,N/A,N/A,N/A,N/A,N/A
0,4294967295,2779,1,AsStrided267,N/A,N/A,N/A,1764070370653746.902	,14.208,74.042,0,0,N/A,N/A,N/A,N/A,N/A,N/A,N/A,N/A
0,4294967295,2781,1,AsStrided268,N/A,N/A,N/A,1764070370653841.111	,14.208,80.0,0,0,N/A,N/A,N/A,N/A,N/A,N/A,N/A,N/A
0,4294967295,2783,1,AsStrided269,N/A,N/A,N/A,1764070370653938.423	,13.958,83.104,0,0,N/A,N/A,N/A,N/A,N/A,N/A,N/A,N/A
0,4294967295,2785,1,AsStrided270,N/A,N/A,N/A,1764070370654025.569	,14.167,73.188,0,0,N/A,N/A,N/A,N/A,N/A,N/A,N/A,N/A
0,4294967295,2787,1,AsStrided271,N/A,N/A,N/A,1764070370654113.756	,14.25,74.021,0,0,N/A,N/A,N/A,N/A,N/A,N/A,N/A,N/A
0,4294967295,2789,1,AsStrided272,N/A,N/A,N/A,1764070370654210.756	,14.167,82.75,0,0,N/A,N/A,N/A,N/A,N/A,N/A,N/A,N/A
0,4294967295,2791,1,AsStrided273,N/A,N/A,N/A,1764070370654301.673	,14.125,76.75,0,0,N/A,N/A,N/A,N/A,N/A,N/A,N/A,N/A
0,4294967295,2793,1,AsStrided274,N/A,N/A,N/A,1764070370654392.944	,14.208,77.146,0,0,N/A,N/A,N/A,N/A,N/A,N/A,N/A,N/A
0,4294967295,2795,1,AsStrided275,N/A,N/A,N/A,1764070370654487.819	,14.25,80.667,0,0,N/A,N/A,N/A,N/A,N/A,N/A,N/A,N/A
0,4294967295,2797,1,AsStrided276,N/A,N/A,N/A,1764070370654642.736	,13.958,140.667,0,0,N/A,N/A,N/A,N/A,N/A,N/A,N/A,N/A
0,4294967295,2799,1,AsStrided277,N/A,N/A,N/A,1764070370654756.361	,14.208,99.667,0,0,N/A,N/A,N/A,N/A,N/A,N/A,N/A,N/A
0,4294967295,2801,1,AsStrided278,N/A,N/A,N/A,1764070370654851.006	,14.0,80.438,0,0,N/A,N/A,N/A,N/A,N/A,N/A,N/A,N/A
0,4294967295,2803,1,AsStrided279,N/A,N/A,N/A,1764070370654940.944	,14.229,75.938,0,0,N/A,N/A,N/A,N/A,N/A,N/A,N/A,N/A
0,4294967295,2805,1,AsStrided280,N/A,N/A,N/A,1764070370655040.736	,14.708,85.562,0,0,N/A,N/A,N/A,N/A,N/A,N/A,N/A,N/A
0,4294967295,2807,1,AsStrided281,N/A,N/A,N/A,1764070370655141.715	,14.542,86.271,0,0,N/A,N/A,N/A,N/A,N/A,N/A,N/A,N/A
0,4294967295,2809,1,AsStrided282,N/A,N/A,N/A,1764070370655235.611	,14.729,79.354,0,0,N/A,N/A,N/A,N/A,N/A,N/A,N/A,N/A
0,4294967295,2811,1,AsStrided283,N/A,N/A,N/A,1764070370655330.236	,14.188,79.896,0,0,N/A,N/A,N/A,N/A,N/A,N/A,N/A,N/A
0,4294967295,2813,1,AsStrided284,N/A,N/A,N/A,1764070370655415.548	,14.271,71.125,0,0,N/A,N/A,N/A,N/A,N/A,N/A,N/A,N/A
0,4294967295,2815,1,AsStrided285,N/A,N/A,N/A,1764070370655502.027	,14.083,72.208,0,0,N/A,N/A,N/A,N/A,N/A,N/A,N/A,N/A
0,4294967295,2817,1,AsStrided286,N/A,N/A,N/A,1764070370655761.923	,14.458,245.812,0,0,N/A,N/A,N/A,N/A,N/A,N/A,N/A,N/A
0,4294967295,2819,1,AsStrided287,N/A,N/A,N/A,1764070370658406.090	,15.167,2629.708,0,0,N/A,N/A,N/A,N/A,N/A,N/A,N/A,N/A
0,4294967295,2821,1,AsStrided288,N/A,N/A,N/A,1764070370658709.048	,14.125,287.792,0,0,N/A,N/A,N/A,N/A,N/A,N/A,N/A,N/A
0,4294967295,2823,1,AsStrided289,N/A,N/A,N/A,1764070370658821.173	,14.375,98.0,0,0,N/A,N/A,N/A,N/A,N/A,N/A,N/A,N/A
0,4294967295,2825,1,AsStrided290,N/A,N/A,N/A,1764070370658916.027	,14.083,80.479,0,0,N/A,N/A,N/A,N/A,N/A,N/A,N/A,N/A
0,4294967295,2827,1,AsStrided291,N/A,N/A,N/A,1764070370659030.506	,14.375,100.396,0,0,N/A,N/A,N/A,N/A,N/A,N/A,N/A,N/A
0,4294967295,2829,1,AsStrided292,N/A,N/A,N/A,1764070370659122.882	,14.021,78.0,0,0,N/A,N/A,N/A,N/A,N/A,N/A,N/A,N/A
0,4294967295,2831,1,AsStrided293,N/A,N/A,N/A,1764070370659209.486	,14.333,72.583,0,0,N/A,N/A,N/A,N/A,N/A,N/A,N/A,N/A
0,4294967295,2833,1,AsStrided294,N/A,N/A,N/A,1764070370659296.402	,14.271,72.583,0,0,N/A,N/A,N/A,N/A,N/A,N/A,N/A,N/A
0,4294967295,2835,1,AsStrided295,N/A,N/A,N/A,1764070370659392.611	,13.938,81.938,0,0,N/A,N/A,N/A,N/A,N/A,N/A,N/A,N/A
0,4294967295,2837,1,AsStrided296,N/A,N/A,N/A,1764070370659479.777	,14.125,73.229,0,0,N/A,N/A,N/A,N/A,N/A,N/A,N/A,N/A
0,4294967295,2839,1,AsStrided297,N/A,N/A,N/A,1764070370659564.736	,13.917,70.833,0,0,N/A,N/A,N/A,N/A,N/A,N/A,N/A,N/A
0,4294967295,2841,1,AsStrided298,N/A,N/A,N/A,1764070370659655.506	,14.125,76.854,0,0,N/A,N/A,N/A,N/A,N/A,N/A,N/A,N/A
0,4294967295,2843,1,AsStrided299,N/A,N/A,N/A,1764070370659746.715	,14.479,77.083,0,0,N/A,N/A,N/A,N/A,N/A,N/A,N/A,N/A
0,4294967295,2845,1,AsStrided300,N/A,N/A,N/A,1764070370659826.986	,14.042,65.792,0,0,N/A,N/A,N/A,N/A,N/A,N/A,N/A,N/A
0,4294967295,2847,1,AsStrided301,N/A,N/A,N/A,1764070370659909.819	,14.271,68.792,0,0,N/A,N/A,N/A,N/A,N/A,N/A,N/A,N/A
0,4294967295,2849,1,AsStrided302,N/A,N/A,N/A,1764070370659998.132	,14.625,74.042,0,0,N/A,N/A,N/A,N/A,N/A,N/A,N/A,N/A
0,4294967295,2851,1,AsStrided303,N/A,N/A,N/A,1764070370660088.902	,14.229,76.146,0,0,N/A,N/A,N/A,N/A,N/A,N/A,N/A,N/A
0,4294967295,2853,1,AsStrided304,N/A,N/A,N/A,1764070370660177.402	,13.938,74.271,0,0,N/A,N/A,N/A,N/A,N/A,N/A,N/A,N/A
0,4294967295,2855,1,AsStrided305,N/A,N/A,N/A,1764070370660265.798	,14.333,74.458,0,0,N/A,N/A,N/A,N/A,N/A,N/A,N/A,N/A
0,4294967295,2857,1,AsStrided306,N/A,N/A,N/A,1764070370660418.986	,14.521,138.854,0,0,N/A,N/A,N/A,N/A,N/A,N/A,N/A,N/A
0,4294967295,2859,1,AsStrided307,N/A,N/A,N/A,1764070370660507.506	,14.021,74.0,0,0,N/A,N/A,N/A,N/A,N/A,N/A,N/A,N/A
0,4294967295,2861,1,AsStrided308,N/A,N/A,N/A,1764070370660590.027	,14.229,68.5,0,0,N/A,N/A,N/A,N/A,N/A,N/A,N/A,N/A
0,4294967295,2863,1,AsStrided309,N/A,N/A,N/A,1764070370660698.423	,14.938,94.167,0,0,N/A,N/A,N/A,N/A,N/A,N/A,N/A,N/A
0,4294967295,2865,1,AsStrided310,N/A,N/A,N/A,1764070370660779.194	,14.167,65.833,0,0,N/A,N/A,N/A,N/A,N/A,N/A,N/A,N/A
0,4294967295,2867,1,AsStrided311,N/A,N/A,N/A,1764070370660868.611	,14.021,75.25,0,0,N/A,N/A,N/A,N/A,N/A,N/A,N/A,N/A
0,4294967295,2869,1,AsStrided312,N/A,N/A,N/A,1764070370660956.819	,14.167,74.188,0,0,N/A,N/A,N/A,N/A,N/A,N/A,N/A,N/A
0,4294967295,2871,1,AsStrided313,N/A,N/A,N/A,1764070370661044.673	,14.188,73.688,0,0,N/A,N/A,N/A,N/A,N/A,N/A,N/A,N/A
0,4294967295,2873,1,AsStrided314,N/A,N/A,N/A,1764070370661128.527	,14.292,69.667,0,0,N/A,N/A,N/A,N/A,N/A,N/A,N/A,N/A
0,4294967295,2875,1,AsStrided315,N/A,N/A,N/A,1764070370661214.236	,14.333,71.417,0,0,N/A,N/A,N/A,N/A,N/A,N/A,N/A,N/A
0,4294967295,2877,1,AsStrided316,N/A,N/A,N/A,1764070370661300.048	,13.917,71.479,0,0,N/A,N/A,N/A,N/A,N/A,N/A,N/A,N/A
0,4294967295,2879,1,AsStrided317,N/A,N/A,N/A,1764070370661391.798	,14.833,77.833,0,0,N/A,N/A,N/A,N/A,N/A,N/A,N/A,N/A
0,4294967295,2881,1,AsStrided318,N/A,N/A,N/A,1764070370661664.506	,14.583,257.875,0,0,N/A,N/A,N/A,N/A,N/A,N/A,N/A,N/A
0,4294967295,2883,1,AsStrided319,N/A,N/A,N/A,1764070370661752.361	,14.021,73.271,0,0,N/A,N/A,N/A,N/A,N/A,N/A,N/A,N/A
0,4294967295,2885,1,AsStrided320,N/A,N/A,N/A,1764070370661835.423	,14.25,69.042,0,0,N/A,N/A,N/A,N/A,N/A,N/A,N/A,N/A
0,4294967295,2887,1,AsStrided321,N/A,N/A,N/A,1764070370661928.986	,14.312,79.312,0,0,N/A,N/A,N/A,N/A,N/A,N/A,N/A,N/A
0,4294967295,2889,1,AsStrided322,N/A,N/A,N/A,1764070370662016.236	,14.479,72.938,0,0,N/A,N/A,N/A,N/A,N/A,N/A,N/A,N/A
0,4294967295,2891,1,AsStrided323,N/A,N/A,N/A,1764070370662100.673	,14.188,69.958,0,0,N/A,N/A,N/A,N/A,N/A,N/A,N/A,N/A
0,4294967295,2893,1,AsStrided324,N/A,N/A,N/A,1764070370662184.736	,14.333,69.875,0,0,N/A,N/A,N/A,N/A,N/A,N/A,N/A,N/A
0,4294967295,2895,1,AsStrided325,N/A,N/A,N/A,1764070370662281.736	,14.333,82.667,0,0,N/A,N/A,N/A,N/A,N/A,N/A,N/A,N/A
0,4294967295,2897,1,AsStrided326,N/A,N/A,N/A,1764070370662369.027	,14.021,72.958,0,0,N/A,N/A,N/A,N/A,N/A,N/A,N/A,N/A
0,4294967295,2899,1,AsStrided327,N/A,N/A,N/A,1764070370662455.673	,14.188,72.625,0,0,N/A,N/A,N/A,N/A,N/A,N/A,N/A,N/A
0,4294967295,2901,1,AsStrided328,N/A,N/A,N/A,1764070370662585.402	,14.188,115.542,0,0,N/A,N/A,N/A,N/A,N/A,N/A,N/A,N/A
0,4294967295,2903,1,AsStrided329,N/A,N/A,N/A,1764070370662682.944	,14.479,83.354,0,0,N/A,N/A,N/A,N/A,N/A,N/A,N/A,N/A
0,4294967295,2905,1,AsStrided330,N/A,N/A,N/A,1764070370662770.423	,14.146,73.0,0,0,N/A,N/A,N/A,N/A,N/A,N/A,N/A,N/A
0,4294967295,2907,1,AsStrided331,N/A,N/A,N/A,1764070370662857.923	,14.292,73.354,0,0,N/A,N/A,N/A,N/A,N/A,N/A,N/A,N/A
0,4294967295,2909,1,AsStrided332,N/A,N/A,N/A,1764070370662956.090	,14.229,83.875,0,0,N/A,N/A,N/A,N/A,N/A,N/A,N/A,N/A
0,4294967295,2911,1,AsStrided333,N/A,N/A,N/A,1764070370663041.569	,14.354,71.25,0,0,N/A,N/A,N/A,N/A,N/A,N/A,N/A,N/A
0,4294967295,2913,1,AsStrided334,N/A,N/A,N/A,1764070370663126.527	,14.5,70.604,0,0,N/A,N/A,N/A,N/A,N/A,N/A,N/A,N/A
0,4294967295,2915,1,AsStrided335,N/A,N/A,N/A,1764070370663211.923	,14.021,70.896,0,0,N/A,N/A,N/A,N/A,N/A,N/A,N/A,N/A
0,4294967295,2917,1,AsStrided336,N/A,N/A,N/A,1764070370663305.506	,14.5,79.562,0,0,N/A,N/A,N/A,N/A,N/A,N/A,N/A,N/A
0,4294967295,2919,1,AsStrided337,N/A,N/A,N/A,1764070370663393.465	,14.458,73.458,0,0,N/A,N/A,N/A,N/A,N/A,N/A,N/A,N/A
0,4294967295,2921,1,AsStrided338,N/A,N/A,N/A,1764070370666039.736	,15.146,2631.812,0,0,N/A,N/A,N/A,N/A,N/A,N/A,N/A,N/A
0,4294967295,2923,1,AsStrided339,N/A,N/A,N/A,1764070370666192.173	,14.917,137.292,0,0,N/A,N/A,N/A,N/A,N/A,N/A,N/A,N/A
0,4294967295,2925,1,AsStrided340,N/A,N/A,N/A,1764070370666296.069	,13.938,88.979,0,0,N/A,N/A,N/A,N/A,N/A,N/A,N/A,N/A
0,4294967295,2927,1,AsStrided341,N/A,N/A,N/A,1764070370666384.236	,14.229,74.229,0,0,N/A,N/A,N/A,N/A,N/A,N/A,N/A,N/A
0,4294967295,2929,1,AsStrided342,N/A,N/A,N/A,1764070370666470.715	,14.104,72.25,0,0,N/A,N/A,N/A,N/A,N/A,N/A,N/A,N/A
0,4294967295,2931,1,AsStrided343,N/A,N/A,N/A,1764070370666704.340	,14.188,219.521,0,0,N/A,N/A,N/A,N/A,N/A,N/A,N/A,N/A
0,4294967295,2933,1,AsStrided344,N/A,N/A,N/A,1764070370666848.465	,14.146,129.938,0,0,N/A,N/A,N/A,N/A,N/A,N/A,N/A,N/A
0,4294967295,2935,1,AsStrided345,N/A,N/A,N/A,1764070370666944.090	,13.958,81.479,0,0,N/A,N/A,N/A,N/A,N/A,N/A,N/A,N/A
0,4294967295,2937,1,AsStrided346,N/A,N/A,N/A,1764070370667033.402	,14.333,75.354,0,0,N/A,N/A,N/A,N/A,N/A,N/A,N/A,N/A
0,4294967295,2939,1,AsStrided347,N/A,N/A,N/A,1764070370667129.256	,14.146,81.521,0,0,N/A,N/A,N/A,N/A,N/A,N/A,N/A,N/A
0,4294967295,2941,1,AsStrided348,N/A,N/A,N/A,1764070370667216.236	,14.125,72.833,0,0,N/A,N/A,N/A,N/A,N/A,N/A,N/A,N/A
0,4294967295,2943,1,AsStrided349,N/A,N/A,N/A,1764070370667303.652	,14.312,73.292,0,0,N/A,N/A,N/A,N/A,N/A,N/A,N/A,N/A
0,4294967295,2945,1,AsStrided350,N/A,N/A,N/A,1764070370667553.402	,14.479,235.438,0,0,N/A,N/A,N/A,N/A,N/A,N/A,N/A,N/A
0,4294967295,2947,1,AsStrided351,N/A,N/A,N/A,1764070370667647.777	,14.271,79.896,0,0,N/A,N/A,N/A,N/A,N/A,N/A,N/A,N/A
0,4294967295,2949,1,AsStrided352,N/A,N/A,N/A,1764070370667734.215	,14.042,72.167,0,0,N/A,N/A,N/A,N/A,N/A,N/A,N/A,N/A
0,4294967295,2951,1,AsStrided353,N/A,N/A,N/A,1764070370667832.152	,14.188,83.896,0,0,N/A,N/A,N/A,N/A,N/A,N/A,N/A,N/A
0,4294967295,2953,1,AsStrided354,N/A,N/A,N/A,1764070370667927.819	,14.042,81.479,0,0,N/A,N/A,N/A,N/A,N/A,N/A,N/A,N/A
0,4294967295,2955,1,AsStrided355,N/A,N/A,N/A,1764070370668022.819	,14.167,80.958,0,0,N/A,N/A,N/A,N/A,N/A,N/A,N/A,N/A
0,4294967295,2957,1,AsStrided356,N/A,N/A,N/A,1764070370668105.402	,13.979,68.417,0,0,N/A,N/A,N/A,N/A,N/A,N/A,N/A,N/A
0,4294967295,2959,1,AsStrided357,N/A,N/A,N/A,1764070370668246.486	,14.25,127.104,0,0,N/A,N/A,N/A,N/A,N/A,N/A,N/A,N/A
0,4294967295,2961,1,AsStrided358,N/A,N/A,N/A,1764070370668390.340	,14.188,129.604,0,0,N/A,N/A,N/A,N/A,N/A,N/A,N/A,N/A
0,4294967295,2963,1,AsStrided359,N/A,N/A,N/A,1764070370668497.486	,15.021,92.958,0,0,N/A,N/A,N/A,N/A,N/A,N/A,N/A,N/A
0,4294967295,2965,1,AsStrided360,N/A,N/A,N/A,1764070370668584.152	,14.167,71.646,0,0,N/A,N/A,N/A,N/A,N/A,N/A,N/A,N/A
0,4294967295,2967,1,AsStrided361,N/A,N/A,N/A,1764070370668693.965	,14.125,95.646,0,0,N/A,N/A,N/A,N/A,N/A,N/A,N/A,N/A
0,4294967295,2969,1,AsStrided362,N/A,N/A,N/A,1764070370668764.756	,14.375,56.667,0,0,N/A,N/A,N/A,N/A,N/A,N/A,N/A,N/A
0,4294967295,2971,1,AsStrided363,N/A,N/A,N/A,1764070370668847.173	,14.333,68.042,0,0,N/A,N/A,N/A,N/A,N/A,N/A,N/A,N/A
0,4294967295,2973,1,AsStrided364,N/A,N/A,N/A,1764070370668933.402	,13.917,71.896,0,0,N/A,N/A,N/A,N/A,N/A,N/A,N/A,N/A
0,4294967295,2975,1,AsStrided365,N/A,N/A,N/A,1764070370669014.569	,14.25,67.25,0,0,N/A,N/A,N/A,N/A,N/A,N/A,N/A,N/A
0,4294967295,2977,1,AsStrided366,N/A,N/A,N/A,1764070370669105.923	,14.354,77.104,0,0,N/A,N/A,N/A,N/A,N/A,N/A,N/A,N/A
0,4294967295,2979,1,AsStrided367,N/A,N/A,N/A,1764070370669191.944	,14.146,71.667,0,0,N/A,N/A,N/A,N/A,N/A,N/A,N/A,N/A
0,4294967295,2981,1,AsStrided368,N/A,N/A,N/A,1764070370669277.882	,14.0,71.792,0,0,N/A,N/A,N/A,N/A,N/A,N/A,N/A,N/A
0,4294967295,2983,1,AsStrided369,N/A,N/A,N/A,1764070370669361.090	,14.438,69.208,0,0,N/A,N/A,N/A,N/A,N/A,N/A,N/A,N/A
0,4294967295,2985,1,AsStrided370,N/A,N/A,N/A,1764070370669451.027	,14.188,75.5,0,0,N/A,N/A,N/A,N/A,N/A,N/A,N/A,N/A
0,4294967295,2987,1,AsStrided371,N/A,N/A,N/A,1764070370669534.986	,13.938,69.771,0,0,N/A,N/A,N/A,N/A,N/A,N/A,N/A,N/A
0,4294967295,2989,1,AsStrided372,N/A,N/A,N/A,1764070370669616.840	,14.146,67.917,0,0,N/A,N/A,N/A,N/A,N/A,N/A,N/A,N/A
0,4294967295,2991,1,AsStrided373,N/A,N/A,N/A,1764070370669699.736	,14.354,68.75,0,0,N/A,N/A,N/A,N/A,N/A,N/A,N/A,N/A
0,4294967295,2993,1,AsStrided374,N/A,N/A,N/A,1764070370669795.902	,14.917,81.812,0,0,N/A,N/A,N/A,N/A,N/A,N/A,N/A,N/A
0,4294967295,2995,1,AsStrided375,N/A,N/A,N/A,1764070370669879.132	,14.042,68.312,0,0,N/A,N/A,N/A,N/A,N/A,N/A,N/A,N/A
0,4294967295,2997,1,AsStrided376,N/A,N/A,N/A,1764070370669965.173	,14.396,72.0,0,0,N/A,N/A,N/A,N/A,N/A,N/A,N/A,N/A
0,4294967295,2999,1,AsStrided377,N/A,N/A,N/A,1764070370670059.861	,14.333,80.292,0,0,N/A,N/A,N/A,N/A,N/A,N/A,N/A,N/A
0,4294967295,3001,1,AsStrided378,N/A,N/A,N/A,1764070370670143.527	,13.938,69.333,0,0,N/A,N/A,N/A,N/A,N/A,N/A,N/A,N/A
0,4294967295,3003,1,AsStrided379,N/A,N/A,N/A,1764070370670229.736	,14.146,72.271,0,0,N/A,N/A,N/A,N/A,N/A,N/A,N/A,N/A
0,4294967295,3005,1,AsStrided380,N/A,N/A,N/A,1764070370670313.173	,13.938,69.292,0,0,N/A,N/A,N/A,N/A,N/A,N/A,N/A,N/A
0,4294967295,3007,1,AsStrided381,N/A,N/A,N/A,1764070370670406.548	,14.917,79.438,0,0,N/A,N/A,N/A,N/A,N/A,N/A,N/A,N/A
0,4294967295,3009,1,AsStrided382,N/A,N/A,N/A,1764070370670687.506	,14.167,266.042,0,0,N/A,N/A,N/A,N/A,N/A,N/A,N/A,N/A
0,4294967295,3011,1,AsStrided383,N/A,N/A,N/A,1764070370670776.506	,13.917,74.833,0,0,N/A,N/A,N/A,N/A,N/A,N/A,N/A,N/A
0,4294967295,3013,1,AsStrided384,N/A,N/A,N/A,1764070370670866.798	,14.271,76.375,0,0,N/A,N/A,N/A,N/A,N/A,N/A,N/A,N/A
0,4294967295,3015,1,AsStrided385,N/A,N/A,N/A,1764070370670964.840	,14.979,83.771,0,0,N/A,N/A,N/A,N/A,N/A,N/A,N/A,N/A
0,4294967295,3017,1,AsStrided386,N/A,N/A,N/A,1764070370671054.006	,14.312,74.188,0,0,N/A,N/A,N/A,N/A,N/A,N/A,N/A,N/A
0,4294967295,3019,1,AsStrided387,N/A,N/A,N/A,1764070370671143.298	,14.146,74.979,0,0,N/A,N/A,N/A,N/A,N/A,N/A,N/A,N/A
0,4294967295,3021,1,AsStrided388,N/A,N/A,N/A,1764070370671227.590	,14.167,70.146,0,0,N/A,N/A,N/A,N/A,N/A,N/A,N/A,N/A
0,4294967295,3023,1,AsStrided389,N/A,N/A,N/A,1764070370671322.819	,15.062,81.062,0,0,N/A,N/A,N/A,N/A,N/A,N/A,N/A,N/A
0,4294967295,3025,1,AsStrided390,N/A,N/A,N/A,1764070370671406.694	,14.292,68.812,0,0,N/A,N/A,N/A,N/A,N/A,N/A,N/A,N/A
0,4294967295,3027,1,AsStrided391,N/A,N/A,N/A,1764070370671491.465	,14.375,70.479,0,0,N/A,N/A,N/A,N/A,N/A,N/A,N/A,N/A
0,4294967295,3029,1,AsStrided392,N/A,N/A,N/A,1764070370671573.236	,14.312,67.396,0,0,N/A,N/A,N/A,N/A,N/A,N/A,N/A,N/A
0,4294967295,3031,1,AsStrided393,N/A,N/A,N/A,1764070370671663.715	,15.104,76.167,0,0,N/A,N/A,N/A,N/A,N/A,N/A,N/A,N/A
0,4294967295,3033,1,AsStrided394,N/A,N/A,N/A,1764070370671745.298	,14.146,66.479,0,0,N/A,N/A,N/A,N/A,N/A,N/A,N/A,N/A
0,4294967295,3035,1,AsStrided395,N/A,N/A,N/A,1764070370671826.986	,14.542,67.542,0,0,N/A,N/A,N/A,N/A,N/A,N/A,N/A,N/A
0,4294967295,3037,1,AsStrided396,N/A,N/A,N/A,1764070370671915.215	,14.146,73.688,0,0,N/A,N/A,N/A,N/A,N/A,N/A,N/A,N/A
0,4294967295,3039,1,AsStrided397,N/A,N/A,N/A,1764070370671997.256	,14.021,67.896,0,0,N/A,N/A,N/A,N/A,N/A,N/A,N/A,N/A
0,4294967295,3041,1,AsStrided398,N/A,N/A,N/A,1764070370672080.756	,14.167,69.479,0,0,N/A,N/A,N/A,N/A,N/A,N/A,N/A,N/A
0,4294967295,3043,1,AsStrided399,N/A,N/A,N/A,1764070370672164.548	,14.062,69.625,0,0,N/A,N/A,N/A,N/A,N/A,N/A,N/A,N/A
0,4294967295,3045,1,AsStrided400,N/A,N/A,N/A,1764070370672254.069	,15.25,75.458,0,0,N/A,N/A,N/A,N/A,N/A,N/A,N/A,N/A
0,4294967295,3047,1,AsStrided401,N/A,N/A,N/A,1764070370672389.777	,14.229,120.458,0,0,N/A,N/A,N/A,N/A,N/A,N/A,N/A,N/A
0,4294967295,3049,1,AsStrided402,N/A,N/A,N/A,1764070370672478.444	,14.042,74.438,0,0,N/A,N/A,N/A,N/A,N/A,N/A,N/A,N/A
0,4294967295,3051,1,AsStrided403,N/A,N/A,N/A,1764070370672561.319	,14.146,68.833,0,0,N/A,N/A,N/A,N/A,N/A,N/A,N/A,N/A
0,4294967295,3053,1,AsStrided404,N/A,N/A,N/A,1764070370672655.569	,13.958,80.104,0,0,N/A,N/A,N/A,N/A,N/A,N/A,N/A,N/A
0,4294967295,3055,1,AsStrided405,N/A,N/A,N/A,1764070370672737.173	,14.167,67.646,0,0,N/A,N/A,N/A,N/A,N/A,N/A,N/A,N/A
0,4294967295,3057,1,AsStrided406,N/A,N/A,N/A,1764070370672823.090	,13.979,71.75,0,0,N/A,N/A,N/A,N/A,N/A,N/A,N/A,N/A
0,4294967295,3059,1,AsStrided106,N/A,N/A,N/A,1764070370672909.319	,16.958,72.25,0,0,N/A,N/A,N/A,N/A,N/A,N/A,N/A,N/A
0,4294967295,3061,1,AsStrided108,N/A,N/A,N/A,1764070370673004.132	,13.875,77.854,0,0,N/A,N/A,N/A,N/A,N/A,N/A,N/A,N/A
0,4294967295,3063,1,AsStrided109,N/A,N/A,N/A,1764070370673091.632	,13.958,73.625,0,0,N/A,N/A,N/A,N/A,N/A,N/A,N/A,N/A
0,4294967295,3065,1,AsStrided110,N/A,N/A,N/A,1764070370673175.194	,14.062,69.604,0,0,N/A,N/A,N/A,N/A,N/A,N/A,N/A,N/A
0,4294967295,3067,1,AsStrided111,N/A,N/A,N/A,1764070370673264.319	,14.229,75.062,0,0,N/A,N/A,N/A,N/A,N/A,N/A,N/A,N/A
0,4294967295,3069,1,AsStrided112,N/A,N/A,N/A,1764070370673349.944	,13.875,71.396,0,0,N/A,N/A,N/A,N/A,N/A,N/A,N/A,N/A
0,4294967295,3071,1,AsStrided113,N/A,N/A,N/A,1764070370673432.861	,13.875,69.042,0,0,N/A,N/A,N/A,N/A,N/A,N/A,N/A,N/A
0,4294967295,3073,1,AsStrided114,N/A,N/A,N/A,1764070370673659.548	,13.896,212.812,0,0,N/A,N/A,N/A,N/A,N/A,N/A,N/A,N/A
0,4294967295,3075,1,AsStrided115,N/A,N/A,N/A,1764070370673754.194	,13.896,80.75,0,0,N/A,N/A,N/A,N/A,N/A,N/A,N/A,N/A
0,4294967295,3077,1,AsStrided116,N/A,N/A,N/A,1764070370673840.069	,13.875,71.979,0,0,N/A,N/A,N/A,N/A,N/A,N/A,N/A,N/A
0,4294967295,3079,1,AsStrided117,N/A,N/A,N/A,1764070370673924.006	,13.896,70.062,0,0,N/A,N/A,N/A,N/A,N/A,N/A,N/A,N/A
0,4294967295,3081,1,AsStrided118,N/A,N/A,N/A,1764070370674007.256	,13.917,69.354,0,0,N/A,N/A,N/A,N/A,N/A,N/A,N/A,N/A
0,4294967295,3083,1,AsStrided119,N/A,N/A,N/A,1764070370674099.277	,13.896,78.104,0,0,N/A,N/A,N/A,N/A,N/A,N/A,N/A,N/A
0,4294967295,3085,1,AsStrided120,N/A,N/A,N/A,1764070370674183.006	,13.875,69.833,0,0,N/A,N/A,N/A,N/A,N/A,N/A,N/A,N/A
0,4294967295,3087,1,AsStrided121,N/A,N/A,N/A,1764070370674266.590	,13.896,69.708,0,0,N/A,N/A,N/A,N/A,N/A,N/A,N/A,N/A
0,4294967295,3089,1,AsStrided122,N/A,N/A,N/A,1764070370674351.069	,13.875,70.583,0,0,N/A,N/A,N/A,N/A,N/A,N/A,N/A,N/A
0,4294967295,3091,1,AsStrided123,N/A,N/A,N/A,1764070370674444.111	,14.042,79.167,0,0,N/A,N/A,N/A,N/A,N/A,N/A,N/A,N/A
0,4294967295,3093,1,AsStrided124,N/A,N/A,N/A,1764070370674602.152	,13.896,144.0,0,0,N/A,N/A,N/A,N/A,N/A,N/A,N/A,N/A
0,4294967295,3095,1,AsStrided125,N/A,N/A,N/A,1764070370674699.006	,13.896,82.958,0,0,N/A,N/A,N/A,N/A,N/A,N/A,N/A,N/A
0,4294967295,3097,1,AsStrided126,N/A,N/A,N/A,1764070370674788.611	,13.917,75.708,0,0,N/A,N/A,N/A,N/A,N/A,N/A,N/A,N/A
0,4294967295,3099,1,AsStrided127,N/A,N/A,N/A,1764070370674885.152	,13.938,82.625,0,0,N/A,N/A,N/A,N/A,N/A,N/A,N/A,N/A
0,4294967295,3101,1,AsStrided128,N/A,N/A,N/A,1764070370674973.632	,13.917,74.542,0,0,N/A,N/A,N/A,N/A,N/A,N/A,N/A,N/A
0,4294967295,3103,1,AsStrided129,N/A,N/A,N/A,1764070370675055.715	,13.896,68.167,0,0,N/A,N/A,N/A,N/A,N/A,N/A,N/A,N/A
0,4294967295,3105,1,AsStrided130,N/A,N/A,N/A,1764070370675152.215	,13.979,82.604,0,0,N/A,N/A,N/A,N/A,N/A,N/A,N/A,N/A
0,4294967295,3107,1,AsStrided131,N/A,N/A,N/A,1764070370675238.173	,14.042,71.979,0,0,N/A,N/A,N/A,N/A,N/A,N/A,N/A,N/A
0,4294967295,3109,1,AsStrided132,N/A,N/A,N/A,1764070370675321.069	,13.917,68.854,0,0,N/A,N/A,N/A,N/A,N/A,N/A,N/A,N/A
0,4294967295,3111,1,AsStrided133,N/A,N/A,N/A,1764070370675404.132	,13.896,69.146,0,0,N/A,N/A,N/A,N/A,N/A,N/A,N/A,N/A
0,4294967295,3113,1,AsStrided134,N/A,N/A,N/A,1764070370675504.173	,13.896,86.146,0,0,N/A,N/A,N/A,N/A,N/A,N/A,N/A,N/A
0,4294967295,3115,1,AsStrided135,N/A,N/A,N/A,1764070370675593.069	,13.917,75.0,0,0,N/A,N/A,N/A,N/A,N/A,N/A,N/A,N/A
0,4294967295,3117,1,AsStrided136,N/A,N/A,N/A,1764070370675755.132	,13.896,148.146,0,0,N/A,N/A,N/A,N/A,N/A,N/A,N/A,N/A
0,4294967295,3119,1,AsStrided137,N/A,N/A,N/A,1764070370675852.569	,14.0,83.542,0,0,N/A,N/A,N/A,N/A,N/A,N/A,N/A,N/A
0,4294967295,3121,1,AsStrided138,N/A,N/A,N/A,1764070370675973.527	,13.875,106.958,0,0,N/A,N/A,N/A,N/A,N/A,N/A,N/A,N/A
0,4294967295,3123,1,AsStrided139,N/A,N/A,N/A,1764070370676058.444	,14.104,71.042,0,0,N/A,N/A,N/A,N/A,N/A,N/A,N/A,N/A
0,4294967295,3125,1,AsStrided140,N/A,N/A,N/A,1764070370676143.444	,13.875,70.896,0,0,N/A,N/A,N/A,N/A,N/A,N/A,N/A,N/A
0,4294967295,3127,1,AsStrided141,N/A,N/A,N/A,1764070370676232.840	,13.938,75.521,0,0,N/A,N/A,N/A,N/A,N/A,N/A,N/A,N/A
0,4294967295,3129,1,AsStrided142,N/A,N/A,N/A,1764070370676361.715	,13.979,114.938,0,0,N/A,N/A,N/A,N/A,N/A,N/A,N/A,N/A
0,4294967295,3131,1,AsStrided143,N/A,N/A,N/A,1764070370676448.215	,13.917,72.521,0,0,N/A,N/A,N/A,N/A,N/A,N/A,N/A,N/A
0,4294967295,3133,1,AsStrided144,N/A,N/A,N/A,1764070370676535.423	,13.958,73.292,0,0,N/A,N/A,N/A,N/A,N/A,N/A,N/A,N/A
0,4294967295,3135,1,AsStrided145,N/A,N/A,N/A,1764070370676653.944	,14.042,104.562,0,0,N/A,N/A,N/A,N/A,N/A,N/A,N/A,N/A
0,4294967295,3137,1,AsStrided146,N/A,N/A,N/A,1764070370676865.027	,13.875,197.042,0,0,N/A,N/A,N/A,N/A,N/A,N/A,N/A,N/A
0,4294967295,3139,1,AsStrided147,N/A,N/A,N/A,1764070370676958.861	,13.917,79.958,0,0,N/A,N/A,N/A,N/A,N/A,N/A,N/A,N/A
0,4294967295,3141,1,AsStrided148,N/A,N/A,N/A,1764070370677050.715	,13.917,77.938,0,0,N/A,N/A,N/A,N/A,N/A,N/A,N/A,N/A
0,4294967295,3143,1,AsStrided149,N/A,N/A,N/A,1764070370677142.132	,13.896,77.5,0,0,N/A,N/A,N/A,N/A,N/A,N/A,N/A,N/A
0,4294967295,3145,1,AsStrided150,N/A,N/A,N/A,1764070370677230.006	,13.938,73.979,0,0,N/A,N/A,N/A,N/A,N/A,N/A,N/A,N/A
0,4294967295,3147,1,AsStrided151,N/A,N/A,N/A,1764070370677322.152	,14.042,78.208,0,0,N/A,N/A,N/A,N/A,N/A,N/A,N/A,N/A
0,4294967295,3149,1,AsStrided152,N/A,N/A,N/A,1764070370677403.652	,14.021,67.458,0,0,N/A,N/A,N/A,N/A,N/A,N/A,N/A,N/A
0,4294967295,3151,1,AsStrided153,N/A,N/A,N/A,1764070370677504.736	,13.938,87.062,0,0,N/A,N/A,N/A,N/A,N/A,N/A,N/A,N/A
0,4294967295,3153,1,AsStrided154,N/A,N/A,N/A,1764070370677593.277	,13.917,74.604,0,0,N/A,N/A,N/A,N/A,N/A,N/A,N/A,N/A
0,4294967295,3155,1,AsStrided155,N/A,N/A,N/A,1764070370677680.611	,13.875,73.417,0,0,N/A,N/A,N/A,N/A,N/A,N/A,N/A,N/A
0,4294967295,3157,1,AsStrided156,N/A,N/A,N/A,1764070370677767.736	,13.896,73.25,0,0,N/A,N/A,N/A,N/A,N/A,N/A,N/A,N/A
0,4294967295,3159,1,AsStrided157,N/A,N/A,N/A,1764070370677866.256	,13.875,84.625,0,0,N/A,N/A,N/A,N/A,N/A,N/A,N/A,N/A
0,4294967295,3161,1,AsStrided158,N/A,N/A,N/A,1764070370677953.465	,13.875,73.333,0,0,N/A,N/A,N/A,N/A,N/A,N/A,N/A,N/A
0,4294967295,3163,1,AsStrided159,N/A,N/A,N/A,1764070370678040.152	,13.896,72.812,0,0,N/A,N/A,N/A,N/A,N/A,N/A,N/A,N/A
0,4294967295,3165,1,AsStrided160,N/A,N/A,N/A,1764070370678130.923	,13.875,76.875,0,0,N/A,N/A,N/A,N/A,N/A,N/A,N/A,N/A
0,4294967295,3167,1,AsStrided161,N/A,N/A,N/A,1764070370678218.944	,14.167,74.146,0,0,N/A,N/A,N/A,N/A,N/A,N/A,N/A,N/A
0,4294967295,3169,1,AsStrided162,N/A,N/A,N/A,1764070370678628.882	,13.896,395.771,0,0,N/A,N/A,N/A,N/A,N/A,N/A,N/A,N/A
0,4294967295,3171,1,AsStrided163,N/A,N/A,N/A,1764070370678738.152	,13.979,95.375,0,0,N/A,N/A,N/A,N/A,N/A,N/A,N/A,N/A
0,4294967295,3173,1,AsStrided164,N/A,N/A,N/A,1764070370678843.986	,13.896,91.854,0,0,N/A,N/A,N/A,N/A,N/A,N/A,N/A,N/A
0,4294967295,3175,1,AsStrided165,N/A,N/A,N/A,1764070370678937.194	,13.979,79.312,0,0,N/A,N/A,N/A,N/A,N/A,N/A,N/A,N/A
0,4294967295,3177,1,AsStrided166,N/A,N/A,N/A,1764070370679031.840	,13.896,80.667,0,0,N/A,N/A,N/A,N/A,N/A,N/A,N/A,N/A
0,4294967295,3179,1,AsStrided167,N/A,N/A,N/A,1764070370679119.382	,14.0,73.646,0,0,N/A,N/A,N/A,N/A,N/A,N/A,N/A,N/A
0,4294967295,3181,1,AsStrided168,N/A,N/A,N/A,1764070370679212.111	,13.875,78.729,0,0,N/A,N/A,N/A,N/A,N/A,N/A,N/A,N/A
0,4294967295,3183,1,AsStrided169,N/A,N/A,N/A,1764070370679300.652	,13.875,74.667,0,0,N/A,N/A,N/A,N/A,N/A,N/A,N/A,N/A
0,4294967295,3185,1,AsStrided170,N/A,N/A,N/A,1764070370679399.736	,14.083,85.208,0,0,N/A,N/A,N/A,N/A,N/A,N/A,N/A,N/A
0,4294967295,3187,1,AsStrided171,N/A,N/A,N/A,1764070370679473.382	,13.896,59.562,0,0,N/A,N/A,N/A,N/A,N/A,N/A,N/A,N/A
0,4294967295,3189,1,AsStrided172,N/A,N/A,N/A,1764070370679574.736	,13.875,87.458,0,0,N/A,N/A,N/A,N/A,N/A,N/A,N/A,N/A
0,4294967295,3191,1,AsStrided173,N/A,N/A,N/A,1764070370679658.194	,13.958,69.583,0,0,N/A,N/A,N/A,N/A,N/A,N/A,N/A,N/A
0,4294967295,3193,1,AsStrided174,N/A,N/A,N/A,1764070370679744.256	,13.875,72.104,0,0,N/A,N/A,N/A,N/A,N/A,N/A,N/A,N/A
0,4294967295,3195,1,AsStrided175,N/A,N/A,N/A,1764070370679836.048	,13.979,77.917,0,0,N/A,N/A,N/A,N/A,N/A,N/A,N/A,N/A
0,4294967295,3197,1,AsStrided176,N/A,N/A,N/A,1764070370679919.423	,13.854,69.396,0,0,N/A,N/A,N/A,N/A,N/A,N/A,N/A,N/A
0,4294967295,3199,1,AsStrided177,N/A,N/A,N/A,1764070370680001.590	,13.854,68.312,0,0,N/A,N/A,N/A,N/A,N/A,N/A,N/A,N/A
0,4294967295,3201,1,AsStrided178,N/A,N/A,N/A,1764070370680231.256	,13.875,215.812,0,0,N/A,N/A,N/A,N/A,N/A,N/A,N/A,N/A
0,4294967295,3203,1,AsStrided179,N/A,N/A,N/A,1764070370680392.798	,14.083,147.667,0,0,N/A,N/A,N/A,N/A,N/A,N/A,N/A,N/A
0,4294967295,3205,1,AsStrided180,N/A,N/A,N/A,1764070370680469.861	,14.042,62.979,0,0,N/A,N/A,N/A,N/A,N/A,N/A,N/A,N/A
0,4294967295,3207,1,AsStrided181,N/A,N/A,N/A,1764070370680558.152	,13.979,74.25,0,0,N/A,N/A,N/A,N/A,N/A,N/A,N/A,N/A
0,4294967295,3209,1,AsStrided182,N/A,N/A,N/A,1764070370680645.132	,14.104,73.0,0,0,N/A,N/A,N/A,N/A,N/A,N/A,N/A,N/A
0,4294967295,3211,1,AsStrided183,N/A,N/A,N/A,1764070370680740.319	,14.042,81.083,0,0,N/A,N/A,N/A,N/A,N/A,N/A,N/A,N/A
0,4294967295,3213,1,AsStrided184,N/A,N/A,N/A,1764070370680827.736	,13.979,73.375,0,0,N/A,N/A,N/A,N/A,N/A,N/A,N/A,N/A
0,4294967295,3215,1,AsStrided185,N/A,N/A,N/A,1764070370680912.715	,13.896,71.0,0,0,N/A,N/A,N/A,N/A,N/A,N/A,N/A,N/A
0,4294967295,3217,1,AsStrided186,N/A,N/A,N/A,1764070370681135.090	,13.854,208.479,0,0,N/A,N/A,N/A,N/A,N/A,N/A,N/A,N/A
0,4294967295,3219,1,AsStrided187,N/A,N/A,N/A,1764070370681435.861	,14.083,286.917,0,0,N/A,N/A,N/A,N/A,N/A,N/A,N/A,N/A
0,4294967295,3221,1,AsStrided188,N/A,N/A,N/A,1764070370681551.173	,13.958,101.229,0,0,N/A,N/A,N/A,N/A,N/A,N/A,N/A,N/A
0,4294967295,3223,1,AsStrided189,N/A,N/A,N/A,1764070370681645.256	,13.958,80.125,0,0,N/A,N/A,N/A,N/A,N/A,N/A,N/A,N/A
0,4294967295,3225,1,AsStrided190,N/A,N/A,N/A,1764070370681742.382	,13.979,83.167,0,0,N/A,N/A,N/A,N/A,N/A,N/A,N/A,N/A
0,4294967295,3227,1,AsStrided191,N/A,N/A,N/A,1764070370681829.465	,13.979,73.104,0,0,N/A,N/A,N/A,N/A,N/A,N/A,N/A,N/A
0,4294967295,3229,1,AsStrided192,N/A,N/A,N/A,1764070370681918.569	,13.938,75.125,0,0,N/A,N/A,N/A,N/A,N/A,N/A,N/A,N/A
0,4294967295,3231,1,AsStrided193,N/A,N/A,N/A,1764070370682001.402	,13.875,68.896,0,0,N/A,N/A,N/A,N/A,N/A,N/A,N/A,N/A
0,4294967295,3233,1,AsStrided194,N/A,N/A,N/A,1764070370682099.736	,14.0,84.458,0,0,N/A,N/A,N/A,N/A,N/A,N/A,N/A,N/A
0,4294967295,3235,1,AsStrided195,N/A,N/A,N/A,1764070370682185.236	,13.896,71.5,0,0,N/A,N/A,N/A,N/A,N/A,N/A,N/A,N/A
0,4294967295,3237,1,AsStrided196,N/A,N/A,N/A,1764070370682275.402	,13.875,76.271,0,0,N/A,N/A,N/A,N/A,N/A,N/A,N/A,N/A
0,4294967295,3239,1,AsStrided197,N/A,N/A,N/A,1764070370682360.798	,13.875,71.521,0,0,N/A,N/A,N/A,N/A,N/A,N/A,N/A,N/A
0,4294967295,3241,1,AsStrided198,N/A,N/A,N/A,1764070370682453.132	,13.917,78.458,0,0,N/A,N/A,N/A,N/A,N/A,N/A,N/A,N/A
0,4294967295,3243,1,AsStrided199,N/A,N/A,N/A,1764070370682614.569	,13.896,147.521,0,0,N/A,N/A,N/A,N/A,N/A,N/A,N/A,N/A
0,4294967295,3245,1,AsStrided200,N/A,N/A,N/A,1764070370682711.027	,14.562,82.562,0,0,N/A,N/A,N/A,N/A,N/A,N/A,N/A,N/A
0,4294967295,3247,1,AsStrided201,N/A,N/A,N/A,1764070370682797.361	,13.938,71.771,0,0,N/A,N/A,N/A,N/A,N/A,N/A,N/A,N/A
0,4294967295,3249,1,AsStrided202,N/A,N/A,N/A,1764070370682898.944	,13.938,87.646,0,0,N/A,N/A,N/A,N/A,N/A,N/A,N/A,N/A
0,4294967295,3251,1,AsStrided203,N/A,N/A,N/A,1764070370682983.277	,14.021,70.396,0,0,N/A,N/A,N/A,N/A,N/A,N/A,N/A,N/A
0,4294967295,3253,1,AsStrided204,N/A,N/A,N/A,1764070370683069.715	,13.958,72.417,0,0,N/A,N/A,N/A,N/A,N/A,N/A,N/A,N/A
0,4294967295,3255,1,AsStrided205,N/A,N/A,N/A,1764070370683160.840	,13.875,77.167,0,0,N/A,N/A,N/A,N/A,N/A,N/A,N/A,N/A
0,4294967295,3257,1,AsStrided206,N/A,N/A,N/A,1764070370683245.548	,13.917,70.833,0,0,N/A,N/A,N/A,N/A,N/A,N/A,N/A,N/A
0,4294967295,3259,1,AsStrided207,N/A,N/A,N/A,1764070370683331.569	,13.875,72.104,0,0,N/A,N/A,N/A,N/A,N/A,N/A,N/A,N/A
0,4294967295,3261,1,AsStrided208,N/A,N/A,N/A,1764070370683415.840	,14.146,70.396,0,0,N/A,N/A,N/A,N/A,N/A,N/A,N/A,N/A
0,4294967295,3263,1,AsStrided209,N/A,N/A,N/A,1764070370683504.756	,13.875,74.771,0,0,N/A,N/A,N/A,N/A,N/A,N/A,N/A,N/A
0,4294967295,3265,1,AsStrided210,N/A,N/A,N/A,1764070370683759.111	,14.75,240.479,0,0,N/A,N/A,N/A,N/A,N/A,N/A,N/A,N/A
0,4294967295,3267,1,AsStrided211,N/A,N/A,N/A,1764070370683850.777	,13.896,76.917,0,0,N/A,N/A,N/A,N/A,N/A,N/A,N/A,N/A
0,4294967295,3269,1,AsStrided212,N/A,N/A,N/A,1764070370683939.402	,13.875,74.729,0,0,N/A,N/A,N/A,N/A,N/A,N/A,N/A,N/A
0,4294967295,3271,1,AsStrided213,N/A,N/A,N/A,1764070370684034.277	,13.979,81.0,0,0,N/A,N/A,N/A,N/A,N/A,N/A,N/A,N/A
0,4294967295,3273,1,AsStrided214,N/A,N/A,N/A,1764070370684117.694	,13.854,69.438,0,0,N/A,N/A,N/A,N/A,N/A,N/A,N/A,N/A
0,4294967295,3275,1,AsStrided215,N/A,N/A,N/A,1764070370684203.736	,13.896,72.188,0,0,N/A,N/A,N/A,N/A,N/A,N/A,N/A,N/A
0,4294967295,3277,1,AsStrided216,N/A,N/A,N/A,1764070370684340.840	,13.917,123.208,0,0,N/A,N/A,N/A,N/A,N/A,N/A,N/A,N/A
0,4294967295,3279,1,AsStrided217,N/A,N/A,N/A,1764070370687594.736	,14.104,3239.979,0,0,N/A,N/A,N/A,N/A,N/A,N/A,N/A,N/A
0,4294967295,3281,1,AsStrided218,N/A,N/A,N/A,1764070370687903.277	,14.333,294.438,0,0,N/A,N/A,N/A,N/A,N/A,N/A,N/A,N/A
0,4294967295,3283,1,AsStrided219,N/A,N/A,N/A,1764070370688026.173	,14.292,108.562,0,0,N/A,N/A,N/A,N/A,N/A,N/A,N/A,N/A
0,4294967295,3285,1,AsStrided220,N/A,N/A,N/A,1764070370688136.965	,14.146,96.5,0,0,N/A,N/A,N/A,N/A,N/A,N/A,N/A,N/A
0,4294967295,3287,1,AsStrided221,N/A,N/A,N/A,1764070370688278.382	,13.896,127.271,0,0,N/A,N/A,N/A,N/A,N/A,N/A,N/A,N/A
0,4294967295,3289,1,AsStrided222,N/A,N/A,N/A,1764070370688390.340	,13.896,98.062,0,0,N/A,N/A,N/A,N/A,N/A,N/A,N/A,N/A
0,4294967295,3291,1,AsStrided223,N/A,N/A,N/A,1764070370688494.069	,14.104,89.833,0,0,N/A,N/A,N/A,N/A,N/A,N/A,N/A,N/A
0,4294967295,3293,1,AsStrided224,N/A,N/A,N/A,1764070370688609.548	,14.167,101.375,0,0,N/A,N/A,N/A,N/A,N/A,N/A,N/A,N/A
0,4294967295,3295,1,AsStrided225,N/A,N/A,N/A,1764070370688705.173	,14.0,81.458,0,0,N/A,N/A,N/A,N/A,N/A,N/A,N/A,N/A
0,4294967295,3297,1,AsStrided226,N/A,N/A,N/A,1764070370688812.132	,13.958,92.958,0,0,N/A,N/A,N/A,N/A,N/A,N/A,N/A,N/A
0,4294967295,3299,1,AsStrided227,N/A,N/A,N/A,1764070370693154.569	,14.333,4328.479,0,0,N/A,N/A,N/A,N/A,N/A,N/A,N/A,N/A
0,4294967295,3301,1,AsStrided228,N/A,N/A,N/A,1764070370693306.048	,14.229,137.146,0,0,N/A,N/A,N/A,N/A,N/A,N/A,N/A,N/A
0,4294967295,3303,1,AsStrided229,N/A,N/A,N/A,1764070370693422.256	,14.271,101.979,0,0,N/A,N/A,N/A,N/A,N/A,N/A,N/A,N/A
0,4294967295,3305,1,AsStrided230,N/A,N/A,N/A,1764070370693537.486	,13.958,100.958,0,0,N/A,N/A,N/A,N/A,N/A,N/A,N/A,N/A
0,4294967295,3307,1,AsStrided231,N/A,N/A,N/A,1764070370693650.736	,14.208,99.292,0,0,N/A,N/A,N/A,N/A,N/A,N/A,N/A,N/A
0,4294967295,3309,1,AsStrided232,N/A,N/A,N/A,1764070370693757.027	,13.958,92.083,0,0,N/A,N/A,N/A,N/A,N/A,N/A,N/A,N/A
0,4294967295,3311,1,AsStrided233,N/A,N/A,N/A,1764070370693863.277	,14.021,92.292,0,0,N/A,N/A,N/A,N/A,N/A,N/A,N/A,N/A
0,4294967295,3313,1,AsStrided234,N/A,N/A,N/A,1764070370693975.048	,14.458,97.75,0,0,N/A,N/A,N/A,N/A,N/A,N/A,N/A,N/A
0,4294967295,3315,1,AsStrided235,N/A,N/A,N/A,1764070370694084.548	,14.25,95.042,0,0,N/A,N/A,N/A,N/A,N/A,N/A,N/A,N/A
0,4294967295,3317,1,AsStrided236,N/A,N/A,N/A,1764070370694205.340	,14.083,106.542,0,0,N/A,N/A,N/A,N/A,N/A,N/A,N/A,N/A
0,4294967295,3319,1,AsStrided237,N/A,N/A,N/A,1764070370694320.152	,14.167,100.729,0,0,N/A,N/A,N/A,N/A,N/A,N/A,N/A,N/A
0,4294967295,3321,1,AsStrided238,N/A,N/A,N/A,1764070370694422.527	,14.125,88.208,0,0,N/A,N/A,N/A,N/A,N/A,N/A,N/A,N/A
0,4294967295,3323,1,AsStrided239,N/A,N/A,N/A,1764070370694734.527	,14.25,297.875,0,0,N/A,N/A,N/A,N/A,N/A,N/A,N/A,N/A
0,4294967295,3325,1,AsStrided240,N/A,N/A,N/A,1764070370694849.902	,14.083,101.125,0,0,N/A,N/A,N/A,N/A,N/A,N/A,N/A,N/A
0,4294967295,3327,1,AsStrided241,N/A,N/A,N/A,1764070370694956.361	,13.958,92.375,0,0,N/A,N/A,N/A,N/A,N/A,N/A,N/A,N/A
0,4294967295,3329,1,AsStrided242,N/A,N/A,N/A,1764070370695223.673	,14.438,253.354,0,0,N/A,N/A,N/A,N/A,N/A,N/A,N/A,N/A
0,4294967295,3331,1,AsStrided243,N/A,N/A,N/A,1764070370695330.444	,13.979,92.333,0,0,N/A,N/A,N/A,N/A,N/A,N/A,N/A,N/A
0,4294967295,3333,1,AsStrided244,N/A,N/A,N/A,1764070370695431.006	,13.896,86.583,0,0,N/A,N/A,N/A,N/A,N/A,N/A,N/A,N/A
0,4294967295,3335,1,AsStrided245,N/A,N/A,N/A,1764070370695531.944	,13.979,87.042,0,0,N/A,N/A,N/A,N/A,N/A,N/A,N/A,N/A
0,4294967295,3337,1,AsStrided246,N/A,N/A,N/A,1764070370695636.402	,13.958,90.479,0,0,N/A,N/A,N/A,N/A,N/A,N/A,N/A,N/A
0,4294967295,3339,1,AsStrided247,N/A,N/A,N/A,1764070370695745.111	,13.896,94.75,0,0,N/A,N/A,N/A,N/A,N/A,N/A,N/A,N/A
0,4294967295,3341,1,AsStrided248,N/A,N/A,N/A,1764070370695848.611	,14.0,89.604,0,0,N/A,N/A,N/A,N/A,N/A,N/A,N/A,N/A
0,4294967295,3343,1,AsStrided249,N/A,N/A,N/A,1764070370695948.236	,14.104,85.625,0,0,N/A,N/A,N/A,N/A,N/A,N/A,N/A,N/A
0,4294967295,3345,1,AsStrided250,N/A,N/A,N/A,1764070370696055.256	,14.0,92.917,0,0,N/A,N/A,N/A,N/A,N/A,N/A,N/A,N/A
0,4294967295,3347,1,AsStrided251,N/A,N/A,N/A,1764070370696174.902	,14.146,105.646,0,0,N/A,N/A,N/A,N/A,N/A,N/A,N/A,N/A
0,4294967295,3349,1,AsStrided252,N/A,N/A,N/A,1764070370696275.798	,14.188,86.75,0,0,N/A,N/A,N/A,N/A,N/A,N/A,N/A,N/A
0,4294967295,3351,1,AsStrided253,N/A,N/A,N/A,1764070370696384.840	,14.521,94.854,0,0,N/A,N/A,N/A,N/A,N/A,N/A,N/A,N/A
0,4294967295,3353,1,AsStrided254,N/A,N/A,N/A,1764070370696485.652	,13.979,86.292,0,0,N/A,N/A,N/A,N/A,N/A,N/A,N/A,N/A
0,4294967295,3355,1,AsStrided255,N/A,N/A,N/A,1764070370696582.923	,14.354,83.292,0,0,N/A,N/A,N/A,N/A,N/A,N/A,N/A,N/A
0,4294967295,3357,1,AsStrided256,N/A,N/A,N/A,1764070370696710.923	,14.25,113.646,0,0,N/A,N/A,N/A,N/A,N/A,N/A,N/A,N/A
0,4294967295,3359,1,AsStrided257,N/A,N/A,N/A,1764070370696785.173	,14.0,60.0,0,0,N/A,N/A,N/A,N/A,N/A,N/A,N/A,N/A
0,4294967295,3361,1,AsStrided258,N/A,N/A,N/A,1764070370696921.840	,14.021,122.667,0,0,N/A,N/A,N/A,N/A,N/A,N/A,N/A,N/A
0,4294967295,3363,1,AsStrided259,N/A,N/A,N/A,1764070370697029.465	,13.938,93.604,0,0,N/A,N/A,N/A,N/A,N/A,N/A,N/A,N/A
0,4294967295,3365,1,AsStrided260,N/A,N/A,N/A,1764070370697124.444	,13.979,81.042,0,0,N/A,N/A,N/A,N/A,N/A,N/A,N/A,N/A
0,4294967295,3367,1,AsStrided261,N/A,N/A,N/A,1764070370697223.402	,13.896,84.979,0,0,N/A,N/A,N/A,N/A,N/A,N/A,N/A,N/A
0,4294967295,3369,1,AsStrided262,N/A,N/A,N/A,1764070370697337.048	,14.125,99.75,0,0,N/A,N/A,N/A,N/A,N/A,N/A,N/A,N/A
0,4294967295,3371,1,AsStrided263,N/A,N/A,N/A,1764070370697438.902	,13.979,87.729,0,0,N/A,N/A,N/A,N/A,N/A,N/A,N/A,N/A
0,4294967295,3373,1,AsStrided264,N/A,N/A,N/A,1764070370697539.569	,14.167,86.688,0,0,N/A,N/A,N/A,N/A,N/A,N/A,N/A,N/A
0,4294967295,3375,1,AsStrided265,N/A,N/A,N/A,1764070370697641.986	,14.021,88.25,0,0,N/A,N/A,N/A,N/A,N/A,N/A,N/A,N/A
0,4294967295,3377,1,AsStrided266,N/A,N/A,N/A,1764070370697748.256	,14.021,92.25,0,0,N/A,N/A,N/A,N/A,N/A,N/A,N/A,N/A
0,4294967295,3379,1,AsStrided267,N/A,N/A,N/A,1764070370697848.236	,14.292,85.958,0,0,N/A,N/A,N/A,N/A,N/A,N/A,N/A,N/A
0,4294967295,3381,1,AsStrided268,N/A,N/A,N/A,1764070370697947.632	,13.938,85.104,0,0,N/A,N/A,N/A,N/A,N/A,N/A,N/A,N/A
0,4294967295,3383,1,AsStrided269,N/A,N/A,N/A,1764070370698057.527	,14.417,95.958,0,0,N/A,N/A,N/A,N/A,N/A,N/A,N/A,N/A
0,4294967295,3385,1,AsStrided270,N/A,N/A,N/A,1764070370698161.527	,14.271,89.583,0,0,N/A,N/A,N/A,N/A,N/A,N/A,N/A,N/A
0,4294967295,3387,1,AsStrided271,N/A,N/A,N/A,1764070370698268.361	,14.312,92.562,0,0,N/A,N/A,N/A,N/A,N/A,N/A,N/A,N/A
0,4294967295,3389,1,AsStrided272,N/A,N/A,N/A,1764070370698365.152	,13.854,82.479,0,0,N/A,N/A,N/A,N/A,N/A,N/A,N/A,N/A
0,4294967295,3391,1,AsStrided273,N/A,N/A,N/A,1764070370698488.590	,14.083,109.583,0,0,N/A,N/A,N/A,N/A,N/A,N/A,N/A,N/A
0,4294967295,3393,1,AsStrided274,N/A,N/A,N/A,1764070370698962.236	,14.062,459.562,0,0,N/A,N/A,N/A,N/A,N/A,N/A,N/A,N/A
0,4294967295,3395,1,AsStrided275,N/A,N/A,N/A,1764070370699074.236	,14.375,97.938,0,0,N/A,N/A,N/A,N/A,N/A,N/A,N/A,N/A
0,4294967295,3397,1,AsStrided276,N/A,N/A,N/A,1764070370699180.756	,14.083,92.146,0,0,N/A,N/A,N/A,N/A,N/A,N/A,N/A,N/A
0,4294967295,3399,1,AsStrided277,N/A,N/A,N/A,1764070370699289.215	,13.875,94.375,0,0,N/A,N/A,N/A,N/A,N/A,N/A,N/A,N/A
0,4294967295,3401,1,AsStrided278,N/A,N/A,N/A,1764070370699391.152	,14.104,88.062,0,0,N/A,N/A,N/A,N/A,N/A,N/A,N/A,N/A
0,4294967295,3403,1,AsStrided279,N/A,N/A,N/A,1764070370699496.777	,14.271,91.521,0,0,N/A,N/A,N/A,N/A,N/A,N/A,N/A,N/A
0,4294967295,3405,1,AsStrided280,N/A,N/A,N/A,1764070370699599.798	,13.958,88.75,0,0,N/A,N/A,N/A,N/A,N/A,N/A,N/A,N/A
0,4294967295,3407,1,AsStrided281,N/A,N/A,N/A,1764070370699707.152	,14.125,93.396,0,0,N/A,N/A,N/A,N/A,N/A,N/A,N/A,N/A
0,4294967295,3409,1,AsStrided282,N/A,N/A,N/A,1764070370699809.194	,13.854,87.917,0,0,N/A,N/A,N/A,N/A,N/A,N/A,N/A,N/A
0,4294967295,3411,1,AsStrided283,N/A,N/A,N/A,1764070370699911.736	,13.979,88.688,0,0,N/A,N/A,N/A,N/A,N/A,N/A,N/A,N/A
0,4294967295,3413,1,AsStrided284,N/A,N/A,N/A,1764070370700008.361	,14.125,82.646,0,0,N/A,N/A,N/A,N/A,N/A,N/A,N/A,N/A
0,4294967295,3415,1,AsStrided285,N/A,N/A,N/A,1764070370700124.694	,14.188,102.208,0,0,N/A,N/A,N/A,N/A,N/A,N/A,N/A,N/A
0,4294967295,3417,1,AsStrided286,N/A,N/A,N/A,1764070370700225.444	,14.125,86.562,0,0,N/A,N/A,N/A,N/A,N/A,N/A,N/A,N/A
0,4294967295,3419,1,AsStrided287,N/A,N/A,N/A,1764070370700322.715	,14.104,83.146,0,0,N/A,N/A,N/A,N/A,N/A,N/A,N/A,N/A
0,4294967295,3421,1,AsStrided288,N/A,N/A,N/A,1764070370700428.902	,13.979,92.083,0,0,N/A,N/A,N/A,N/A,N/A,N/A,N/A,N/A
0,4294967295,3423,1,AsStrided289,N/A,N/A,N/A,1764070370700529.298	,14.042,86.417,0,0,N/A,N/A,N/A,N/A,N/A,N/A,N/A,N/A
0,4294967295,3425,1,AsStrided290,N/A,N/A,N/A,1764070370700651.277	,14.021,107.938,0,0,N/A,N/A,N/A,N/A,N/A,N/A,N/A,N/A
0,4294967295,3427,1,AsStrided291,N/A,N/A,N/A,1764070370700723.006	,13.875,57.708,0,0,N/A,N/A,N/A,N/A,N/A,N/A,N/A,N/A
0,4294967295,3429,1,AsStrided292,N/A,N/A,N/A,1764070370700823.444	,13.854,86.562,0,0,N/A,N/A,N/A,N/A,N/A,N/A,N/A,N/A
0,4294967295,3431,1,AsStrided293,N/A,N/A,N/A,1764070370700957.506	,13.979,120.208,0,0,N/A,N/A,N/A,N/A,N/A,N/A,N/A,N/A
0,4294967295,3433,1,AsStrided294,N/A,N/A,N/A,1764070370701064.444	,13.854,92.958,0,0,N/A,N/A,N/A,N/A,N/A,N/A,N/A,N/A
0,4294967295,3435,1,AsStrided295,N/A,N/A,N/A,1764070370701162.590	,13.896,84.292,0,0,N/A,N/A,N/A,N/A,N/A,N/A,N/A,N/A
0,4294967295,3437,1,AsStrided296,N/A,N/A,N/A,1764070370701266.006	,14.104,89.521,0,0,N/A,N/A,N/A,N/A,N/A,N/A,N/A,N/A
0,4294967295,3439,1,AsStrided297,N/A,N/A,N/A,1764070370701366.569	,13.896,86.458,0,0,N/A,N/A,N/A,N/A,N/A,N/A,N/A,N/A
0,4294967295,3441,1,AsStrided298,N/A,N/A,N/A,1764070370701463.069	,14.062,82.604,0,0,N/A,N/A,N/A,N/A,N/A,N/A,N/A,N/A
0,4294967295,3443,1,AsStrided299,N/A,N/A,N/A,1764070370701559.652	,14.0,82.521,0,0,N/A,N/A,N/A,N/A,N/A,N/A,N/A,N/A
0,4294967295,3445,1,AsStrided300,N/A,N/A,N/A,1764070370701670.715	,13.979,97.062,0,0,N/A,N/A,N/A,N/A,N/A,N/A,N/A,N/A
0,4294967295,3447,1,AsStrided301,N/A,N/A,N/A,1764070370701771.236	,13.896,86.542,0,0,N/A,N/A,N/A,N/A,N/A,N/A,N/A,N/A
0,4294967295,3449,1,AsStrided302,N/A,N/A,N/A,1764070370701867.090	,13.938,81.958,0,0,N/A,N/A,N/A,N/A,N/A,N/A,N/A,N/A
0,4294967295,3451,1,AsStrided303,N/A,N/A,N/A,1764070370701970.027	,13.896,89.0,0,0,N/A,N/A,N/A,N/A,N/A,N/A,N/A,N/A
0,4294967295,3453,1,AsStrided304,N/A,N/A,N/A,1764070370702067.756	,13.896,83.833,0,0,N/A,N/A,N/A,N/A,N/A,N/A,N/A,N/A
0,4294967295,3455,1,AsStrided305,N/A,N/A,N/A,1764070370702163.319	,14.208,81.667,0,0,N/A,N/A,N/A,N/A,N/A,N/A,N/A,N/A
0,4294967295,3457,1,AsStrided306,N/A,N/A,N/A,1764070370702423.444	,13.917,245.917,0,0,N/A,N/A,N/A,N/A,N/A,N/A,N/A,N/A
0,4294967295,3459,1,AsStrided307,N/A,N/A,N/A,1764070370702702.298	,13.896,264.938,0,0,N/A,N/A,N/A,N/A,N/A,N/A,N/A,N/A
0,4294967295,3461,1,AsStrided308,N/A,N/A,N/A,1764070370702813.069	,13.917,96.875,0,0,N/A,N/A,N/A,N/A,N/A,N/A,N/A,N/A
0,4294967295,3463,1,AsStrided309,N/A,N/A,N/A,1764070370702917.506	,14.0,90.521,0,0,N/A,N/A,N/A,N/A,N/A,N/A,N/A,N/A
0,4294967295,3465,1,AsStrided310,N/A,N/A,N/A,1764070370703015.715	,14.0,84.208,0,0,N/A,N/A,N/A,N/A,N/A,N/A,N/A,N/A
0,4294967295,3467,1,AsStrided311,N/A,N/A,N/A,1764070370703123.882	,14.0,94.167,0,0,N/A,N/A,N/A,N/A,N/A,N/A,N/A,N/A
0,4294967295,3469,1,AsStrided312,N/A,N/A,N/A,1764070370703218.882	,14.062,81.0,0,0,N/A,N/A,N/A,N/A,N/A,N/A,N/A,N/A
0,4294967295,3471,1,AsStrided313,N/A,N/A,N/A,1764070370703315.194	,13.896,82.25,0,0,N/A,N/A,N/A,N/A,N/A,N/A,N/A,N/A
0,4294967295,3473,1,AsStrided314,N/A,N/A,N/A,1764070370703415.402	,13.896,86.312,0,0,N/A,N/A,N/A,N/A,N/A,N/A,N/A,N/A
0,4294967295,3475,1,AsStrided315,N/A,N/A,N/A,1764070370703521.798	,14.0,92.5,0,0,N/A,N/A,N/A,N/A,N/A,N/A,N/A,N/A
0,4294967295,3477,1,AsStrided316,N/A,N/A,N/A,1764070370703621.319	,14.0,85.521,0,0,N/A,N/A,N/A,N/A,N/A,N/A,N/A,N/A
0,4294967295,3479,1,AsStrided317,N/A,N/A,N/A,1764070370703720.527	,14.0,85.208,0,0,N/A,N/A,N/A,N/A,N/A,N/A,N/A,N/A
0,4294967295,3481,1,AsStrided318,N/A,N/A,N/A,1764070370703824.444	,14.062,89.917,0,0,N/A,N/A,N/A,N/A,N/A,N/A,N/A,N/A
0,4294967295,3483,1,AsStrided319,N/A,N/A,N/A,1764070370703920.861	,13.896,82.354,0,0,N/A,N/A,N/A,N/A,N/A,N/A,N/A,N/A
0,4294967295,3485,1,AsStrided320,N/A,N/A,N/A,1764070370704020.152	,13.875,85.396,0,0,N/A,N/A,N/A,N/A,N/A,N/A,N/A,N/A
0,4294967295,3487,1,AsStrided321,N/A,N/A,N/A,1764070370704116.527	,13.896,82.5,0,0,N/A,N/A,N/A,N/A,N/A,N/A,N/A,N/A
0,4294967295,3489,1,AsStrided322,N/A,N/A,N/A,1764070370704217.736	,14.021,87.312,0,0,N/A,N/A,N/A,N/A,N/A,N/A,N/A,N/A
0,4294967295,3491,1,AsStrided323,N/A,N/A,N/A,1764070370704315.069	,14.0,83.312,0,0,N/A,N/A,N/A,N/A,N/A,N/A,N/A,N/A
0,4294967295,3493,1,AsStrided324,N/A,N/A,N/A,1764070370704415.632	,13.896,86.562,0,0,N/A,N/A,N/A,N/A,N/A,N/A,N/A,N/A
0,4294967295,3495,1,AsStrided325,N/A,N/A,N/A,1764070370704508.736	,14.042,79.208,0,0,N/A,N/A,N/A,N/A,N/A,N/A,N/A,N/A
0,4294967295,3497,1,AsStrided326,N/A,N/A,N/A,1764070370704620.882	,14.0,98.104,0,0,N/A,N/A,N/A,N/A,N/A,N/A,N/A,N/A
0,4294967295,3499,1,AsStrided327,N/A,N/A,N/A,1764070370704719.506	,13.917,84.625,0,0,N/A,N/A,N/A,N/A,N/A,N/A,N/A,N/A
0,4294967295,3501,1,AsStrided328,N/A,N/A,N/A,1764070370704814.777	,13.979,81.354,0,0,N/A,N/A,N/A,N/A,N/A,N/A,N/A,N/A
0,4294967295,3503,1,AsStrided329,N/A,N/A,N/A,1764070370704938.444	,13.917,109.688,0,0,N/A,N/A,N/A,N/A,N/A,N/A,N/A,N/A
0,4294967295,3505,1,AsStrided330,N/A,N/A,N/A,1764070370705050.277	,13.917,97.917,0,0,N/A,N/A,N/A,N/A,N/A,N/A,N/A,N/A
0,4294967295,3507,1,AsStrided331,N/A,N/A,N/A,1764070370705147.215	,13.896,83.021,0,0,N/A,N/A,N/A,N/A,N/A,N/A,N/A,N/A
0,4294967295,3509,1,AsStrided332,N/A,N/A,N/A,1764070370705248.965	,13.979,87.854,0,0,N/A,N/A,N/A,N/A,N/A,N/A,N/A,N/A
0,4294967295,3511,1,AsStrided333,N/A,N/A,N/A,1764070370705348.152	,13.917,85.208,0,0,N/A,N/A,N/A,N/A,N/A,N/A,N/A,N/A
0,4294967295,3513,1,AsStrided334,N/A,N/A,N/A,1764070370705445.069	,13.979,83.0,0,0,N/A,N/A,N/A,N/A,N/A,N/A,N/A,N/A
0,4294967295,3515,1,AsStrided335,N/A,N/A,N/A,1764070370705543.423	,13.896,84.375,0,0,N/A,N/A,N/A,N/A,N/A,N/A,N/A,N/A
0,4294967295,3517,1,AsStrided336,N/A,N/A,N/A,1764070370705635.673	,13.896,78.354,0,0,N/A,N/A,N/A,N/A,N/A,N/A,N/A,N/A
0,4294967295,3519,1,AsStrided337,N/A,N/A,N/A,1764070370705737.882	,15.188,88.312,0,0,N/A,N/A,N/A,N/A,N/A,N/A,N/A,N/A
0,4294967295,3521,1,AsStrided338,N/A,N/A,N/A,1764070370706002.569	,14.062,249.5,0,0,N/A,N/A,N/A,N/A,N/A,N/A,N/A,N/A
0,4294967295,3523,1,AsStrided339,N/A,N/A,N/A,1764070370706102.527	,13.958,85.896,0,0,N/A,N/A,N/A,N/A,N/A,N/A,N/A,N/A
0,4294967295,3525,1,AsStrided340,N/A,N/A,N/A,1764070370706201.340	,14.062,84.854,0,0,N/A,N/A,N/A,N/A,N/A,N/A,N/A,N/A
0,4294967295,3527,1,AsStrided341,N/A,N/A,N/A,1764070370706305.902	,13.958,90.5,0,0,N/A,N/A,N/A,N/A,N/A,N/A,N/A,N/A
0,4294967295,3529,1,AsStrided342,N/A,N/A,N/A,1764070370706407.111	,14.167,87.25,0,0,N/A,N/A,N/A,N/A,N/A,N/A,N/A,N/A
0,4294967295,3531,1,AsStrided343,N/A,N/A,N/A,1764070370706657.882	,14.0,236.604,0,0,N/A,N/A,N/A,N/A,N/A,N/A,N/A,N/A
0,4294967295,3533,1,AsStrided344,N/A,N/A,N/A,1764070370706769.632	,13.938,97.75,0,0,N/A,N/A,N/A,N/A,N/A,N/A,N/A,N/A
0,4294967295,3535,1,AsStrided345,N/A,N/A,N/A,1764070370706878.611	,13.958,95.042,0,0,N/A,N/A,N/A,N/A,N/A,N/A,N/A,N/A
0,4294967295,3537,1,AsStrided346,N/A,N/A,N/A,1764070370706984.382	,14.062,91.812,0,0,N/A,N/A,N/A,N/A,N/A,N/A,N/A,N/A
0,4294967295,3539,1,AsStrided347,N/A,N/A,N/A,1764070370707085.194	,13.917,86.75,0,0,N/A,N/A,N/A,N/A,N/A,N/A,N/A,N/A
0,4294967295,3541,1,AsStrided348,N/A,N/A,N/A,1764070370707182.465	,13.938,83.354,0,0,N/A,N/A,N/A,N/A,N/A,N/A,N/A,N/A
0,4294967295,3543,1,AsStrided349,N/A,N/A,N/A,1764070370707291.256	,13.896,94.854,0,0,N/A,N/A,N/A,N/A,N/A,N/A,N/A,N/A
0,4294967295,3545,1,AsStrided350,N/A,N/A,N/A,1764070370707390.632	,13.896,85.479,0,0,N/A,N/A,N/A,N/A,N/A,N/A,N/A,N/A
0,4294967295,3547,1,AsStrided351,N/A,N/A,N/A,1764070370707488.423	,13.896,83.896,0,0,N/A,N/A,N/A,N/A,N/A,N/A,N/A,N/A
0,4294967295,3549,1,AsStrided352,N/A,N/A,N/A,1764070370707591.902	,13.896,89.583,0,0,N/A,N/A,N/A,N/A,N/A,N/A,N/A,N/A
0,4294967295,3551,1,AsStrided353,N/A,N/A,N/A,1764070370707689.340	,13.917,83.542,0,0,N/A,N/A,N/A,N/A,N/A,N/A,N/A,N/A
0,4294967295,3553,1,AsStrided354,N/A,N/A,N/A,1764070370707783.069	,13.958,79.812,0,0,N/A,N/A,N/A,N/A,N/A,N/A,N/A,N/A
0,4294967295,3555,1,AsStrided355,N/A,N/A,N/A,1764070370707880.069	,13.896,83.042,0,0,N/A,N/A,N/A,N/A,N/A,N/A,N/A,N/A
0,4294967295,3557,1,AsStrided356,N/A,N/A,N/A,1764070370707982.944	,13.896,88.979,0,0,N/A,N/A,N/A,N/A,N/A,N/A,N/A,N/A
0,4294967295,3559,1,AsStrided357,N/A,N/A,N/A,1764070370708080.132	,13.917,83.292,0,0,N/A,N/A,N/A,N/A,N/A,N/A,N/A,N/A
0,4294967295,3561,1,AsStrided358,N/A,N/A,N/A,1764070370708178.611	,14.0,84.562,0,0,N/A,N/A,N/A,N/A,N/A,N/A,N/A,N/A
0,4294967295,3563,1,AsStrided359,N/A,N/A,N/A,1764070370708272.611	,14.021,80.0,0,0,N/A,N/A,N/A,N/A,N/A,N/A,N/A,N/A
0,4294967295,3565,1,AsStrided360,N/A,N/A,N/A,1764070370708383.319	,14.0,96.688,0,0,N/A,N/A,N/A,N/A,N/A,N/A,N/A,N/A
0,4294967295,3567,1,AsStrided361,N/A,N/A,N/A,1764070370708479.194	,13.896,81.875,0,0,N/A,N/A,N/A,N/A,N/A,N/A,N/A,N/A
0,4294967295,3569,1,AsStrided362,N/A,N/A,N/A,1764070370708574.944	,14.021,81.854,0,0,N/A,N/A,N/A,N/A,N/A,N/A,N/A,N/A
0,4294967295,3571,1,AsStrided363,N/A,N/A,N/A,1764070370708696.798	,14.062,107.833,0,0,N/A,N/A,N/A,N/A,N/A,N/A,N/A,N/A
0,4294967295,3573,1,AsStrided364,N/A,N/A,N/A,1764070370708781.215	,13.938,70.354,0,0,N/A,N/A,N/A,N/A,N/A,N/A,N/A,N/A
0,4294967295,3575,1,AsStrided365,N/A,N/A,N/A,1764070370708885.277	,13.896,90.125,0,0,N/A,N/A,N/A,N/A,N/A,N/A,N/A,N/A
0,4294967295,3577,1,AsStrided366,N/A,N/A,N/A,1764070370709004.361	,14.0,105.188,0,0,N/A,N/A,N/A,N/A,N/A,N/A,N/A,N/A
0,4294967295,3579,1,AsStrided367,N/A,N/A,N/A,1764070370709109.361	,14.021,91.0,0,0,N/A,N/A,N/A,N/A,N/A,N/A,N/A,N/A
0,4294967295,3581,1,AsStrided368,N/A,N/A,N/A,1764070370709208.777	,13.979,85.396,0,0,N/A,N/A,N/A,N/A,N/A,N/A,N/A,N/A
0,4294967295,3583,1,AsStrided369,N/A,N/A,N/A,1764070370709306.215	,14.062,83.458,0,0,N/A,N/A,N/A,N/A,N/A,N/A,N/A,N/A
0,4294967295,3585,1,AsStrided370,N/A,N/A,N/A,1764070370709560.923	,14.896,240.646,0,0,N/A,N/A,N/A,N/A,N/A,N/A,N/A,N/A
0,4294967295,3587,1,AsStrided371,N/A,N/A,N/A,1764070370709668.132	,14.0,92.312,0,0,N/A,N/A,N/A,N/A,N/A,N/A,N/A,N/A
0,4294967295,3589,1,AsStrided372,N/A,N/A,N/A,1764070370709763.361	,13.917,81.229,0,0,N/A,N/A,N/A,N/A,N/A,N/A,N/A,N/A
0,4294967295,3591,1,AsStrided373,N/A,N/A,N/A,1764070370709859.069	,13.896,81.792,0,0,N/A,N/A,N/A,N/A,N/A,N/A,N/A,N/A
0,4294967295,3593,1,AsStrided374,N/A,N/A,N/A,1764070370709957.736	,14.875,84.771,0,0,N/A,N/A,N/A,N/A,N/A,N/A,N/A,N/A
0,4294967295,3595,1,AsStrided375,N/A,N/A,N/A,1764070370710061.736	,13.938,89.125,0,0,N/A,N/A,N/A,N/A,N/A,N/A,N/A,N/A
0,4294967295,3597,1,AsStrided376,N/A,N/A,N/A,1764070370710161.319	,13.896,85.646,0,0,N/A,N/A,N/A,N/A,N/A,N/A,N/A,N/A
0,4294967295,3599,1,AsStrided377,N/A,N/A,N/A,1764070370710257.152	,13.917,81.938,0,0,N/A,N/A,N/A,N/A,N/A,N/A,N/A,N/A
0,4294967295,3601,1,AsStrided378,N/A,N/A,N/A,1764070370710356.402	,13.917,85.333,0,0,N/A,N/A,N/A,N/A,N/A,N/A,N/A,N/A
0,4294967295,3603,1,AsStrided379,N/A,N/A,N/A,1764070370710464.798	,13.896,94.479,0,0,N/A,N/A,N/A,N/A,N/A,N/A,N/A,N/A
0,4294967295,3605,1,AsStrided380,N/A,N/A,N/A,1764070370710767.736	,13.896,289.042,0,0,N/A,N/A,N/A,N/A,N/A,N/A,N/A,N/A
0,4294967295,3607,1,AsStrided381,N/A,N/A,N/A,1764070370710872.611	,14.0,90.979,0,0,N/A,N/A,N/A,N/A,N/A,N/A,N/A,N/A
0,4294967295,3609,1,AsStrided382,N/A,N/A,N/A,1764070370710978.111	,14.188,91.5,0,0,N/A,N/A,N/A,N/A,N/A,N/A,N/A,N/A
0,4294967295,3611,1,AsStrided383,N/A,N/A,N/A,1764070370711077.132	,13.896,84.833,0,0,N/A,N/A,N/A,N/A,N/A,N/A,N/A,N/A
0,4294967295,3613,1,AsStrided384,N/A,N/A,N/A,1764070370711176.111	,14.0,85.083,0,0,N/A,N/A,N/A,N/A,N/A,N/A,N/A,N/A
0,4294967295,3615,1,AsStrided385,N/A,N/A,N/A,1764070370711270.715	,13.896,80.604,0,0,N/A,N/A,N/A,N/A,N/A,N/A,N/A,N/A
0,4294967295,3617,1,AsStrided386,N/A,N/A,N/A,1764070370711368.006	,13.958,83.396,0,0,N/A,N/A,N/A,N/A,N/A,N/A,N/A,N/A
0,4294967295,3619,1,AsStrided387,N/A,N/A,N/A,1764070370711466.965	,13.917,85.0,0,0,N/A,N/A,N/A,N/A,N/A,N/A,N/A,N/A
0,4294967295,3621,1,AsStrided388,N/A,N/A,N/A,1764070370711563.902	,14.188,83.021,0,0,N/A,N/A,N/A,N/A,N/A,N/A,N/A,N/A
0,4294967295,3623,1,AsStrided389,N/A,N/A,N/A,1764070370711663.590	,14.396,85.5,0,0,N/A,N/A,N/A,N/A,N/A,N/A,N/A,N/A
0,4294967295,3625,1,AsStrided390,N/A,N/A,N/A,1764070370711769.882	,14.0,91.896,0,0,N/A,N/A,N/A,N/A,N/A,N/A,N/A,N/A
0,4294967295,3627,1,AsStrided391,N/A,N/A,N/A,1764070370711868.756	,13.917,84.875,0,0,N/A,N/A,N/A,N/A,N/A,N/A,N/A,N/A
0,4294967295,3629,1,AsStrided392,N/A,N/A,N/A,1764070370712130.673	,13.896,248.0,0,0,N/A,N/A,N/A,N/A,N/A,N/A,N/A,N/A
0,4294967295,3631,1,AsStrided393,N/A,N/A,N/A,1764070370712279.777	,13.917,135.208,0,0,N/A,N/A,N/A,N/A,N/A,N/A,N/A,N/A
0,4294967295,3633,1,AsStrided394,N/A,N/A,N/A,1764070370712407.902	,14.062,114.208,0,0,N/A,N/A,N/A,N/A,N/A,N/A,N/A,N/A
0,4294967295,3635,1,AsStrided395,N/A,N/A,N/A,1764070370714422.423	,14.146,2000.458,0,0,N/A,N/A,N/A,N/A,N/A,N/A,N/A,N/A
0,4294967295,3637,1,AsStrided396,N/A,N/A,N/A,1764070370714815.194	,13.917,378.625,0,0,N/A,N/A,N/A,N/A,N/A,N/A,N/A,N/A
0,4294967295,3639,1,AsStrided397,N/A,N/A,N/A,1764070370714983.632	,13.958,154.521,0,0,N/A,N/A,N/A,N/A,N/A,N/A,N/A,N/A
0,4294967295,3641,1,AsStrided398,N/A,N/A,N/A,1764070370715108.736	,13.917,111.146,0,0,N/A,N/A,N/A,N/A,N/A,N/A,N/A,N/A
0,4294967295,3643,1,AsStrided399,N/A,N/A,N/A,1764070370715843.819	,14.708,721.167,0,0,N/A,N/A,N/A,N/A,N/A,N/A,N/A,N/A
0,4294967295,3645,1,AsStrided400,N/A,N/A,N/A,1764070370715964.902	,14.062,106.375,0,0,N/A,N/A,N/A,N/A,N/A,N/A,N/A,N/A
0,4294967295,3647,1,AsStrided401,N/A,N/A,N/A,1764070370716079.756	,14.0,100.792,0,0,N/A,N/A,N/A,N/A,N/A,N/A,N/A,N/A
0,4294967295,3649,1,AsStrided402,N/A,N/A,N/A,1764070370716389.402	,13.917,295.646,0,0,N/A,N/A,N/A,N/A,N/A,N/A,N/A,N/A
0,4294967295,3651,1,AsStrided403,N/A,N/A,N/A,1764070370716476.277	,14.0,72.958,0,0,N/A,N/A,N/A,N/A,N/A,N/A,N/A,N/A
0,4294967295,3653,1,AsStrided404,N/A,N/A,N/A,1764070370716690.902	,13.896,200.625,0,0,N/A,N/A,N/A,N/A,N/A,N/A,N/A,N/A
0,4294967295,3655,1,AsStrided405,N/A,N/A,N/A,1764070370716780.861	,13.917,76.062,0,0,N/A,N/A,N/A,N/A,N/A,N/A,N/A,N/A
0,4294967295,3657,1,AsStrided406,N/A,N/A,N/A,1764070370716881.652	,13.896,86.875,0,0,N/A,N/A,N/A,N/A,N/A,N/A,N/A,N/A
0,4294967295,3659,1,Pack407/Pack00,N/A,N/A,N/A,1764070370717934.069	,10.729,1038.521,0,0,N/A,N/A,N/A,N/A,N/A,N/A,N/A,N/A
0,4294967295,3660,1,Pack407/Pack10,N/A,N/A,N/A,1764070370718047.882	,10.396,103.083,0,0,N/A,N/A,N/A,N/A,N/A,N/A,N/A,N/A
0,4294967295,3661,1,Pack407/Pack20,N/A,N/A,N/A,1764070370718124.882	,10.125,66.604,0,0,N/A,N/A,N/A,N/A,N/A,N/A,N/A,N/A
0,4294967295,3662,1,Pack407/Pack30,N/A,N/A,N/A,1764070370718205.256	,10.188,70.25,0,0,N/A,N/A,N/A,N/A,N/A,N/A,N/A,N/A
0,4294967295,3663,1,Pack407/Pack40,N/A,N/A,N/A,1764070370718279.986	,10.375,64.542,0,0,N/A,N/A,N/A,N/A,N/A,N/A,N/A,N/A
0,4294967295,3664,1,Pack407/Pack50,N/A,N/A,N/A,1764070370718359.277	,10.104,68.917,0,0,N/A,N/A,N/A,N/A,N/A,N/A,N/A,N/A
0,4294967295,3665,1,Pack407/Pack60,N/A,N/A,N/A,1764070370718437.152	,10.5,67.771,0,0,N/A,N/A,N/A,N/A,N/A,N/A,N/A,N/A
0,4294967295,3666,1,Pack407/Pack70,N/A,N/A,N/A,1764070370718688.673	,13.938,241.021,0,0,N/A,N/A,N/A,N/A,N/A,N/A,N/A,N/A
0,4294967295,3667,1,Pack407/Pack80,N/A,N/A,N/A,1764070370718773.298	,11.188,70.688,0,0,N/A,N/A,N/A,N/A,N/A,N/A,N/A,N/A
0,4294967295,3668,1,Pack407/Pack90,N/A,N/A,N/A,1764070370718839.902	,6.417,55.417,0,0,N/A,N/A,N/A,N/A,N/A,N/A,N/A,N/A
0,4294967295,3669,1,Pack407/PackBase_node0,N/A,N/A,N/A,1764070370718877.382	,39.5,31.062,0,0,N/A,N/A,N/A,N/A,N/A,N/A,N/A,N/A
0,4294967295,3670,1,Add408,N/A,N/A,N/A,1764070371231950.736	,48.938,513033.854,0,0,N/A,N/A,N/A,N/A,N/A,N/A,N/A,N/A
0,4294967295,3671,1,MatMul409,N/A,N/A,N/A,1764070371750918.590	,184.333,518918.917,0,0,N/A,N/A,N/A,N/A,N/A,N/A,N/A,N/A
0,4294967295,3672,1,MatMul409,N/A,N/A,N/A,1764070371751184.465	,181.562,81.542,0,0,N/A,N/A,N/A,N/A,N/A,N/A,N/A,N/A
0,4294967295,3673,1,MatMul409,N/A,N/A,N/A,1764070371751366.090	,262.229,0.062,0,0,N/A,N/A,N/A,N/A,N/A,N/A,N/A,N/A
0,4294967295,3674,1,Transpose410,N/A,N/A,N/A,1764070372249652.923	,77.875,498024.604,0,0,N/A,N/A,N/A,N/A,N/A,N/A,N/A,N/A
0,4294967295,3675,1,Mul411,N/A,N/A,N/A,1764070372754339.465	,36.167,504608.667,0,0,N/A,N/A,N/A,N/A,N/A,N/A,N/A,N/A
0,4294967295,3676,1,Transpose412,N/A,N/A,N/A,1764070373242099.423	,210.167,487723.792,0,0,N/A,N/A,N/A,N/A,N/A,N/A,N/A,N/A
0,4294967295,3677,1,BatchMatMul413,N/A,N/A,N/A,1764070373771687.902	,2724.083,529378.312,0,0,N/A,N/A,N/A,N/A,N/A,N/A,N/A,N/A
0,4294967295,3678,1,SoftmaxV2414,N/A,N/A,N/A,1764070374878784.882	,1901.521,1104372.896,0,0,N/A,N/A,N/A,N/A,N/A,N/A,N/A,N/A
0,4294967295,3679,1,Transpose410,N/A,N/A,N/A,1764070374880686.673	,122.438,0.271,0,0,N/A,N/A,N/A,N/A,N/A,N/A,N/A,N/A
0,4294967295,3680,1,BatchMatMul415,N/A,N/A,N/A,1764070375359905.173	,1552.896,479096.062,0,0,N/A,N/A,N/A,N/A,N/A,N/A,N/A,N/A
0,4294967295,3681,1,Transpose416,N/A,N/A,N/A,1764070375836909.423	,105.021,475451.354,0,0,N/A,N/A,N/A,N/A,N/A,N/A,N/A,N/A
0,4294967295,3682,1,MatMul409,N/A,N/A,N/A,1764070375837115.527	,170.854,101.083,0,0,N/A,N/A,N/A,N/A,N/A,N/A,N/A,N/A
0,4294967295,3683,1,ReduceMean417,N/A,N/A,N/A,1764070376315986.048	,722.375,478699.667,0,0,N/A,N/A,N/A,N/A,N/A,N/A,N/A,N/A
0,4294967295,3684,1,Add408,N/A,N/A,N/A,1764070376316708.506	,98.312,0.083,0,0,N/A,N/A,N/A,N/A,N/A,N/A,N/A,N/A
0,4294967295,3685,1,LayerNorm418,N/A,N/A,N/A,1764070376830807.027	,230.25,514000.208,0,0,N/A,N/A,N/A,N/A,N/A,N/A,N/A,N/A
0,4294967295,3686,1,MatMul419,N/A,N/A,N/A,1764070377329208.736	,1466.917,498171.458,0,0,N/A,N/A,N/A,N/A,N/A,N/A,N/A,N/A
0,4294967295,3687,1,Relu420,N/A,N/A,N/A,1764070377801469.194	,375.604,470793.542,0,0,N/A,N/A,N/A,N/A,N/A,N/A,N/A,N/A
0,4294967295,3688,1,MatMul421,N/A,N/A,N/A,1764070378320585.444	,1593.854,518740.646,0,0,N/A,N/A,N/A,N/A,N/A,N/A,N/A,N/A
0,4294967295,3689,1,Add408,N/A,N/A,N/A,1764070378322179.361	,87.479,0.062,0,0,N/A,N/A,N/A,N/A,N/A,N/A,N/A,N/A
0,4294967295,3690,1,LayerNorm418,N/A,N/A,N/A,1764070378322266.902	,228.25,0.062,0,0,N/A,N/A,N/A,N/A,N/A,N/A,N/A,N/A
0,4294967295,3691,1,Add408,N/A,N/A,N/A,1764070378322495.215	,66.021,0.062,0,0,N/A,N/A,N/A,N/A,N/A,N/A,N/A,N/A
0,4294967295,3692,1,MatMul409,N/A,N/A,N/A,1764070378322561.319	,166.042,0.083,0,0,N/A,N/A,N/A,N/A,N/A,N/A,N/A,N/A
0,4294967295,3693,1,MatMul409,N/A,N/A,N/A,1764070378322727.444	,175.229,0.083,0,0,N/A,N/A,N/A,N/A,N/A,N/A,N/A,N/A
0,4294967295,3694,1,MatMul409,N/A,N/A,N/A,1764070378322902.736	,237.125,0.062,0,0,N/A,N/A,N/A,N/A,N/A,N/A,N/A,N/A
0,4294967295,3695,1,Transpose410,N/A,N/A,N/A,1764070378323139.944	,85.854,0.083,0,0,N/A,N/A,N/A,N/A,N/A,N/A,N/A,N/A
0,4294967295,3696,1,Mul411,N/A,N/A,N/A,1764070378323225.882	,34.646,0.083,0,0,N/A,N/A,N/A,N/A,N/A,N/A,N/A,N/A
0,4294967295,3697,1,Transpose412,N/A,N/A,N/A,1764070378323260.611	,206.083,0.083,0,0,N/A,N/A,N/A,N/A,N/A,N/A,N/A,N/A
0,4294967295,3698,1,BatchMatMul413,N/A,N/A,N/A,1764070378323466.777	,2715.312,0.083,0,0,N/A,N/A,N/A,N/A,N/A,N/A,N/A,N/A
0,4294967295,3699,1,SoftmaxV2414,N/A,N/A,N/A,1764070378326182.173	,1976.458,0.083,0,0,N/A,N/A,N/A,N/A,N/A,N/A,N/A,N/A
0,4294967295,3700,1,Transpose410,N/A,N/A,N/A,1764070378328158.923	,118.875,0.292,0,0,N/A,N/A,N/A,N/A,N/A,N/A,N/A,N/A
0,4294967295,3701,1,BatchMatMul415,N/A,N/A,N/A,1764070378328277.882	,1256.229,0.083,0,0,N/A,N/A,N/A,N/A,N/A,N/A,N/A,N/A
0,4294967295,3702,1,Transpose416,N/A,N/A,N/A,1764070378329534.173	,105.229,0.062,0,0,N/A,N/A,N/A,N/A,N/A,N/A,N/A,N/A
0,4294967295,3703,1,MatMul409,N/A,N/A,N/A,1764070378329639.486	,170.5,0.083,0,0,N/A,N/A,N/A,N/A,N/A,N/A,N/A,N/A
0,4294967295,3704,1,ReduceMean417,N/A,N/A,N/A,1764070378329810.069	,733.833,0.083,0,0,N/A,N/A,N/A,N/A,N/A,N/A,N/A,N/A
0,4294967295,3705,1,Add408,N/A,N/A,N/A,1764070378330543.986	,96.917,0.083,0,0,N/A,N/A,N/A,N/A,N/A,N/A,N/A,N/A
0,4294967295,3706,1,LayerNorm418,N/A,N/A,N/A,1764070378330640.986	,228.146,0.083,0,0,N/A,N/A,N/A,N/A,N/A,N/A,N/A,N/A
0,4294967295,3707,1,MatMul419,N/A,N/A,N/A,1764070378330869.194	,1535.229,0.062,0,0,N/A,N/A,N/A,N/A,N/A,N/A,N/A,N/A
0,4294967295,3708,1,Relu420,N/A,N/A,N/A,1764070378332404.486	,409.438,0.062,0,0,N/A,N/A,N/A,N/A,N/A,N/A,N/A,N/A
0,4294967295,3709,1,MatMul421,N/A,N/A,N/A,1764070378332814.006	,1743.104,0.083,0,0,N/A,N/A,N/A,N/A,N/A,N/A,N/A,N/A
0,4294967295,3710,1,Add408,N/A,N/A,N/A,1764070378334557.173	,89.917,0.062,0,0,N/A,N/A,N/A,N/A,N/A,N/A,N/A,N/A
0,4294967295,3711,1,LayerNorm418,N/A,N/A,N/A,1764070378334647.152	,227.938,0.062,0,0,N/A,N/A,N/A,N/A,N/A,N/A,N/A,N/A
0,4294967295,3712,1,Add408,N/A,N/A,N/A,1764070378334875.152	,65.458,0.062,0,0,N/A,N/A,N/A,N/A,N/A,N/A,N/A,N/A
0,4294967295,3713,1,MatMul409,N/A,N/A,N/A,1764070378334940.694	,168.292,0.083,0,0,N/A,N/A,N/A,N/A,N/A,N/A,N/A,N/A
0,4294967295,3714,1,MatMul409,N/A,N/A,N/A,1764070378335109.069	,191.208,0.083,0,0,N/A,N/A,N/A,N/A,N/A,N/A,N/A,N/A
0,4294967295,3715,1,MatMul409,N/A,N/A,N/A,1764070378335300.361	,250.521,0.083,0,0,N/A,N/A,N/A,N/A,N/A,N/A,N/A,N/A
0,4294967295,3716,1,Transpose410,N/A,N/A,N/A,1764070378335550.965	,79.896,0.083,0,0,N/A,N/A,N/A,N/A,N/A,N/A,N/A,N/A
0,4294967295,3717,1,Mul411,N/A,N/A,N/A,1764070378335630.944	,34.646,0.083,0,0,N/A,N/A,N/A,N/A,N/A,N/A,N/A,N/A
0,4294967295,3718,1,Transpose412,N/A,N/A,N/A,1764070378335665.652	,202.083,0.062,0,0,N/A,N/A,N/A,N/A,N/A,N/A,N/A,N/A
0,4294967295,3719,1,BatchMatMul413,N/A,N/A,N/A,1764070378335867.819	,2704.312,0.083,0,0,N/A,N/A,N/A,N/A,N/A,N/A,N/A,N/A
0,4294967295,3720,1,SoftmaxV2414,N/A,N/A,N/A,1764070378338572.215	,1932.375,0.083,0,0,N/A,N/A,N/A,N/A,N/A,N/A,N/A,N/A
0,4294967295,3721,1,Transpose410,N/A,N/A,N/A,1764070378340504.882	,117.667,0.292,0,0,N/A,N/A,N/A,N/A,N/A,N/A,N/A,N/A
0,4294967295,3722,1,BatchMatMul415,N/A,N/A,N/A,1764070378340622.611	,1408.229,0.062,0,0,N/A,N/A,N/A,N/A,N/A,N/A,N/A,N/A
0,4294967295,3723,1,Transpose416,N/A,N/A,N/A,1764070378342030.923	,103.438,0.083,0,0,N/A,N/A,N/A,N/A,N/A,N/A,N/A,N/A
0,4294967295,3724,1,MatMul409,N/A,N/A,N/A,1764070378342134.444	,172.646,0.083,0,0,N/A,N/A,N/A,N/A,N/A,N/A,N/A,N/A
0,4294967295,3725,1,ReduceMean417,N/A,N/A,N/A,1764070378342307.173	,716.229,0.083,0,0,N/A,N/A,N/A,N/A,N/A,N/A,N/A,N/A
0,4294967295,3726,1,Add408,N/A,N/A,N/A,1764070378343023.465	,93.958,0.062,0,0,N/A,N/A,N/A,N/A,N/A,N/A,N/A,N/A
0,4294967295,3727,1,LayerNorm418,N/A,N/A,N/A,1764070378343117.506	,227.958,0.083,0,0,N/A,N/A,N/A,N/A,N/A,N/A,N/A,N/A
0,4294967295,3728,1,MatMul419,N/A,N/A,N/A,1764070378343345.548	,1462.75,0.083,0,0,N/A,N/A,N/A,N/A,N/A,N/A,N/A,N/A
0,4294967295,3729,1,Relu420,N/A,N/A,N/A,1764070378344808.382	,374.604,0.083,0,0,N/A,N/A,N/A,N/A,N/A,N/A,N/A,N/A
0,4294967295,3730,1,MatMul421,N/A,N/A,N/A,1764070378345183.048	,1604.104,0.062,0,0,N/A,N/A,N/A,N/A,N/A,N/A,N/A,N/A
0,4294967295,3731,1,Add408,N/A,N/A,N/A,1764070378346787.236	,86.062,0.083,0,0,N/A,N/A,N/A,N/A,N/A,N/A,N/A,N/A
0,4294967295,3732,1,LayerNorm418,N/A,N/A,N/A,1764070378346873.361	,227.833,0.062,0,0,N/A,N/A,N/A,N/A,N/A,N/A,N/A,N/A
0,4294967295,3733,1,Add408,N/A,N/A,N/A,1764070378347101.277	,65.729,0.083,0,0,N/A,N/A,N/A,N/A,N/A,N/A,N/A,N/A
0,4294967295,3734,1,MatMul409,N/A,N/A,N/A,1764070378347167.090	,168.583,0.083,0,0,N/A,N/A,N/A,N/A,N/A,N/A,N/A,N/A
0,4294967295,3735,1,MatMul409,N/A,N/A,N/A,1764070378347335.736	,180.438,0.062,0,0,N/A,N/A,N/A,N/A,N/A,N/A,N/A,N/A
0,4294967295,3736,1,MatMul409,N/A,N/A,N/A,1764070378347516.256	,251.354,0.083,0,0,N/A,N/A,N/A,N/A,N/A,N/A,N/A,N/A
0,4294967295,3737,1,Transpose410,N/A,N/A,N/A,1764070378347767.694	,80.979,0.083,0,0,N/A,N/A,N/A,N/A,N/A,N/A,N/A,N/A
0,4294967295,3738,1,Mul411,N/A,N/A,N/A,1764070378347848.736	,34.792,0.062,0,0,N/A,N/A,N/A,N/A,N/A,N/A,N/A,N/A
0,4294967295,3739,1,Transpose412,N/A,N/A,N/A,1764070378347883.611	,205.875,0.083,0,0,N/A,N/A,N/A,N/A,N/A,N/A,N/A,N/A
0,4294967295,3740,1,BatchMatMul413,N/A,N/A,N/A,1764070378348089.569	,2697.75,0.083,0,0,N/A,N/A,N/A,N/A,N/A,N/A,N/A,N/A
0,4294967295,3741,1,SoftmaxV2414,N/A,N/A,N/A,1764070378350787.382	,1923.958,0.062,0,0,N/A,N/A,N/A,N/A,N/A,N/A,N/A,N/A
0,4294967295,3742,1,Transpose410,N/A,N/A,N/A,1764070378352711.632	,118.333,0.292,0,0,N/A,N/A,N/A,N/A,N/A,N/A,N/A,N/A
0,4294967295,3743,1,BatchMatMul415,N/A,N/A,N/A,1764070378352830.048	,1244.417,0.083,0,0,N/A,N/A,N/A,N/A,N/A,N/A,N/A,N/A
0,4294967295,3744,1,Transpose416,N/A,N/A,N/A,1764070378354074.548	,106.667,0.083,0,0,N/A,N/A,N/A,N/A,N/A,N/A,N/A,N/A
0,4294967295,3745,1,MatMul409,N/A,N/A,N/A,1764070378354181.298	,168.167,0.083,0,0,N/A,N/A,N/A,N/A,N/A,N/A,N/A,N/A
0,4294967295,3746,1,ReduceMean417,N/A,N/A,N/A,1764070378354349.527	,728.896,0.062,0,0,N/A,N/A,N/A,N/A,N/A,N/A,N/A,N/A
0,4294967295,3747,1,Add408,N/A,N/A,N/A,1764070378355078.486	,97.0,0.062,0,0,N/A,N/A,N/A,N/A,N/A,N/A,N/A,N/A
0,4294967295,3748,1,LayerNorm418,N/A,N/A,N/A,1764070378355175.548	,228.229,0.062,0,0,N/A,N/A,N/A,N/A,N/A,N/A,N/A,N/A
0,4294967295,3749,1,MatMul419,N/A,N/A,N/A,1764070378355403.861	,1525.5,0.083,0,0,N/A,N/A,N/A,N/A,N/A,N/A,N/A,N/A
0,4294967295,3750,1,Relu420,N/A,N/A,N/A,1764070378356929.444	,388.25,0.083,0,0,N/A,N/A,N/A,N/A,N/A,N/A,N/A,N/A
0,4294967295,3751,1,MatMul421,N/A,N/A,N/A,1764070378357317.756	,1635.812,0.062,0,0,N/A,N/A,N/A,N/A,N/A,N/A,N/A,N/A
0,4294967295,3752,1,Add408,N/A,N/A,N/A,1764070378358953.652	,86.708,0.083,0,0,N/A,N/A,N/A,N/A,N/A,N/A,N/A,N/A
0,4294967295,3753,1,LayerNorm418,N/A,N/A,N/A,1764070378359040.423	,228.0,0.062,0,0,N/A,N/A,N/A,N/A,N/A,N/A,N/A,N/A
0,4294967295,3754,1,ZerosLike422,N/A,N/A,N/A,1764070378795777.923	,7.25,436509.5,0,0,N/A,N/A,N/A,N/A,N/A,N/A,N/A,N/A
0,4294967295,3755,1,Add423,N/A,N/A,N/A,1764070379280075.944	,14.812,484290.771,0,0,N/A,N/A,N/A,N/A,N/A,N/A,N/A,N/A
0,4294967295,3756,1,MatMul424,N/A,N/A,N/A,1764070379787330.298	,54.229,507239.542,0,0,N/A,N/A,N/A,N/A,N/A,N/A,N/A,N/A
0,4294967295,3757,1,MatMul424,N/A,N/A,N/A,1764070379787501.840	,51.938,117.312,0,0,N/A,N/A,N/A,N/A,N/A,N/A,N/A,N/A
0,4294967295,3758,1,MatMul424,N/A,N/A,N/A,1764070379787568.027	,57.458,14.25,0,0,N/A,N/A,N/A,N/A,N/A,N/A,N/A,N/A
0,4294967295,3759,1,Transpose425,N/A,N/A,N/A,1764070380272213.777	,18.604,484588.292,0,0,N/A,N/A,N/A,N/A,N/A,N/A,N/A,N/A
0,4294967295,3760,1,Mul426,N/A,N/A,N/A,1764070380742309.569	,9.354,470077.188,0,0,N/A,N/A,N/A,N/A,N/A,N/A,N/A,N/A
0,4294967295,3761,1,Transpose427,N/A,N/A,N/A,1764070381241094.506	,59.729,498775.583,0,0,N/A,N/A,N/A,N/A,N/A,N/A,N/A,N/A
0,4294967295,3762,1,BatchMatMul428,N/A,N/A,N/A,1764070381729147.194	,25.812,487992.958,0,0,N/A,N/A,N/A,N/A,N/A,N/A,N/A,N/A
0,4294967295,3763,1,SoftmaxV2429,N/A,N/A,N/A,1764070382699920.798	,118.625,970747.792,0,0,N/A,N/A,N/A,N/A,N/A,N/A,N/A,N/A
0,4294967295,3764,1,Transpose425,N/A,N/A,N/A,1764070382700150.423	,16.729,111.0,0,0,N/A,N/A,N/A,N/A,N/A,N/A,N/A,N/A
0,4294967295,3765,1,BatchMatMul430,N/A,N/A,N/A,1764070383231430.756	,31.167,531263.604,0,0,N/A,N/A,N/A,N/A,N/A,N/A,N/A,N/A
0,4294967295,3766,1,Transpose431,N/A,N/A,N/A,1764070383722064.736	,22.625,490602.812,0,0,N/A,N/A,N/A,N/A,N/A,N/A,N/A,N/A
0,4294967295,3767,1,MatMul424,N/A,N/A,N/A,1764070383722250.215	,76.208,162.854,0,0,N/A,N/A,N/A,N/A,N/A,N/A,N/A,N/A
0,4294967295,3768,1,ReduceMean432,N/A,N/A,N/A,1764070384197784.256	,16.417,475457.833,0,0,N/A,N/A,N/A,N/A,N/A,N/A,N/A,N/A
0,4294967295,3769,1,Add423,N/A,N/A,N/A,1764070384197952.298	,10.604,151.625,0,0,N/A,N/A,N/A,N/A,N/A,N/A,N/A,N/A
0,4294967295,3770,1,LayerNorm433,N/A,N/A,N/A,1764070384698476.027	,36.104,500513.125,0,0,N/A,N/A,N/A,N/A,N/A,N/A,N/A,N/A
0,4294967295,3771,1,Add423,N/A,N/A,N/A,1764070384698642.277	,10.729,130.146,0,0,N/A,N/A,N/A,N/A,N/A,N/A,N/A,N/A
0,4294967295,3772,1,Add408,N/A,N/A,N/A,1764070384698708.652	,102.396,55.646,0,0,N/A,N/A,N/A,N/A,N/A,N/A,N/A,N/A
0,4294967295,3773,1,MatMul424,N/A,N/A,N/A,1764070384698825.756	,61.979,14.708,0,0,N/A,N/A,N/A,N/A,N/A,N/A,N/A,N/A
0,4294967295,3774,1,MatMul409,N/A,N/A,N/A,1764070384698915.152	,181.021,27.417,0,0,N/A,N/A,N/A,N/A,N/A,N/A,N/A,N/A
0,4294967295,3775,1,MatMul409,N/A,N/A,N/A,1764070384699096.256	,211.104,0.083,0,0,N/A,N/A,N/A,N/A,N/A,N/A,N/A,N/A
0,4294967295,3776,1,Transpose425,N/A,N/A,N/A,1764070384699307.444	,17.292,0.083,0,0,N/A,N/A,N/A,N/A,N/A,N/A,N/A,N/A
0,4294967295,3777,1,Mul426,N/A,N/A,N/A,1764070384699324.819	,7.375,0.083,0,0,N/A,N/A,N/A,N/A,N/A,N/A,N/A,N/A
0,4294967295,3778,1,Transpose412,N/A,N/A,N/A,1764070384699371.590	,227.417,39.396,0,0,N/A,N/A,N/A,N/A,N/A,N/A,N/A,N/A
0,4294967295,3779,1,BatchMatMul434,N/A,N/A,N/A,1764070385198591.944	,418.021,498992.938,0,0,N/A,N/A,N/A,N/A,N/A,N/A,N/A,N/A
0,4294967295,3780,1,SoftmaxV2435,N/A,N/A,N/A,1764070386109121.527	,296.292,910111.562,0,0,N/A,N/A,N/A,N/A,N/A,N/A,N/A,N/A
0,4294967295,3781,1,Transpose410,N/A,N/A,N/A,1764070386109418.111	,72.188,0.292,0,0,N/A,N/A,N/A,N/A,N/A,N/A,N/A,N/A
0,4294967295,3782,1,BatchMatMul436,N/A,N/A,N/A,1764070386594700.319	,75.708,485210.021,0,0,N/A,N/A,N/A,N/A,N/A,N/A,N/A,N/A
0,4294967295,3783,1,Transpose431,N/A,N/A,N/A,1764070386594891.236	,20.146,115.208,0,0,N/A,N/A,N/A,N/A,N/A,N/A,N/A,N/A
0,4294967295,3784,1,MatMul424,N/A,N/A,N/A,1764070386595002.923	,62.854,91.542,0,0,N/A,N/A,N/A,N/A,N/A,N/A,N/A,N/A
0,4294967295,3785,1,ReduceMean437,N/A,N/A,N/A,1764070387090211.923	,79.188,495146.146,0,0,N/A,N/A,N/A,N/A,N/A,N/A,N/A,N/A
0,4294967295,3786,1,Add423,N/A,N/A,N/A,1764070387090620.027	,19.0,328.917,0,0,N/A,N/A,N/A,N/A,N/A,N/A,N/A,N/A
0,4294967295,3787,1,LayerNorm433,N/A,N/A,N/A,1764070387090736.965	,35.146,97.938,0,0,N/A,N/A,N/A,N/A,N/A,N/A,N/A,N/A
0,4294967295,3788,1,MatMul438,N/A,N/A,N/A,1764070387590680.465	,518.0,499908.354,0,0,N/A,N/A,N/A,N/A,N/A,N/A,N/A,N/A
0,4294967295,3789,1,Relu439,N/A,N/A,N/A,1764070388077073.777	,37.146,485875.312,0,0,N/A,N/A,N/A,N/A,N/A,N/A,N/A,N/A
0,4294967295,3790,1,MatMul440,N/A,N/A,N/A,1764070388563657.944	,333.875,486547.021,0,0,N/A,N/A,N/A,N/A,N/A,N/A,N/A,N/A
0,4294967295,3791,1,Add423,N/A,N/A,N/A,1764070388563991.902	,17.646,0.083,0,0,N/A,N/A,N/A,N/A,N/A,N/A,N/A,N/A
0,4294967295,3792,1,LayerNorm433,N/A,N/A,N/A,1764070388564015.090	,34.104,5.542,0,0,N/A,N/A,N/A,N/A,N/A,N/A,N/A,N/A
0,4294967295,3793,1,LayerNorm433,N/A,N/A,N/A,1764070388564102.194	,33.375,53.0,0,0,N/A,N/A,N/A,N/A,N/A,N/A,N/A,N/A
0,4294967295,3794,1,MatMul441,N/A,N/A,N/A,1764070389079778.090	,8.688,515642.521,0,0,N/A,N/A,N/A,N/A,N/A,N/A,N/A,N/A
0,4294967295,3795,1,Abs15,N/A,N/A,N/A,1764070389079919.402	,2.875,132.625,0,0,N/A,N/A,N/A,N/A,N/A,N/A,N/A,N/A
0,4294967295,3796,1,Equal16,N/A,N/A,N/A,1764070389079988.590	,2.5,66.312,0,0,N/A,N/A,N/A,N/A,N/A,N/A,N/A,N/A
0,4294967295,3797,1,ReduceAny17,N/A,N/A,N/A,1764070389080067.611	,2.396,76.521,0,0,N/A,N/A,N/A,N/A,N/A,N/A,N/A,N/A
0,4294967295,3798,1,Abs15,N/A,N/A,N/A,1764070389080813.527	,1.958,743.521,0,0,N/A,N/A,N/A,N/A,N/A,N/A,N/A,N/A
0,4294967295,3799,1,Equal16,N/A,N/A,N/A,1764070389081231.277	,2.25,415.792,0,0,N/A,N/A,N/A,N/A,N/A,N/A,N/A,N/A
0,4294967295,3800,1,ReduceAny17,N/A,N/A,N/A,1764070389081337.632	,2.021,104.104,0,0,N/A,N/A,N/A,N/A,N/A,N/A,N/A,N/A
0,4294967295,3801,1,Mul442,N/A,N/A,N/A,1764070389551600.861	,4.417,470261.208,0,0,N/A,N/A,N/A,N/A,N/A,N/A,N/A,N/A
0,4294967295,3802,1,Add443,N/A,N/A,N/A,1764070390025292.006	,4.312,473686.729,0,0,N/A,N/A,N/A,N/A,N/A,N/A,N/A,N/A
