Device_id,kernel_name,kernel_type,stream_id,task_id,task_time(us),task_start(us),task_stop(us)
0,Abs15,KERNEL_AIVEC,1,45,3.291,1764070180513626.110	,1764070180513629.401	
0,Equal16,KERNEL_AIVEC,1,46,4.458,1764070180961050.756	,1764070180961055.214	
0,ReduceAny17,KERNEL_AIVEC,1,47,3.625,1764070181429153.631	,1764070181429157.256	
0,Abs15,KERNEL_AIVEC,1,48,2.854,1764070181430326.464	,1764070181430329.318	
0,Equal16,KERNEL_AIVEC,1,49,3.645,1764070181430411.048	,1764070181430414.693	
0,ReduceAny17,KERNEL_AIVEC,1,50,2.166,1764070181430470.506	,1764070181430472.672	
0,Cast18,KERNEL_AIVEC,1,51,3.875,1764070181913230.235	,1764070181913234.110	
0,Sub19,KERNEL_AIVEC,1,52,3.854,1764070182390671.319	,1764070182390675.173	
0,Add20,KERNEL_AIVEC,1,53,4.229,1764070182879540.652	,1764070182879544.881	
0,Cast18,KERNEL_AIVEC,1,54,2.083,1764070182879718.152	,1764070182879720.235	
0,RealDiv21,KERNEL_AIVEC,1,55,4.02,1764070183378658.798	,1764070183378662.818	
0,Abs22,KERNEL_AIVEC,1,56,3.583,1764070183835627.381	,1764070183835630.964	
0,Equal23,KERNEL_AIVEC,1,57,4.395,1764070184305470.652	,1764070184305475.047	
0,ReduceAny24,KERNEL_AIVEC,1,58,4.062,1764070184758455.402	,1764070184758459.464	
0,Abs22,KERNEL_AIVEC,1,59,2.125,1764070184759063.964	,1764070184759066.089	
0,Equal23,KERNEL_AIVEC,1,60,2.854,1764070184759179.735	,1764070184759182.589	
0,ReduceAny24,KERNEL_AIVEC,1,61,2.062,1764070184759320.131	,1764070184759322.193	
0,Cast25,KERNEL_AIVEC,1,62,3.645,1764070185234511.235	,1764070185234514.880	
0,Sub26,KERNEL_AIVEC,1,63,464.916,1764070185674738.944	,1764070185675203.860	
0,Add27,KERNEL_AIVEC,1,64,3.875,1764070186155988.152	,1764070186155992.027	
0,Cast25,KERNEL_AIVEC,1,65,2.229,1764070186156131.714	,1764070186156133.943	
0,RealDiv28,KERNEL_AIVEC,1,66,440.062,1764070186600237.860	,1764070186600677.922	
0,Abs22,KERNEL_AIVEC,1,67,2.541,1764070186600678.006	,1764070186600680.547	
0,Equal23,KERNEL_AIVEC,1,68,3.062,1764070186600714.548	,1764070186600717.610	
0,ReduceAny24,KERNEL_AIVEC,1,69,2.416,1764070186600803.173	,1764070186600805.589	
0,Abs22,KERNEL_AIVEC,1,70,2.02,1764070186601250.860	,1764070186601252.880	
0,Equal23,KERNEL_AIVEC,1,71,2.312,1764070186601415.798	,1764070186601418.110	
0,ReduceAny24,KERNEL_AIVEC,1,72,1.937,1764070186601507.110	,1764070186601509.047	
0,Cast25,KERNEL_AIVEC,1,73,2.395,1764070186602137.985	,1764070186602140.380	
0,Sub26,KERNEL_AIVEC,1,74,413.27,1764070186602198.964	,1764070186602612.234	
0,Add27,KERNEL_AIVEC,1,75,2.166,1764070186602612.319	,1764070186602614.485	
0,Cast25,KERNEL_AIVEC,1,76,2.083,1764070186602614.569	,1764070186602616.652	
0,RealDiv28,KERNEL_AIVEC,1,77,387.083,1764070186602616.714	,1764070186603003.797	
0,trans_Cast_12,KERNEL_AIVEC,1,78,7.854,1764070187465745.402	,1764070187465753.256	
0,trans_Cast_13,KERNEL_AIVEC,1,79,2.833,1764070187465823.756	,1764070187465826.589	
0,MatMul29,KERNEL_AICORE,1,80,9.02,1764070187465879.339	,1764070187465888.359	
0,trans_Cast_14,KERNEL_AIVEC,1,81,2.562,1764070187465931.819	,1764070187465934.381	
0,trans_Cast_15,KERNEL_AIVEC,1,82,5.333,1764070188060646.673	,1764070188060652.006	
0,trans_Cast_16,KERNEL_AIVEC,1,83,2.812,1764070188060952.048	,1764070188060954.860	
0,MatMul30,KERNEL_AICORE,1,84,10.791,1764070188061027.048	,1764070188061037.839	
0,trans_Cast_17,KERNEL_AIVEC,1,85,2.291,1764070188062919.923	,1764070188062922.214	
0,Cast31,KERNEL_AIVEC,1,86,379.645,1764070188539219.214	,1764070188539598.859	
0,trans_TransData_18,KERNEL_AIVEC,1,87,592.812,1764070189072950.298	,1764070189073543.110	
0,Conv2D32,KERNEL_AICORE,1,88,3611.083,1764070189073543.173	,1764070189077154.256	
0,Add33,KERNEL_AIVEC,1,89,4.104,1764070189583668.819	,1764070189583672.923	
0,Rsqrt34,KERNEL_AIVEC,1,90,3.729,1764070190035364.631	,1764070190035368.360	
0,Mul35,KERNEL_AIVEC,1,91,3.958,1764070190499131.339	,1764070190499135.297	
0,Mul35,KERNEL_AIVEC,1,92,2.0,1764070190499260.381	,1764070190499262.381	
0,Sub36,KERNEL_AIVEC,1,93,3.708,1764070190958116.235	,1764070190958119.943	
0,trans_TransData_19,KERNEL_AIVEC,1,94,4.208,1764070191471164.944	,1764070191471169.152	
0,Mul37,KERNEL_AIVEC,1,95,1022.291,1764070191471236.735	,1764070191472259.026	
0,trans_TransData_20,KERNEL_AIVEC,1,96,3.77,1764070191989578.256	,1764070191989582.026	
0,Add38,KERNEL_AIVEC,1,97,1084.166,1764070191989970.985	,1764070191991055.151	
0,Relu39,KERNEL_AIVEC,1,98,1176.833,1764070192460031.339	,1764070192461208.172	
0,MaxPoolWithArgmaxV140,KERNEL_AIVEC,1,99,2587.27,1764070192952409.339	,1764070192954996.609	
0,Conv2D41,KERNEL_AICORE,1,100,539.541,1764070193419765.235	,1764070193420304.776	
0,Add33,KERNEL_AIVEC,1,101,2.729,1764070193420304.839	,1764070193420307.568	
0,Rsqrt34,KERNEL_AIVEC,1,102,2.229,1764070193420307.652	,1764070193420309.881	
0,Mul35,KERNEL_AIVEC,1,103,2.604,1764070193420309.944	,1764070193420312.548	
0,Mul35,KERNEL_AIVEC,1,104,2.083,1764070193420312.610	,1764070193420314.693	
0,Sub36,KERNEL_AIVEC,1,105,2.541,1764070193420314.777	,1764070193420317.318	
0,trans_TransData_21,KERNEL_AIVEC,1,106,3.937,1764070193955796.319	,1764070193955800.256	
0,Mul42,KERNEL_AIVEC,1,107,188.583,1764070193955847.944	,1764070193956036.527	
0,trans_TransData_22,KERNEL_AIVEC,1,108,4.395,1764070194478167.694	,1764070194478172.089	
0,Add43,KERNEL_AIVEC,1,109,132.229,1764070194478237.527	,1764070194478369.756	
0,Relu44,KERNEL_AIVEC,1,110,130.583,1764070194923628.756	,1764070194923759.339	
0,Conv2D41,KERNEL_AICORE,1,111,408.041,1764070194923826.902	,1764070194924234.943	
0,Add33,KERNEL_AIVEC,1,112,2.479,1764070194924235.006	,1764070194924237.485	
0,Rsqrt34,KERNEL_AIVEC,1,113,2.312,1764070194924237.569	,1764070194924239.881	
0,Mul35,KERNEL_AIVEC,1,114,2.416,1764070194924239.964	,1764070194924242.380	
0,Mul35,KERNEL_AIVEC,1,115,2.083,1764070194924242.464	,1764070194924244.547	
0,Sub36,KERNEL_AIVEC,1,116,2.541,1764070194924244.610	,1764070194924247.151	
0,trans_TransData_21,KERNEL_AIVEC,1,117,2.25,1764070194924247.235	,1764070194924249.485	
0,Mul42,KERNEL_AIVEC,1,118,135.729,1764070194924249.569	,1764070194924385.298	
0,trans_TransData_22,KERNEL_AIVEC,1,119,2.375,1764070194924385.381	,1764070194924387.756	
0,Add43,KERNEL_AIVEC,1,120,133.875,1764070194924387.819	,1764070194924521.694	
0,Add45,KERNEL_AIVEC,1,121,368.562,1764070195390088.610	,1764070195390457.172	
0,Relu44,KERNEL_AIVEC,1,122,146.958,1764070195390531.714	,1764070195390678.672	
0,Conv2D41,KERNEL_AICORE,1,123,398.562,1764070195390678.756	,1764070195391077.318	
0,Add33,KERNEL_AIVEC,1,124,3.229,1764070195391077.402	,1764070195391080.631	
0,Rsqrt34,KERNEL_AIVEC,1,125,2.291,1764070195391080.714	,1764070195391083.005	
0,Mul35,KERNEL_AIVEC,1,126,2.5,1764070195391083.089	,1764070195391085.589	
0,Mul35,KERNEL_AIVEC,1,127,1.979,1764070195391085.673	,1764070195391087.652	
0,Sub36,KERNEL_AIVEC,1,128,2.375,1764070195391087.714	,1764070195391090.089	
0,trans_TransData_21,KERNEL_AIVEC,1,129,2.687,1764070195391090.173	,1764070195391092.860	
0,Mul42,KERNEL_AIVEC,1,130,134.25,1764070195391092.944	,1764070195391227.194	
0,trans_TransData_22,KERNEL_AIVEC,1,131,2.479,1764070195391227.277	,1764070195391229.756	
0,Add43,KERNEL_AIVEC,1,132,133.27,1764070195391229.819	,1764070195391363.089	
0,Relu44,KERNEL_AIVEC,1,133,127.937,1764070195391363.152	,1764070195391491.089	
0,Conv2D41,KERNEL_AICORE,1,134,404.854,1764070195391491.173	,1764070195391896.027	
0,Add33,KERNEL_AIVEC,1,135,2.25,1764070195391896.110	,1764070195391898.360	
0,Rsqrt34,KERNEL_AIVEC,1,136,2.166,1764070195391898.444	,1764070195391900.610	
0,Mul35,KERNEL_AIVEC,1,137,2.229,1764070195391900.694	,1764070195391902.923	
0,Mul35,KERNEL_AIVEC,1,138,2.083,1764070195391903.006	,1764070195391905.089	
0,Sub36,KERNEL_AIVEC,1,139,2.166,1764070195391905.152	,1764070195391907.318	
0,trans_TransData_21,KERNEL_AIVEC,1,140,2.187,1764070195391907.402	,1764070195391909.589	
0,Mul42,KERNEL_AIVEC,1,141,135.562,1764070195391909.673	,1764070195392045.235	
0,trans_TransData_22,KERNEL_AIVEC,1,142,2.208,1764070195392045.298	,1764070195392047.506	
0,Add43,KERNEL_AIVEC,1,143,133.375,1764070195392047.569	,1764070195392180.944	
0,Add45,KERNEL_AIVEC,1,144,384.75,1764070195392181.027	,1764070195392565.777	
0,Relu44,KERNEL_AIVEC,1,145,139.5,1764070195392565.860	,1764070195392705.360	
0,Conv2D46,KERNEL_AICORE,1,146,214.5,1764070195851742.048	,1764070195851956.548	
0,Add47,KERNEL_AIVEC,1,147,4.083,1764070196343354.319	,1764070196343358.402	
0,Rsqrt48,KERNEL_AIVEC,1,148,3.979,1764070196791880.152	,1764070196791884.131	
0,Mul49,KERNEL_AIVEC,1,149,3.625,1764070197264231.006	,1764070197264234.631	
0,Mul49,KERNEL_AIVEC,1,150,2.125,1764070197264401.610	,1764070197264403.735	
0,Sub50,KERNEL_AIVEC,1,151,3.645,1764070197712707.131	,1764070197712710.776	
0,trans_TransData_23,KERNEL_AIVEC,1,152,4.52,1764070198245780.131	,1764070198245784.651	
0,Mul51,KERNEL_AIVEC,1,153,68.187,1764070198245857.256	,1764070198245925.443	
0,trans_TransData_24,KERNEL_AIVEC,1,154,3.604,1764070198759219.985	,1764070198759223.589	
0,Add52,KERNEL_AIVEC,1,155,68.145,1764070198759276.402	,1764070198759344.547	
0,Relu53,KERNEL_AIVEC,1,156,67.333,1764070199199424.277	,1764070199199491.610	
0,Conv2D54,KERNEL_AICORE,1,157,405.562,1764070199682535.756	,1764070199682941.318	
0,Add47,KERNEL_AIVEC,1,158,2.708,1764070199682941.381	,1764070199682944.089	
0,Rsqrt48,KERNEL_AIVEC,1,159,2.333,1764070199682944.152	,1764070199682946.485	
0,Mul49,KERNEL_AIVEC,1,160,2.375,1764070199682946.569	,1764070199682948.944	
0,Mul49,KERNEL_AIVEC,1,161,2.0,1764070199682949.006	,1764070199682951.006	
0,Sub50,KERNEL_AIVEC,1,162,2.52,1764070199682951.089	,1764070199682953.609	
0,trans_TransData_23,KERNEL_AIVEC,1,163,2.229,1764070199682976.985	,1764070199682979.214	
0,Mul51,KERNEL_AIVEC,1,164,66.166,1764070199683033.694	,1764070199683099.860	
0,trans_TransData_24,KERNEL_AIVEC,1,165,2.125,1764070199683099.944	,1764070199683102.069	
0,Add52,KERNEL_AIVEC,1,166,65.291,1764070199683106.881	,1764070199683172.172	
0,Conv2D55,KERNEL_AICORE,1,167,166.75,1764070200198628.485	,1764070200198795.235	
0,Add47,KERNEL_AIVEC,1,168,2.937,1764070200198881.819	,1764070200198884.756	
0,Rsqrt48,KERNEL_AIVEC,1,169,2.375,1764070200198970.298	,1764070200198972.673	
0,Mul49,KERNEL_AIVEC,1,170,2.166,1764070200199028.298	,1764070200199030.464	
0,Mul49,KERNEL_AIVEC,1,171,2.0,1764070200199071.256	,1764070200199073.256	
0,Sub50,KERNEL_AIVEC,1,172,2.583,1764070200199119.464	,1764070200199122.047	
0,trans_TransData_23,KERNEL_AIVEC,1,173,2.312,1764070200199190.319	,1764070200199192.631	
0,Mul51,KERNEL_AIVEC,1,174,67.187,1764070200199216.298	,1764070200199283.485	
0,trans_TransData_24,KERNEL_AIVEC,1,175,2.812,1764070200199314.402	,1764070200199317.214	
0,Add52,KERNEL_AIVEC,1,176,66.812,1764070200199340.548	,1764070200199407.360	
0,Add56,KERNEL_AIVEC,1,177,146.041,1764070200713060.881	,1764070200713206.922	
0,Relu53,KERNEL_AIVEC,1,178,65.0,1764070200713281.569	,1764070200713346.569	
0,Conv2D54,KERNEL_AICORE,1,179,403.833,1764070200713361.964	,1764070200713765.797	
0,Add47,KERNEL_AIVEC,1,180,2.354,1764070200713765.881	,1764070200713768.235	
0,Rsqrt48,KERNEL_AIVEC,1,181,2.458,1764070200713768.319	,1764070200713770.777	
0,Mul49,KERNEL_AIVEC,1,182,2.208,1764070200713770.839	,1764070200713773.047	
0,Mul49,KERNEL_AIVEC,1,183,1.979,1764070200713773.110	,1764070200713775.089	
0,Sub50,KERNEL_AIVEC,1,184,2.479,1764070200713775.152	,1764070200713777.631	
0,trans_TransData_23,KERNEL_AIVEC,1,185,2.25,1764070200713783.235	,1764070200713785.485	
0,Mul51,KERNEL_AIVEC,1,186,68.77,1764070200713843.381	,1764070200713912.151	
0,trans_TransData_24,KERNEL_AIVEC,1,187,2.229,1764070200713918.610	,1764070200713920.839	
0,Add52,KERNEL_AIVEC,1,188,67.27,1764070200713943.860	,1764070200714011.130	
0,Relu53,KERNEL_AIVEC,1,189,64.75,1764070200714011.194	,1764070200714075.944	
0,Conv2D54,KERNEL_AICORE,1,190,407.916,1764070200714076.027	,1764070200714483.943	
0,Add47,KERNEL_AIVEC,1,191,2.083,1764070200714484.027	,1764070200714486.110	
0,Rsqrt48,KERNEL_AIVEC,1,192,2.395,1764070200714486.194	,1764070200714488.589	
0,Mul49,KERNEL_AIVEC,1,193,2.395,1764070200714488.652	,1764070200714491.047	
0,Mul49,KERNEL_AIVEC,1,194,1.979,1764070200714491.131	,1764070200714493.110	
0,Sub50,KERNEL_AIVEC,1,195,2.291,1764070200714493.194	,1764070200714495.485	
0,trans_TransData_23,KERNEL_AIVEC,1,196,1.75,1764070200714495.548	,1764070200714497.298	
0,Mul51,KERNEL_AIVEC,1,197,65.27,1764070200714497.381	,1764070200714562.651	
0,trans_TransData_24,KERNEL_AIVEC,1,198,1.854,1764070200714562.735	,1764070200714564.589	
0,Add52,KERNEL_AIVEC,1,199,65.562,1764070200714564.652	,1764070200714630.214	
0,Add56,KERNEL_AIVEC,1,200,153.625,1764070200714630.277	,1764070200714783.902	
0,Relu53,KERNEL_AIVEC,1,201,64.708,1764070200714783.985	,1764070200714848.693	
0,Conv2D57,KERNEL_AICORE,1,202,286.333,1764070201226095.464	,1764070201226381.797	
0,Add58,KERNEL_AIVEC,1,203,4.666,1764070201712868.464	,1764070201712873.130	
0,Rsqrt59,KERNEL_AIVEC,1,204,3.916,1764070202153067.006	,1764070202153070.922	
0,Mul60,KERNEL_AIVEC,1,205,4.125,1764070202655825.985	,1764070202655830.110	
0,Mul60,KERNEL_AIVEC,1,206,2.27,1764070202655981.006	,1764070202655983.276	
0,Sub61,KERNEL_AIVEC,1,207,4.0,1764070203142237.610	,1764070203142241.610	
0,trans_TransData_25,KERNEL_AIVEC,1,208,3.979,1764070203644166.944	,1764070203644170.923	
0,Mul62,KERNEL_AIVEC,1,209,34.937,1764070203644221.110	,1764070203644256.047	
0,trans_TransData_26,KERNEL_AIVEC,1,210,4.125,1764070204157246.485	,1764070204157250.610	
0,Add63,KERNEL_AIVEC,1,211,34.979,1764070204157409.485	,1764070204157444.464	
0,Relu64,KERNEL_AIVEC,1,212,35.312,1764070204600534.256	,1764070204600569.568	
0,Conv2D65,KERNEL_AICORE,1,213,469.541,1764070205081086.881	,1764070205081556.422	
0,Add58,KERNEL_AIVEC,1,214,2.937,1764070205081556.506	,1764070205081559.443	
0,Rsqrt59,KERNEL_AIVEC,1,215,2.479,1764070205081559.527	,1764070205081562.006	
0,Mul60,KERNEL_AIVEC,1,216,2.166,1764070205081562.089	,1764070205081564.255	
0,Mul60,KERNEL_AIVEC,1,217,2.187,1764070205081564.339	,1764070205081566.526	
0,Sub61,KERNEL_AIVEC,1,218,3.062,1764070205081600.673	,1764070205081603.735	
0,trans_TransData_25,KERNEL_AIVEC,1,219,2.333,1764070205081676.298	,1764070205081678.631	
0,Mul62,KERNEL_AIVEC,1,220,33.354,1764070205081701.235	,1764070205081734.589	
0,trans_TransData_26,KERNEL_AIVEC,1,221,2.312,1764070205081759.673	,1764070205081761.985	
0,Add63,KERNEL_AIVEC,1,222,34.104,1764070205081783.444	,1764070205081817.548	
0,Conv2D66,KERNEL_AICORE,1,223,121.5,1764070205581742.069	,1764070205581863.569	
0,Add58,KERNEL_AIVEC,1,224,3.02,1764070205581964.631	,1764070205581967.651	
0,Rsqrt59,KERNEL_AIVEC,1,225,2.645,1764070205582041.631	,1764070205582044.276	
0,Mul60,KERNEL_AIVEC,1,226,2.5,1764070205582096.256	,1764070205582098.756	
0,Mul60,KERNEL_AIVEC,1,227,2.083,1764070205582132.256	,1764070205582134.339	
0,Sub61,KERNEL_AIVEC,1,228,3.041,1764070205582193.798	,1764070205582196.839	
0,trans_TransData_25,KERNEL_AIVEC,1,229,2.312,1764070205582266.214	,1764070205582268.526	
0,Mul62,KERNEL_AIVEC,1,230,33.708,1764070205582287.131	,1764070205582320.839	
0,trans_TransData_26,KERNEL_AIVEC,1,231,2.25,1764070205582341.819	,1764070205582344.069	
0,Add63,KERNEL_AIVEC,1,232,34.229,1764070205582365.694	,1764070205582399.923	
0,Add67,KERNEL_AIVEC,1,233,48.479,1764070206070072.152	,1764070206070120.631	
0,Relu64,KERNEL_AIVEC,1,234,33.958,1764070206070203.339	,1764070206070237.297	
0,Conv2D65,KERNEL_AICORE,1,235,428.02,1764070206070280.131	,1764070206070708.151	
0,Add58,KERNEL_AIVEC,1,236,2.937,1764070206070708.235	,1764070206070711.172	
0,Rsqrt59,KERNEL_AIVEC,1,237,2.812,1764070206070711.235	,1764070206070714.047	
0,Mul60,KERNEL_AIVEC,1,238,2.354,1764070206070714.131	,1764070206070716.485	
0,Mul60,KERNEL_AIVEC,1,239,2.083,1764070206070716.569	,1764070206070718.652	
0,Sub61,KERNEL_AIVEC,1,240,2.729,1764070206070718.735	,1764070206070721.464	
0,trans_TransData_25,KERNEL_AIVEC,1,241,2.479,1764070206070721.527	,1764070206070724.006	
0,Mul62,KERNEL_AIVEC,1,242,33.979,1764070206070724.089	,1764070206070758.068	
0,trans_TransData_26,KERNEL_AIVEC,1,243,2.479,1764070206070758.131	,1764070206070760.610	
0,Add63,KERNEL_AIVEC,1,244,34.187,1764070206070760.673	,1764070206070794.860	
0,Relu64,KERNEL_AIVEC,1,245,33.52,1764070206070794.944	,1764070206070828.464	
0,Conv2D65,KERNEL_AICORE,1,246,444.52,1764070206070828.548	,1764070206071273.068	
0,Add58,KERNEL_AIVEC,1,247,2.229,1764070206071273.131	,1764070206071275.360	
0,Rsqrt59,KERNEL_AIVEC,1,248,2.104,1764070206071275.423	,1764070206071277.527	
0,Mul60,KERNEL_AIVEC,1,249,2.187,1764070206071277.610	,1764070206071279.797	
0,Mul60,KERNEL_AIVEC,1,250,2.083,1764070206071279.860	,1764070206071281.943	
0,Sub61,KERNEL_AIVEC,1,251,2.25,1764070206071282.027	,1764070206071284.277	
0,trans_TransData_25,KERNEL_AIVEC,1,252,1.77,1764070206071284.360	,1764070206071286.130	
0,Mul62,KERNEL_AIVEC,1,253,33.416,1764070206071286.194	,1764070206071319.610	
0,trans_TransData_26,KERNEL_AIVEC,1,254,2.145,1764070206071319.694	,1764070206071321.839	
0,Add63,KERNEL_AIVEC,1,255,33.52,1764070206071321.902	,1764070206071355.422	
0,Add67,KERNEL_AIVEC,1,256,70.437,1764070206071355.506	,1764070206071425.943	
0,Relu64,KERNEL_AIVEC,1,257,33.312,1764070206071426.006	,1764070206071459.318	
0,Conv2D68,KERNEL_AICORE,1,258,365.875,1764070206559163.527	,1764070206559529.402	
0,Add69,KERNEL_AIVEC,1,259,4.0,1764070207037504.131	,1764070207037508.131	
0,Rsqrt70,KERNEL_AIVEC,1,260,4.125,1764070207513768.256	,1764070207513772.381	
0,Mul71,KERNEL_AIVEC,1,261,4.312,1764070208001534.881	,1764070208001539.193	
0,Mul71,KERNEL_AIVEC,1,262,2.062,1764070208001673.964	,1764070208001676.026	
0,Sub72,KERNEL_AIVEC,1,263,3.979,1764070208460138.423	,1764070208460142.402	
0,trans_TransData_27,KERNEL_AIVEC,1,264,4.062,1764070208978045.631	,1764070208978049.693	
0,Mul73,KERNEL_AIVEC,1,265,19.354,1764070208978132.194	,1764070208978151.548	
0,trans_TransData_28,KERNEL_AIVEC,1,266,4.062,1764070209482971.027	,1764070209482975.089	
0,Add74,KERNEL_AIVEC,1,267,19.145,1764070209483026.464	,1764070209483045.609	
0,Relu75,KERNEL_AIVEC,1,268,20.041,1764070209920389.277	,1764070209920409.318	
0,Conv2D76,KERNEL_AICORE,1,269,808.354,1764070210398272.714	,1764070210399081.068	
0,Add69,KERNEL_AIVEC,1,270,3.562,1764070210399081.131	,1764070210399084.693	
0,Rsqrt70,KERNEL_AIVEC,1,271,3.0,1764070210399084.777	,1764070210399087.777	
0,Mul71,KERNEL_AIVEC,1,272,2.395,1764070210399087.839	,1764070210399090.234	
0,Mul71,KERNEL_AIVEC,1,273,2.27,1764070210399090.298	,1764070210399092.568	
0,Sub72,KERNEL_AIVEC,1,274,2.645,1764070210399092.652	,1764070210399095.297	
0,trans_TransData_27,KERNEL_AIVEC,1,275,2.52,1764070210399095.360	,1764070210399097.880	
0,Mul73,KERNEL_AIVEC,1,276,26.562,1764070210399097.944	,1764070210399124.506	
0,trans_TransData_28,KERNEL_AIVEC,1,277,2.395,1764070210399124.589	,1764070210399126.984	
0,Add74,KERNEL_AIVEC,1,278,18.625,1764070210399127.069	,1764070210399145.694	
0,Conv2D77,KERNEL_AICORE,1,279,78.916,1764070210878935.277	,1764070210879014.193	
0,Add69,KERNEL_AIVEC,1,280,3.104,1764070210879090.006	,1764070210879093.110	
0,Rsqrt70,KERNEL_AIVEC,1,281,2.708,1764070210879167.652	,1764070210879170.360	
0,Mul71,KERNEL_AIVEC,1,282,3.354,1764070210879248.485	,1764070210879251.839	
0,Mul71,KERNEL_AIVEC,1,283,2.125,1764070210879285.756	,1764070210879287.881	
0,Sub72,KERNEL_AIVEC,1,284,2.416,1764070210879330.131	,1764070210879332.547	
0,trans_TransData_27,KERNEL_AIVEC,1,285,2.354,1764070210879398.131	,1764070210879400.485	
0,Mul73,KERNEL_AIVEC,1,286,18.0,1764070210879420.923	,1764070210879438.923	
0,trans_TransData_28,KERNEL_AIVEC,1,287,2.083,1764070210879473.214	,1764070210879475.297	
0,Add74,KERNEL_AIVEC,1,288,18.187,1764070210879493.027	,1764070210879511.214	
0,Add78,KERNEL_AIVEC,1,289,25.958,1764070211350808.089	,1764070211350834.047	
0,Relu75,KERNEL_AIVEC,1,290,18.0,1764070211350948.631	,1764070211350966.631	
0,Conv2D76,KERNEL_AICORE,1,291,796.812,1764070211351025.839	,1764070211351822.651	
0,Add69,KERNEL_AIVEC,1,292,3.583,1764070211351822.735	,1764070211351826.318	
0,Rsqrt70,KERNEL_AIVEC,1,293,2.708,1764070211351826.381	,1764070211351829.089	
0,Mul71,KERNEL_AIVEC,1,294,2.479,1764070211351829.173	,1764070211351831.652	
0,Mul71,KERNEL_AIVEC,1,295,2.208,1764070211351831.714	,1764070211351833.922	
0,Sub72,KERNEL_AIVEC,1,296,2.666,1764070211351834.006	,1764070211351836.672	
0,trans_TransData_27,KERNEL_AIVEC,1,297,2.645,1764070211351836.756	,1764070211351839.401	
0,Mul73,KERNEL_AIVEC,1,298,26.229,1764070211351839.464	,1764070211351865.693	
0,trans_TransData_28,KERNEL_AIVEC,1,299,2.354,1764070211351865.756	,1764070211351868.110	
0,Add74,KERNEL_AIVEC,1,300,18.416,1764070211351868.173	,1764070211351886.589	
0,Relu75,KERNEL_AIVEC,1,301,17.645,1764070211351886.652	,1764070211351904.297	
0,Conv2D76,KERNEL_AICORE,1,302,758.125,1764070211351904.381	,1764070211352662.506	
0,Add69,KERNEL_AIVEC,1,303,2.458,1764070211352662.589	,1764070211352665.047	
0,Rsqrt70,KERNEL_AIVEC,1,304,2.562,1764070211352665.110	,1764070211352667.672	
0,Mul71,KERNEL_AIVEC,1,305,2.354,1764070211352667.756	,1764070211352670.110	
0,Mul71,KERNEL_AIVEC,1,306,2.333,1764070211352670.173	,1764070211352672.506	
0,Sub72,KERNEL_AIVEC,1,307,2.395,1764070211352672.589	,1764070211352674.984	
0,trans_TransData_27,KERNEL_AIVEC,1,308,2.041,1764070211352675.069	,1764070211352677.110	
0,Mul73,KERNEL_AIVEC,1,309,27.041,1764070211352677.194	,1764070211352704.235	
0,trans_TransData_28,KERNEL_AIVEC,1,310,2.062,1764070211352704.298	,1764070211352706.360	
0,Add74,KERNEL_AIVEC,1,311,18.104,1764070211352706.423	,1764070211352724.527	
0,Add78,KERNEL_AIVEC,1,312,33.895,1764070211352724.610	,1764070211352758.505	
0,Relu75,KERNEL_AIVEC,1,313,17.791,1764070211352758.569	,1764070211352776.360	
0,N/A,MEMCPY_ASYNC,1,314,3.229,1764070211849632.923	,1764070211849636.152	
0,Fill79,KERNEL_AIVEC,1,315,4.02,1764070211849784.860	,1764070211849788.880	
0,trans_TransData_30,KERNEL_AIVEC,1,316,3.791,1764070211849854.589	,1764070211849858.380	
0,Cast80,KERNEL_AIVEC,1,317,4.333,1764070212311645.506	,1764070212311649.839	
0,atomic_memset-1_801,KERNEL_AIVEC,1,318,4.062,1764070212912074.152	,1764070212912078.214	
0,trans_TransData_31,KERNEL_AIVEC,1,319,3.916,1764070212912132.173	,1764070212912136.089	
0,Cumsum81,KERNEL_AIVEC,1,320,13.666,1764070212912170.277	,1764070212912183.943	
0,trans_TransData_34,KERNEL_AIVEC,1,321,5.145,1764070212912231.631	,1764070212912236.776	
0,Cast80,KERNEL_AIVEC,1,322,3.208,1764070212912714.548	,1764070212912717.756	
0,atomic_memset-1_812,KERNEL_AIVEC,1,323,3.541,1764070213430213.777	,1764070213430217.318	
0,trans_TransData_35,KERNEL_AIVEC,1,324,3.979,1764070213430281.777	,1764070213430285.756	
0,Cumsum82,KERNEL_AIVEC,1,325,57.166,1764070213430321.298	,1764070213430378.464	
0,trans_TransData_38,KERNEL_AIVEC,1,326,3.791,1764070213430378.527	,1764070213430382.318	
0,trans_TransData_39,KERNEL_AIVEC,1,327,5.083,1764070213915674.673	,1764070213915679.756	
0,N/A,MEMCPY_ASYNC,1,328,34.833,1764070213921502.819	,1764070213921537.652	
0,Add84,KERNEL_AIVEC,1,329,3.791,1764070214400206.006	,1764070214400209.797	
0,trans_TransData_41,KERNEL_AIVEC,1,330,5.083,1764070214893693.839	,1764070214893698.922	
0,RealDiv85,KERNEL_AIVEC,1,331,2.854,1764070214893757.235	,1764070214893760.089	
0,trans_TransData_44,KERNEL_AIVEC,1,332,3.583,1764070214893789.756	,1764070214893793.339	
0,Mul86,KERNEL_AIVEC,1,333,5.416,1764070215360717.235	,1764070215360722.651	
0,trans_TransData_45,KERNEL_AIVEC,1,334,5.312,1764070215905041.506	,1764070215905046.818	
0,Slice87,KERNEL_AIVEC,1,335,3.77,1764070215905097.548	,1764070215905101.318	
0,trans_TransData_48,KERNEL_AIVEC,1,336,3.541,1764070215905133.589	,1764070215905137.130	
0,N/A,MEMCPY_ASYNC,1,337,2.041,1764070216398880.506	,1764070216398882.547	
0,Add88,KERNEL_AIVEC,1,338,4.583,1764070216399003.110	,1764070216399007.693	
0,trans_TransData_49,KERNEL_AIVEC,1,339,3.27,1764070216399064.902	,1764070216399068.172	
0,trans_TransData_51,KERNEL_AIVEC,1,340,5.5,1764070216900197.673	,1764070216900203.173	
0,RealDiv89,KERNEL_AIVEC,1,341,2.625,1764070216900255.152	,1764070216900257.777	
0,trans_TransData_54,KERNEL_AIVEC,1,342,4.062,1764070216900289.569	,1764070216900293.631	
0,Mul86,KERNEL_AIVEC,1,343,3.25,1764070216900499.027	,1764070216900502.277	
0,N/A,MEMCPY_ASYNC,1,344,2.187,1764070217321331.464	,1764070217321333.651	
0,FloorDiv91,KERNEL_AIVEC,1,345,4.104,1764070217797981.589	,1764070217797985.693	
0,Mul92,KERNEL_AIVEC,1,346,3.708,1764070218299718.527	,1764070218299722.235	
0,RealDiv93,KERNEL_AIVEC,1,347,4.104,1764070218756736.964	,1764070218756741.068	
0,Pow94,KERNEL_AIVEC,1,348,6.479,1764070219214637.985	,1764070219214644.464	
0,trans_TransData_39,KERNEL_AIVEC,1,349,3.541,1764070219214817.860	,1764070219214821.401	
0,RealDiv95,KERNEL_AIVEC,1,350,15.437,1764070219683131.006	,1764070219683146.443	
0,trans_TransData_39,KERNEL_AIVEC,1,351,3.604,1764070219683265.110	,1764070219683268.714	
0,RealDiv95,KERNEL_AIVEC,1,352,13.666,1764070219683316.298	,1764070219683329.964	
0,AsStrided96,KERNEL_AIVEC,1,353,650.77,1764070220132664.485	,1764070220133315.255	
0,Sin97,KERNEL_AIVEC,1,354,56.458,1764070220581227.194	,1764070220581283.652	
0,AsStrided98,KERNEL_AIVEC,1,355,650.437,1764070221041800.360	,1764070221042450.797	
0,Cos99,KERNEL_AIVEC,1,356,57.375,1764070221482678.381	,1764070221482735.756	
0,Pack100,KERNEL_AIVEC,1,357,32.895,1764070221939550.485	,1764070221939583.380	
0,AsStrided96,KERNEL_AIVEC,1,358,648.166,1764070221939711.798	,1764070221940359.964	
0,Sin97,KERNEL_AIVEC,1,359,54.062,1764070221940360.048	,1764070221940414.110	
0,AsStrided98,KERNEL_AIVEC,1,360,645.791,1764070221940414.194	,1764070221941059.985	
0,Cos99,KERNEL_AIVEC,1,361,55.479,1764070221941060.069	,1764070221941115.548	
0,Pack100,KERNEL_AIVEC,1,362,30.52,1764070221941115.610	,1764070221941146.130	
0,ConcatD101,KERNEL_AIVEC,1,363,45.791,1764070222435220.339	,1764070222435266.130	
0,Transpose102,KERNEL_AIVEC,1,364,161.645,1764070222957677.881	,1764070222957839.526	
0,Cast103,KERNEL_AIVEC,1,365,25.333,1764070223413832.964	,1764070223413858.297	
0,Conv2D104,KERNEL_AICORE,1,366,108.916,1764070223917493.527	,1764070223917602.443	
0,Cast31,KERNEL_AIVEC,1,367,455.479,1764070223917691.110	,1764070223918146.589	
0,trans_TransData_18,KERNEL_AIVEC,1,368,593.145,1764070223918146.673	,1764070223918739.818	
0,Conv2D32,KERNEL_AICORE,1,369,3605.583,1764070223918739.881	,1764070223922345.464	
0,Add33,KERNEL_AIVEC,1,370,3.125,1764070223922345.527	,1764070223922348.652	
0,Rsqrt34,KERNEL_AIVEC,1,371,2.291,1764070223922348.714	,1764070223922351.005	
0,Mul35,KERNEL_AIVEC,1,372,2.75,1764070223922351.089	,1764070223922353.839	
0,Mul35,KERNEL_AIVEC,1,373,2.062,1764070223922353.902	,1764070223922355.964	
0,Sub36,KERNEL_AIVEC,1,374,2.458,1764070223922356.048	,1764070223922358.506	
0,trans_TransData_19,KERNEL_AIVEC,1,375,2.354,1764070223922358.569	,1764070223922360.923	
0,Mul37,KERNEL_AIVEC,1,376,1002.937,1764070223922360.985	,1764070223923363.922	
0,trans_TransData_20,KERNEL_AIVEC,1,377,2.583,1764070223923363.985	,1764070223923366.568	
0,Add38,KERNEL_AIVEC,1,378,1051.02,1764070223923366.652	,1764070223924417.672	
0,Relu39,KERNEL_AIVEC,1,379,1215.187,1764070223924417.735	,1764070223925632.922	
0,MaxPoolWithArgmaxV140,KERNEL_AIVEC,1,380,2573.833,1764070223925632.985	,1764070223928206.818	
0,Conv2D41,KERNEL_AICORE,1,381,541.604,1764070223928206.902	,1764070223928748.506	
0,Add33,KERNEL_AIVEC,1,382,2.187,1764070223928748.589	,1764070223928750.776	
0,Rsqrt34,KERNEL_AIVEC,1,383,2.312,1764070223928750.860	,1764070223928753.172	
0,Mul35,KERNEL_AIVEC,1,384,2.416,1764070223928753.256	,1764070223928755.672	
0,Mul35,KERNEL_AIVEC,1,385,2.062,1764070223928755.735	,1764070223928757.797	
0,Sub36,KERNEL_AIVEC,1,386,2.479,1764070223928757.881	,1764070223928760.360	
0,trans_TransData_21,KERNEL_AIVEC,1,387,2.166,1764070223928760.444	,1764070223928762.610	
0,Mul42,KERNEL_AIVEC,1,388,192.229,1764070223928762.694	,1764070223928954.923	
0,trans_TransData_22,KERNEL_AIVEC,1,389,2.354,1764070223928955.006	,1764070223928957.360	
0,Add43,KERNEL_AIVEC,1,390,132.416,1764070223928957.423	,1764070223929089.839	
0,Relu44,KERNEL_AIVEC,1,391,129.458,1764070223929089.923	,1764070223929219.381	
0,Conv2D41,KERNEL_AICORE,1,392,406.583,1764070223929219.464	,1764070223929626.047	
0,Add33,KERNEL_AIVEC,1,393,2.312,1764070223929626.131	,1764070223929628.443	
0,Rsqrt34,KERNEL_AIVEC,1,394,2.458,1764070223929628.527	,1764070223929630.985	
0,Mul35,KERNEL_AIVEC,1,395,2.312,1764070223929631.069	,1764070223929633.381	
0,Mul35,KERNEL_AIVEC,1,396,2.187,1764070223929633.464	,1764070223929635.651	
0,Sub36,KERNEL_AIVEC,1,397,2.25,1764070223929635.714	,1764070223929637.964	
0,trans_TransData_21,KERNEL_AIVEC,1,398,1.979,1764070223929638.027	,1764070223929640.006	
0,Mul42,KERNEL_AIVEC,1,399,135.291,1764070223929640.069	,1764070223929775.360	
0,trans_TransData_22,KERNEL_AIVEC,1,400,2.0,1764070223929775.423	,1764070223929777.423	
0,Add43,KERNEL_AIVEC,1,401,133.541,1764070223929777.485	,1764070223929911.026	
0,Add45,KERNEL_AIVEC,1,402,361.937,1764070223929911.110	,1764070223930273.047	
0,Relu44,KERNEL_AIVEC,1,403,145.395,1764070223930273.110	,1764070223930418.505	
0,Conv2D41,KERNEL_AICORE,1,404,398.437,1764070223930418.569	,1764070223930817.006	
0,Add33,KERNEL_AIVEC,1,405,2.333,1764070223930817.089	,1764070223930819.422	
0,Rsqrt34,KERNEL_AIVEC,1,406,2.291,1764070223930819.485	,1764070223930821.776	
0,Mul35,KERNEL_AIVEC,1,407,2.27,1764070223930821.839	,1764070223930824.109	
0,Mul35,KERNEL_AIVEC,1,408,2.145,1764070223930824.173	,1764070223930826.318	
0,Sub36,KERNEL_AIVEC,1,409,2.187,1764070223930826.381	,1764070223930828.568	
0,trans_TransData_21,KERNEL_AIVEC,1,410,1.916,1764070223930828.631	,1764070223930830.547	
0,Mul42,KERNEL_AIVEC,1,411,133.895,1764070223930830.631	,1764070223930964.526	
0,trans_TransData_22,KERNEL_AIVEC,1,412,2.562,1764070223930964.610	,1764070223930967.172	
0,Add43,KERNEL_AIVEC,1,413,133.479,1764070223930967.235	,1764070223931100.714	
0,Relu44,KERNEL_AIVEC,1,414,129.02,1764070223931100.798	,1764070223931229.818	
0,Conv2D41,KERNEL_AICORE,1,415,406.333,1764070223931229.902	,1764070223931636.235	
0,Add33,KERNEL_AIVEC,1,416,2.187,1764070223931636.298	,1764070223931638.485	
0,Rsqrt34,KERNEL_AIVEC,1,417,2.354,1764070223931638.548	,1764070223931640.902	
0,Mul35,KERNEL_AIVEC,1,418,2.291,1764070223931640.985	,1764070223931643.276	
0,Mul35,KERNEL_AIVEC,1,419,2.083,1764070223931643.360	,1764070223931645.443	
0,Sub36,KERNEL_AIVEC,1,420,2.458,1764070223931645.506	,1764070223931647.964	
0,trans_TransData_21,KERNEL_AIVEC,1,421,2.041,1764070223931648.048	,1764070223931650.089	
0,Mul42,KERNEL_AIVEC,1,422,137.333,1764070223931650.152	,1764070223931787.485	
0,trans_TransData_22,KERNEL_AIVEC,1,423,2.291,1764070223931787.569	,1764070223931789.860	
0,Add43,KERNEL_AIVEC,1,424,133.52,1764070223931789.923	,1764070223931923.443	
0,Add45,KERNEL_AIVEC,1,425,373.458,1764070223931923.506	,1764070223932296.964	
0,Relu44,KERNEL_AIVEC,1,426,140.104,1764070223932297.048	,1764070223932437.152	
0,Conv2D46,KERNEL_AICORE,1,427,211.187,1764070223932437.214	,1764070223932648.401	
0,Add47,KERNEL_AIVEC,1,428,2.5,1764070223932648.485	,1764070223932650.985	
0,Rsqrt48,KERNEL_AIVEC,1,429,2.583,1764070223932651.048	,1764070223932653.631	
0,Mul49,KERNEL_AIVEC,1,430,2.354,1764070223932653.694	,1764070223932656.048	
0,Mul49,KERNEL_AIVEC,1,431,2.125,1764070223932656.131	,1764070223932658.256	
0,Sub50,KERNEL_AIVEC,1,432,2.52,1764070223932658.339	,1764070223932660.859	
0,trans_TransData_23,KERNEL_AIVEC,1,433,2.083,1764070223932660.944	,1764070223932663.027	
0,Mul51,KERNEL_AIVEC,1,434,67.812,1764070223932663.089	,1764070223932730.901	
0,trans_TransData_24,KERNEL_AIVEC,1,435,2.27,1764070223932730.964	,1764070223932733.234	
0,Add52,KERNEL_AIVEC,1,436,68.083,1764070223932733.319	,1764070223932801.402	
0,Relu53,KERNEL_AIVEC,1,437,65.041,1764070223932801.485	,1764070223932866.526	
0,Conv2D54,KERNEL_AICORE,1,438,404.0,1764070223932866.610	,1764070223933270.610	
0,Add47,KERNEL_AIVEC,1,439,2.229,1764070223933270.694	,1764070223933272.923	
0,Rsqrt48,KERNEL_AIVEC,1,440,2.458,1764070223933273.006	,1764070223933275.464	
0,Mul49,KERNEL_AIVEC,1,441,2.437,1764070223933275.548	,1764070223933277.985	
0,Mul49,KERNEL_AIVEC,1,442,2.125,1764070223933278.048	,1764070223933280.173	
0,Sub50,KERNEL_AIVEC,1,443,2.229,1764070223933280.256	,1764070223933282.485	
0,trans_TransData_23,KERNEL_AIVEC,1,444,1.833,1764070223933282.548	,1764070223933284.381	
0,Mul51,KERNEL_AIVEC,1,445,65.083,1764070223933284.444	,1764070223933349.527	
0,trans_TransData_24,KERNEL_AIVEC,1,446,1.854,1764070223933349.610	,1764070223933351.464	
0,Add52,KERNEL_AIVEC,1,447,65.104,1764070223933351.548	,1764070223933416.652	
0,Conv2D55,KERNEL_AICORE,1,448,159.687,1764070223933416.735	,1764070223933576.422	
0,Add47,KERNEL_AIVEC,1,449,2.187,1764070223933576.506	,1764070223933578.693	
0,Rsqrt48,KERNEL_AIVEC,1,450,2.479,1764070223933578.777	,1764070223933581.256	
0,Mul49,KERNEL_AIVEC,1,451,2.208,1764070223933581.339	,1764070223933583.547	
0,Mul49,KERNEL_AIVEC,1,452,2.062,1764070223933583.610	,1764070223933585.672	
0,Sub50,KERNEL_AIVEC,1,453,2.5,1764070223933585.756	,1764070223933588.256	
0,trans_TransData_23,KERNEL_AIVEC,1,454,2.02,1764070223933588.339	,1764070223933590.359	
0,Mul51,KERNEL_AIVEC,1,455,66.812,1764070223933590.444	,1764070223933657.256	
0,trans_TransData_24,KERNEL_AIVEC,1,456,2.0,1764070223933657.339	,1764070223933659.339	
0,Add52,KERNEL_AIVEC,1,457,66.666,1764070223933659.402	,1764070223933726.068	
0,Add56,KERNEL_AIVEC,1,458,143.708,1764070223933726.152	,1764070223933869.860	
0,Relu53,KERNEL_AIVEC,1,459,64.479,1764070223933869.923	,1764070223933934.402	
0,Conv2D54,KERNEL_AICORE,1,460,403.041,1764070223933934.485	,1764070223934337.526	
0,Add47,KERNEL_AIVEC,1,461,2.25,1764070223934337.589	,1764070223934339.839	
0,Rsqrt48,KERNEL_AIVEC,1,462,2.562,1764070223934339.902	,1764070223934342.464	
0,Mul49,KERNEL_AIVEC,1,463,2.291,1764070223934342.527	,1764070223934344.818	
0,Mul49,KERNEL_AIVEC,1,464,2.062,1764070223934344.881	,1764070223934346.943	
0,Sub50,KERNEL_AIVEC,1,465,2.312,1764070223934347.027	,1764070223934349.339	
0,trans_TransData_23,KERNEL_AIVEC,1,466,2.0,1764070223934349.423	,1764070223934351.423	
0,Mul51,KERNEL_AIVEC,1,467,67.562,1764070223934351.506	,1764070223934419.068	
0,trans_TransData_24,KERNEL_AIVEC,1,468,2.104,1764070223934419.152	,1764070223934421.256	
0,Add52,KERNEL_AIVEC,1,469,67.354,1764070223934421.319	,1764070223934488.673	
0,Relu53,KERNEL_AIVEC,1,470,64.937,1764070223934488.756	,1764070223934553.693	
0,Conv2D54,KERNEL_AICORE,1,471,408.625,1764070223934553.777	,1764070223934962.402	
0,Add47,KERNEL_AIVEC,1,472,2.229,1764070223934962.485	,1764070223934964.714	
0,Rsqrt48,KERNEL_AIVEC,1,473,2.458,1764070223934964.798	,1764070223934967.256	
0,Mul49,KERNEL_AIVEC,1,474,2.229,1764070223934967.319	,1764070223934969.548	
0,Mul49,KERNEL_AIVEC,1,475,2.083,1764070223934969.610	,1764070223934971.693	
0,Sub50,KERNEL_AIVEC,1,476,2.229,1764070223934971.777	,1764070223934974.006	
0,trans_TransData_23,KERNEL_AIVEC,1,477,1.833,1764070223934974.089	,1764070223934975.922	
0,Mul51,KERNEL_AIVEC,1,478,65.666,1764070223934976.006	,1764070223935041.672	
0,trans_TransData_24,KERNEL_AIVEC,1,479,2.0,1764070223935041.735	,1764070223935043.735	
0,Add52,KERNEL_AIVEC,1,480,65.937,1764070223935043.819	,1764070223935109.756	
0,Add56,KERNEL_AIVEC,1,481,159.958,1764070223935109.819	,1764070223935269.777	
0,Relu53,KERNEL_AIVEC,1,482,65.229,1764070223935269.860	,1764070223935335.089	
0,Conv2D57,KERNEL_AICORE,1,483,287.0,1764070223935335.152	,1764070223935622.152	
0,Add58,KERNEL_AIVEC,1,484,2.625,1764070223935622.235	,1764070223935624.860	
0,Rsqrt59,KERNEL_AIVEC,1,485,2.812,1764070223935624.944	,1764070223935627.756	
0,Mul60,KERNEL_AIVEC,1,486,3.291,1764070223938613.402	,1764070223938616.693	
0,Mul60,KERNEL_AIVEC,1,487,2.062,1764070223939460.194	,1764070223939462.256	
0,Sub61,KERNEL_AIVEC,1,488,3.333,1764070223940589.631	,1764070223940592.964	
0,trans_TransData_25,KERNEL_AIVEC,1,489,2.583,1764070223940918.423	,1764070223940921.006	
0,Mul62,KERNEL_AIVEC,1,490,34.666,1764070223940956.235	,1764070223940990.901	
0,trans_TransData_26,KERNEL_AIVEC,1,491,2.5,1764070223941043.360	,1764070223941045.860	
0,Add63,KERNEL_AIVEC,1,492,34.875,1764070223941073.839	,1764070223941108.714	
0,Relu64,KERNEL_AIVEC,1,493,33.854,1764070223941167.819	,1764070223941201.673	
0,Conv2D65,KERNEL_AICORE,1,494,465.645,1764070223941250.214	,1764070223941715.859	
0,Add58,KERNEL_AIVEC,1,495,2.125,1764070223941715.923	,1764070223941718.048	
0,Rsqrt59,KERNEL_AIVEC,1,496,2.02,1764070223941718.131	,1764070223941720.151	
0,Mul60,KERNEL_AIVEC,1,497,2.208,1764070223941720.235	,1764070223941722.443	
0,Mul60,KERNEL_AIVEC,1,498,2.02,1764070223941722.506	,1764070223941724.526	
0,Sub61,KERNEL_AIVEC,1,499,2.125,1764070223941724.589	,1764070223941726.714	
0,trans_TransData_25,KERNEL_AIVEC,1,500,1.875,1764070223941726.798	,1764070223941728.673	
0,Mul62,KERNEL_AIVEC,1,501,33.291,1764070223941728.756	,1764070223941762.047	
0,trans_TransData_26,KERNEL_AIVEC,1,502,1.77,1764070223941762.131	,1764070223941763.901	
0,Add63,KERNEL_AIVEC,1,503,33.416,1764070223941767.444	,1764070223941800.860	
0,Conv2D66,KERNEL_AICORE,1,504,85.687,1764070223941834.256	,1764070223941919.943	
0,Add58,KERNEL_AIVEC,1,505,2.145,1764070223941920.027	,1764070223941922.172	
0,Rsqrt59,KERNEL_AIVEC,1,506,2.25,1764070223941946.902	,1764070223941949.152	
0,Mul60,KERNEL_AIVEC,1,507,2.083,1764070223941991.131	,1764070223941993.214	
0,Mul60,KERNEL_AIVEC,1,508,1.958,1764070223942027.319	,1764070223942029.277	
0,Sub61,KERNEL_AIVEC,1,509,2.187,1764070223942063.589	,1764070223942065.776	
0,trans_TransData_25,KERNEL_AIVEC,1,510,1.77,1764070223942117.256	,1764070223942119.026	
0,Mul62,KERNEL_AIVEC,1,511,33.333,1764070223942126.506	,1764070223942159.839	
0,trans_TransData_26,KERNEL_AIVEC,1,512,2.0,1764070223942180.464	,1764070223942182.464	
0,Add63,KERNEL_AIVEC,1,513,33.895,1764070223942199.173	,1764070223942233.068	
0,Add67,KERNEL_AIVEC,1,514,46.562,1764070223942252.152	,1764070223942298.714	
0,Relu64,KERNEL_AIVEC,1,515,33.25,1764070223942298.798	,1764070223942332.048	
0,Conv2D65,KERNEL_AICORE,1,516,422.27,1764070223942343.152	,1764070223942765.422	
0,Add58,KERNEL_AIVEC,1,517,2.395,1764070223942765.506	,1764070223942767.901	
0,Rsqrt59,KERNEL_AIVEC,1,518,2.458,1764070223942767.985	,1764070223942770.443	
0,Mul60,KERNEL_AIVEC,1,519,2.354,1764070223942770.527	,1764070223942772.881	
0,Mul60,KERNEL_AIVEC,1,520,2.083,1764070223942772.944	,1764070223942775.027	
0,Sub61,KERNEL_AIVEC,1,521,2.395,1764070223942775.110	,1764070223942777.505	
0,trans_TransData_25,KERNEL_AIVEC,1,522,2.041,1764070223942777.589	,1764070223942779.630	
0,Mul62,KERNEL_AIVEC,1,523,33.77,1764070223942779.694	,1764070223942813.464	
0,trans_TransData_26,KERNEL_AIVEC,1,524,1.916,1764070223942813.548	,1764070223942815.464	
0,Add63,KERNEL_AIVEC,1,525,33.687,1764070223942815.548	,1764070223942849.235	
0,Relu64,KERNEL_AIVEC,1,526,33.437,1764070223942849.319	,1764070223942882.756	
0,Conv2D65,KERNEL_AICORE,1,527,456.0,1764070223942882.819	,1764070223943338.819	
0,Add58,KERNEL_AIVEC,1,528,2.083,1764070223943338.902	,1764070223943340.985	
0,Rsqrt59,KERNEL_AIVEC,1,529,2.062,1764070223943341.069	,1764070223943343.131	
0,Mul60,KERNEL_AIVEC,1,530,2.187,1764070223943343.214	,1764070223943345.401	
0,Mul60,KERNEL_AIVEC,1,531,2.187,1764070223943345.464	,1764070223943347.651	
0,Sub61,KERNEL_AIVEC,1,532,2.083,1764070223943347.735	,1764070223943349.818	
0,trans_TransData_25,KERNEL_AIVEC,1,533,1.875,1764070223943349.902	,1764070223943351.777	
0,Mul62,KERNEL_AIVEC,1,534,33.354,1764070223943351.860	,1764070223943385.214	
0,trans_TransData_26,KERNEL_AIVEC,1,535,1.937,1764070223943385.298	,1764070223943387.235	
0,Add63,KERNEL_AIVEC,1,536,33.229,1764070223943387.298	,1764070223943420.527	
0,Add67,KERNEL_AIVEC,1,537,68.937,1764070223943420.610	,1764070223943489.547	
0,Relu64,KERNEL_AIVEC,1,538,33.062,1764070223943489.631	,1764070223943522.693	
0,Conv2D68,KERNEL_AICORE,1,539,378.687,1764070223943522.756	,1764070223943901.443	
0,Add69,KERNEL_AIVEC,1,540,3.291,1764070223943901.506	,1764070223943904.797	
0,Rsqrt70,KERNEL_AIVEC,1,541,2.75,1764070223943904.860	,1764070223943907.610	
0,Mul71,KERNEL_AIVEC,1,542,2.562,1764070223943907.694	,1764070223943910.256	
0,Mul71,KERNEL_AIVEC,1,543,2.125,1764070223943910.339	,1764070223943912.464	
0,Sub72,KERNEL_AIVEC,1,544,2.791,1764070223943912.527	,1764070223943915.318	
0,trans_TransData_27,KERNEL_AIVEC,1,545,2.229,1764070223943915.381	,1764070223943917.610	
0,Mul73,KERNEL_AIVEC,1,546,18.666,1764070223943917.694	,1764070223943936.360	
0,trans_TransData_28,KERNEL_AIVEC,1,547,2.416,1764070223943936.423	,1764070223943938.839	
0,Add74,KERNEL_AIVEC,1,548,18.666,1764070223943938.923	,1764070223943957.589	
0,Relu75,KERNEL_AIVEC,1,549,17.645,1764070223943957.673	,1764070223943975.318	
0,Conv2D76,KERNEL_AICORE,1,550,810.979,1764070223943975.381	,1764070223944786.360	
0,Add69,KERNEL_AIVEC,1,551,2.333,1764070223944786.444	,1764070223944788.777	
0,Rsqrt70,KERNEL_AIVEC,1,552,2.458,1764070223944788.839	,1764070223944791.297	
0,Mul71,KERNEL_AIVEC,1,553,2.395,1764070223944791.381	,1764070223944793.776	
0,Mul71,KERNEL_AIVEC,1,554,2.187,1764070223944793.860	,1764070223944796.047	
0,Sub72,KERNEL_AIVEC,1,555,2.395,1764070223944796.131	,1764070223944798.526	
0,trans_TransData_27,KERNEL_AIVEC,1,556,2.041,1764070223944798.589	,1764070223944800.630	
0,Mul73,KERNEL_AIVEC,1,557,25.916,1764070223944800.694	,1764070223944826.610	
0,trans_TransData_28,KERNEL_AIVEC,1,558,2.27,1764070223944826.694	,1764070223944828.964	
0,Add74,KERNEL_AIVEC,1,559,18.0,1764070223944829.027	,1764070223944847.027	
0,Conv2D77,KERNEL_AICORE,1,560,76.666,1764070223944847.089	,1764070223944923.755	
0,Add69,KERNEL_AIVEC,1,561,2.187,1764070223944923.819	,1764070223944926.006	
0,Rsqrt70,KERNEL_AIVEC,1,562,2.291,1764070223944946.131	,1764070223944948.422	
0,Mul71,KERNEL_AIVEC,1,563,2.125,1764070223944987.423	,1764070223944989.548	
0,Mul71,KERNEL_AIVEC,1,564,2.125,1764070223945022.714	,1764070223945024.839	
0,Sub72,KERNEL_AIVEC,1,565,2.104,1764070223945061.923	,1764070223945064.027	
0,trans_TransData_27,KERNEL_AIVEC,1,566,1.875,1764070223945115.381	,1764070223945117.256	
0,Mul73,KERNEL_AIVEC,1,567,17.666,1764070223945135.506	,1764070223945153.172	
0,trans_TransData_28,KERNEL_AIVEC,1,568,1.791,1764070223945178.277	,1764070223945180.068	
0,Add74,KERNEL_AIVEC,1,569,17.645,1764070223945197.277	,1764070223945214.922	
0,Add78,KERNEL_AIVEC,1,570,24.916,1764070223945263.506	,1764070223945288.422	
0,Relu75,KERNEL_AIVEC,1,571,17.583,1764070223945309.694	,1764070223945327.277	
0,Conv2D76,KERNEL_AICORE,1,572,789.395,1764070223945371.048	,1764070223946160.443	
0,Add69,KERNEL_AIVEC,1,573,2.416,1764070223946160.527	,1764070223946162.943	
0,Rsqrt70,KERNEL_AIVEC,1,574,2.5,1764070223946163.027	,1764070223946165.527	
0,Mul71,KERNEL_AIVEC,1,575,2.354,1764070223946165.610	,1764070223946167.964	
0,Mul71,KERNEL_AIVEC,1,576,2.187,1764070223946168.048	,1764070223946170.235	
0,Sub72,KERNEL_AIVEC,1,577,2.333,1764070223946170.319	,1764070223946172.652	
0,trans_TransData_27,KERNEL_AIVEC,1,578,2.041,1764070223946172.735	,1764070223946174.776	
0,Mul73,KERNEL_AIVEC,1,579,25.687,1764070223946174.839	,1764070223946200.526	
0,trans_TransData_28,KERNEL_AIVEC,1,580,2.208,1764070223946200.610	,1764070223946202.818	
0,Add74,KERNEL_AIVEC,1,581,18.083,1764070223946202.881	,1764070223946220.964	
0,Relu75,KERNEL_AIVEC,1,582,17.645,1764070223946221.048	,1764070223946238.693	
0,Conv2D76,KERNEL_AICORE,1,583,733.166,1764070223946238.756	,1764070223946971.922	
0,Add69,KERNEL_AIVEC,1,584,2.312,1764070223946972.006	,1764070223946974.318	
0,Rsqrt70,KERNEL_AIVEC,1,585,2.625,1764070223946974.381	,1764070223946977.006	
0,Mul71,KERNEL_AIVEC,1,586,2.395,1764070223946977.069	,1764070223946979.464	
0,Mul71,KERNEL_AIVEC,1,587,2.229,1764070223946979.527	,1764070223946981.756	
0,Sub72,KERNEL_AIVEC,1,588,2.375,1764070223946981.819	,1764070223946984.194	
0,trans_TransData_27,KERNEL_AIVEC,1,589,1.958,1764070223946984.256	,1764070223946986.214	
0,Mul73,KERNEL_AIVEC,1,590,25.625,1764070223946986.277	,1764070223947011.902	
0,trans_TransData_28,KERNEL_AIVEC,1,591,2.25,1764070223947011.985	,1764070223947014.235	
0,Add74,KERNEL_AIVEC,1,592,18.02,1764070223947014.319	,1764070223947032.339	
0,Add78,KERNEL_AIVEC,1,593,33.645,1764070223947032.402	,1764070223947066.047	
0,Relu75,KERNEL_AIVEC,1,594,17.645,1764070223947066.131	,1764070223947083.776	
0,N/A,MEMCPY_ASYNC,1,595,2.083,1764070223947083.860	,1764070223947085.943	
0,Fill79,KERNEL_AIVEC,1,596,3.437,1764070223947086.027	,1764070223947089.464	
0,trans_TransData_30,KERNEL_AIVEC,1,597,3.333,1764070223947089.527	,1764070223947092.860	
0,Cast80,KERNEL_AIVEC,1,598,3.791,1764070223947092.923	,1764070223947096.714	
0,atomic_memset-1_801,KERNEL_AIVEC,1,599,2.625,1764070223947096.777	,1764070223947099.402	
0,trans_TransData_31,KERNEL_AIVEC,1,600,19.0,1764070223947099.464	,1764070223947118.464	
0,Cumsum81,KERNEL_AIVEC,1,601,13.645,1764070223947118.527	,1764070223947132.172	
0,trans_TransData_34,KERNEL_AIVEC,1,602,3.729,1764070223947132.235	,1764070223947135.964	
0,Cast80,KERNEL_AIVEC,1,603,2.875,1764070223947136.027	,1764070223947138.902	
0,atomic_memset-1_812,KERNEL_AIVEC,1,604,2.833,1764070223947138.985	,1764070223947141.818	
0,trans_TransData_35,KERNEL_AIVEC,1,605,3.895,1764070223947141.881	,1764070223947145.776	
0,Cumsum82,KERNEL_AIVEC,1,606,56.958,1764070223947145.839	,1764070223947202.797	
0,trans_TransData_38,KERNEL_AIVEC,1,607,4.541,1764070223947202.860	,1764070223947207.401	
0,trans_TransData_39,KERNEL_AIVEC,1,608,3.687,1764070223947207.485	,1764070223947211.172	
0,N/A,MEMCPY_ASYNC,1,609,22.729,1764070223947211.235	,1764070223947233.964	
0,Add84,KERNEL_AIVEC,1,610,2.25,1764070223947234.027	,1764070223947236.277	
0,trans_TransData_41,KERNEL_AIVEC,1,611,3.416,1764070223947236.360	,1764070223947239.776	
0,RealDiv85,KERNEL_AIVEC,1,612,2.75,1764070223947239.839	,1764070223947242.589	
0,trans_TransData_44,KERNEL_AIVEC,1,613,3.666,1764070223947242.652	,1764070223947246.318	
0,Mul86,KERNEL_AIVEC,1,614,3.541,1764070223947290.319	,1764070223947293.860	
0,trans_TransData_45,KERNEL_AIVEC,1,615,3.583,1764070223947351.402	,1764070223947354.985	
0,Slice87,KERNEL_AIVEC,1,616,3.854,1764070223947380.444	,1764070223947384.298	
0,trans_TransData_48,KERNEL_AIVEC,1,617,3.375,1764070223947405.298	,1764070223947408.673	
0,N/A,MEMCPY_ASYNC,1,618,2.062,1764070223947453.735	,1764070223947455.797	
0,Add88,KERNEL_AIVEC,1,619,2.395,1764070223947478.069	,1764070223947480.464	
0,trans_TransData_49,KERNEL_AIVEC,1,620,3.125,1764070223947502.694	,1764070223947505.819	
0,trans_TransData_51,KERNEL_AIVEC,1,621,3.583,1764070223947559.027	,1764070223947562.610	
0,RealDiv89,KERNEL_AIVEC,1,622,2.52,1764070223947585.089	,1764070223947587.609	
0,trans_TransData_54,KERNEL_AIVEC,1,623,4.604,1764070223947619.902	,1764070223947624.506	
0,Mul86,KERNEL_AIVEC,1,624,3.02,1764070223947820.735	,1764070223947823.755	
0,N/A,MEMCPY_ASYNC,1,625,2.145,1764070223947890.819	,1764070223947892.964	
0,FloorDiv91,KERNEL_AIVEC,1,626,2.729,1764070223947956.027	,1764070223947958.756	
0,Mul92,KERNEL_AIVEC,1,627,2.375,1764070223948014.985	,1764070223948017.360	
0,RealDiv93,KERNEL_AIVEC,1,628,2.27,1764070223948072.006	,1764070223948074.276	
0,Pow94,KERNEL_AIVEC,1,629,5.0,1764070223948130.194	,1764070223948135.194	
0,trans_TransData_39,KERNEL_AIVEC,1,630,3.166,1764070223948198.214	,1764070223948201.380	
0,RealDiv95,KERNEL_AIVEC,1,631,13.937,1764070223948246.819	,1764070223948260.756	
0,trans_TransData_39,KERNEL_AIVEC,1,632,3.104,1764070223948435.319	,1764070223948438.423	
0,RealDiv95,KERNEL_AIVEC,1,633,13.354,1764070223948497.131	,1764070223948510.485	
0,AsStrided96,KERNEL_AIVEC,1,634,649.208,1764070223948566.798	,1764070223949216.006	
0,Sin97,KERNEL_AIVEC,1,635,55.458,1764070223949216.069	,1764070223949271.527	
0,AsStrided98,KERNEL_AIVEC,1,636,648.854,1764070223949271.610	,1764070223949920.464	
0,Cos99,KERNEL_AIVEC,1,637,57.02,1764070223949920.548	,1764070223949977.568	
0,Pack100,KERNEL_AIVEC,1,638,31.0,1764070223949977.652	,1764070223950008.652	
0,AsStrided96,KERNEL_AIVEC,1,639,645.187,1764070223950008.714	,1764070223950653.901	
0,Sin97,KERNEL_AIVEC,1,640,53.979,1764070223950653.964	,1764070223950707.943	
0,AsStrided98,KERNEL_AIVEC,1,641,645.645,1764070223950708.027	,1764070223951353.672	
0,Cos99,KERNEL_AIVEC,1,642,55.416,1764070223951353.756	,1764070223951409.172	
0,Pack100,KERNEL_AIVEC,1,643,30.333,1764070223951409.235	,1764070223951439.568	
0,ConcatD101,KERNEL_AIVEC,1,644,43.729,1764070223951439.652	,1764070223951483.381	
0,Transpose102,KERNEL_AIVEC,1,645,154.458,1764070223951483.444	,1764070223951637.902	
0,Cast103,KERNEL_AIVEC,1,646,24.0,1764070223951637.985	,1764070223951661.985	
0,Conv2D104,KERNEL_AICORE,1,647,104.562,1764070223951662.069	,1764070223951766.631	
0,trans_TransData_55,KERNEL_AIVEC,1,648,123.25,1764070224418298.819	,1764070224418422.069	
0,AsStrided106,KERNEL_AIVEC,1,649,16.25,1764070224884111.819	,1764070224884128.069	
0,N/A,MEMCPY_ASYNC,1,650,2.458,1764070225303168.610	,1764070225303171.068	
0,trans_TransData_55,KERNEL_AIVEC,1,651,125.666,1764070225303346.131	,1764070225303471.797	
0,AsStrided108,KERNEL_AIVEC,1,652,16.187,1764070225761741.631	,1764070225761757.818	
0,N/A,MEMCPY_ASYNC,1,653,2.041,1764070225761902.256	,1764070225761904.297	
0,trans_TransData_55,KERNEL_AIVEC,1,654,118.395,1764070225761977.194	,1764070225762095.589	
0,AsStrided109,KERNEL_AIVEC,1,655,16.208,1764070226225909.298	,1764070226225925.506	
0,N/A,MEMCPY_ASYNC,1,656,1.979,1764070226226057.110	,1764070226226059.089	
0,trans_TransData_55,KERNEL_AIVEC,1,657,92.75,1764070226226125.985	,1764070226226218.735	
0,AsStrided110,KERNEL_AIVEC,1,658,16.312,1764070226721707.798	,1764070226721724.110	
0,N/A,MEMCPY_ASYNC,1,659,2.041,1764070226721861.756	,1764070226721863.797	
0,trans_TransData_55,KERNEL_AIVEC,1,660,94.083,1764070226721930.277	,1764070226722024.360	
0,AsStrided111,KERNEL_AIVEC,1,661,16.437,1764070227183459.131	,1764070227183475.568	
0,N/A,MEMCPY_ASYNC,1,662,2.062,1764070227183625.798	,1764070227183627.860	
0,trans_TransData_55,KERNEL_AIVEC,1,663,96.979,1764070227183734.985	,1764070227183831.964	
0,AsStrided112,KERNEL_AIVEC,1,664,16.083,1764070227662477.756	,1764070227662493.839	
0,N/A,MEMCPY_ASYNC,1,665,2.041,1764070227662697.027	,1764070227662699.068	
0,trans_TransData_55,KERNEL_AIVEC,1,666,99.979,1764070227662787.277	,1764070227662887.256	
0,AsStrided113,KERNEL_AIVEC,1,667,16.458,1764070228124200.089	,1764070228124216.547	
0,N/A,MEMCPY_ASYNC,1,668,2.02,1764070228124449.589	,1764070228124451.609	
0,trans_TransData_55,KERNEL_AIVEC,1,669,95.145,1764070228124531.277	,1764070228124626.422	
0,AsStrided114,KERNEL_AIVEC,1,670,16.437,1764070228589955.173	,1764070228589971.610	
0,N/A,MEMCPY_ASYNC,1,671,2.041,1764070228590130.444	,1764070228590132.485	
0,trans_TransData_55,KERNEL_AIVEC,1,672,113.562,1764070228590194.444	,1764070228590308.006	
0,AsStrided115,KERNEL_AIVEC,1,673,16.125,1764070229057119.339	,1764070229057135.464	
0,N/A,MEMCPY_ASYNC,1,674,2.02,1764070229057299.714	,1764070229057301.734	
0,trans_TransData_55,KERNEL_AIVEC,1,675,92.958,1764070229057373.631	,1764070229057466.589	
0,AsStrided116,KERNEL_AIVEC,1,676,16.875,1764070229534416.277	,1764070229534433.152	
0,N/A,MEMCPY_ASYNC,1,677,2.02,1764070229534606.902	,1764070229534608.922	
0,trans_TransData_55,KERNEL_AIVEC,1,678,120.375,1764070229535677.235	,1764070229535797.610	
0,AsStrided117,KERNEL_AIVEC,1,679,16.562,1764070229988895.381	,1764070229988911.943	
0,N/A,MEMCPY_ASYNC,1,680,2.0,1764070229989047.173	,1764070229989049.173	
0,trans_TransData_55,KERNEL_AIVEC,1,681,107.937,1764070229989114.839	,1764070229989222.776	
0,AsStrided118,KERNEL_AIVEC,1,682,16.604,1764070230436508.214	,1764070230436524.818	
0,N/A,MEMCPY_ASYNC,1,683,1.979,1764070230436719.152	,1764070230436721.131	
0,trans_TransData_55,KERNEL_AIVEC,1,684,97.958,1764070230436801.381	,1764070230436899.339	
0,AsStrided119,KERNEL_AIVEC,1,685,16.416,1764070230982086.069	,1764070230982102.485	
0,N/A,MEMCPY_ASYNC,1,686,2.0,1764070230982261.985	,1764070230982263.985	
0,trans_TransData_55,KERNEL_AIVEC,1,687,105.687,1764070230982376.485	,1764070230982482.172	
0,AsStrided120,KERNEL_AIVEC,1,688,16.541,1764070231473561.402	,1764070231473577.943	
0,N/A,MEMCPY_ASYNC,1,689,2.041,1764070231473718.839	,1764070231473720.880	
0,trans_TransData_55,KERNEL_AIVEC,1,690,129.333,1764070231473787.152	,1764070231473916.485	
0,AsStrided121,KERNEL_AIVEC,1,691,17.395,1764070231938313.985	,1764070231938331.380	
0,N/A,MEMCPY_ASYNC,1,692,2.104,1764070231938525.277	,1764070231938527.381	
0,trans_TransData_55,KERNEL_AIVEC,1,693,108.166,1764070231938608.131	,1764070231938716.297	
0,AsStrided122,KERNEL_AIVEC,1,694,16.083,1764070232387394.985	,1764070232387411.068	
0,N/A,MEMCPY_ASYNC,1,695,2.083,1764070232387566.464	,1764070232387568.547	
0,trans_TransData_55,KERNEL_AIVEC,1,696,86.812,1764070232387636.402	,1764070232387723.214	
0,AsStrided123,KERNEL_AIVEC,1,697,16.125,1764070232876661.569	,1764070232876677.694	
0,N/A,MEMCPY_ASYNC,1,698,2.041,1764070232876912.714	,1764070232876914.755	
0,trans_TransData_55,KERNEL_AIVEC,1,699,110.541,1764070232877004.735	,1764070232877115.276	
0,AsStrided124,KERNEL_AIVEC,1,700,16.458,1764070233363440.798	,1764070233363457.256	
0,N/A,MEMCPY_ASYNC,1,701,2.02,1764070233363594.527	,1764070233363596.547	
0,trans_TransData_55,KERNEL_AIVEC,1,702,126.604,1764070233363663.548	,1764070233363790.152	
0,AsStrided125,KERNEL_AIVEC,1,703,16.625,1764070233872970.631	,1764070233872987.256	
0,N/A,MEMCPY_ASYNC,1,704,2.02,1764070233873133.673	,1764070233873135.693	
0,trans_TransData_55,KERNEL_AIVEC,1,705,99.437,1764070233873204.527	,1764070233873303.964	
0,AsStrided126,KERNEL_AIVEC,1,706,16.291,1764070234359637.610	,1764070234359653.901	
0,N/A,MEMCPY_ASYNC,1,707,2.0,1764070234360060.173	,1764070234360062.173	
0,trans_TransData_55,KERNEL_AIVEC,1,708,112.645,1764070234360857.589	,1764070234360970.234	
0,AsStrided127,KERNEL_AIVEC,1,709,16.562,1764070234828832.214	,1764070234828848.776	
0,N/A,MEMCPY_ASYNC,1,710,2.166,1764070234828999.069	,1764070234829001.235	
0,trans_TransData_55,KERNEL_AIVEC,1,711,107.833,1764070234829081.277	,1764070234829189.110	
0,AsStrided128,KERNEL_AIVEC,1,712,16.916,1764070235298682.235	,1764070235298699.151	
0,N/A,MEMCPY_ASYNC,1,713,2.062,1764070235298850.423	,1764070235298852.485	
0,trans_TransData_55,KERNEL_AIVEC,1,714,91.229,1764070235298927.339	,1764070235299018.568	
0,AsStrided129,KERNEL_AIVEC,1,715,16.291,1764070235774626.798	,1764070235774643.089	
0,N/A,MEMCPY_ASYNC,1,716,2.145,1764070235774832.485	,1764070235774834.630	
0,trans_TransData_55,KERNEL_AIVEC,1,717,101.645,1764070235774909.735	,1764070235775011.380	
0,AsStrided130,KERNEL_AIVEC,1,718,16.437,1764070236240870.819	,1764070236240887.256	
0,N/A,MEMCPY_ASYNC,1,719,2.062,1764070236241096.256	,1764070236241098.318	
0,trans_TransData_55,KERNEL_AIVEC,1,720,93.812,1764070236241165.485	,1764070236241259.297	
0,AsStrided131,KERNEL_AIVEC,1,721,16.625,1764070236703334.256	,1764070236703350.881	
0,N/A,MEMCPY_ASYNC,1,722,2.083,1764070236703515.131	,1764070236703517.214	
0,trans_TransData_55,KERNEL_AIVEC,1,723,97.604,1764070236703610.694	,1764070236703708.298	
0,AsStrided132,KERNEL_AIVEC,1,724,16.375,1764070237160212.131	,1764070237160228.506	
0,N/A,MEMCPY_ASYNC,1,725,2.104,1764070237160410.319	,1764070237160412.423	
0,trans_TransData_55,KERNEL_AIVEC,1,726,124.041,1764070237160485.652	,1764070237160609.693	
0,AsStrided133,KERNEL_AIVEC,1,727,16.25,1764070237663507.485	,1764070237663523.735	
0,N/A,MEMCPY_ASYNC,1,728,2.041,1764070237663685.173	,1764070237663687.214	
0,trans_TransData_55,KERNEL_AIVEC,1,729,96.145,1764070237663768.339	,1764070237663864.484	
0,AsStrided134,KERNEL_AIVEC,1,730,16.312,1764070238124759.048	,1764070238124775.360	
0,N/A,MEMCPY_ASYNC,1,731,2.041,1764070238124962.131	,1764070238124964.172	
0,trans_TransData_55,KERNEL_AIVEC,1,732,100.562,1764070238125043.964	,1764070238125144.526	
0,AsStrided135,KERNEL_AIVEC,1,733,16.458,1764070238578005.360	,1764070238578021.818	
0,N/A,MEMCPY_ASYNC,1,734,2.083,1764070238578194.694	,1764070238578196.777	
0,trans_TransData_55,KERNEL_AIVEC,1,735,109.291,1764070238578266.902	,1764070238578376.193	
0,AsStrided136,KERNEL_AIVEC,1,736,16.895,1764070239045966.006	,1764070239045982.901	
0,N/A,MEMCPY_ASYNC,1,737,2.083,1764070239046161.902	,1764070239046163.985	
0,trans_TransData_55,KERNEL_AIVEC,1,738,106.479,1764070239046268.006	,1764070239046374.485	
0,AsStrided137,KERNEL_AIVEC,1,739,16.416,1764070239501978.652	,1764070239501995.068	
0,N/A,MEMCPY_ASYNC,1,740,2.083,1764070239502172.694	,1764070239502174.777	
0,trans_TransData_55,KERNEL_AIVEC,1,741,82.75,1764070239502247.319	,1764070239502330.069	
0,AsStrided138,KERNEL_AIVEC,1,742,16.5,1764070239966311.944	,1764070239966328.444	
0,N/A,MEMCPY_ASYNC,1,743,2.0,1764070239966757.756	,1764070239966759.756	
0,trans_TransData_55,KERNEL_AIVEC,1,744,99.02,1764070239966945.464	,1764070239967044.484	
0,AsStrided139,KERNEL_AIVEC,1,745,16.5,1764070240443806.881	,1764070240443823.381	
0,N/A,MEMCPY_ASYNC,1,746,2.083,1764070240443992.881	,1764070240443994.964	
0,trans_TransData_55,KERNEL_AIVEC,1,747,109.52,1764070240444066.173	,1764070240444175.693	
0,AsStrided140,KERNEL_AIVEC,1,748,16.229,1764070240905705.944	,1764070240905722.173	
0,N/A,MEMCPY_ASYNC,1,749,2.062,1764070240905863.131	,1764070240905865.193	
0,trans_TransData_55,KERNEL_AIVEC,1,750,95.458,1764070240905935.131	,1764070240906030.589	
0,AsStrided141,KERNEL_AIVEC,1,751,16.145,1764070241362503.881	,1764070241362520.026	
0,N/A,MEMCPY_ASYNC,1,752,2.083,1764070241362672.673	,1764070241362674.756	
0,trans_TransData_55,KERNEL_AIVEC,1,753,112.562,1764070241362749.027	,1764070241362861.589	
0,AsStrided142,KERNEL_AIVEC,1,754,16.395,1764070241836956.527	,1764070241836972.922	
0,N/A,MEMCPY_ASYNC,1,755,2.083,1764070241837119.694	,1764070241837121.777	
0,trans_TransData_55,KERNEL_AIVEC,1,756,88.958,1764070241837198.027	,1764070241837286.985	
0,AsStrided143,KERNEL_AIVEC,1,757,16.541,1764070242305597.360	,1764070242305613.901	
0,N/A,MEMCPY_ASYNC,1,758,2.02,1764070242305752.256	,1764070242305754.276	
0,trans_TransData_55,KERNEL_AIVEC,1,759,112.312,1764070242305824.735	,1764070242305937.047	
0,AsStrided144,KERNEL_AIVEC,1,760,16.27,1764070242802175.964	,1764070242802192.234	
0,N/A,MEMCPY_ASYNC,1,761,2.0,1764070242802391.069	,1764070242802393.069	
0,trans_TransData_55,KERNEL_AIVEC,1,762,108.625,1764070242802487.464	,1764070242802596.089	
0,AsStrided145,KERNEL_AIVEC,1,763,16.604,1764070243280614.048	,1764070243280630.652	
0,N/A,MEMCPY_ASYNC,1,764,2.083,1764070243280784.277	,1764070243280786.360	
0,trans_TransData_55,KERNEL_AIVEC,1,765,99.77,1764070243280866.402	,1764070243280966.172	
0,AsStrided146,KERNEL_AIVEC,1,766,16.625,1764070243778320.860	,1764070243778337.485	
0,N/A,MEMCPY_ASYNC,1,767,2.083,1764070243778501.902	,1764070243778503.985	
0,trans_TransData_55,KERNEL_AIVEC,1,768,87.77,1764070243778612.694	,1764070243778700.464	
0,AsStrided147,KERNEL_AIVEC,1,769,16.541,1764070244255118.027	,1764070244255134.568	
0,N/A,MEMCPY_ASYNC,1,770,2.083,1764070244255307.402	,1764070244255309.485	
0,trans_TransData_55,KERNEL_AIVEC,1,771,108.75,1764070244255386.735	,1764070244255495.485	
0,AsStrided148,KERNEL_AIVEC,1,772,16.187,1764070244725731.339	,1764070244725747.526	
0,N/A,MEMCPY_ASYNC,1,773,2.187,1764070244725936.110	,1764070244725938.297	
0,trans_TransData_55,KERNEL_AIVEC,1,774,109.895,1764070244726029.631	,1764070244726139.526	
0,AsStrided149,KERNEL_AIVEC,1,775,16.75,1764070245179210.194	,1764070245179226.944	
0,N/A,MEMCPY_ASYNC,1,776,2.125,1764070245179431.256	,1764070245179433.381	
0,trans_TransData_55,KERNEL_AIVEC,1,777,95.25,1764070245179508.777	,1764070245179604.027	
0,AsStrided150,KERNEL_AIVEC,1,778,16.375,1764070245632737.298	,1764070245632753.673	
0,N/A,MEMCPY_ASYNC,1,779,2.02,1764070245632911.485	,1764070245632913.505	
0,trans_TransData_55,KERNEL_AIVEC,1,780,114.0,1764070245632990.819	,1764070245633104.819	
0,AsStrided151,KERNEL_AIVEC,1,781,16.666,1764070246108619.319	,1764070246108635.985	
0,N/A,MEMCPY_ASYNC,1,782,2.291,1764070246108840.319	,1764070246108842.610	
0,trans_TransData_55,KERNEL_AIVEC,1,783,115.812,1764070246108963.173	,1764070246109078.985	
0,AsStrided152,KERNEL_AIVEC,1,784,17.062,1764070246572243.631	,1764070246572260.693	
0,N/A,MEMCPY_ASYNC,1,785,2.229,1764070246572453.319	,1764070246572455.548	
0,trans_TransData_55,KERNEL_AIVEC,1,786,95.5,1764070246572538.819	,1764070246572634.319	
0,AsStrided153,KERNEL_AIVEC,1,787,16.541,1764070247028013.589	,1764070247028030.130	
0,N/A,MEMCPY_ASYNC,1,788,2.187,1764070247028384.694	,1764070247028386.881	
0,trans_TransData_55,KERNEL_AIVEC,1,789,103.625,1764070247028475.527	,1764070247028579.152	
0,AsStrided154,KERNEL_AIVEC,1,790,16.145,1764070247478017.152	,1764070247478033.297	
0,N/A,MEMCPY_ASYNC,1,791,2.125,1764070247478191.381	,1764070247478193.506	
0,trans_TransData_55,KERNEL_AIVEC,1,792,97.208,1764070247478264.131	,1764070247478361.339	
0,AsStrided155,KERNEL_AIVEC,1,793,16.479,1764070247953053.423	,1764070247953069.902	
0,N/A,MEMCPY_ASYNC,1,794,2.187,1764070247953287.798	,1764070247953289.985	
0,trans_TransData_55,KERNEL_AIVEC,1,795,112.729,1764070247953391.485	,1764070247953504.214	
0,AsStrided156,KERNEL_AIVEC,1,796,16.208,1764070248419231.319	,1764070248419247.527	
0,N/A,MEMCPY_ASYNC,1,797,2.145,1764070248419403.464	,1764070248419405.609	
0,trans_TransData_55,KERNEL_AIVEC,1,798,124.479,1764070248419498.110	,1764070248419622.589	
0,AsStrided157,KERNEL_AIVEC,1,799,16.666,1764070248878184.631	,1764070248878201.297	
0,N/A,MEMCPY_ASYNC,1,800,2.145,1764070248878369.277	,1764070248878371.422	
0,trans_TransData_55,KERNEL_AIVEC,1,801,109.375,1764070248878450.798	,1764070248878560.173	
0,AsStrided158,KERNEL_AIVEC,1,802,17.0,1764070249341102.423	,1764070249341119.423	
0,N/A,MEMCPY_ASYNC,1,803,2.125,1764070249341280.235	,1764070249341282.360	
0,trans_TransData_55,KERNEL_AIVEC,1,804,113.833,1764070249341386.381	,1764070249341500.214	
0,AsStrided159,KERNEL_AIVEC,1,805,16.625,1764070249821514.631	,1764070249821531.256	
0,N/A,MEMCPY_ASYNC,1,806,2.104,1764070249821714.360	,1764070249821716.464	
0,trans_TransData_55,KERNEL_AIVEC,1,807,95.708,1764070249821789.881	,1764070249821885.589	
0,AsStrided160,KERNEL_AIVEC,1,808,16.666,1764070250300948.694	,1764070250300965.360	
0,N/A,MEMCPY_ASYNC,1,809,2.145,1764070250301132.173	,1764070250301134.318	
0,trans_TransData_55,KERNEL_AIVEC,1,810,101.333,1764070250301200.923	,1764070250301302.256	
0,AsStrided161,KERNEL_AIVEC,1,811,16.416,1764070250763264.235	,1764070250763280.651	
0,N/A,MEMCPY_ASYNC,1,812,2.125,1764070250763449.798	,1764070250763451.923	
0,trans_TransData_55,KERNEL_AIVEC,1,813,111.604,1764070250763557.881	,1764070250763669.485	
0,AsStrided162,KERNEL_AIVEC,1,814,16.583,1764070251233822.610	,1764070251233839.193	
0,N/A,MEMCPY_ASYNC,1,815,2.458,1764070251234019.027	,1764070251234021.485	
0,trans_TransData_55,KERNEL_AIVEC,1,816,95.541,1764070251234096.235	,1764070251234191.776	
0,AsStrided163,KERNEL_AIVEC,1,817,16.458,1764070251698063.402	,1764070251698079.860	
0,N/A,MEMCPY_ASYNC,1,818,2.166,1764070251698235.027	,1764070251698237.193	
0,trans_TransData_55,KERNEL_AIVEC,1,819,98.312,1764070251698309.048	,1764070251698407.360	
0,AsStrided164,KERNEL_AIVEC,1,820,17.104,1764070252175484.319	,1764070252175501.423	
0,N/A,MEMCPY_ASYNC,1,821,2.166,1764070252175728.589	,1764070252175730.755	
0,trans_TransData_55,KERNEL_AIVEC,1,822,95.416,1764070252175809.819	,1764070252175905.235	
0,AsStrided165,KERNEL_AIVEC,1,823,16.583,1764070252641954.194	,1764070252641970.777	
0,N/A,MEMCPY_ASYNC,1,824,2.187,1764070252642128.006	,1764070252642130.193	
0,trans_TransData_55,KERNEL_AIVEC,1,825,120.708,1764070252642201.027	,1764070252642321.735	
0,AsStrided166,KERNEL_AIVEC,1,826,16.5,1764070253142188.027	,1764070253142204.527	
0,N/A,MEMCPY_ASYNC,1,827,2.125,1764070253142373.173	,1764070253142375.298	
0,trans_TransData_55,KERNEL_AIVEC,1,828,108.312,1764070253142454.256	,1764070253142562.568	
0,AsStrided167,KERNEL_AIVEC,1,829,16.583,1764070253637953.110	,1764070253637969.693	
0,N/A,MEMCPY_ASYNC,1,830,2.104,1764070253638112.277	,1764070253638114.381	
0,trans_TransData_55,KERNEL_AIVEC,1,831,97.083,1764070253638184.860	,1764070253638281.943	
0,AsStrided168,KERNEL_AIVEC,1,832,16.562,1764070254095736.735	,1764070254095753.297	
0,N/A,MEMCPY_ASYNC,1,833,2.104,1764070254095959.735	,1764070254095961.839	
0,trans_TransData_55,KERNEL_AIVEC,1,834,90.458,1764070254096040.339	,1764070254096130.797	
0,AsStrided169,KERNEL_AIVEC,1,835,16.437,1764070254560616.381	,1764070254560632.818	
0,N/A,MEMCPY_ASYNC,1,836,2.125,1764070254560828.131	,1764070254560830.256	
0,trans_TransData_55,KERNEL_AIVEC,1,837,99.729,1764070254560899.006	,1764070254560998.735	
0,AsStrided170,KERNEL_AIVEC,1,838,16.895,1764070255023244.985	,1764070255023261.880	
0,N/A,MEMCPY_ASYNC,1,839,2.27,1764070255023414.027	,1764070255023416.297	
0,trans_TransData_55,KERNEL_AIVEC,1,840,123.333,1764070255023487.860	,1764070255023611.193	
0,AsStrided171,KERNEL_AIVEC,1,841,16.833,1764070255476581.569	,1764070255476598.402	
0,N/A,MEMCPY_ASYNC,1,842,2.333,1764070255476867.589	,1764070255476869.922	
0,trans_TransData_55,KERNEL_AIVEC,1,843,94.041,1764070255476977.589	,1764070255477071.630	
0,AsStrided172,KERNEL_AIVEC,1,844,16.708,1764070255949662.319	,1764070255949679.027	
0,N/A,MEMCPY_ASYNC,1,845,2.145,1764070255949839.069	,1764070255949841.214	
0,trans_TransData_55,KERNEL_AIVEC,1,846,97.375,1764070255949919.235	,1764070255950016.610	
0,AsStrided173,KERNEL_AIVEC,1,847,16.187,1764070256427534.652	,1764070256427550.839	
0,N/A,MEMCPY_ASYNC,1,848,2.145,1764070256427689.110	,1764070256427691.255	
0,trans_TransData_55,KERNEL_AIVEC,1,849,125.916,1764070256427762.027	,1764070256427887.943	
0,AsStrided174,KERNEL_AIVEC,1,850,16.625,1764070256879960.673	,1764070256879977.298	
0,N/A,MEMCPY_ASYNC,1,851,2.208,1764070256880134.589	,1764070256880136.797	
0,trans_TransData_55,KERNEL_AIVEC,1,852,101.583,1764070256880207.527	,1764070256880309.110	
0,AsStrided175,KERNEL_AIVEC,1,853,16.604,1764070257350356.694	,1764070257350373.298	
0,N/A,MEMCPY_ASYNC,1,854,2.145,1764070257350531.444	,1764070257350533.589	
0,trans_TransData_55,KERNEL_AIVEC,1,855,109.229,1764070257350612.339	,1764070257350721.568	
0,AsStrided176,KERNEL_AIVEC,1,856,16.291,1764070257847111.506	,1764070257847127.797	
0,N/A,MEMCPY_ASYNC,1,857,2.208,1764070257847284.069	,1764070257847286.277	
0,trans_TransData_55,KERNEL_AIVEC,1,858,100.354,1764070257847391.277	,1764070257847491.631	
0,AsStrided177,KERNEL_AIVEC,1,859,16.437,1764070258310394.819	,1764070258310411.256	
0,N/A,MEMCPY_ASYNC,1,860,2.354,1764070258310552.423	,1764070258310554.777	
0,trans_TransData_55,KERNEL_AIVEC,1,861,98.562,1764070258310647.256	,1764070258310745.818	
0,AsStrided178,KERNEL_AIVEC,1,862,16.666,1764070258786503.735	,1764070258786520.401	
0,N/A,MEMCPY_ASYNC,1,863,2.145,1764070258786683.798	,1764070258786685.943	
0,trans_TransData_55,KERNEL_AIVEC,1,864,93.958,1764070258786763.444	,1764070258786857.402	
0,AsStrided179,KERNEL_AIVEC,1,865,16.583,1764070259275137.360	,1764070259275153.943	
0,N/A,MEMCPY_ASYNC,1,866,2.125,1764070259275339.923	,1764070259275342.048	
0,trans_TransData_55,KERNEL_AIVEC,1,867,97.562,1764070259275415.506	,1764070259275513.068	
0,AsStrided180,KERNEL_AIVEC,1,868,16.291,1764070259757188.194	,1764070259757204.485	
0,N/A,MEMCPY_ASYNC,1,869,2.166,1764070259757344.006	,1764070259757346.172	
0,trans_TransData_55,KERNEL_AIVEC,1,870,115.229,1764070259757416.423	,1764070259757531.652	
0,AsStrided181,KERNEL_AIVEC,1,871,16.229,1764070260232569.069	,1764070260232585.298	
0,N/A,MEMCPY_ASYNC,1,872,2.166,1764070260232750.402	,1764070260232752.568	
0,trans_TransData_55,KERNEL_AIVEC,1,873,95.395,1764070260232822.714	,1764070260232918.109	
0,AsStrided182,KERNEL_AIVEC,1,874,16.458,1764070260683005.069	,1764070260683021.527	
0,N/A,MEMCPY_ASYNC,1,875,2.145,1764070260683170.798	,1764070260683172.943	
0,trans_TransData_55,KERNEL_AIVEC,1,876,116.041,1764070260683242.485	,1764070260683358.526	
0,AsStrided183,KERNEL_AIVEC,1,877,16.583,1764070261145773.589	,1764070261145790.172	
0,N/A,MEMCPY_ASYNC,1,878,2.083,1764070261145928.214	,1764070261145930.297	
0,trans_TransData_55,KERNEL_AIVEC,1,879,92.166,1764070261146034.735	,1764070261146126.901	
0,AsStrided184,KERNEL_AIVEC,1,880,16.458,1764070261639360.694	,1764070261639377.152	
0,N/A,MEMCPY_ASYNC,1,881,2.125,1764070261639548.985	,1764070261639551.110	
0,trans_TransData_55,KERNEL_AIVEC,1,882,125.708,1764070261639631.048	,1764070261639756.756	
0,AsStrided185,KERNEL_AIVEC,1,883,16.27,1764070262114375.027	,1764070262114391.297	
0,N/A,MEMCPY_ASYNC,1,884,2.083,1764070262114550.444	,1764070262114552.527	
0,trans_TransData_55,KERNEL_AIVEC,1,885,115.854,1764070262114626.569	,1764070262114742.423	
0,AsStrided186,KERNEL_AIVEC,1,886,16.541,1764070262601096.839	,1764070262601113.380	
0,N/A,MEMCPY_ASYNC,1,887,2.125,1764070262601261.381	,1764070262601263.506	
0,trans_TransData_55,KERNEL_AIVEC,1,888,105.791,1764070262601331.819	,1764070262601437.610	
0,AsStrided187,KERNEL_AIVEC,1,889,16.562,1764070263078011.027	,1764070263078027.589	
0,N/A,MEMCPY_ASYNC,1,890,2.166,1764070263078215.089	,1764070263078217.255	
0,trans_TransData_55,KERNEL_AIVEC,1,891,97.166,1764070263078299.839	,1764070263078397.005	
0,AsStrided188,KERNEL_AIVEC,1,892,16.5,1764070263581186.631	,1764070263581203.131	
0,N/A,MEMCPY_ASYNC,1,893,2.145,1764070263581344.944	,1764070263581347.089	
0,trans_TransData_55,KERNEL_AIVEC,1,894,82.041,1764070263581423.506	,1764070263581505.547	
0,AsStrided189,KERNEL_AIVEC,1,895,16.479,1764070264046675.881	,1764070264046692.360	
0,N/A,MEMCPY_ASYNC,1,896,2.083,1764070264046872.735	,1764070264046874.818	
0,trans_TransData_55,KERNEL_AIVEC,1,897,90.458,1764070264046949.152	,1764070264047039.610	
0,AsStrided190,KERNEL_AIVEC,1,898,16.916,1764070264511775.110	,1764070264511792.026	
0,N/A,MEMCPY_ASYNC,1,899,2.437,1764070264511954.839	,1764070264511957.276	
0,trans_TransData_55,KERNEL_AIVEC,1,900,118.729,1764070264512050.756	,1764070264512169.485	
0,AsStrided191,KERNEL_AIVEC,1,901,16.666,1764070264995232.444	,1764070264995249.110	
0,N/A,MEMCPY_ASYNC,1,902,2.145,1764070264995389.027	,1764070264995391.172	
0,trans_TransData_55,KERNEL_AIVEC,1,903,103.687,1764070264995458.319	,1764070264995562.006	
0,AsStrided192,KERNEL_AIVEC,1,904,16.375,1764070265459457.360	,1764070265459473.735	
0,N/A,MEMCPY_ASYNC,1,905,2.27,1764070265459643.819	,1764070265459646.089	
0,trans_TransData_55,KERNEL_AIVEC,1,906,97.687,1764070265459737.319	,1764070265459835.006	
0,AsStrided193,KERNEL_AIVEC,1,907,16.708,1764070265916819.110	,1764070265916835.818	
0,N/A,MEMCPY_ASYNC,1,908,2.125,1764070265916978.069	,1764070265916980.194	
0,trans_TransData_55,KERNEL_AIVEC,1,909,112.479,1764070265917052.985	,1764070265917165.464	
0,AsStrided194,KERNEL_AIVEC,1,910,16.625,1764070266364130.902	,1764070266364147.527	
0,N/A,MEMCPY_ASYNC,1,911,2.229,1764070266364330.423	,1764070266364332.652	
0,trans_TransData_55,KERNEL_AIVEC,1,912,85.937,1764070266364405.464	,1764070266364491.401	
0,AsStrided195,KERNEL_AIVEC,1,913,16.166,1764070266839384.173	,1764070266839400.339	
0,N/A,MEMCPY_ASYNC,1,914,2.145,1764070266839563.881	,1764070266839566.026	
0,trans_TransData_55,KERNEL_AIVEC,1,915,111.5,1764070266839642.027	,1764070266839753.527	
0,AsStrided196,KERNEL_AIVEC,1,916,16.604,1764070267315630.485	,1764070267315647.089	
0,N/A,MEMCPY_ASYNC,1,917,2.104,1764070267315981.214	,1764070267315983.318	
0,trans_TransData_55,KERNEL_AIVEC,1,918,114.895,1764070267316078.444	,1764070267316193.339	
0,AsStrided197,KERNEL_AIVEC,1,919,16.895,1764070267819954.319	,1764070267819971.214	
0,N/A,MEMCPY_ASYNC,1,920,2.125,1764070267820128.235	,1764070267820130.360	
0,trans_TransData_55,KERNEL_AIVEC,1,921,119.52,1764070267820200.756	,1764070267820320.276	
0,AsStrided198,KERNEL_AIVEC,1,922,16.25,1764070268307398.527	,1764070268307414.777	
0,N/A,MEMCPY_ASYNC,1,923,2.166,1764070268307552.944	,1764070268307555.110	
0,trans_TransData_55,KERNEL_AIVEC,1,924,124.395,1764070268307633.214	,1764070268307757.609	
0,AsStrided199,KERNEL_AIVEC,1,925,16.354,1764070268771235.214	,1764070268771251.568	
0,N/A,MEMCPY_ASYNC,1,926,2.166,1764070268774455.569	,1764070268774457.735	
0,trans_TransData_55,KERNEL_AIVEC,1,927,128.0,1764070268774611.548	,1764070268774739.548	
0,AsStrided200,KERNEL_AIVEC,1,928,16.625,1764070269239006.777	,1764070269239023.402	
0,N/A,MEMCPY_ASYNC,1,929,2.083,1764070269239191.152	,1764070269239193.235	
0,trans_TransData_55,KERNEL_AIVEC,1,930,110.729,1764070269239288.756	,1764070269239399.485	
0,AsStrided201,KERNEL_AIVEC,1,931,16.75,1764070269701159.027	,1764070269701175.777	
0,N/A,MEMCPY_ASYNC,1,932,2.083,1764070269701378.839	,1764070269701380.922	
0,trans_TransData_55,KERNEL_AIVEC,1,933,95.708,1764070269701461.964	,1764070269701557.672	
0,AsStrided202,KERNEL_AIVEC,1,934,16.729,1764070270172151.339	,1764070270172168.068	
0,N/A,MEMCPY_ASYNC,1,935,2.125,1764070270172400.006	,1764070270172402.131	
0,trans_TransData_55,KERNEL_AIVEC,1,936,123.666,1764070270172506.485	,1764070270172630.151	
0,AsStrided203,KERNEL_AIVEC,1,937,16.812,1764070270641874.006	,1764070270641890.818	
0,N/A,MEMCPY_ASYNC,1,938,2.104,1764070270642035.464	,1764070270642037.568	
0,trans_TransData_55,KERNEL_AIVEC,1,939,108.687,1764070270642108.319	,1764070270642217.006	
0,AsStrided204,KERNEL_AIVEC,1,940,16.541,1764070271107917.964	,1764070271107934.505	
0,N/A,MEMCPY_ASYNC,1,941,2.125,1764070271108131.777	,1764070271108133.902	
0,trans_TransData_55,KERNEL_AIVEC,1,942,92.125,1764070271108222.756	,1764070271108314.881	
0,AsStrided205,KERNEL_AIVEC,1,943,16.229,1764070271591223.277	,1764070271591239.506	
0,N/A,MEMCPY_ASYNC,1,944,2.041,1764070271591405.985	,1764070271591408.026	
0,trans_TransData_55,KERNEL_AIVEC,1,945,111.812,1764070271591476.902	,1764070271591588.714	
0,AsStrided206,KERNEL_AIVEC,1,946,16.083,1764070272067541.714	,1764070272067557.797	
0,N/A,MEMCPY_ASYNC,1,947,2.083,1764070272067725.485	,1764070272067727.568	
0,trans_TransData_55,KERNEL_AIVEC,1,948,96.562,1764070272067805.527	,1764070272067902.089	
0,AsStrided207,KERNEL_AIVEC,1,949,16.625,1764070272558591.923	,1764070272558608.548	
0,N/A,MEMCPY_ASYNC,1,950,2.062,1764070272558750.381	,1764070272558752.443	
0,trans_TransData_55,KERNEL_AIVEC,1,951,123.333,1764070272558825.985	,1764070272558949.318	
0,AsStrided208,KERNEL_AIVEC,1,952,16.666,1764070273029657.819	,1764070273029674.485	
0,N/A,MEMCPY_ASYNC,1,953,2.041,1764070273029817.506	,1764070273029819.547	
0,trans_TransData_55,KERNEL_AIVEC,1,954,89.25,1764070273029921.089	,1764070273030010.339	
0,AsStrided209,KERNEL_AIVEC,1,955,16.437,1764070273514047.819	,1764070273514064.256	
0,N/A,MEMCPY_ASYNC,1,956,2.208,1764070273514204.298	,1764070273514206.506	
0,trans_TransData_55,KERNEL_AIVEC,1,957,80.791,1764070273514277.652	,1764070273514358.443	
0,AsStrided210,KERNEL_AIVEC,1,958,16.083,1764070273996803.589	,1764070273996819.672	
0,N/A,MEMCPY_ASYNC,1,959,2.083,1764070273996977.256	,1764070273996979.339	
0,trans_TransData_55,KERNEL_AIVEC,1,960,123.729,1764070273997055.444	,1764070273997179.173	
0,AsStrided211,KERNEL_AIVEC,1,961,16.291,1764070274460031.944	,1764070274460048.235	
0,N/A,MEMCPY_ASYNC,1,962,1.979,1764070274460249.194	,1764070274460251.173	
0,trans_TransData_55,KERNEL_AIVEC,1,963,113.562,1764070274460395.048	,1764070274460508.610	
0,AsStrided212,KERNEL_AIVEC,1,964,16.208,1764070274936811.464	,1764070274936827.672	
0,N/A,MEMCPY_ASYNC,1,965,2.083,1764070274936994.444	,1764070274936996.527	
0,trans_TransData_55,KERNEL_AIVEC,1,966,107.187,1764070274937074.673	,1764070274937181.860	
0,AsStrided213,KERNEL_AIVEC,1,967,16.5,1764070275415729.464	,1764070275415745.964	
0,N/A,MEMCPY_ASYNC,1,968,2.062,1764070275415937.027	,1764070275415939.089	
0,trans_TransData_55,KERNEL_AIVEC,1,969,83.791,1764070275416022.777	,1764070275416106.568	
0,AsStrided214,KERNEL_AIVEC,1,970,16.729,1764070275889798.735	,1764070275889815.464	
0,N/A,MEMCPY_ASYNC,1,971,2.041,1764070275889978.652	,1764070275889980.693	
0,trans_TransData_55,KERNEL_AIVEC,1,972,80.979,1764070275890081.756	,1764070275890162.735	
0,AsStrided215,KERNEL_AIVEC,1,973,16.666,1764070276355742.714	,1764070276355759.380	
0,N/A,MEMCPY_ASYNC,1,974,2.02,1764070276355905.819	,1764070276355907.839	
0,trans_TransData_55,KERNEL_AIVEC,1,975,87.25,1764070276356011.860	,1764070276356099.110	
0,AsStrided216,KERNEL_AIVEC,1,976,16.666,1764070276825686.735	,1764070276825703.401	
0,N/A,MEMCPY_ASYNC,1,977,2.083,1764070276825852.923	,1764070276825855.006	
0,trans_TransData_55,KERNEL_AIVEC,1,978,95.916,1764070276825926.069	,1764070276826021.985	
0,AsStrided217,KERNEL_AIVEC,1,979,16.75,1764070277279106.214	,1764070277279122.964	
0,N/A,MEMCPY_ASYNC,1,980,2.27,1764070277279266.110	,1764070277279268.380	
0,trans_TransData_55,KERNEL_AIVEC,1,981,120.812,1764070277279338.798	,1764070277279459.610	
0,AsStrided218,KERNEL_AIVEC,1,982,16.687,1764070277744107.402	,1764070277744124.089	
0,N/A,MEMCPY_ASYNC,1,983,2.104,1764070277744291.881	,1764070277744293.985	
0,trans_TransData_55,KERNEL_AIVEC,1,984,101.666,1764070277744383.152	,1764070277744484.818	
0,AsStrided219,KERNEL_AIVEC,1,985,16.541,1764070278223807.027	,1764070278223823.568	
0,N/A,MEMCPY_ASYNC,1,986,2.041,1764070278224000.819	,1764070278224002.860	
0,trans_TransData_55,KERNEL_AIVEC,1,987,113.437,1764070278224081.298	,1764070278224194.735	
0,AsStrided220,KERNEL_AIVEC,1,988,16.77,1764070278705325.339	,1764070278705342.109	
0,N/A,MEMCPY_ASYNC,1,989,2.083,1764070278705496.944	,1764070278705499.027	
0,trans_TransData_55,KERNEL_AIVEC,1,990,110.416,1764070278705570.714	,1764070278705681.130	
0,AsStrided221,KERNEL_AIVEC,1,991,17.104,1764070279171562.152	,1764070279171579.256	
0,N/A,MEMCPY_ASYNC,1,992,2.083,1764070279171983.194	,1764070279171985.277	
0,trans_TransData_55,KERNEL_AIVEC,1,993,118.291,1764070279172078.214	,1764070279172196.505	
0,AsStrided222,KERNEL_AIVEC,1,994,16.416,1764070279663171.860	,1764070279663188.276	
0,N/A,MEMCPY_ASYNC,1,995,2.02,1764070279663332.089	,1764070279663334.109	
0,trans_TransData_55,KERNEL_AIVEC,1,996,100.916,1764070279663436.819	,1764070279663537.735	
0,AsStrided223,KERNEL_AIVEC,1,997,16.541,1764070280123071.694	,1764070280123088.235	
0,N/A,MEMCPY_ASYNC,1,998,2.02,1764070280123240.881	,1764070280123242.901	
0,trans_TransData_55,KERNEL_AIVEC,1,999,117.375,1764070280123323.089	,1764070280123440.464	
0,AsStrided224,KERNEL_AIVEC,1,1000,16.625,1764070280604663.214	,1764070280604679.839	
0,N/A,MEMCPY_ASYNC,1,1001,2.02,1764070280604817.402	,1764070280604819.422	
0,trans_TransData_55,KERNEL_AIVEC,1,1002,86.145,1764070280604907.610	,1764070280604993.755	
0,AsStrided225,KERNEL_AIVEC,1,1003,16.437,1764070281108706.048	,1764070281108722.485	
0,N/A,MEMCPY_ASYNC,1,1004,2.062,1764070281108886.819	,1764070281108888.881	
0,trans_TransData_55,KERNEL_AIVEC,1,1005,104.666,1764070281108964.964	,1764070281109069.630	
0,AsStrided226,KERNEL_AIVEC,1,1006,16.875,1764070281572667.214	,1764070281572684.089	
0,N/A,MEMCPY_ASYNC,1,1007,2.083,1764070281572893.714	,1764070281572895.797	
0,trans_TransData_55,KERNEL_AIVEC,1,1008,86.937,1764070281572987.548	,1764070281573074.485	
0,AsStrided227,KERNEL_AIVEC,1,1009,16.854,1764070282043717.777	,1764070282043734.631	
0,N/A,MEMCPY_ASYNC,1,1010,2.083,1764070282043904.256	,1764070282043906.339	
0,trans_TransData_55,KERNEL_AIVEC,1,1011,119.583,1764070282043984.381	,1764070282044103.964	
0,AsStrided228,KERNEL_AIVEC,1,1012,16.5,1764070282540509.423	,1764070282540525.923	
0,N/A,MEMCPY_ASYNC,1,1013,2.312,1764070282540688.714	,1764070282540691.026	
0,trans_TransData_55,KERNEL_AIVEC,1,1014,107.52,1764070282540764.569	,1764070282540872.089	
0,AsStrided229,KERNEL_AIVEC,1,1015,17.02,1764070283014127.673	,1764070283014144.693	
0,N/A,MEMCPY_ASYNC,1,1016,2.083,1764070283014311.923	,1764070283014314.006	
0,trans_TransData_55,KERNEL_AIVEC,1,1017,87.0,1764070283014413.569	,1764070283014500.569	
0,AsStrided230,KERNEL_AIVEC,1,1018,16.208,1764070283482267.027	,1764070283482283.235	
0,N/A,MEMCPY_ASYNC,1,1019,2.104,1764070283482421.173	,1764070283482423.277	
0,trans_TransData_55,KERNEL_AIVEC,1,1020,127.5,1764070283482494.652	,1764070283482622.152	
0,AsStrided231,KERNEL_AIVEC,1,1021,16.583,1764070283957557.569	,1764070283957574.152	
0,N/A,MEMCPY_ASYNC,1,1022,2.062,1764070283957723.027	,1764070283957725.089	
0,trans_TransData_55,KERNEL_AIVEC,1,1023,102.875,1764070283957798.589	,1764070283957901.464	
0,AsStrided232,KERNEL_AIVEC,1,1024,16.687,1764070284420535.902	,1764070284420552.589	
0,N/A,MEMCPY_ASYNC,1,1025,2.145,1764070284420740.048	,1764070284420742.193	
0,trans_TransData_55,KERNEL_AIVEC,1,1026,103.541,1764070284420820.360	,1764070284420923.901	
0,AsStrided233,KERNEL_AIVEC,1,1027,16.729,1764070284906584.194	,1764070284906600.923	
0,N/A,MEMCPY_ASYNC,1,1028,2.104,1764070284906789.214	,1764070284906791.318	
0,trans_TransData_55,KERNEL_AIVEC,1,1029,81.27,1764070284906870.110	,1764070284906951.380	
0,AsStrided234,KERNEL_AIVEC,1,1030,16.375,1764070285378911.652	,1764070285378928.027	
0,N/A,MEMCPY_ASYNC,1,1031,2.041,1764070285379123.110	,1764070285379125.151	
0,trans_TransData_55,KERNEL_AIVEC,1,1032,124.395,1764070285379244.319	,1764070285379368.714	
0,AsStrided235,KERNEL_AIVEC,1,1033,16.479,1764070285840816.339	,1764070285840832.818	
0,N/A,MEMCPY_ASYNC,1,1034,2.104,1764070285840997.485	,1764070285840999.589	
0,trans_TransData_55,KERNEL_AIVEC,1,1035,87.5,1764070285841069.589	,1764070285841157.089	
0,AsStrided236,KERNEL_AIVEC,1,1036,16.187,1764070286302280.152	,1764070286302296.339	
0,N/A,MEMCPY_ASYNC,1,1037,2.104,1764070286302467.423	,1764070286302469.527	
0,trans_TransData_55,KERNEL_AIVEC,1,1038,96.187,1764070286302547.173	,1764070286302643.360	
0,AsStrided237,KERNEL_AIVEC,1,1039,16.291,1764070286801757.194	,1764070286801773.485	
0,N/A,MEMCPY_ASYNC,1,1040,2.062,1764070286801942.756	,1764070286801944.818	
0,trans_TransData_55,KERNEL_AIVEC,1,1041,100.708,1764070286802024.319	,1764070286802125.027	
0,AsStrided238,KERNEL_AIVEC,1,1042,16.77,1764070287281400.298	,1764070287281417.068	
0,N/A,MEMCPY_ASYNC,1,1043,2.041,1764070287281571.714	,1764070287281573.755	
0,trans_TransData_55,KERNEL_AIVEC,1,1044,96.083,1764070287281649.923	,1764070287281746.006	
0,AsStrided239,KERNEL_AIVEC,1,1045,16.229,1764070287781165.860	,1764070287781182.089	
0,N/A,MEMCPY_ASYNC,1,1046,2.062,1764070287781342.777	,1764070287781344.839	
0,trans_TransData_55,KERNEL_AIVEC,1,1047,107.166,1764070287781436.798	,1764070287781543.964	
0,AsStrided240,KERNEL_AIVEC,1,1048,16.25,1764070288250464.277	,1764070288250480.527	
0,N/A,MEMCPY_ASYNC,1,1049,2.041,1764070288251212.673	,1764070288251214.714	
0,trans_TransData_55,KERNEL_AIVEC,1,1050,104.354,1764070288251359.902	,1764070288251464.256	
0,AsStrided241,KERNEL_AIVEC,1,1051,16.625,1764070288717711.027	,1764070288717727.652	
0,N/A,MEMCPY_ASYNC,1,1052,2.083,1764070288717874.631	,1764070288717876.714	
0,trans_TransData_55,KERNEL_AIVEC,1,1053,96.854,1764070288717945.673	,1764070288718042.527	
0,AsStrided242,KERNEL_AIVEC,1,1054,16.395,1764070289190992.423	,1764070289191008.818	
0,N/A,MEMCPY_ASYNC,1,1055,2.041,1764070289191149.110	,1764070289191151.151	
0,trans_TransData_55,KERNEL_AIVEC,1,1056,118.208,1764070289191220.964	,1764070289191339.172	
0,AsStrided243,KERNEL_AIVEC,1,1057,16.458,1764070289680770.569	,1764070289680787.027	
0,N/A,MEMCPY_ASYNC,1,1058,2.0,1764070289680934.194	,1764070289680936.194	
0,trans_TransData_55,KERNEL_AIVEC,1,1059,122.75,1764070289681006.360	,1764070289681129.110	
0,AsStrided244,KERNEL_AIVEC,1,1060,16.125,1764070290161548.110	,1764070290161564.235	
0,N/A,MEMCPY_ASYNC,1,1061,2.062,1764070290161735.277	,1764070290161737.339	
0,trans_TransData_55,KERNEL_AIVEC,1,1062,94.02,1764070290161833.131	,1764070290161927.151	
0,AsStrided245,KERNEL_AIVEC,1,1063,16.5,1764070290643531.423	,1764070290643547.923	
0,N/A,MEMCPY_ASYNC,1,1064,2.041,1764070290643710.777	,1764070290643712.818	
0,trans_TransData_55,KERNEL_AIVEC,1,1065,92.708,1764070290643790.214	,1764070290643882.922	
0,AsStrided246,KERNEL_AIVEC,1,1066,16.958,1764070291138684.110	,1764070291138701.068	
0,N/A,MEMCPY_ASYNC,1,1067,2.041,1764070291138866.048	,1764070291138868.089	
0,trans_TransData_55,KERNEL_AIVEC,1,1068,122.458,1764070291138939.631	,1764070291139062.089	
0,AsStrided247,KERNEL_AIVEC,1,1069,16.25,1764070291616836.923	,1764070291616853.173	
0,N/A,MEMCPY_ASYNC,1,1070,2.02,1764070291617095.694	,1764070291617097.714	
0,trans_TransData_55,KERNEL_AIVEC,1,1071,98.812,1764070291617235.069	,1764070291617333.881	
0,AsStrided248,KERNEL_AIVEC,1,1072,16.27,1764070292083014.464	,1764070292083030.734	
0,N/A,MEMCPY_ASYNC,1,1073,2.062,1764070292083200.902	,1764070292083202.964	
0,trans_TransData_55,KERNEL_AIVEC,1,1074,109.937,1764070292083284.569	,1764070292083394.506	
0,AsStrided249,KERNEL_AIVEC,1,1075,16.375,1764070292626755.423	,1764070292626771.798	
0,N/A,MEMCPY_ASYNC,1,1076,2.083,1764070292626926.527	,1764070292626928.610	
0,trans_TransData_55,KERNEL_AIVEC,1,1077,115.854,1764070292627009.694	,1764070292627125.548	
0,AsStrided250,KERNEL_AIVEC,1,1078,16.52,1764070293135281.319	,1764070293135297.839	
0,N/A,MEMCPY_ASYNC,1,1079,2.145,1764070293135508.714	,1764070293135510.859	
0,trans_TransData_55,KERNEL_AIVEC,1,1080,104.0,1764070293135588.589	,1764070293135692.589	
0,AsStrided251,KERNEL_AIVEC,1,1081,16.416,1764070293621546.319	,1764070293621562.735	
0,N/A,MEMCPY_ASYNC,1,1082,2.041,1764070293621745.673	,1764070293621747.714	
0,trans_TransData_55,KERNEL_AIVEC,1,1083,109.729,1764070293621826.069	,1764070293621935.798	
0,AsStrided252,KERNEL_AIVEC,1,1084,16.437,1764070294103991.173	,1764070294104007.610	
0,N/A,MEMCPY_ASYNC,1,1085,2.125,1764070294104159.402	,1764070294104161.527	
0,trans_TransData_55,KERNEL_AIVEC,1,1086,108.916,1764070294104235.360	,1764070294104344.276	
0,AsStrided253,KERNEL_AIVEC,1,1087,17.708,1764070294578699.319	,1764070294578717.027	
0,N/A,MEMCPY_ASYNC,1,1088,2.187,1764070294578907.235	,1764070294578909.422	
0,trans_TransData_55,KERNEL_AIVEC,1,1089,107.687,1764070294579430.235	,1764070294579537.922	
0,AsStrided254,KERNEL_AIVEC,1,1090,16.854,1764070295040391.860	,1764070295040408.714	
0,N/A,MEMCPY_ASYNC,1,1091,2.083,1764070295040551.069	,1764070295040553.152	
0,trans_TransData_55,KERNEL_AIVEC,1,1092,110.458,1764070295040656.360	,1764070295040766.818	
0,AsStrided255,KERNEL_AIVEC,1,1093,16.645,1764070295522442.860	,1764070295522459.505	
0,N/A,MEMCPY_ASYNC,1,1094,2.02,1764070295522606.923	,1764070295522608.943	
0,trans_TransData_55,KERNEL_AIVEC,1,1095,114.75,1764070295522685.027	,1764070295522799.777	
0,AsStrided256,KERNEL_AIVEC,1,1096,16.979,1764070296001289.173	,1764070296001306.152	
0,N/A,MEMCPY_ASYNC,1,1097,2.041,1764070296001466.839	,1764070296001468.880	
0,trans_TransData_55,KERNEL_AIVEC,1,1098,110.854,1764070296001539.777	,1764070296001650.631	
0,AsStrided257,KERNEL_AIVEC,1,1099,16.625,1764070296478159.652	,1764070296478176.277	
0,N/A,MEMCPY_ASYNC,1,1100,2.062,1764070296478366.277	,1764070296478368.339	
0,trans_TransData_55,KERNEL_AIVEC,1,1101,108.562,1764070296478441.464	,1764070296478550.026	
0,AsStrided258,KERNEL_AIVEC,1,1102,16.708,1764070296942673.694	,1764070296942690.402	
0,N/A,MEMCPY_ASYNC,1,1103,2.041,1764070296942841.735	,1764070296942843.776	
0,trans_TransData_55,KERNEL_AIVEC,1,1104,111.875,1764070296942916.569	,1764070296943028.444	
0,AsStrided259,KERNEL_AIVEC,1,1105,16.583,1764070297404046.027	,1764070297404062.610	
0,N/A,MEMCPY_ASYNC,1,1106,2.02,1764070297404215.194	,1764070297404217.214	
0,trans_TransData_55,KERNEL_AIVEC,1,1107,101.687,1764070297404316.610	,1764070297404418.297	
0,AsStrided260,KERNEL_AIVEC,1,1108,16.52,1764070297919828.277	,1764070297919844.797	
0,N/A,MEMCPY_ASYNC,1,1109,2.104,1764070297920012.839	,1764070297920014.943	
0,trans_TransData_55,KERNEL_AIVEC,1,1110,117.479,1764070297920095.589	,1764070297920213.068	
0,AsStrided261,KERNEL_AIVEC,1,1111,16.416,1764070298395113.381	,1764070298395129.797	
0,N/A,MEMCPY_ASYNC,1,1112,2.145,1764070298395271.402	,1764070298395273.547	
0,trans_TransData_55,KERNEL_AIVEC,1,1113,109.416,1764070298395340.402	,1764070298395449.818	
0,AsStrided262,KERNEL_AIVEC,1,1114,16.437,1764070298916979.506	,1764070298916995.943	
0,N/A,MEMCPY_ASYNC,1,1115,2.041,1764070298917181.131	,1764070298917183.172	
0,trans_TransData_55,KERNEL_AIVEC,1,1116,94.562,1764070298917260.944	,1764070298917355.506	
0,AsStrided263,KERNEL_AIVEC,1,1117,16.645,1764070299390741.423	,1764070299390758.068	
0,N/A,MEMCPY_ASYNC,1,1118,2.0,1764070299390897.298	,1764070299390899.298	
0,trans_TransData_55,KERNEL_AIVEC,1,1119,107.333,1764070299390970.964	,1764070299391078.297	
0,AsStrided264,KERNEL_AIVEC,1,1120,16.895,1764070299858279.339	,1764070299858296.234	
0,N/A,MEMCPY_ASYNC,1,1121,2.687,1764070299858477.652	,1764070299858480.339	
0,trans_TransData_55,KERNEL_AIVEC,1,1122,87.125,1764070299858578.464	,1764070299858665.589	
0,AsStrided265,KERNEL_AIVEC,1,1123,16.5,1764070300321093.339	,1764070300321109.839	
0,N/A,MEMCPY_ASYNC,1,1124,2.145,1764070300321260.735	,1764070300321262.880	
0,trans_TransData_55,KERNEL_AIVEC,1,1125,109.937,1764070300321342.756	,1764070300321452.693	
0,AsStrided266,KERNEL_AIVEC,1,1126,16.729,1764070300764724.610	,1764070300764741.339	
0,N/A,MEMCPY_ASYNC,1,1127,2.145,1764070300764901.673	,1764070300764903.818	
0,trans_TransData_55,KERNEL_AIVEC,1,1128,82.041,1764070300765009.964	,1764070300765092.005	
0,AsStrided267,KERNEL_AIVEC,1,1129,16.437,1764070301202970.694	,1764070301202987.131	
0,N/A,MEMCPY_ASYNC,1,1130,2.02,1764070301203168.673	,1764070301203170.693	
0,trans_TransData_55,KERNEL_AIVEC,1,1131,100.541,1764070301203249.402	,1764070301203349.943	
0,AsStrided268,KERNEL_AIVEC,1,1132,16.729,1764070301679462.631	,1764070301679479.360	
0,N/A,MEMCPY_ASYNC,1,1133,2.062,1764070301679640.548	,1764070301679642.610	
0,trans_TransData_55,KERNEL_AIVEC,1,1134,112.02,1764070301679719.173	,1764070301679831.193	
0,AsStrided269,KERNEL_AIVEC,1,1135,16.291,1764070302128258.089	,1764070302128274.380	
0,N/A,MEMCPY_ASYNC,1,1136,2.041,1764070302128465.964	,1764070302128468.005	
0,trans_TransData_55,KERNEL_AIVEC,1,1137,124.104,1764070302128543.485	,1764070302128667.589	
0,AsStrided270,KERNEL_AIVEC,1,1138,16.958,1764070302602499.402	,1764070302602516.360	
0,N/A,MEMCPY_ASYNC,1,1139,2.104,1764070302602697.089	,1764070302602699.193	
0,trans_TransData_55,KERNEL_AIVEC,1,1140,108.645,1764070302602796.048	,1764070302602904.693	
0,AsStrided271,KERNEL_AIVEC,1,1141,16.145,1764070303051644.173	,1764070303051660.318	
0,N/A,MEMCPY_ASYNC,1,1142,2.104,1764070303051823.964	,1764070303051826.068	
0,trans_TransData_55,KERNEL_AIVEC,1,1143,92.541,1764070303051895.798	,1764070303051988.339	
0,AsStrided272,KERNEL_AIVEC,1,1144,16.5,1764070303523319.173	,1764070303523335.673	
0,N/A,MEMCPY_ASYNC,1,1145,2.062,1764070303523515.860	,1764070303523517.922	
0,trans_TransData_55,KERNEL_AIVEC,1,1146,110.75,1764070303523592.631	,1764070303523703.381	
0,AsStrided273,KERNEL_AIVEC,1,1147,16.687,1764070303980440.235	,1764070303980456.922	
0,N/A,MEMCPY_ASYNC,1,1148,2.104,1764070303980612.881	,1764070303980614.985	
0,trans_TransData_55,KERNEL_AIVEC,1,1149,111.979,1764070303980692.256	,1764070303980804.235	
0,AsStrided274,KERNEL_AIVEC,1,1150,16.833,1764070304460378.131	,1764070304460394.964	
0,N/A,MEMCPY_ASYNC,1,1151,2.041,1764070304460593.194	,1764070304460595.235	
0,trans_TransData_55,KERNEL_AIVEC,1,1152,96.166,1764070304460725.464	,1764070304460821.630	
0,AsStrided275,KERNEL_AIVEC,1,1153,16.416,1764070304917959.860	,1764070304917976.276	
0,N/A,MEMCPY_ASYNC,1,1154,2.02,1764070304918135.319	,1764070304918137.339	
0,trans_TransData_55,KERNEL_AIVEC,1,1155,108.375,1764070304918200.798	,1764070304918309.173	
0,AsStrided276,KERNEL_AIVEC,1,1156,16.604,1764070305362223.256	,1764070305362239.860	
0,N/A,MEMCPY_ASYNC,1,1157,2.041,1764070305362384.860	,1764070305362386.901	
0,trans_TransData_55,KERNEL_AIVEC,1,1158,98.458,1764070305362453.152	,1764070305362551.610	
0,AsStrided277,KERNEL_AIVEC,1,1159,16.458,1764070305829454.923	,1764070305829471.381	
0,N/A,MEMCPY_ASYNC,1,1160,2.062,1764070305829642.048	,1764070305829644.110	
0,trans_TransData_55,KERNEL_AIVEC,1,1161,98.666,1764070305829719.652	,1764070305829818.318	
0,AsStrided278,KERNEL_AIVEC,1,1162,16.687,1764070306312921.194	,1764070306312937.881	
0,N/A,MEMCPY_ASYNC,1,1163,2.062,1764070306313097.256	,1764070306313099.318	
0,trans_TransData_55,KERNEL_AIVEC,1,1164,97.458,1764070306313178.110	,1764070306313275.568	
0,AsStrided279,KERNEL_AIVEC,1,1165,16.625,1764070306783182.027	,1764070306783198.652	
0,N/A,MEMCPY_ASYNC,1,1166,2.062,1764070306783362.944	,1764070306783365.006	
0,trans_TransData_55,KERNEL_AIVEC,1,1167,108.958,1764070306783463.089	,1764070306783572.047	
0,AsStrided280,KERNEL_AIVEC,1,1168,16.333,1764070307249760.735	,1764070307249777.068	
0,N/A,MEMCPY_ASYNC,1,1169,2.145,1764070307252088.194	,1764070307252090.339	
0,trans_TransData_55,KERNEL_AIVEC,1,1170,93.52,1764070307252393.444	,1764070307252486.964	
0,AsStrided281,KERNEL_AIVEC,1,1171,16.27,1764070307721976.694	,1764070307721992.964	
0,N/A,MEMCPY_ASYNC,1,1172,2.083,1764070307722155.735	,1764070307722157.818	
0,trans_TransData_55,KERNEL_AIVEC,1,1173,106.645,1764070307722223.631	,1764070307722330.276	
0,AsStrided282,KERNEL_AIVEC,1,1174,16.895,1764070308202751.860	,1764070308202768.755	
0,N/A,MEMCPY_ASYNC,1,1175,2.104,1764070308202940.569	,1764070308202942.673	
0,trans_TransData_55,KERNEL_AIVEC,1,1176,98.916,1764070308203013.006	,1764070308203111.922	
0,AsStrided283,KERNEL_AIVEC,1,1177,16.833,1764070308670670.839	,1764070308670687.672	
0,N/A,MEMCPY_ASYNC,1,1178,2.062,1764070308670827.256	,1764070308670829.318	
0,trans_TransData_55,KERNEL_AIVEC,1,1179,123.562,1764070308670896.735	,1764070308671020.297	
0,AsStrided284,KERNEL_AIVEC,1,1180,16.395,1764070309142361.506	,1764070309142377.901	
0,N/A,MEMCPY_ASYNC,1,1181,2.083,1764070309142545.319	,1764070309142547.402	
0,trans_TransData_55,KERNEL_AIVEC,1,1182,117.125,1764070309142675.881	,1764070309142793.006	
0,AsStrided285,KERNEL_AIVEC,1,1183,16.854,1764070309610648.506	,1764070309610665.360	
0,N/A,MEMCPY_ASYNC,1,1184,2.104,1764070309610836.027	,1764070309610838.131	
0,trans_TransData_55,KERNEL_AIVEC,1,1185,91.0,1764070309610905.589	,1764070309610996.589	
0,AsStrided286,KERNEL_AIVEC,1,1186,16.333,1764070310065260.839	,1764070310065277.172	
0,N/A,MEMCPY_ASYNC,1,1187,2.083,1764070310065444.923	,1764070310065447.006	
0,trans_TransData_55,KERNEL_AIVEC,1,1188,108.708,1764070310065518.569	,1764070310065627.277	
0,AsStrided287,KERNEL_AIVEC,1,1189,16.416,1764070310518280.860	,1764070310518297.276	
0,N/A,MEMCPY_ASYNC,1,1190,2.083,1764070310518468.360	,1764070310518470.443	
0,trans_TransData_55,KERNEL_AIVEC,1,1191,79.687,1764070310518541.610	,1764070310518621.297	
0,AsStrided288,KERNEL_AIVEC,1,1192,16.27,1764070310969352.006	,1764070310969368.276	
0,N/A,MEMCPY_ASYNC,1,1193,2.104,1764070310971710.610	,1764070310971712.714	
0,trans_TransData_55,KERNEL_AIVEC,1,1194,106.479,1764070310971954.173	,1764070310972060.652	
0,AsStrided289,KERNEL_AIVEC,1,1195,16.583,1764070311436931.735	,1764070311436948.318	
0,N/A,MEMCPY_ASYNC,1,1196,2.062,1764070311437089.464	,1764070311437091.526	
0,trans_TransData_55,KERNEL_AIVEC,1,1197,116.937,1764070311437183.131	,1764070311437300.068	
0,AsStrided290,KERNEL_AIVEC,1,1198,16.437,1764070311891341.839	,1764070311891358.276	
0,N/A,MEMCPY_ASYNC,1,1199,2.104,1764070311891536.506	,1764070311891538.610	
0,trans_TransData_55,KERNEL_AIVEC,1,1200,95.604,1764070311891612.277	,1764070311891707.881	
0,AsStrided291,KERNEL_AIVEC,1,1201,16.583,1764070312339946.464	,1764070312339963.047	
0,N/A,MEMCPY_ASYNC,1,1202,2.062,1764070312340149.214	,1764070312340151.276	
0,trans_TransData_55,KERNEL_AIVEC,1,1203,108.02,1764070312340228.548	,1764070312340336.568	
0,AsStrided292,KERNEL_AIVEC,1,1204,16.437,1764070312820110.923	,1764070312820127.360	
0,N/A,MEMCPY_ASYNC,1,1205,2.041,1764070312820317.569	,1764070312820319.610	
0,trans_TransData_55,KERNEL_AIVEC,1,1206,115.958,1764070312820403.131	,1764070312820519.089	
0,AsStrided293,KERNEL_AIVEC,1,1207,17.145,1764070313285993.944	,1764070313286011.089	
0,N/A,MEMCPY_ASYNC,1,1208,2.02,1764070313286206.069	,1764070313286208.089	
0,trans_TransData_55,KERNEL_AIVEC,1,1209,116.666,1764070313286279.173	,1764070313286395.839	
0,AsStrided294,KERNEL_AIVEC,1,1210,16.77,1764070313762203.423	,1764070313762220.193	
0,N/A,MEMCPY_ASYNC,1,1211,2.062,1764070313762376.589	,1764070313762378.651	
0,trans_TransData_55,KERNEL_AIVEC,1,1212,96.104,1764070313762453.423	,1764070313762549.527	
0,AsStrided295,KERNEL_AIVEC,1,1213,16.437,1764070314243821.381	,1764070314243837.818	
0,N/A,MEMCPY_ASYNC,1,1214,2.02,1764070314243974.881	,1764070314243976.901	
0,trans_TransData_55,KERNEL_AIVEC,1,1215,118.937,1764070314244045.631	,1764070314244164.568	
0,AsStrided296,KERNEL_AIVEC,1,1216,16.604,1764070314701187.902	,1764070314701204.506	
0,N/A,MEMCPY_ASYNC,1,1217,2.041,1764070314701357.444	,1764070314701359.485	
0,trans_TransData_55,KERNEL_AIVEC,1,1218,128.187,1764070314701435.944	,1764070314701564.131	
0,AsStrided297,KERNEL_AIVEC,1,1219,16.791,1764070315158006.569	,1764070315158023.360	
0,N/A,MEMCPY_ASYNC,1,1220,2.062,1764070315158198.089	,1764070315158200.151	
0,trans_TransData_55,KERNEL_AIVEC,1,1221,113.062,1764070315158273.277	,1764070315158386.339	
0,AsStrided298,KERNEL_AIVEC,1,1222,16.791,1764070315602110.381	,1764070315602127.172	
0,N/A,MEMCPY_ASYNC,1,1223,2.125,1764070315602500.110	,1764070315602502.235	
0,trans_TransData_55,KERNEL_AIVEC,1,1224,106.875,1764070315602595.319	,1764070315602702.194	
0,AsStrided299,KERNEL_AIVEC,1,1225,16.625,1764070316079817.610	,1764070316079834.235	
0,N/A,MEMCPY_ASYNC,1,1226,2.062,1764070316079976.985	,1764070316079979.047	
0,trans_TransData_55,KERNEL_AIVEC,1,1227,95.479,1764070316080049.839	,1764070316080145.318	
0,AsStrided300,KERNEL_AIVEC,1,1228,16.687,1764070316534265.714	,1764070316534282.401	
0,N/A,MEMCPY_ASYNC,1,1229,2.229,1764070316534497.131	,1764070316534499.360	
0,trans_TransData_55,KERNEL_AIVEC,1,1230,89.458,1764070316534602.027	,1764070316534691.485	
0,AsStrided301,KERNEL_AIVEC,1,1231,16.52,1764070316998814.027	,1764070316998830.547	
0,N/A,MEMCPY_ASYNC,1,1232,2.083,1764070316998973.423	,1764070316998975.506	
0,trans_TransData_55,KERNEL_AIVEC,1,1233,126.625,1764070316999047.631	,1764070316999174.256	
0,AsStrided302,KERNEL_AIVEC,1,1234,16.458,1764070317463845.485	,1764070317463861.943	
0,N/A,MEMCPY_ASYNC,1,1235,2.104,1764070317464072.214	,1764070317464074.318	
0,trans_TransData_55,KERNEL_AIVEC,1,1236,111.979,1764070317464152.944	,1764070317464264.923	
0,AsStrided303,KERNEL_AIVEC,1,1237,16.666,1764070317919781.089	,1764070317919797.755	
0,N/A,MEMCPY_ASYNC,1,1238,2.02,1764070317919946.152	,1764070317919948.172	
0,trans_TransData_55,KERNEL_AIVEC,1,1239,92.229,1764070317920014.631	,1764070317920106.860	
0,AsStrided304,KERNEL_AIVEC,1,1240,16.645,1764070318388247.902	,1764070318388264.547	
0,N/A,MEMCPY_ASYNC,1,1241,2.0,1764070318388423.423	,1764070318388425.423	
0,trans_TransData_55,KERNEL_AIVEC,1,1242,110.541,1764070318388500.923	,1764070318388611.464	
0,AsStrided305,KERNEL_AIVEC,1,1243,16.375,1764070318867317.673	,1764070318867334.048	
0,N/A,MEMCPY_ASYNC,1,1244,1.979,1764070318867490.798	,1764070318867492.777	
0,trans_TransData_55,KERNEL_AIVEC,1,1245,107.604,1764070318867560.569	,1764070318867668.173	
0,AsStrided306,KERNEL_AIVEC,1,1246,16.604,1764070319325880.444	,1764070319325897.048	
0,N/A,MEMCPY_ASYNC,1,1247,1.916,1764070319326062.694	,1764070319326064.610	
0,trans_TransData_55,KERNEL_AIVEC,1,1248,94.229,1764070319326136.152	,1764070319326230.381	
0,AsStrided307,KERNEL_AIVEC,1,1249,16.77,1764070319789525.235	,1764070319789542.005	
0,N/A,MEMCPY_ASYNC,1,1250,1.916,1764070319789714.506	,1764070319789716.422	
0,trans_TransData_55,KERNEL_AIVEC,1,1251,122.479,1764070319789789.235	,1764070319789911.714	
0,AsStrided308,KERNEL_AIVEC,1,1252,16.583,1764070320263193.194	,1764070320263209.777	
0,N/A,MEMCPY_ASYNC,1,1253,1.895,1764070320263369.819	,1764070320263371.714	
0,trans_TransData_55,KERNEL_AIVEC,1,1254,103.791,1764070320263446.610	,1764070320263550.401	
0,AsStrided309,KERNEL_AIVEC,1,1255,16.395,1764070320720479.089	,1764070320720495.484	
0,N/A,MEMCPY_ASYNC,1,1256,1.937,1764070320720698.423	,1764070320720700.360	
0,trans_TransData_55,KERNEL_AIVEC,1,1257,81.27,1764070320720741.756	,1764070320720823.026	
0,AsStrided310,KERNEL_AIVEC,1,1258,16.52,1764070321188916.214	,1764070321188932.734	
0,N/A,MEMCPY_ASYNC,1,1259,1.916,1764070321189095.110	,1764070321189097.026	
0,trans_TransData_55,KERNEL_AIVEC,1,1260,103.979,1764070321189176.860	,1764070321189280.839	
0,AsStrided311,KERNEL_AIVEC,1,1261,16.416,1764070321681654.319	,1764070321681670.735	
0,N/A,MEMCPY_ASYNC,1,1262,1.916,1764070321681836.235	,1764070321681838.151	
0,trans_TransData_55,KERNEL_AIVEC,1,1263,109.541,1764070321681916.714	,1764070321682026.255	
0,AsStrided312,KERNEL_AIVEC,1,1264,16.77,1764070322164262.069	,1764070322164278.839	
0,N/A,MEMCPY_ASYNC,1,1265,1.916,1764070322164520.152	,1764070322164522.068	
0,trans_TransData_55,KERNEL_AIVEC,1,1266,81.77,1764070322164615.027	,1764070322164696.797	
0,AsStrided313,KERNEL_AIVEC,1,1267,16.625,1764070322662719.839	,1764070322662736.464	
0,N/A,MEMCPY_ASYNC,1,1268,1.979,1764070322662893.964	,1764070322662895.943	
0,trans_TransData_55,KERNEL_AIVEC,1,1269,96.02,1764070322662965.381	,1764070322663061.401	
0,AsStrided314,KERNEL_AIVEC,1,1270,16.583,1764070323149429.485	,1764070323149446.068	
0,N/A,MEMCPY_ASYNC,1,1271,1.937,1764070323149598.714	,1764070323149600.651	
0,trans_TransData_55,KERNEL_AIVEC,1,1272,97.145,1764070323149677.610	,1764070323149774.755	
0,AsStrided315,KERNEL_AIVEC,1,1273,16.645,1764070323627580.152	,1764070323627596.797	
0,N/A,MEMCPY_ASYNC,1,1274,1.958,1764070323627753.444	,1764070323627755.402	
0,trans_TransData_55,KERNEL_AIVEC,1,1275,109.479,1764070323627826.339	,1764070323627935.818	
0,AsStrided316,KERNEL_AIVEC,1,1276,16.875,1764070324082244.777	,1764070324082261.652	
0,N/A,MEMCPY_ASYNC,1,1277,1.979,1764070324082399.319	,1764070324082401.298	
0,trans_TransData_55,KERNEL_AIVEC,1,1278,111.916,1764070324082473.235	,1764070324082585.151	
0,AsStrided317,KERNEL_AIVEC,1,1279,16.541,1764070324554122.464	,1764070324554139.005	
0,N/A,MEMCPY_ASYNC,1,1280,1.958,1764070324554305.527	,1764070324554307.485	
0,trans_TransData_55,KERNEL_AIVEC,1,1281,116.979,1764070324554380.548	,1764070324554497.527	
0,AsStrided318,KERNEL_AIVEC,1,1282,16.625,1764070325014644.694	,1764070325014661.319	
0,N/A,MEMCPY_ASYNC,1,1283,1.916,1764070325016706.048	,1764070325016707.964	
0,trans_TransData_55,KERNEL_AIVEC,1,1284,124.687,1764070325017238.256	,1764070325017362.943	
0,AsStrided319,KERNEL_AIVEC,1,1285,16.604,1764070325491803.006	,1764070325491819.610	
0,N/A,MEMCPY_ASYNC,1,1286,1.937,1764070325491996.506	,1764070325491998.443	
0,trans_TransData_55,KERNEL_AIVEC,1,1287,80.687,1764070325492075.694	,1764070325492156.381	
0,AsStrided320,KERNEL_AIVEC,1,1288,17.145,1764070325941022.069	,1764070325941039.214	
0,N/A,MEMCPY_ASYNC,1,1289,1.937,1764070325941215.819	,1764070325941217.756	
0,trans_TransData_55,KERNEL_AIVEC,1,1290,112.104,1764070325941293.756	,1764070325941405.860	
0,AsStrided321,KERNEL_AIVEC,1,1291,16.5,1764070326395513.298	,1764070326395529.798	
0,N/A,MEMCPY_ASYNC,1,1292,1.958,1764070326395689.673	,1764070326395691.631	
0,trans_TransData_55,KERNEL_AIVEC,1,1293,113.104,1764070326395757.923	,1764070326395871.027	
0,AsStrided322,KERNEL_AIVEC,1,1294,16.687,1764070326880944.214	,1764070326880960.901	
0,N/A,MEMCPY_ASYNC,1,1295,1.916,1764070326881130.235	,1764070326881132.151	
0,trans_TransData_55,KERNEL_AIVEC,1,1296,90.812,1764070326881205.881	,1764070326881296.693	
0,AsStrided323,KERNEL_AIVEC,1,1297,16.604,1764070327346147.527	,1764070327346164.131	
0,N/A,MEMCPY_ASYNC,1,1298,1.937,1764070327346311.944	,1764070327346313.881	
0,trans_TransData_55,KERNEL_AIVEC,1,1299,111.583,1764070327346385.214	,1764070327346496.797	
0,AsStrided324,KERNEL_AIVEC,1,1300,16.583,1764070327844806.610	,1764070327844823.193	
0,N/A,MEMCPY_ASYNC,1,1301,1.958,1764070327845014.402	,1764070327845016.360	
0,trans_TransData_55,KERNEL_AIVEC,1,1302,95.75,1764070327845107.360	,1764070327845203.110	
0,AsStrided325,KERNEL_AIVEC,1,1303,16.52,1764070328318555.569	,1764070328318572.089	
0,N/A,MEMCPY_ASYNC,1,1304,1.916,1764070328318716.152	,1764070328318718.068	
0,trans_TransData_55,KERNEL_AIVEC,1,1305,97.708,1764070328318788.298	,1764070328318886.006	
0,AsStrided326,KERNEL_AIVEC,1,1306,17.104,1764070328787526.464	,1764070328787543.568	
0,N/A,MEMCPY_ASYNC,1,1307,2.02,1764070328787684.923	,1764070328787686.943	
0,trans_TransData_55,KERNEL_AIVEC,1,1308,107.208,1764070328787758.694	,1764070328787865.902	
0,AsStrided327,KERNEL_AIVEC,1,1309,16.541,1764070329276244.194	,1764070329276260.735	
0,N/A,MEMCPY_ASYNC,1,1310,1.958,1764070329276489.548	,1764070329276491.506	
0,trans_TransData_55,KERNEL_AIVEC,1,1311,96.312,1764070329276568.756	,1764070329276665.068	
0,AsStrided328,KERNEL_AIVEC,1,1312,17.125,1764070329724625.089	,1764070329724642.214	
0,N/A,MEMCPY_ASYNC,1,1313,1.937,1764070329724852.381	,1764070329724854.318	
0,trans_TransData_55,KERNEL_AIVEC,1,1314,79.666,1764070329724931.256	,1764070329725010.922	
0,AsStrided329,KERNEL_AIVEC,1,1315,16.583,1764070330189731.548	,1764070330189748.131	
0,N/A,MEMCPY_ASYNC,1,1316,1.916,1764070330189899.714	,1764070330189901.630	
0,trans_TransData_55,KERNEL_AIVEC,1,1317,121.937,1764070330189971.589	,1764070330190093.526	
0,AsStrided330,KERNEL_AIVEC,1,1318,16.52,1764070330674697.985	,1764070330674714.505	
0,N/A,MEMCPY_ASYNC,1,1319,1.979,1764070330674858.673	,1764070330674860.652	
0,trans_TransData_55,KERNEL_AIVEC,1,1320,122.125,1764070330674930.173	,1764070330675052.298	
0,AsStrided331,KERNEL_AIVEC,1,1321,16.333,1764070331123812.444	,1764070331123828.777	
0,N/A,MEMCPY_ASYNC,1,1322,1.958,1764070331123969.610	,1764070331123971.568	
0,trans_TransData_55,KERNEL_AIVEC,1,1323,107.208,1764070331124040.464	,1764070331124147.672	
0,AsStrided332,KERNEL_AIVEC,1,1324,16.812,1764070331597501.985	,1764070331597518.797	
0,N/A,MEMCPY_ASYNC,1,1325,1.916,1764070331597683.819	,1764070331597685.735	
0,trans_TransData_55,KERNEL_AIVEC,1,1326,129.833,1764070331597759.131	,1764070331597888.964	
0,AsStrided333,KERNEL_AIVEC,1,1327,16.52,1764070332060191.923	,1764070332060208.443	
0,N/A,MEMCPY_ASYNC,1,1328,1.937,1764070332060415.777	,1764070332060417.714	
0,trans_TransData_55,KERNEL_AIVEC,1,1329,99.541,1764070332060495.902	,1764070332060595.443	
0,AsStrided334,KERNEL_AIVEC,1,1330,16.729,1764070332521461.923	,1764070332521478.652	
0,N/A,MEMCPY_ASYNC,1,1331,1.937,1764070332521617.819	,1764070332521619.756	
0,trans_TransData_55,KERNEL_AIVEC,1,1332,111.312,1764070332521687.235	,1764070332521798.547	
0,AsStrided335,KERNEL_AIVEC,1,1333,16.5,1764070333017020.839	,1764070333017037.339	
0,N/A,MEMCPY_ASYNC,1,1334,1.875,1764070333017191.339	,1764070333017193.214	
0,trans_TransData_55,KERNEL_AIVEC,1,1335,108.708,1764070333017262.694	,1764070333017371.402	
0,AsStrided336,KERNEL_AIVEC,1,1336,16.625,1764070333522373.694	,1764070333522390.319	
0,N/A,MEMCPY_ASYNC,1,1337,1.958,1764070333522557.048	,1764070333522559.006	
0,trans_TransData_55,KERNEL_AIVEC,1,1338,108.833,1764070333522634.402	,1764070333522743.235	
0,AsStrided337,KERNEL_AIVEC,1,1339,16.979,1764070333986584.714	,1764070333986601.693	
0,N/A,MEMCPY_ASYNC,1,1340,1.937,1764070333986762.714	,1764070333986764.651	
0,trans_TransData_55,KERNEL_AIVEC,1,1341,98.625,1764070333987169.569	,1764070333987268.194	
0,AsStrided338,KERNEL_AIVEC,1,1342,16.312,1764070334440110.381	,1764070334440126.693	
0,N/A,MEMCPY_ASYNC,1,1343,1.916,1764070334440291.694	,1764070334440293.610	
0,trans_TransData_55,KERNEL_AIVEC,1,1344,104.458,1764070334440376.589	,1764070334440481.047	
0,AsStrided339,KERNEL_AIVEC,1,1345,16.812,1764070334916680.860	,1764070334916697.672	
0,N/A,MEMCPY_ASYNC,1,1346,1.916,1764070334916860.881	,1764070334916862.797	
0,trans_TransData_55,KERNEL_AIVEC,1,1347,102.375,1764070334916941.319	,1764070334917043.694	
0,AsStrided340,KERNEL_AIVEC,1,1348,16.645,1764070335402805.423	,1764070335402822.068	
0,N/A,MEMCPY_ASYNC,1,1349,1.895,1764070335403021.319	,1764070335403023.214	
0,trans_TransData_55,KERNEL_AIVEC,1,1350,113.979,1764070335403110.506	,1764070335403224.485	
0,AsStrided341,KERNEL_AIVEC,1,1351,16.583,1764070335881903.652	,1764070335881920.235	
0,N/A,MEMCPY_ASYNC,1,1352,2.145,1764070335882067.048	,1764070335882069.193	
0,trans_TransData_55,KERNEL_AIVEC,1,1353,102.416,1764070335882140.777	,1764070335882243.193	
0,AsStrided342,KERNEL_AIVEC,1,1354,16.791,1764070336377759.652	,1764070336377776.443	
0,N/A,MEMCPY_ASYNC,1,1355,2.104,1764070336377936.277	,1764070336377938.381	
0,trans_TransData_55,KERNEL_AIVEC,1,1356,86.395,1764070336378037.527	,1764070336378123.922	
0,AsStrided343,KERNEL_AIVEC,1,1357,16.375,1764070336843926.027	,1764070336843942.402	
0,N/A,MEMCPY_ASYNC,1,1358,1.916,1764070336844082.194	,1764070336844084.110	
0,trans_TransData_55,KERNEL_AIVEC,1,1359,95.812,1764070336844151.444	,1764070336844247.256	
0,AsStrided344,KERNEL_AIVEC,1,1360,16.416,1764070337313933.860	,1764070337313950.276	
0,N/A,MEMCPY_ASYNC,1,1361,1.979,1764070337314104.527	,1764070337314106.506	
0,trans_TransData_55,KERNEL_AIVEC,1,1362,111.25,1764070337314176.985	,1764070337314288.235	
0,AsStrided345,KERNEL_AIVEC,1,1363,15.875,1764070337795824.444	,1764070337795840.319	
0,N/A,MEMCPY_ASYNC,1,1364,2.083,1764070337795998.527	,1764070337796000.610	
0,trans_TransData_55,KERNEL_AIVEC,1,1365,81.312,1764070337796074.985	,1764070337796156.297	
0,AsStrided346,KERNEL_AIVEC,1,1366,15.895,1764070338278192.652	,1764070338278208.547	
0,N/A,MEMCPY_ASYNC,1,1367,2.208,1764070338278371.089	,1764070338278373.297	
0,trans_TransData_55,KERNEL_AIVEC,1,1368,112.25,1764070338278448.756	,1764070338278561.006	
0,AsStrided347,KERNEL_AIVEC,1,1369,16.041,1764070338742096.569	,1764070338742112.610	
0,N/A,MEMCPY_ASYNC,1,1370,2.0,1764070338742307.298	,1764070338742309.298	
0,trans_TransData_55,KERNEL_AIVEC,1,1371,125.958,1764070338742415.027	,1764070338742540.985	
0,AsStrided348,KERNEL_AIVEC,1,1372,16.312,1764070339213662.819	,1764070339213679.131	
0,N/A,MEMCPY_ASYNC,1,1373,2.145,1764070339213852.506	,1764070339213854.651	
0,trans_TransData_55,KERNEL_AIVEC,1,1374,102.041,1764070339213933.402	,1764070339214035.443	
0,AsStrided349,KERNEL_AIVEC,1,1375,16.083,1764070339683952.985	,1764070339683969.068	
0,N/A,MEMCPY_ASYNC,1,1376,2.0,1764070339684112.214	,1764070339684114.214	
0,trans_TransData_55,KERNEL_AIVEC,1,1377,97.187,1764070339684184.048	,1764070339684281.235	
0,AsStrided350,KERNEL_AIVEC,1,1378,16.083,1764070340157584.423	,1764070340157600.506	
0,N/A,MEMCPY_ASYNC,1,1379,2.104,1764070340157779.902	,1764070340157782.006	
0,trans_TransData_55,KERNEL_AIVEC,1,1380,83.166,1764070340157863.110	,1764070340157946.276	
0,AsStrided351,KERNEL_AIVEC,1,1381,16.416,1764070340631841.631	,1764070340631858.047	
0,N/A,MEMCPY_ASYNC,1,1382,2.27,1764070340632016.027	,1764070340632018.297	
0,trans_TransData_55,KERNEL_AIVEC,1,1383,108.687,1764070340632097.527	,1764070340632206.214	
0,AsStrided352,KERNEL_AIVEC,1,1384,16.0,1764070341101398.819	,1764070341101414.819	
0,N/A,MEMCPY_ASYNC,1,1385,2.02,1764070341101573.110	,1764070341101575.130	
0,trans_TransData_55,KERNEL_AIVEC,1,1386,80.729,1764070341101678.464	,1764070341101759.193	
0,AsStrided353,KERNEL_AIVEC,1,1387,16.187,1764070341564094.048	,1764070341564110.235	
0,N/A,MEMCPY_ASYNC,1,1388,2.208,1764070341564259.589	,1764070341564261.797	
0,trans_TransData_55,KERNEL_AIVEC,1,1389,94.062,1764070341564340.589	,1764070341564434.651	
0,AsStrided354,KERNEL_AIVEC,1,1390,16.312,1764070342026229.548	,1764070342026245.860	
0,N/A,MEMCPY_ASYNC,1,1391,2.083,1764070342026400.548	,1764070342026402.631	
0,trans_TransData_55,KERNEL_AIVEC,1,1392,106.25,1764070342026485.256	,1764070342026591.506	
0,AsStrided355,KERNEL_AIVEC,1,1393,16.083,1764070342512144.985	,1764070342512161.068	
0,N/A,MEMCPY_ASYNC,1,1394,2.083,1764070342512305.235	,1764070342512307.318	
0,trans_TransData_55,KERNEL_AIVEC,1,1395,109.458,1764070342512433.360	,1764070342512542.818	
0,AsStrided356,KERNEL_AIVEC,1,1396,16.354,1764070342991663.714	,1764070342991680.068	
0,N/A,MEMCPY_ASYNC,1,1397,2.145,1764070342991835.777	,1764070342991837.922	
0,trans_TransData_55,KERNEL_AIVEC,1,1398,81.0,1764070342991903.714	,1764070342991984.714	
0,AsStrided357,KERNEL_AIVEC,1,1399,16.291,1764070343503733.152	,1764070343503749.443	
0,N/A,MEMCPY_ASYNC,1,1400,2.02,1764070343503894.881	,1764070343503896.901	
0,trans_TransData_55,KERNEL_AIVEC,1,1401,116.02,1764070343503995.694	,1764070343504111.714	
0,AsStrided358,KERNEL_AIVEC,1,1402,16.229,1764070343959020.506	,1764070343959036.735	
0,N/A,MEMCPY_ASYNC,1,1403,2.041,1764070343959183.673	,1764070343959185.714	
0,trans_TransData_55,KERNEL_AIVEC,1,1404,91.166,1764070343959253.860	,1764070343959345.026	
0,AsStrided359,KERNEL_AIVEC,1,1405,15.979,1764070344418529.235	,1764070344418545.214	
0,N/A,MEMCPY_ASYNC,1,1406,2.02,1764070344418715.652	,1764070344418717.672	
0,trans_TransData_55,KERNEL_AIVEC,1,1407,110.687,1764070344418795.214	,1764070344418905.901	
0,AsStrided360,KERNEL_AIVEC,1,1408,15.875,1764070344878024.464	,1764070344878040.339	
0,N/A,MEMCPY_ASYNC,1,1409,2.062,1764070344878196.673	,1764070344878198.735	
0,trans_TransData_55,KERNEL_AIVEC,1,1410,109.416,1764070344878269.402	,1764070344878378.818	
0,AsStrided361,KERNEL_AIVEC,1,1411,15.791,1764070345324234.756	,1764070345324250.547	
0,N/A,MEMCPY_ASYNC,1,1412,2.0,1764070345324416.027	,1764070345324418.027	
0,trans_TransData_55,KERNEL_AIVEC,1,1413,97.52,1764070345324499.339	,1764070345324596.859	
0,AsStrided362,KERNEL_AIVEC,1,1414,16.395,1764070345793923.548	,1764070345793939.943	
0,N/A,MEMCPY_ASYNC,1,1415,2.083,1764070345794078.381	,1764070345794080.464	
0,trans_TransData_55,KERNEL_AIVEC,1,1416,105.708,1764070345794174.548	,1764070345794280.256	
0,AsStrided363,KERNEL_AIVEC,1,1417,16.291,1764070346254251.402	,1764070346254267.693	
0,N/A,MEMCPY_ASYNC,1,1418,2.104,1764070346254434.069	,1764070346254436.173	
0,trans_TransData_55,KERNEL_AIVEC,1,1419,122.062,1764070346254505.589	,1764070346254627.651	
0,AsStrided364,KERNEL_AIVEC,1,1420,15.895,1764070346723340.027	,1764070346723355.922	
0,N/A,MEMCPY_ASYNC,1,1421,2.02,1764070346723537.152	,1764070346723539.172	
0,trans_TransData_55,KERNEL_AIVEC,1,1422,112.375,1764070346723621.298	,1764070346723733.673	
0,AsStrided365,KERNEL_AIVEC,1,1423,16.375,1764070347204024.110	,1764070347204040.485	
0,N/A,MEMCPY_ASYNC,1,1424,2.02,1764070347204183.214	,1764070347204185.234	
0,trans_TransData_55,KERNEL_AIVEC,1,1425,82.833,1764070347204258.194	,1764070347204341.027	
0,AsStrided366,KERNEL_AIVEC,1,1426,16.187,1764070347676024.694	,1764070347676040.881	
0,N/A,MEMCPY_ASYNC,1,1427,2.041,1764070347676182.860	,1764070347676184.901	
0,trans_TransData_55,KERNEL_AIVEC,1,1428,112.916,1764070347676255.569	,1764070347676368.485	
0,AsStrided367,KERNEL_AIVEC,1,1429,16.437,1764070348166892.089	,1764070348166908.526	
0,N/A,MEMCPY_ASYNC,1,1430,2.0,1764070348167072.694	,1764070348167074.694	
0,trans_TransData_55,KERNEL_AIVEC,1,1431,112.812,1764070348167204.860	,1764070348167317.672	
0,AsStrided368,KERNEL_AIVEC,1,1432,16.291,1764070348643214.485	,1764070348643230.776	
0,N/A,MEMCPY_ASYNC,1,1433,1.979,1764070348643389.548	,1764070348643391.527	
0,trans_TransData_55,KERNEL_AIVEC,1,1434,103.145,1764070348643465.214	,1764070348643568.359	
0,AsStrided369,KERNEL_AIVEC,1,1435,16.354,1764070349120838.089	,1764070349120854.443	
0,N/A,MEMCPY_ASYNC,1,1436,2.062,1764070349121002.006	,1764070349121004.068	
0,trans_TransData_55,KERNEL_AIVEC,1,1437,79.729,1764070349121070.673	,1764070349121150.402	
0,AsStrided370,KERNEL_AIVEC,1,1438,16.166,1764070349602624.069	,1764070349602640.235	
0,N/A,MEMCPY_ASYNC,1,1439,2.02,1764070349602967.464	,1764070349602969.484	
0,trans_TransData_55,KERNEL_AIVEC,1,1440,125.541,1764070349603078.923	,1764070349603204.464	
0,AsStrided371,KERNEL_AIVEC,1,1441,16.312,1764070350072093.694	,1764070350072110.006	
0,N/A,MEMCPY_ASYNC,1,1442,2.02,1764070350072245.298	,1764070350072247.318	
0,trans_TransData_55,KERNEL_AIVEC,1,1443,97.208,1764070350072369.652	,1764070350072466.860	
0,AsStrided372,KERNEL_AIVEC,1,1444,16.187,1764070350545673.110	,1764070350545689.297	
0,N/A,MEMCPY_ASYNC,1,1445,2.02,1764070350545831.819	,1764070350545833.839	
0,trans_TransData_55,KERNEL_AIVEC,1,1446,107.145,1764070350545931.069	,1764070350546038.214	
0,AsStrided373,KERNEL_AIVEC,1,1447,15.895,1764070351019404.964	,1764070351019420.859	
0,N/A,MEMCPY_ASYNC,1,1448,2.02,1764070351019590.298	,1764070351019592.318	
0,trans_TransData_55,KERNEL_AIVEC,1,1449,101.541,1764070351019658.069	,1764070351019759.610	
0,AsStrided374,KERNEL_AIVEC,1,1450,16.333,1764070351504159.277	,1764070351504175.610	
0,N/A,MEMCPY_ASYNC,1,1451,2.104,1764070351504330.839	,1764070351504332.943	
0,trans_TransData_55,KERNEL_AIVEC,1,1452,106.5,1764070351504414.152	,1764070351504520.652	
0,AsStrided375,KERNEL_AIVEC,1,1453,16.5,1764070351962661.444	,1764070351962677.944	
0,N/A,MEMCPY_ASYNC,1,1454,2.02,1764070351962907.506	,1764070351962909.526	
0,trans_TransData_55,KERNEL_AIVEC,1,1455,109.083,1764070351962985.339	,1764070351963094.422	
0,AsStrided376,KERNEL_AIVEC,1,1456,16.27,1764070352438511.069	,1764070352438527.339	
0,N/A,MEMCPY_ASYNC,1,1457,2.0,1764070352438677.944	,1764070352438679.944	
0,trans_TransData_55,KERNEL_AIVEC,1,1458,113.437,1764070352438794.360	,1764070352438907.797	
0,AsStrided377,KERNEL_AIVEC,1,1459,15.958,1764070352930795.360	,1764070352930811.318	
0,N/A,MEMCPY_ASYNC,1,1460,2.02,1764070352931024.506	,1764070352931026.526	
0,trans_TransData_55,KERNEL_AIVEC,1,1461,83.666,1764070352931123.527	,1764070352931207.193	
0,AsStrided378,KERNEL_AIVEC,1,1462,16.416,1764070353395035.256	,1764070353395051.672	
0,N/A,MEMCPY_ASYNC,1,1463,2.104,1764070353395220.298	,1764070353395222.402	
0,trans_TransData_55,KERNEL_AIVEC,1,1464,114.541,1764070353395303.694	,1764070353395418.235	
0,AsStrided379,KERNEL_AIVEC,1,1465,16.416,1764070353879742.339	,1764070353879758.755	
0,N/A,MEMCPY_ASYNC,1,1466,1.979,1764070353879912.964	,1764070353879914.943	
0,trans_TransData_55,KERNEL_AIVEC,1,1467,118.291,1764070353879987.444	,1764070353880105.735	
0,AsStrided380,KERNEL_AIVEC,1,1468,16.062,1764070354349450.256	,1764070354349466.318	
0,N/A,MEMCPY_ASYNC,1,1469,2.125,1764070354349626.673	,1764070354349628.798	
0,trans_TransData_55,KERNEL_AIVEC,1,1470,119.958,1764070354349699.944	,1764070354349819.902	
0,AsStrided381,KERNEL_AIVEC,1,1471,15.916,1764070354820842.569	,1764070354820858.485	
0,N/A,MEMCPY_ASYNC,1,1472,2.02,1764070354821037.152	,1764070354821039.172	
0,trans_TransData_55,KERNEL_AIVEC,1,1473,122.854,1764070354821116.964	,1764070354821239.818	
0,AsStrided382,KERNEL_AIVEC,1,1474,16.437,1764070355312987.256	,1764070355313003.693	
0,N/A,MEMCPY_ASYNC,1,1475,2.104,1764070355313162.673	,1764070355313164.777	
0,trans_TransData_55,KERNEL_AIVEC,1,1476,106.687,1764070355313296.735	,1764070355313403.422	
0,AsStrided383,KERNEL_AIVEC,1,1477,16.187,1764070355782265.152	,1764070355782281.339	
0,N/A,MEMCPY_ASYNC,1,1478,2.02,1764070355782440.277	,1764070355782442.297	
0,trans_TransData_55,KERNEL_AIVEC,1,1479,123.312,1764070355782517.089	,1764070355782640.401	
0,AsStrided384,KERNEL_AIVEC,1,1480,16.395,1764070356242401.881	,1764070356242418.276	
0,N/A,MEMCPY_ASYNC,1,1481,2.104,1764070356242573.214	,1764070356242575.318	
0,trans_TransData_55,KERNEL_AIVEC,1,1482,108.166,1764070356242655.527	,1764070356242763.693	
0,AsStrided385,KERNEL_AIVEC,1,1483,16.208,1764070356724124.485	,1764070356724140.693	
0,N/A,MEMCPY_ASYNC,1,1484,2.083,1764070356724360.360	,1764070356724362.443	
0,trans_TransData_55,KERNEL_AIVEC,1,1485,84.5,1764070356724450.673	,1764070356724535.173	
0,AsStrided386,KERNEL_AIVEC,1,1486,16.291,1764070357193318.069	,1764070357193334.360	
0,N/A,MEMCPY_ASYNC,1,1487,2.104,1764070357193481.506	,1764070357193483.610	
0,trans_TransData_55,KERNEL_AIVEC,1,1488,98.27,1764070357193553.548	,1764070357193651.818	
0,AsStrided387,KERNEL_AIVEC,1,1489,16.416,1764070357643987.131	,1764070357644003.547	
0,N/A,MEMCPY_ASYNC,1,1490,2.062,1764070357644169.548	,1764070357644171.610	
0,trans_TransData_55,KERNEL_AIVEC,1,1491,96.708,1764070357644358.569	,1764070357644455.277	
0,AsStrided388,KERNEL_AIVEC,1,1492,16.229,1764070358121190.589	,1764070358121206.818	
0,N/A,MEMCPY_ASYNC,1,1493,2.104,1764070358121355.944	,1764070358121358.048	
0,trans_TransData_55,KERNEL_AIVEC,1,1494,106.291,1764070358121427.339	,1764070358121533.630	
0,AsStrided389,KERNEL_AIVEC,1,1495,16.02,1764070358572176.506	,1764070358572192.526	
0,N/A,MEMCPY_ASYNC,1,1496,2.041,1764070358573991.277	,1764070358573993.318	
0,trans_TransData_55,KERNEL_AIVEC,1,1497,84.729,1764070358574692.131	,1764070358574776.860	
0,AsStrided390,KERNEL_AIVEC,1,1498,16.25,1764070359041368.902	,1764070359041385.152	
0,N/A,MEMCPY_ASYNC,1,1499,2.125,1764070359041579.756	,1764070359041581.881	
0,trans_TransData_55,KERNEL_AIVEC,1,1500,125.791,1764070359041662.110	,1764070359041787.901	
0,AsStrided391,KERNEL_AIVEC,1,1501,16.125,1764070359521738.235	,1764070359521754.360	
0,N/A,MEMCPY_ASYNC,1,1502,2.02,1764070359521895.173	,1764070359521897.193	
0,trans_TransData_55,KERNEL_AIVEC,1,1503,118.52,1764070359521964.444	,1764070359522082.964	
0,AsStrided392,KERNEL_AIVEC,1,1504,16.27,1764070359994246.381	,1764070359994262.651	
0,N/A,MEMCPY_ASYNC,1,1505,2.27,1764070359994416.944	,1764070359994419.214	
0,trans_TransData_55,KERNEL_AIVEC,1,1506,95.645,1764070359994514.402	,1764070359994610.047	
0,AsStrided393,KERNEL_AIVEC,1,1507,16.145,1764070360445368.464	,1764070360445384.609	
0,N/A,MEMCPY_ASYNC,1,1508,2.0,1764070360445548.944	,1764070360445550.944	
0,trans_TransData_55,KERNEL_AIVEC,1,1509,79.937,1764070360445620.964	,1764070360445700.901	
0,AsStrided394,KERNEL_AIVEC,1,1510,16.312,1764070360900486.589	,1764070360900502.901	
0,N/A,MEMCPY_ASYNC,1,1511,2.062,1764070360900701.464	,1764070360900703.526	
0,trans_TransData_55,KERNEL_AIVEC,1,1512,93.25,1764070360900737.506	,1764070360900830.756	
0,AsStrided395,KERNEL_AIVEC,1,1513,16.354,1764070361354445.652	,1764070361354462.006	
0,N/A,MEMCPY_ASYNC,1,1514,2.062,1764070361354672.569	,1764070361354674.631	
0,trans_TransData_55,KERNEL_AIVEC,1,1515,107.125,1764070361354756.610	,1764070361354863.735	
0,AsStrided396,KERNEL_AIVEC,1,1516,16.062,1764070361821019.506	,1764070361821035.568	
0,N/A,MEMCPY_ASYNC,1,1517,2.104,1764070361821182.985	,1764070361821185.089	
0,trans_TransData_55,KERNEL_AIVEC,1,1518,117.02,1764070361821256.214	,1764070361821373.234	
0,AsStrided397,KERNEL_AIVEC,1,1519,15.895,1764070362269404.548	,1764070362269420.443	
0,N/A,MEMCPY_ASYNC,1,1520,2.02,1764070362269590.152	,1764070362269592.172	
0,trans_TransData_55,KERNEL_AIVEC,1,1521,121.75,1764070362269693.339	,1764070362269815.089	
0,AsStrided398,KERNEL_AIVEC,1,1522,16.354,1764070362781168.673	,1764070362781185.027	
0,N/A,MEMCPY_ASYNC,1,1523,2.062,1764070362781344.444	,1764070362781346.506	
0,trans_TransData_55,KERNEL_AIVEC,1,1524,114.479,1764070362781421.194	,1764070362781535.673	
0,AsStrided399,KERNEL_AIVEC,1,1525,16.25,1764070363241398.589	,1764070363241414.839	
0,N/A,MEMCPY_ASYNC,1,1526,2.104,1764070363241557.923	,1764070363241560.027	
0,trans_TransData_55,KERNEL_AIVEC,1,1527,108.02,1764070363241632.798	,1764070363241740.818	
0,AsStrided400,KERNEL_AIVEC,1,1528,16.187,1764070363721182.860	,1764070363721199.047	
0,N/A,MEMCPY_ASYNC,1,1529,2.062,1764070363721389.923	,1764070363721391.985	
0,trans_TransData_55,KERNEL_AIVEC,1,1530,113.958,1764070363721464.694	,1764070363721578.652	
0,AsStrided401,KERNEL_AIVEC,1,1531,16.291,1764070364198937.319	,1764070364198953.610	
0,N/A,MEMCPY_ASYNC,1,1532,2.062,1764070364199093.985	,1764070364199096.047	
0,trans_TransData_55,KERNEL_AIVEC,1,1533,111.166,1764070364199176.298	,1764070364199287.464	
0,AsStrided402,KERNEL_AIVEC,1,1534,16.25,1764070364677877.464	,1764070364677893.714	
0,N/A,MEMCPY_ASYNC,1,1535,2.187,1764070364678076.319	,1764070364678078.506	
0,trans_TransData_55,KERNEL_AIVEC,1,1536,96.437,1764070364678174.944	,1764070364678271.381	
0,AsStrided403,KERNEL_AIVEC,1,1537,16.333,1764070365137865.652	,1764070365137881.985	
0,N/A,MEMCPY_ASYNC,1,1538,2.125,1764070365138067.777	,1764070365138069.902	
0,trans_TransData_55,KERNEL_AIVEC,1,1539,122.062,1764070365138147.256	,1764070365138269.318	
0,AsStrided404,KERNEL_AIVEC,1,1540,16.687,1764070365620792.923	,1764070365620809.610	
0,N/A,MEMCPY_ASYNC,1,1541,2.104,1764070365620958.735	,1764070365620960.839	
0,trans_TransData_55,KERNEL_AIVEC,1,1542,122.604,1764070365621036.819	,1764070365621159.423	
0,AsStrided405,KERNEL_AIVEC,1,1543,16.062,1764070366109873.485	,1764070366109889.547	
0,N/A,MEMCPY_ASYNC,1,1544,2.041,1764070366110081.902	,1764070366110083.943	
0,trans_TransData_55,KERNEL_AIVEC,1,1545,119.27,1764070366110161.589	,1764070366110280.859	
0,AsStrided406,KERNEL_AIVEC,1,1546,16.354,1764070366582502.444	,1764070366582518.798	
0,N/A,MEMCPY_ASYNC,1,1547,2.02,1764070366582706.006	,1764070366582708.026	
0,trans_TransData_55,KERNEL_AIVEC,1,1548,95.791,1764070366582786.110	,1764070366582881.901	
0,AsStrided106,KERNEL_AIVEC,1,1549,14.812,1764070366582881.985	,1764070366582896.797	
0,N/A,MEMCPY_ASYNC,1,1550,1.229,1764070366582896.881	,1764070366582898.110	
0,trans_TransData_55,KERNEL_AIVEC,1,1551,105.812,1764070366582966.860	,1764070366583072.672	
0,AsStrided108,KERNEL_AIVEC,1,1552,14.208,1764070366583072.756	,1764070366583086.964	
0,N/A,MEMCPY_ASYNC,1,1553,1.27,1764070366583087.048	,1764070366583088.318	
0,trans_TransData_55,KERNEL_AIVEC,1,1554,93.333,1764070366583098.423	,1764070366583191.756	
0,AsStrided109,KERNEL_AIVEC,1,1555,13.916,1764070366583191.839	,1764070366583205.755	
0,N/A,MEMCPY_ASYNC,1,1556,1.25,1764070366583205.819	,1764070366583207.069	
0,trans_TransData_55,KERNEL_AIVEC,1,1557,107.5,1764070366583228.569	,1764070366583336.069	
0,AsStrided110,KERNEL_AIVEC,1,1558,14.833,1764070366583336.152	,1764070366583350.985	
0,N/A,MEMCPY_ASYNC,1,1559,1.291,1764070366583351.069	,1764070366583352.360	
0,trans_TransData_55,KERNEL_AIVEC,1,1560,110.02,1764070366583387.048	,1764070366583497.068	
0,AsStrided111,KERNEL_AIVEC,1,1561,14.27,1764070366583497.152	,1764070366583511.422	
0,N/A,MEMCPY_ASYNC,1,1562,1.25,1764070366583511.506	,1764070366583512.756	
0,trans_TransData_55,KERNEL_AIVEC,1,1563,121.437,1764070366583514.152	,1764070366583635.589	
0,AsStrided112,KERNEL_AIVEC,1,1564,13.937,1764070366583635.652	,1764070366583649.589	
0,N/A,MEMCPY_ASYNC,1,1565,1.291,1764070366583649.673	,1764070366583650.964	
0,trans_TransData_55,KERNEL_AIVEC,1,1566,100.0,1764070366583651.027	,1764070366583751.027	
0,AsStrided113,KERNEL_AIVEC,1,1567,14.125,1764070366583751.110	,1764070366583765.235	
0,N/A,MEMCPY_ASYNC,1,1568,1.25,1764070366583765.319	,1764070366583766.569	
0,trans_TransData_55,KERNEL_AIVEC,1,1569,103.895,1764070366583771.506	,1764070366583875.401	
0,AsStrided114,KERNEL_AIVEC,1,1570,14.27,1764070366583875.485	,1764070366583889.755	
0,N/A,MEMCPY_ASYNC,1,1571,1.291,1764070366583889.819	,1764070366583891.110	
0,trans_TransData_55,KERNEL_AIVEC,1,1572,95.27,1764070366583894.673	,1764070366583989.943	
0,AsStrided115,KERNEL_AIVEC,1,1573,14.25,1764070366583990.006	,1764070366584004.256	
0,N/A,MEMCPY_ASYNC,1,1574,1.25,1764070366584004.339	,1764070366584005.589	
0,trans_TransData_55,KERNEL_AIVEC,1,1575,104.895,1764070366584022.298	,1764070366584127.193	
0,AsStrided116,KERNEL_AIVEC,1,1576,13.895,1764070366584127.277	,1764070366584141.172	
0,N/A,MEMCPY_ASYNC,1,1577,1.291,1764070366584141.235	,1764070366584142.526	
0,trans_TransData_55,KERNEL_AIVEC,1,1578,123.145,1764070366584148.048	,1764070366584271.193	
0,AsStrided117,KERNEL_AIVEC,1,1579,14.229,1764070366584271.256	,1764070366584285.485	
0,N/A,MEMCPY_ASYNC,1,1580,1.25,1764070366584285.548	,1764070366584286.798	
0,trans_TransData_55,KERNEL_AIVEC,1,1581,124.395,1764070366584286.881	,1764070366584411.276	
0,AsStrided118,KERNEL_AIVEC,1,1582,14.208,1764070366584411.360	,1764070366584425.568	
0,N/A,MEMCPY_ASYNC,1,1583,1.27,1764070366584425.652	,1764070366584426.922	
0,trans_TransData_55,KERNEL_AIVEC,1,1584,106.291,1764070366584427.006	,1764070366584533.297	
0,AsStrided119,KERNEL_AIVEC,1,1585,14.02,1764070366584533.360	,1764070366584547.380	
0,N/A,MEMCPY_ASYNC,1,1586,1.25,1764070366584547.464	,1764070366584548.714	
0,trans_TransData_55,KERNEL_AIVEC,1,1587,86.104,1764070366584548.798	,1764070366584634.902	
0,AsStrided120,KERNEL_AIVEC,1,1588,14.604,1764070366584634.985	,1764070366584649.589	
0,N/A,MEMCPY_ASYNC,1,1589,1.291,1764070366584649.652	,1764070366584650.943	
0,trans_TransData_55,KERNEL_AIVEC,1,1590,110.979,1764070366584700.027	,1764070366584811.006	
0,AsStrided121,KERNEL_AIVEC,1,1591,14.187,1764070366584811.089	,1764070366584825.276	
0,N/A,MEMCPY_ASYNC,1,1592,1.25,1764070366584825.339	,1764070366584826.589	
0,trans_TransData_55,KERNEL_AIVEC,1,1593,131.208,1764070366584826.673	,1764070366584957.881	
0,AsStrided122,KERNEL_AIVEC,1,1594,14.875,1764070366584957.944	,1764070366584972.819	
0,N/A,MEMCPY_ASYNC,1,1595,1.062,1764070366584972.902	,1764070366584973.964	
0,trans_TransData_55,KERNEL_AIVEC,1,1596,109.854,1764070366584974.048	,1764070366585083.902	
0,AsStrided123,KERNEL_AIVEC,1,1597,14.375,1764070366585083.964	,1764070366585098.339	
0,N/A,MEMCPY_ASYNC,1,1598,1.229,1764070366585098.402	,1764070366585099.631	
0,trans_TransData_55,KERNEL_AIVEC,1,1599,97.854,1764070366585099.714	,1764070366585197.568	
0,AsStrided124,KERNEL_AIVEC,1,1600,14.02,1764070366585197.631	,1764070366585211.651	
0,N/A,MEMCPY_ASYNC,1,1601,1.27,1764070366585211.735	,1764070366585213.005	
0,trans_TransData_55,KERNEL_AIVEC,1,1602,120.687,1764070366585213.089	,1764070366585333.776	
0,AsStrided125,KERNEL_AIVEC,1,1603,14.125,1764070366585333.839	,1764070366585347.964	
0,N/A,MEMCPY_ASYNC,1,1604,1.25,1764070366585348.048	,1764070366585349.298	
0,trans_TransData_55,KERNEL_AIVEC,1,1605,96.479,1764070366585349.360	,1764070366585445.839	
0,AsStrided126,KERNEL_AIVEC,1,1606,13.875,1764070366585445.923	,1764070366585459.798	
0,N/A,MEMCPY_ASYNC,1,1607,1.187,1764070366585459.881	,1764070366585461.068	
0,trans_TransData_55,KERNEL_AIVEC,1,1608,107.0,1764070366585461.152	,1764070366585568.152	
0,AsStrided127,KERNEL_AIVEC,1,1609,14.958,1764070366585568.235	,1764070366585583.193	
0,N/A,MEMCPY_ASYNC,1,1610,1.166,1764070366585583.277	,1764070366585584.443	
0,trans_TransData_55,KERNEL_AIVEC,1,1611,96.5,1764070366585584.527	,1764070366585681.027	
0,AsStrided128,KERNEL_AIVEC,1,1612,14.02,1764070366585681.110	,1764070366585695.130	
0,N/A,MEMCPY_ASYNC,1,1613,1.187,1764070366585695.214	,1764070366585696.401	
0,trans_TransData_55,KERNEL_AIVEC,1,1614,109.25,1764070366585696.485	,1764070366585805.735	
0,AsStrided129,KERNEL_AIVEC,1,1615,14.145,1764070366585805.819	,1764070366585819.964	
0,N/A,MEMCPY_ASYNC,1,1616,1.229,1764070366585820.048	,1764070366585821.277	
0,trans_TransData_55,KERNEL_AIVEC,1,1617,90.833,1764070366585821.360	,1764070366585912.193	
0,AsStrided130,KERNEL_AIVEC,1,1618,14.125,1764070366585912.277	,1764070366585926.402	
0,N/A,MEMCPY_ASYNC,1,1619,1.187,1764070366585926.485	,1764070366585927.672	
0,trans_TransData_55,KERNEL_AIVEC,1,1620,99.77,1764070366585927.735	,1764070366586027.505	
0,AsStrided131,KERNEL_AIVEC,1,1621,13.916,1764070366586027.589	,1764070366586041.505	
0,N/A,MEMCPY_ASYNC,1,1622,1.25,1764070366586041.569	,1764070366586042.819	
0,trans_TransData_55,KERNEL_AIVEC,1,1623,93.979,1764070366586042.881	,1764070366586136.860	
0,AsStrided132,KERNEL_AIVEC,1,1624,14.145,1764070366586136.944	,1764070366586151.089	
0,N/A,MEMCPY_ASYNC,1,1625,1.27,1764070366586151.173	,1764070366586152.443	
0,trans_TransData_55,KERNEL_AIVEC,1,1626,126.187,1764070366586160.735	,1764070366586286.922	
0,AsStrided133,KERNEL_AIVEC,1,1627,14.812,1764070366586286.985	,1764070366586301.797	
0,N/A,MEMCPY_ASYNC,1,1628,1.229,1764070366586301.881	,1764070366586303.110	
0,trans_TransData_55,KERNEL_AIVEC,1,1629,106.479,1764070366586303.194	,1764070366586409.673	
0,AsStrided134,KERNEL_AIVEC,1,1630,14.145,1764070366586409.756	,1764070366586423.901	
0,N/A,MEMCPY_ASYNC,1,1631,1.291,1764070366586423.985	,1764070366586425.276	
0,trans_TransData_55,KERNEL_AIVEC,1,1632,91.479,1764070366586425.339	,1764070366586516.818	
0,AsStrided135,KERNEL_AIVEC,1,1633,14.104,1764070366587270.402	,1764070366587284.506	
0,N/A,MEMCPY_ASYNC,1,1634,1.25,1764070366587370.798	,1764070366587372.048	
0,trans_TransData_55,KERNEL_AIVEC,1,1635,103.145,1764070366587854.694	,1764070366587957.839	
0,AsStrided136,KERNEL_AIVEC,1,1636,14.458,1764070366589809.694	,1764070366589824.152	
0,N/A,MEMCPY_ASYNC,1,1637,1.27,1764070366589911.402	,1764070366589912.672	
0,trans_TransData_55,KERNEL_AIVEC,1,1638,105.395,1764070366589972.735	,1764070366590078.130	
0,AsStrided137,KERNEL_AIVEC,1,1639,14.375,1764070366590078.214	,1764070366590092.589	
0,N/A,MEMCPY_ASYNC,1,1640,1.25,1764070366590092.652	,1764070366590093.902	
0,trans_TransData_55,KERNEL_AIVEC,1,1641,114.229,1764070366590113.714	,1764070366590227.943	
0,AsStrided138,KERNEL_AIVEC,1,1642,14.041,1764070366590228.027	,1764070366590242.068	
0,N/A,MEMCPY_ASYNC,1,1643,1.208,1764070366590242.152	,1764070366590243.360	
0,trans_TransData_55,KERNEL_AIVEC,1,1644,105.52,1764070366590255.402	,1764070366590360.922	
0,AsStrided139,KERNEL_AIVEC,1,1645,14.395,1764070366590361.006	,1764070366590375.401	
0,N/A,MEMCPY_ASYNC,1,1646,1.145,1764070366590375.485	,1764070366590376.630	
0,trans_TransData_55,KERNEL_AIVEC,1,1647,95.729,1764070366590377.527	,1764070366590473.256	
0,AsStrided140,KERNEL_AIVEC,1,1648,14.083,1764070366590473.339	,1764070366590487.422	
0,N/A,MEMCPY_ASYNC,1,1649,1.166,1764070366590487.485	,1764070366590488.651	
0,trans_TransData_55,KERNEL_AIVEC,1,1650,121.062,1764070366590508.652	,1764070366590629.714	
0,AsStrided141,KERNEL_AIVEC,1,1651,14.25,1764070366590629.798	,1764070366590644.048	
0,N/A,MEMCPY_ASYNC,1,1652,1.25,1764070366590644.131	,1764070366590645.381	
0,trans_TransData_55,KERNEL_AIVEC,1,1653,91.583,1764070366590654.402	,1764070366590745.985	
0,AsStrided142,KERNEL_AIVEC,1,1654,14.062,1764070366590746.048	,1764070366590760.110	
0,N/A,MEMCPY_ASYNC,1,1655,1.291,1764070366590760.194	,1764070366590761.485	
0,trans_TransData_55,KERNEL_AIVEC,1,1656,100.5,1764070366590779.923	,1764070366590880.423	
0,AsStrided143,KERNEL_AIVEC,1,1657,14.125,1764070366590880.506	,1764070366590894.631	
0,N/A,MEMCPY_ASYNC,1,1658,1.25,1764070366590894.714	,1764070366590895.964	
0,trans_TransData_55,KERNEL_AIVEC,1,1659,95.25,1764070366590914.110	,1764070366591009.360	
0,AsStrided144,KERNEL_AIVEC,1,1660,14.958,1764070366591009.444	,1764070366591024.402	
0,N/A,MEMCPY_ASYNC,1,1661,1.27,1764070366591024.485	,1764070366591025.755	
0,trans_TransData_55,KERNEL_AIVEC,1,1662,115.312,1764070366591047.694	,1764070366591163.006	
0,AsStrided145,KERNEL_AIVEC,1,1663,13.958,1764070366591163.089	,1764070366591177.047	
0,N/A,MEMCPY_ASYNC,1,1664,1.104,1764070366592498.006	,1764070366592499.110	
0,trans_TransData_55,KERNEL_AIVEC,1,1665,102.479,1764070366592607.339	,1764070366592709.818	
0,AsStrided146,KERNEL_AIVEC,1,1666,14.354,1764070366592709.902	,1764070366592724.256	
0,N/A,MEMCPY_ASYNC,1,1667,1.145,1764070366592726.506	,1764070366592727.651	
0,trans_TransData_55,KERNEL_AIVEC,1,1668,113.937,1764070366592763.214	,1764070366592877.151	
0,AsStrided147,KERNEL_AIVEC,1,1669,13.937,1764070366592877.235	,1764070366592891.172	
0,N/A,MEMCPY_ASYNC,1,1670,1.125,1764070366592891.256	,1764070366592892.381	
0,trans_TransData_55,KERNEL_AIVEC,1,1671,99.52,1764070366592893.964	,1764070366592993.484	
0,AsStrided148,KERNEL_AIVEC,1,1672,15.125,1764070366592993.569	,1764070366593008.694	
0,N/A,MEMCPY_ASYNC,1,1673,1.145,1764070366593008.756	,1764070366593009.901	
0,trans_TransData_55,KERNEL_AIVEC,1,1674,123.812,1764070366593033.339	,1764070366593157.151	
0,AsStrided149,KERNEL_AIVEC,1,1675,14.625,1764070366593157.235	,1764070366593171.860	
0,N/A,MEMCPY_ASYNC,1,1676,1.125,1764070366593171.923	,1764070366593173.048	
0,trans_TransData_55,KERNEL_AIVEC,1,1677,109.562,1764070366593173.110	,1764070366593282.672	
0,AsStrided150,KERNEL_AIVEC,1,1678,14.145,1764070366593282.735	,1764070366593296.880	
0,N/A,MEMCPY_ASYNC,1,1679,1.145,1764070366593296.964	,1764070366593298.109	
0,trans_TransData_55,KERNEL_AIVEC,1,1680,87.645,1764070366593300.464	,1764070366593388.109	
0,AsStrided151,KERNEL_AIVEC,1,1681,14.145,1764070366593543.235	,1764070366593557.380	
0,N/A,MEMCPY_ASYNC,1,1682,1.125,1764070366593586.985	,1764070366593588.110	
0,trans_TransData_55,KERNEL_AIVEC,1,1683,107.187,1764070366593628.527	,1764070366593735.714	
0,AsStrided152,KERNEL_AIVEC,1,1684,14.187,1764070366593735.777	,1764070366593749.964	
0,N/A,MEMCPY_ASYNC,1,1685,1.166,1764070366593750.048	,1764070366593751.214	
0,trans_TransData_55,KERNEL_AIVEC,1,1686,105.25,1764070366593752.631	,1764070366593857.881	
0,AsStrided153,KERNEL_AIVEC,1,1687,14.833,1764070366593857.964	,1764070366593872.797	
0,N/A,MEMCPY_ASYNC,1,1688,1.125,1764070366593872.860	,1764070366593873.985	
0,trans_TransData_55,KERNEL_AIVEC,1,1689,93.583,1764070366593891.881	,1764070366593985.464	
0,AsStrided154,KERNEL_AIVEC,1,1690,14.02,1764070366593985.527	,1764070366593999.547	
0,N/A,MEMCPY_ASYNC,1,1691,1.145,1764070366593999.631	,1764070366594000.776	
0,trans_TransData_55,KERNEL_AIVEC,1,1692,100.187,1764070366594014.527	,1764070366594114.714	
0,AsStrided155,KERNEL_AIVEC,1,1693,14.291,1764070366594114.798	,1764070366594129.089	
0,N/A,MEMCPY_ASYNC,1,1694,1.104,1764070366594129.173	,1764070366594130.277	
0,trans_TransData_55,KERNEL_AIVEC,1,1695,95.208,1764070366594136.777	,1764070366594231.985	
0,AsStrided156,KERNEL_AIVEC,1,1696,14.229,1764070366594232.069	,1764070366594246.298	
0,N/A,MEMCPY_ASYNC,1,1697,1.083,1764070366594246.360	,1764070366594247.443	
0,trans_TransData_55,KERNEL_AIVEC,1,1698,94.854,1764070366594256.694	,1764070366594351.548	
0,AsStrided157,KERNEL_AIVEC,1,1699,13.916,1764070366594351.610	,1764070366594365.526	
0,N/A,MEMCPY_ASYNC,1,1700,1.125,1764070366594365.589	,1764070366594366.714	
0,trans_TransData_55,KERNEL_AIVEC,1,1701,110.75,1764070366594378.673	,1764070366594489.423	
0,AsStrided158,KERNEL_AIVEC,1,1702,14.333,1764070366594489.506	,1764070366594503.839	
0,N/A,MEMCPY_ASYNC,1,1703,1.166,1764070366594503.902	,1764070366594505.068	
0,trans_TransData_55,KERNEL_AIVEC,1,1704,122.791,1764070366594505.131	,1764070366594627.922	
0,AsStrided159,KERNEL_AIVEC,1,1705,14.375,1764070366594656.256	,1764070366594670.631	
0,N/A,MEMCPY_ASYNC,1,1706,1.145,1764070366594702.339	,1764070366594703.484	
0,trans_TransData_55,KERNEL_AIVEC,1,1707,96.395,1764070366594740.985	,1764070366594837.380	
0,AsStrided160,KERNEL_AIVEC,1,1708,14.229,1764070366594837.444	,1764070366594851.673	
0,N/A,MEMCPY_ASYNC,1,1709,1.166,1764070366594851.735	,1764070366594852.901	
0,trans_TransData_55,KERNEL_AIVEC,1,1710,87.937,1764070366594875.694	,1764070366594963.631	
0,AsStrided161,KERNEL_AIVEC,1,1711,14.02,1764070366594963.694	,1764070366594977.714	
0,N/A,MEMCPY_ASYNC,1,1712,1.125,1764070366594977.777	,1764070366594978.902	
0,trans_TransData_55,KERNEL_AIVEC,1,1713,118.062,1764070366594995.777	,1764070366595113.839	
0,AsStrided162,KERNEL_AIVEC,1,1714,14.145,1764070366595113.923	,1764070366595128.068	
0,N/A,MEMCPY_ASYNC,1,1715,1.166,1764070366595128.131	,1764070366595129.297	
0,trans_TransData_55,KERNEL_AIVEC,1,1716,112.75,1764070366595129.360	,1764070366595242.110	
0,AsStrided163,KERNEL_AIVEC,1,1717,14.875,1764070366595242.173	,1764070366595257.048	
0,N/A,MEMCPY_ASYNC,1,1718,1.125,1764070366595257.131	,1764070366595258.256	
0,trans_TransData_55,KERNEL_AIVEC,1,1719,107.27,1764070366595258.339	,1764070366595365.609	
0,AsStrided164,KERNEL_AIVEC,1,1720,13.916,1764070366595365.694	,1764070366595379.610	
0,N/A,MEMCPY_ASYNC,1,1721,1.145,1764070366595379.694	,1764070366595380.839	
0,trans_TransData_55,KERNEL_AIVEC,1,1722,106.5,1764070366595380.923	,1764070366595487.423	
0,AsStrided165,KERNEL_AIVEC,1,1723,14.291,1764070366595487.506	,1764070366595501.797	
0,N/A,MEMCPY_ASYNC,1,1724,1.166,1764070366595501.860	,1764070366595503.026	
0,trans_TransData_55,KERNEL_AIVEC,1,1725,96.895,1764070366595503.110	,1764070366595600.005	
0,AsStrided166,KERNEL_AIVEC,1,1726,14.02,1764070366595600.089	,1764070366595614.109	
0,N/A,MEMCPY_ASYNC,1,1727,1.166,1764070366595614.173	,1764070366595615.339	
0,trans_TransData_55,KERNEL_AIVEC,1,1728,93.291,1764070366595615.402	,1764070366595708.693	
0,AsStrided167,KERNEL_AIVEC,1,1729,14.312,1764070366595708.777	,1764070366595723.089	
0,N/A,MEMCPY_ASYNC,1,1730,1.125,1764070366595723.173	,1764070366595724.298	
0,trans_TransData_55,KERNEL_AIVEC,1,1731,126.5,1764070366595735.152	,1764070366595861.652	
0,AsStrided168,KERNEL_AIVEC,1,1732,14.187,1764070366595861.714	,1764070366595875.901	
0,N/A,MEMCPY_ASYNC,1,1733,1.166,1764070366595875.964	,1764070366595877.130	
0,trans_TransData_55,KERNEL_AIVEC,1,1734,106.52,1764070366595877.194	,1764070366595983.714	
0,AsStrided169,KERNEL_AIVEC,1,1735,13.916,1764070366595983.777	,1764070366595997.693	
0,N/A,MEMCPY_ASYNC,1,1736,1.145,1764070366595997.777	,1764070366595998.922	
0,trans_TransData_55,KERNEL_AIVEC,1,1737,79.479,1764070366595999.006	,1764070366596078.485	
0,AsStrided170,KERNEL_AIVEC,1,1738,14.125,1764070366596078.548	,1764070366596092.673	
0,N/A,MEMCPY_ASYNC,1,1739,1.062,1764070366596092.756	,1764070366596093.818	
0,trans_TransData_55,KERNEL_AIVEC,1,1740,89.625,1764070366596103.464	,1764070366596193.089	
0,AsStrided171,KERNEL_AIVEC,1,1741,14.104,1764070366596193.173	,1764070366596207.277	
0,N/A,MEMCPY_ASYNC,1,1742,1.166,1764070366596207.360	,1764070366596208.526	
0,trans_TransData_55,KERNEL_AIVEC,1,1743,96.916,1764070366596219.319	,1764070366596316.235	
0,AsStrided172,KERNEL_AIVEC,1,1744,14.229,1764070366596316.319	,1764070366596330.548	
0,N/A,MEMCPY_ASYNC,1,1745,1.145,1764070366596330.631	,1764070366596331.776	
0,trans_TransData_55,KERNEL_AIVEC,1,1746,104.729,1764070366596340.089	,1764070366596444.818	
0,AsStrided173,KERNEL_AIVEC,1,1747,14.104,1764070366596444.902	,1764070366596459.006	
0,N/A,MEMCPY_ASYNC,1,1748,1.166,1764070366596459.069	,1764070366596460.235	
0,trans_TransData_55,KERNEL_AIVEC,1,1749,94.979,1764070366596468.152	,1764070366596563.131	
0,AsStrided174,KERNEL_AIVEC,1,1750,14.333,1764070366596563.214	,1764070366596577.547	
0,N/A,MEMCPY_ASYNC,1,1751,1.166,1764070366596577.610	,1764070366596578.776	
0,trans_TransData_55,KERNEL_AIVEC,1,1752,106.812,1764070366596589.652	,1764070366596696.464	
0,AsStrided175,KERNEL_AIVEC,1,1753,14.354,1764070366596696.548	,1764070366596710.902	
0,N/A,MEMCPY_ASYNC,1,1754,1.125,1764070366596710.985	,1764070366596712.110	
0,trans_TransData_55,KERNEL_AIVEC,1,1755,111.083,1764070366596712.194	,1764070366596823.277	
0,AsStrided176,KERNEL_AIVEC,1,1756,13.916,1764070366596823.339	,1764070366596837.255	
0,N/A,MEMCPY_ASYNC,1,1757,1.145,1764070366596837.339	,1764070366596838.484	
0,trans_TransData_55,KERNEL_AIVEC,1,1758,79.104,1764070366596838.569	,1764070366596917.673	
0,AsStrided177,KERNEL_AIVEC,1,1759,14.104,1764070366596917.756	,1764070366596931.860	
0,N/A,MEMCPY_ASYNC,1,1760,1.166,1764070366596931.944	,1764070366596933.110	
0,trans_TransData_55,KERNEL_AIVEC,1,1761,115.583,1764070366596942.027	,1764070366597057.610	
0,AsStrided178,KERNEL_AIVEC,1,1762,14.125,1764070366597057.694	,1764070366597071.819	
0,N/A,MEMCPY_ASYNC,1,1763,1.145,1764070366597071.902	,1764070366597073.047	
0,trans_TransData_55,KERNEL_AIVEC,1,1764,119.229,1764070366597073.131	,1764070366597192.360	
0,AsStrided179,KERNEL_AIVEC,1,1765,14.229,1764070366597192.423	,1764070366597206.652	
0,N/A,MEMCPY_ASYNC,1,1766,1.125,1764070366597206.735	,1764070366597207.860	
0,trans_TransData_55,KERNEL_AIVEC,1,1767,111.416,1764070366597207.923	,1764070366597319.339	
0,AsStrided180,KERNEL_AIVEC,1,1768,13.916,1764070366597319.402	,1764070366597333.318	
0,N/A,MEMCPY_ASYNC,1,1769,1.166,1764070366597333.381	,1764070366597334.547	
0,trans_TransData_55,KERNEL_AIVEC,1,1770,91.791,1764070366597334.631	,1764070366597426.422	
0,AsStrided181,KERNEL_AIVEC,1,1771,14.333,1764070366597426.506	,1764070366597440.839	
0,N/A,MEMCPY_ASYNC,1,1772,1.166,1764070366597440.902	,1764070366597442.068	
0,trans_TransData_55,KERNEL_AIVEC,1,1773,104.854,1764070366597442.131	,1764070366597546.985	
0,AsStrided182,KERNEL_AIVEC,1,1774,14.416,1764070366597547.069	,1764070366597561.485	
0,N/A,MEMCPY_ASYNC,1,1775,1.145,1764070366597561.548	,1764070366597562.693	
0,trans_TransData_55,KERNEL_AIVEC,1,1776,93.458,1764070366597562.777	,1764070366597656.235	
0,AsStrided183,KERNEL_AIVEC,1,1777,14.02,1764070366597656.298	,1764070366597670.318	
0,N/A,MEMCPY_ASYNC,1,1778,1.145,1764070366597670.381	,1764070366597671.526	
0,trans_TransData_55,KERNEL_AIVEC,1,1779,92.854,1764070366597671.589	,1764070366597764.443	
0,AsStrided184,KERNEL_AIVEC,1,1780,14.562,1764070366597764.527	,1764070366597779.089	
0,N/A,MEMCPY_ASYNC,1,1781,1.145,1764070366597779.152	,1764070366597780.297	
0,trans_TransData_55,KERNEL_AIVEC,1,1782,102.708,1764070366597780.381	,1764070366597883.089	
0,AsStrided185,KERNEL_AIVEC,1,1783,13.916,1764070366597883.152	,1764070366597897.068	
0,N/A,MEMCPY_ASYNC,1,1784,1.937,1764070366597897.152	,1764070366597899.089	
0,trans_TransData_55,KERNEL_AIVEC,1,1785,79.229,1764070366597899.173	,1764070366597978.402	
0,AsStrided186,KERNEL_AIVEC,1,1786,14.208,1764070366597978.485	,1764070366597992.693	
0,N/A,MEMCPY_ASYNC,1,1787,1.145,1764070366597992.756	,1764070366597993.901	
0,trans_TransData_55,KERNEL_AIVEC,1,1788,89.437,1764070366598016.819	,1764070366598106.256	
0,AsStrided187,KERNEL_AIVEC,1,1789,14.354,1764070366598106.319	,1764070366598120.673	
0,N/A,MEMCPY_ASYNC,1,1790,1.125,1764070366598120.756	,1764070366598121.881	
0,trans_TransData_55,KERNEL_AIVEC,1,1791,106.083,1764070366598127.902	,1764070366598233.985	
0,AsStrided188,KERNEL_AIVEC,1,1792,13.916,1764070366598234.048	,1764070366598247.964	
0,N/A,MEMCPY_ASYNC,1,1793,1.27,1764070366598248.027	,1764070366598249.297	
0,trans_TransData_55,KERNEL_AIVEC,1,1794,111.041,1764070366598252.381	,1764070366598363.422	
0,AsStrided189,KERNEL_AIVEC,1,1795,14.229,1764070366598363.506	,1764070366598377.735	
0,N/A,MEMCPY_ASYNC,1,1796,1.229,1764070366598377.819	,1764070366598379.048	
0,trans_TransData_55,KERNEL_AIVEC,1,1797,124.291,1764070366598379.131	,1764070366598503.422	
0,AsStrided190,KERNEL_AIVEC,1,1798,14.062,1764070366598503.506	,1764070366598517.568	
0,N/A,MEMCPY_ASYNC,1,1799,1.27,1764070366598517.652	,1764070366598518.922	
0,trans_TransData_55,KERNEL_AIVEC,1,1800,82.395,1764070366598519.006	,1764070366598601.401	
0,AsStrided191,KERNEL_AIVEC,1,1801,14.25,1764070366598601.464	,1764070366598615.714	
0,N/A,MEMCPY_ASYNC,1,1802,1.125,1764070366598615.798	,1764070366598616.923	
0,trans_TransData_55,KERNEL_AIVEC,1,1803,117.583,1764070366598631.819	,1764070366598749.402	
0,AsStrided192,KERNEL_AIVEC,1,1804,14.041,1764070366598749.485	,1764070366598763.526	
0,N/A,MEMCPY_ASYNC,1,1805,1.291,1764070366598763.589	,1764070366598764.880	
0,trans_TransData_55,KERNEL_AIVEC,1,1806,91.812,1764070366598764.944	,1764070366598856.756	
0,AsStrided193,KERNEL_AIVEC,1,1807,14.208,1764070366598856.839	,1764070366598871.047	
0,N/A,MEMCPY_ASYNC,1,1808,1.145,1764070366598871.131	,1764070366598872.276	
0,trans_TransData_55,KERNEL_AIVEC,1,1809,97.541,1764070366598872.360	,1764070366598969.901	
0,AsStrided194,KERNEL_AIVEC,1,1810,14.229,1764070366598969.985	,1764070366598984.214	
0,N/A,MEMCPY_ASYNC,1,1811,1.27,1764070366598984.298	,1764070366598985.568	
0,trans_TransData_55,KERNEL_AIVEC,1,1812,110.583,1764070366598989.089	,1764070366599099.672	
0,AsStrided195,KERNEL_AIVEC,1,1813,14.041,1764070366599099.756	,1764070366599113.797	
0,N/A,MEMCPY_ASYNC,1,1814,1.25,1764070366599113.881	,1764070366599115.131	
0,trans_TransData_55,KERNEL_AIVEC,1,1815,126.333,1764070366599115.214	,1764070366599241.547	
0,AsStrided196,KERNEL_AIVEC,1,1816,14.125,1764070366599241.631	,1764070366599255.756	
0,N/A,MEMCPY_ASYNC,1,1817,1.27,1764070366599255.839	,1764070366599257.109	
0,trans_TransData_55,KERNEL_AIVEC,1,1818,95.0,1764070366599257.173	,1764070366599352.173	
0,AsStrided197,KERNEL_AIVEC,1,1819,14.52,1764070366599352.256	,1764070366599366.776	
0,N/A,MEMCPY_ASYNC,1,1820,1.166,1764070366599366.860	,1764070366599368.026	
0,trans_TransData_55,KERNEL_AIVEC,1,1821,77.395,1764070366599368.089	,1764070366599445.484	
0,AsStrided198,KERNEL_AIVEC,1,1822,14.291,1764070366599445.548	,1764070366599459.839	
0,N/A,MEMCPY_ASYNC,1,1823,1.145,1764070366599459.923	,1764070366599461.068	
0,trans_TransData_55,KERNEL_AIVEC,1,1824,97.041,1764070366599474.548	,1764070366599571.589	
0,AsStrided199,KERNEL_AIVEC,1,1825,14.125,1764070366599571.652	,1764070366599585.777	
0,N/A,MEMCPY_ASYNC,1,1826,1.145,1764070366599585.860	,1764070366599587.005	
0,trans_TransData_55,KERNEL_AIVEC,1,1827,122.145,1764070366599589.714	,1764070366599711.859	
0,AsStrided200,KERNEL_AIVEC,1,1828,14.875,1764070366599711.923	,1764070366599726.798	
0,N/A,MEMCPY_ASYNC,1,1829,1.187,1764070366599726.881	,1764070366599728.068	
0,trans_TransData_55,KERNEL_AIVEC,1,1830,93.437,1764070366599789.131	,1764070366599882.568	
0,AsStrided201,KERNEL_AIVEC,1,1831,14.354,1764070366599882.652	,1764070366599897.006	
0,N/A,MEMCPY_ASYNC,1,1832,1.291,1764070366599897.069	,1764070366599898.360	
0,trans_TransData_55,KERNEL_AIVEC,1,1833,97.291,1764070366599914.652	,1764070366600011.943	
0,AsStrided202,KERNEL_AIVEC,1,1834,14.041,1764070366600012.006	,1764070366600026.047	
0,N/A,MEMCPY_ASYNC,1,1835,1.145,1764070366600026.131	,1764070366600027.276	
0,trans_TransData_55,KERNEL_AIVEC,1,1836,94.395,1764070366600031.777	,1764070366600126.172	
0,AsStrided203,KERNEL_AIVEC,1,1837,14.229,1764070366600126.235	,1764070366600140.464	
0,N/A,MEMCPY_ASYNC,1,1838,1.145,1764070366600140.527	,1764070366600141.672	
0,trans_TransData_55,KERNEL_AIVEC,1,1839,95.229,1764070366600160.527	,1764070366600255.756	
0,AsStrided204,KERNEL_AIVEC,1,1840,14.125,1764070366600255.839	,1764070366600269.964	
0,N/A,MEMCPY_ASYNC,1,1841,1.145,1764070366600270.027	,1764070366600271.172	
0,trans_TransData_55,KERNEL_AIVEC,1,1842,113.895,1764070366600279.694	,1764070366600393.589	
0,AsStrided205,KERNEL_AIVEC,1,1843,14.375,1764070366600393.652	,1764070366600408.027	
0,N/A,MEMCPY_ASYNC,1,1844,1.104,1764070366600481.277	,1764070366600482.381	
0,trans_TransData_55,KERNEL_AIVEC,1,1845,113.291,1764070366600539.402	,1764070366600652.693	
0,AsStrided206,KERNEL_AIVEC,1,1846,15.083,1764070366600652.756	,1764070366600667.839	
0,N/A,MEMCPY_ASYNC,1,1847,1.145,1764070366600667.902	,1764070366600669.047	
0,trans_TransData_55,KERNEL_AIVEC,1,1848,94.77,1764070366600702.235	,1764070366600797.005	
0,AsStrided207,KERNEL_AIVEC,1,1849,14.5,1764070366600797.089	,1764070366600811.589	
0,N/A,MEMCPY_ASYNC,1,1850,1.166,1764070366600811.652	,1764070366600812.818	
0,trans_TransData_55,KERNEL_AIVEC,1,1851,91.604,1764070366600812.902	,1764070366600904.506	
0,AsStrided208,KERNEL_AIVEC,1,1852,14.958,1764070366600904.589	,1764070366600919.547	
0,N/A,MEMCPY_ASYNC,1,1853,1.208,1764070366600919.610	,1764070366600920.818	
0,trans_TransData_55,KERNEL_AIVEC,1,1854,107.187,1764070366600920.902	,1764070366601028.089	
0,AsStrided209,KERNEL_AIVEC,1,1855,14.062,1764070366601028.152	,1764070366601042.214	
0,N/A,MEMCPY_ASYNC,1,1856,1.145,1764070366601042.298	,1764070366601043.443	
0,trans_TransData_55,KERNEL_AIVEC,1,1857,92.437,1764070366601043.527	,1764070366601135.964	
0,AsStrided210,KERNEL_AIVEC,1,1858,14.437,1764070366601136.048	,1764070366601150.485	
0,N/A,MEMCPY_ASYNC,1,1859,1.062,1764070366601150.569	,1764070366601151.631	
0,trans_TransData_55,KERNEL_AIVEC,1,1860,98.52,1764070366601166.944	,1764070366601265.464	
0,AsStrided211,KERNEL_AIVEC,1,1861,14.02,1764070366601265.548	,1764070366601279.568	
0,N/A,MEMCPY_ASYNC,1,1862,1.166,1764070366601279.652	,1764070366601280.818	
0,trans_TransData_55,KERNEL_AIVEC,1,1863,95.5,1764070366601291.402	,1764070366601386.902	
0,AsStrided212,KERNEL_AIVEC,1,1864,14.125,1764070366601386.985	,1764070366601401.110	
0,N/A,MEMCPY_ASYNC,1,1865,1.208,1764070366601401.173	,1764070366601402.381	
0,trans_TransData_55,KERNEL_AIVEC,1,1866,119.187,1764070366601412.423	,1764070366601531.610	
0,AsStrided213,KERNEL_AIVEC,1,1867,14.875,1764070366601531.673	,1764070366601546.548	
0,N/A,MEMCPY_ASYNC,1,1868,1.166,1764070366601546.631	,1764070366601547.797	
0,trans_TransData_55,KERNEL_AIVEC,1,1869,81.291,1764070366601547.860	,1764070366601629.151	
0,AsStrided214,KERNEL_AIVEC,1,1870,14.145,1764070366601629.214	,1764070366601643.359	
0,N/A,MEMCPY_ASYNC,1,1871,1.27,1764070366601643.444	,1764070366601644.714	
0,trans_TransData_55,KERNEL_AIVEC,1,1872,110.437,1764070366601657.131	,1764070366601767.568	
0,AsStrided215,KERNEL_AIVEC,1,1873,14.291,1764070366601767.652	,1764070366601781.943	
0,N/A,MEMCPY_ASYNC,1,1874,1.27,1764070366601782.027	,1764070366601783.297	
0,trans_TransData_55,KERNEL_AIVEC,1,1875,94.625,1764070366601784.673	,1764070366601879.298	
0,AsStrided216,KERNEL_AIVEC,1,1876,14.25,1764070366601879.360	,1764070366601893.610	
0,N/A,MEMCPY_ASYNC,1,1877,1.187,1764070366601893.694	,1764070366601894.881	
0,trans_TransData_55,KERNEL_AIVEC,1,1878,106.312,1764070366601904.923	,1764070366602011.235	
0,AsStrided217,KERNEL_AIVEC,1,1879,14.104,1764070366602011.319	,1764070366602025.423	
0,N/A,MEMCPY_ASYNC,1,1880,1.291,1764070366602025.506	,1764070366602026.797	
0,trans_TransData_55,KERNEL_AIVEC,1,1881,96.833,1764070366602026.860	,1764070366602123.693	
0,AsStrided218,KERNEL_AIVEC,1,1882,14.125,1764070366602123.756	,1764070366602137.881	
0,N/A,MEMCPY_ASYNC,1,1883,1.291,1764070366602137.944	,1764070366602139.235	
0,trans_TransData_55,KERNEL_AIVEC,1,1884,105.708,1764070366602142.402	,1764070366602248.110	
0,AsStrided219,KERNEL_AIVEC,1,1885,14.5,1764070366602248.173	,1764070366602262.673	
0,N/A,MEMCPY_ASYNC,1,1886,1.25,1764070366602262.756	,1764070366602264.006	
0,trans_TransData_55,KERNEL_AIVEC,1,1887,95.02,1764070366602264.089	,1764070366602359.109	
0,AsStrided220,KERNEL_AIVEC,1,1888,14.208,1764070366602359.194	,1764070366602373.402	
0,N/A,MEMCPY_ASYNC,1,1889,1.145,1764070366602373.485	,1764070366602374.630	
0,trans_TransData_55,KERNEL_AIVEC,1,1890,93.833,1764070366602380.610	,1764070366602474.443	
0,AsStrided221,KERNEL_AIVEC,1,1891,14.02,1764070366602474.527	,1764070366602488.547	
0,N/A,MEMCPY_ASYNC,1,1892,1.125,1764070366602488.610	,1764070366602489.735	
0,trans_TransData_55,KERNEL_AIVEC,1,1893,117.104,1764070366602497.402	,1764070366602614.506	
0,AsStrided222,KERNEL_AIVEC,1,1894,14.125,1764070366602614.589	,1764070366602628.714	
0,N/A,MEMCPY_ASYNC,1,1895,1.27,1764070366602658.423	,1764070366602659.693	
0,trans_TransData_55,KERNEL_AIVEC,1,1896,89.541,1764070366602700.027	,1764070366602789.568	
0,AsStrided223,KERNEL_AIVEC,1,1897,14.895,1764070366602789.631	,1764070366602804.526	
0,N/A,MEMCPY_ASYNC,1,1898,1.25,1764070366602804.610	,1764070366602805.860	
0,trans_TransData_55,KERNEL_AIVEC,1,1899,94.645,1764070366602836.089	,1764070366602930.734	
0,AsStrided224,KERNEL_AIVEC,1,1900,14.229,1764070366602930.819	,1764070366602945.048	
0,N/A,MEMCPY_ASYNC,1,1901,1.27,1764070366602945.131	,1764070366602946.401	
0,trans_TransData_55,KERNEL_AIVEC,1,1902,101.062,1764070366602961.985	,1764070366603063.047	
0,AsStrided225,KERNEL_AIVEC,1,1903,14.854,1764070366603063.131	,1764070366603077.985	
0,N/A,MEMCPY_ASYNC,1,1904,1.104,1764070366603078.069	,1764070366603079.173	
0,trans_TransData_55,KERNEL_AIVEC,1,1905,122.75,1764070366603083.714	,1764070366603206.464	
0,AsStrided226,KERNEL_AIVEC,1,1906,14.333,1764070366603206.548	,1764070366603220.881	
0,N/A,MEMCPY_ASYNC,1,1907,1.27,1764070366603220.964	,1764070366603222.234	
0,trans_TransData_55,KERNEL_AIVEC,1,1908,106.0,1764070366603232.527	,1764070366603338.527	
0,AsStrided227,KERNEL_AIVEC,1,1909,14.125,1764070366603338.589	,1764070366603352.714	
0,N/A,MEMCPY_ASYNC,1,1910,1.125,1764070366603352.798	,1764070366603353.923	
0,trans_TransData_55,KERNEL_AIVEC,1,1911,93.562,1764070366603363.444	,1764070366603457.006	
0,AsStrided228,KERNEL_AIVEC,1,1912,15.02,1764070366603457.089	,1764070366603472.109	
0,N/A,MEMCPY_ASYNC,1,1913,1.27,1764070366603472.173	,1764070366603473.443	
0,trans_TransData_55,KERNEL_AIVEC,1,1914,91.0,1764070366603486.131	,1764070366603577.131	
0,AsStrided229,KERNEL_AIVEC,1,1915,14.354,1764070366603577.214	,1764070366603591.568	
0,N/A,MEMCPY_ASYNC,1,1916,1.104,1764070366603591.652	,1764070366603592.756	
0,trans_TransData_55,KERNEL_AIVEC,1,1917,94.52,1764070366603610.860	,1764070366603705.380	
0,AsStrided230,KERNEL_AIVEC,1,1918,14.104,1764070366603705.464	,1764070366603719.568	
0,N/A,MEMCPY_ASYNC,1,1919,1.145,1764070366603719.652	,1764070366603720.797	
0,trans_TransData_55,KERNEL_AIVEC,1,1920,117.27,1764070366603730.214	,1764070366603847.484	
0,AsStrided231,KERNEL_AIVEC,1,1921,14.02,1764070366603847.569	,1764070366603861.589	
0,N/A,MEMCPY_ASYNC,1,1922,1.25,1764070366603861.652	,1764070366603862.902	
0,trans_TransData_55,KERNEL_AIVEC,1,1923,110.583,1764070366603862.964	,1764070366603973.547	
0,AsStrided232,KERNEL_AIVEC,1,1924,14.5,1764070366603973.631	,1764070366603988.131	
0,N/A,MEMCPY_ASYNC,1,1925,1.187,1764070366603988.214	,1764070366603989.401	
0,trans_TransData_55,KERNEL_AIVEC,1,1926,113.145,1764070366603989.485	,1764070366604102.630	
0,AsStrided233,KERNEL_AIVEC,1,1927,14.895,1764070366604102.694	,1764070366604117.589	
0,N/A,MEMCPY_ASYNC,1,1928,1.104,1764070366604117.673	,1764070366604118.777	
0,trans_TransData_55,KERNEL_AIVEC,1,1929,96.354,1764070366604118.860	,1764070366604215.214	
0,AsStrided234,KERNEL_AIVEC,1,1930,14.416,1764070366604215.277	,1764070366604229.693	
0,N/A,MEMCPY_ASYNC,1,1931,1.145,1764070366604229.777	,1764070366604230.922	
0,trans_TransData_55,KERNEL_AIVEC,1,1932,105.416,1764070366604231.006	,1764070366604336.422	
0,AsStrided235,KERNEL_AIVEC,1,1933,14.416,1764070366604336.485	,1764070366604350.901	
0,N/A,MEMCPY_ASYNC,1,1934,1.145,1764070366604350.985	,1764070366604352.130	
0,trans_TransData_55,KERNEL_AIVEC,1,1935,95.229,1764070366604352.214	,1764070366604447.443	
0,AsStrided236,KERNEL_AIVEC,1,1936,14.208,1764070366605570.714	,1764070366605584.922	
0,N/A,MEMCPY_ASYNC,1,1937,1.166,1764070366605641.652	,1764070366605642.818	
0,trans_TransData_55,KERNEL_AIVEC,1,1938,82.625,1764070366605695.985	,1764070366605778.610	
0,AsStrided237,KERNEL_AIVEC,1,1939,14.437,1764070366605778.694	,1764070366605793.131	
0,N/A,MEMCPY_ASYNC,1,1940,1.25,1764070366605797.235	,1764070366605798.485	
0,trans_TransData_55,KERNEL_AIVEC,1,1941,79.25,1764070366605832.173	,1764070366605911.423	
0,AsStrided238,KERNEL_AIVEC,1,1942,14.583,1764070366605911.506	,1764070366605926.089	
0,N/A,MEMCPY_ASYNC,1,1943,1.27,1764070366605931.777	,1764070366605933.047	
0,trans_TransData_55,KERNEL_AIVEC,1,1944,96.041,1764070366605968.839	,1764070366606064.880	
0,AsStrided239,KERNEL_AIVEC,1,1945,14.541,1764070366606064.964	,1764070366606079.505	
0,N/A,MEMCPY_ASYNC,1,1946,1.27,1764070366606079.569	,1764070366606080.839	
0,trans_TransData_55,KERNEL_AIVEC,1,1947,94.145,1764070366606092.777	,1764070366606186.922	
0,AsStrided240,KERNEL_AIVEC,1,1948,13.916,1764070366606187.006	,1764070366606200.922	
0,N/A,MEMCPY_ASYNC,1,1949,1.27,1764070366606201.006	,1764070366606202.276	
0,trans_TransData_55,KERNEL_AIVEC,1,1950,78.229,1764070366606222.319	,1764070366606300.548	
0,AsStrided241,KERNEL_AIVEC,1,1951,14.895,1764070366606300.610	,1764070366606315.505	
0,N/A,MEMCPY_ASYNC,1,1952,1.27,1764070366606315.589	,1764070366606316.859	
0,trans_TransData_55,KERNEL_AIVEC,1,1953,78.437,1764070366606348.173	,1764070366606426.610	
0,AsStrided242,KERNEL_AIVEC,1,1954,14.354,1764070366606426.694	,1764070366606441.048	
0,N/A,MEMCPY_ASYNC,1,1955,1.166,1764070366606441.131	,1764070366606442.297	
0,trans_TransData_55,KERNEL_AIVEC,1,1956,106.729,1764070366606476.298	,1764070366606583.027	
0,AsStrided243,KERNEL_AIVEC,1,1957,15.02,1764070366606583.089	,1764070366606598.109	
0,N/A,MEMCPY_ASYNC,1,1958,1.229,1764070366606598.194	,1764070366606599.423	
0,trans_TransData_55,KERNEL_AIVEC,1,1959,114.562,1764070366606628.485	,1764070366606743.047	
0,AsStrided244,KERNEL_AIVEC,1,1960,14.333,1764070366606743.131	,1764070366606757.464	
0,N/A,MEMCPY_ASYNC,1,1961,1.145,1764070366606757.548	,1764070366606758.693	
0,trans_TransData_55,KERNEL_AIVEC,1,1962,99.729,1764070366606759.777	,1764070366606859.506	
0,AsStrided245,KERNEL_AIVEC,1,1963,14.375,1764070366606859.569	,1764070366606873.944	
0,N/A,MEMCPY_ASYNC,1,1964,1.229,1764070366606874.027	,1764070366606875.256	
0,trans_TransData_55,KERNEL_AIVEC,1,1965,89.229,1764070366606889.319	,1764070366606978.548	
0,AsStrided246,KERNEL_AIVEC,1,1966,14.687,1764070366606978.631	,1764070366606993.318	
0,N/A,MEMCPY_ASYNC,1,1967,1.208,1764070366606993.402	,1764070366606994.610	
0,trans_TransData_55,KERNEL_AIVEC,1,1968,96.666,1764070366607018.235	,1764070366607114.901	
0,AsStrided247,KERNEL_AIVEC,1,1969,14.458,1764070366607114.985	,1764070366607129.443	
0,N/A,MEMCPY_ASYNC,1,1970,1.312,1764070366607129.527	,1764070366607130.839	
0,trans_TransData_55,KERNEL_AIVEC,1,1971,80.041,1764070366607139.735	,1764070366607219.776	
0,AsStrided248,KERNEL_AIVEC,1,1972,14.625,1764070366607219.839	,1764070366607234.464	
0,N/A,MEMCPY_ASYNC,1,1973,1.27,1764070366607234.548	,1764070366607235.818	
0,trans_TransData_55,KERNEL_AIVEC,1,1974,81.916,1764070366607271.277	,1764070366607353.193	
0,AsStrided249,KERNEL_AIVEC,1,1975,14.187,1764070366607353.277	,1764070366607367.464	
0,N/A,MEMCPY_ASYNC,1,1976,1.25,1764070366607367.548	,1764070366607368.798	
0,trans_TransData_55,KERNEL_AIVEC,1,1977,105.687,1764070366607394.027	,1764070366607499.714	
0,AsStrided250,KERNEL_AIVEC,1,1978,15.125,1764070366607499.798	,1764070366607514.923	
0,N/A,MEMCPY_ASYNC,1,1979,1.166,1764070366607515.006	,1764070366607516.172	
0,trans_TransData_55,KERNEL_AIVEC,1,1980,79.145,1764070366607526.714	,1764070366607605.859	
0,AsStrided251,KERNEL_AIVEC,1,1981,14.958,1764070366607605.944	,1764070366607620.902	
0,N/A,MEMCPY_ASYNC,1,1982,1.25,1764070366607899.756	,1764070366607901.006	
0,trans_TransData_55,KERNEL_AIVEC,1,1983,98.541,1764070366607995.902	,1764070366608094.443	
0,AsStrided252,KERNEL_AIVEC,1,1984,14.375,1764070366608094.506	,1764070366608108.881	
0,N/A,MEMCPY_ASYNC,1,1985,1.291,1764070366608108.964	,1764070366608110.255	
0,trans_TransData_55,KERNEL_AIVEC,1,1986,78.687,1764070366608149.089	,1764070366608227.776	
0,AsStrided253,KERNEL_AIVEC,1,1987,14.541,1764070366608227.839	,1764070366608242.380	
0,N/A,MEMCPY_ASYNC,1,1988,1.25,1764070366608253.027	,1764070366608254.277	
0,trans_TransData_55,KERNEL_AIVEC,1,1989,91.895,1764070366608289.819	,1764070366608381.714	
0,AsStrided254,KERNEL_AIVEC,1,1990,14.958,1764070366608381.798	,1764070366608396.756	
0,N/A,MEMCPY_ASYNC,1,1991,1.166,1764070366608396.819	,1764070366608397.985	
0,trans_TransData_55,KERNEL_AIVEC,1,1992,107.041,1764070366608419.777	,1764070366608526.818	
0,AsStrided255,KERNEL_AIVEC,1,1993,14.0,1764070366608526.902	,1764070366608540.902	
0,N/A,MEMCPY_ASYNC,1,1994,1.25,1764070366609455.464	,1764070366609456.714	
0,trans_TransData_55,KERNEL_AIVEC,1,1995,95.395,1764070366609557.173	,1764070366609652.568	
0,AsStrided256,KERNEL_AIVEC,1,1996,15.416,1764070366609652.631	,1764070366609668.047	
0,N/A,MEMCPY_ASYNC,1,1997,1.27,1764070366609696.506	,1764070366609697.776	
0,trans_TransData_55,KERNEL_AIVEC,1,1998,92.562,1764070366609749.964	,1764070366609842.526	
0,AsStrided257,KERNEL_AIVEC,1,1999,14.791,1764070366609842.589	,1764070366609857.380	
0,N/A,MEMCPY_ASYNC,1,2000,1.187,1764070366609857.444	,1764070366609858.631	
0,trans_TransData_55,KERNEL_AIVEC,1,2001,81.937,1764070366609887.569	,1764070366609969.506	
0,AsStrided258,KERNEL_AIVEC,1,2002,14.187,1764070366609969.589	,1764070366609983.776	
0,N/A,MEMCPY_ASYNC,1,2003,1.291,1764070366609989.319	,1764070366609990.610	
0,trans_TransData_55,KERNEL_AIVEC,1,2004,118.041,1764070366610026.631	,1764070366610144.672	
0,AsStrided259,KERNEL_AIVEC,1,2005,14.333,1764070366610144.735	,1764070366610159.068	
0,N/A,MEMCPY_ASYNC,1,2006,1.27,1764070366610159.131	,1764070366610160.401	
0,trans_TransData_55,KERNEL_AIVEC,1,2007,89.25,1764070366610160.485	,1764070366610249.735	
0,AsStrided260,KERNEL_AIVEC,1,2008,17.895,1764070366610249.798	,1764070366610267.693	
0,N/A,MEMCPY_ASYNC,1,2009,1.27,1764070366610267.777	,1764070366610269.047	
0,trans_TransData_55,KERNEL_AIVEC,1,2010,83.354,1764070366610275.714	,1764070366610359.068	
0,AsStrided261,KERNEL_AIVEC,1,2011,14.291,1764070366610359.152	,1764070366610373.443	
0,N/A,MEMCPY_ASYNC,1,2012,1.25,1764070366610373.527	,1764070366610374.777	
0,trans_TransData_55,KERNEL_AIVEC,1,2013,89.166,1764070366610405.464	,1764070366610494.630	
0,AsStrided262,KERNEL_AIVEC,1,2014,14.125,1764070366610494.694	,1764070366610508.819	
0,N/A,MEMCPY_ASYNC,1,2015,1.062,1764070366610508.902	,1764070366610509.964	
0,trans_TransData_55,KERNEL_AIVEC,1,2016,93.416,1764070366610525.735	,1764070366610619.151	
0,AsStrided263,KERNEL_AIVEC,1,2017,14.395,1764070366610640.381	,1764070366610654.776	
0,N/A,MEMCPY_ASYNC,1,2018,1.166,1764070366610688.527	,1764070366610689.693	
0,trans_TransData_55,KERNEL_AIVEC,1,2019,80.062,1764070366610730.027	,1764070366610810.089	
0,AsStrided264,KERNEL_AIVEC,1,2020,14.312,1764070366610810.173	,1764070366610824.485	
0,N/A,MEMCPY_ASYNC,1,2021,1.27,1764070366610824.569	,1764070366610825.839	
0,trans_TransData_55,KERNEL_AIVEC,1,2022,109.104,1764070366610853.527	,1764070366610962.631	
0,AsStrided265,KERNEL_AIVEC,1,2023,14.166,1764070366610962.694	,1764070366610976.860	
0,N/A,MEMCPY_ASYNC,1,2024,1.25,1764070366610976.923	,1764070366610978.173	
0,trans_TransData_55,KERNEL_AIVEC,1,2025,102.458,1764070366610978.235	,1764070366611080.693	
0,AsStrided266,KERNEL_AIVEC,1,2026,14.02,1764070366611080.777	,1764070366611094.797	
0,N/A,MEMCPY_ASYNC,1,2027,1.187,1764070366611094.881	,1764070366611096.068	
0,trans_TransData_55,KERNEL_AIVEC,1,2028,120.77,1764070366611096.152	,1764070366611216.922	
0,AsStrided267,KERNEL_AIVEC,1,2029,14.25,1764070366611216.985	,1764070366611231.235	
0,N/A,MEMCPY_ASYNC,1,2030,1.166,1764070366611231.298	,1764070366611232.464	
0,trans_TransData_55,KERNEL_AIVEC,1,2031,99.583,1764070366611232.527	,1764070366611332.110	
0,AsStrided268,KERNEL_AIVEC,1,2032,14.312,1764070366611332.194	,1764070366611346.506	
0,N/A,MEMCPY_ASYNC,1,2033,1.208,1764070366611346.569	,1764070366611347.777	
0,trans_TransData_55,KERNEL_AIVEC,1,2034,95.27,1764070366611347.839	,1764070366611443.109	
0,AsStrided269,KERNEL_AIVEC,1,2035,13.916,1764070366611443.173	,1764070366611457.089	
0,N/A,MEMCPY_ASYNC,1,2036,1.104,1764070366611457.173	,1764070366611458.277	
0,trans_TransData_55,KERNEL_AIVEC,1,2037,106.02,1764070366611459.423	,1764070366611565.443	
0,AsStrided270,KERNEL_AIVEC,1,2038,14.77,1764070366611565.527	,1764070366611580.297	
0,N/A,MEMCPY_ASYNC,1,2039,1.208,1764070366611580.360	,1764070366611581.568	
0,trans_TransData_55,KERNEL_AIVEC,1,2040,122.083,1764070366611581.631	,1764070366611703.714	
0,AsStrided271,KERNEL_AIVEC,1,2041,14.0,1764070366611703.777	,1764070366611717.777	
0,N/A,MEMCPY_ASYNC,1,2042,1.25,1764070366611717.860	,1764070366611719.110	
0,trans_TransData_55,KERNEL_AIVEC,1,2043,125.5,1764070366611719.173	,1764070366611844.673	
0,AsStrided272,KERNEL_AIVEC,1,2044,14.125,1764070366611844.735	,1764070366611858.860	
0,N/A,MEMCPY_ASYNC,1,2045,1.27,1764070366611858.944	,1764070366611860.214	
0,trans_TransData_55,KERNEL_AIVEC,1,2046,110.687,1764070366611860.298	,1764070366611970.985	
0,AsStrided273,KERNEL_AIVEC,1,2047,14.291,1764070366611971.048	,1764070366611985.339	
0,N/A,MEMCPY_ASYNC,1,2048,1.229,1764070366611985.423	,1764070366611986.652	
0,trans_TransData_55,KERNEL_AIVEC,1,2049,127.479,1764070366611986.714	,1764070366612114.193	
0,AsStrided274,KERNEL_AIVEC,1,2050,14.062,1764070366612114.277	,1764070366612128.339	
0,N/A,MEMCPY_ASYNC,1,2051,1.145,1764070366612128.423	,1764070366612129.568	
0,trans_TransData_55,KERNEL_AIVEC,1,2052,90.02,1764070366612129.652	,1764070366612219.672	
0,AsStrided275,KERNEL_AIVEC,1,2053,14.166,1764070366612219.756	,1764070366612233.922	
0,N/A,MEMCPY_ASYNC,1,2054,1.25,1764070366612233.985	,1764070366612235.235	
0,trans_TransData_55,KERNEL_AIVEC,1,2055,89.187,1764070366612235.298	,1764070366612324.485	
0,AsStrided276,KERNEL_AIVEC,1,2056,14.041,1764070366612324.569	,1764070366612338.610	
0,N/A,MEMCPY_ASYNC,1,2057,1.166,1764070366612338.673	,1764070366612339.839	
0,trans_TransData_55,KERNEL_AIVEC,1,2058,104.833,1764070366612339.923	,1764070366612444.756	
0,AsStrided277,KERNEL_AIVEC,1,2059,14.479,1764070366612444.839	,1764070366612459.318	
0,N/A,MEMCPY_ASYNC,1,2060,1.229,1764070366612459.402	,1764070366612460.631	
0,trans_TransData_55,KERNEL_AIVEC,1,2061,106.416,1764070366612460.714	,1764070366612567.130	
0,AsStrided278,KERNEL_AIVEC,1,2062,14.02,1764070366612567.194	,1764070366612581.214	
0,N/A,MEMCPY_ASYNC,1,2063,1.208,1764070366612581.277	,1764070366612582.485	
0,trans_TransData_55,KERNEL_AIVEC,1,2064,98.791,1764070366612582.548	,1764070366612681.339	
0,AsStrided279,KERNEL_AIVEC,1,2065,14.291,1764070366612681.402	,1764070366612695.693	
0,N/A,MEMCPY_ASYNC,1,2066,1.229,1764070366612695.777	,1764070366612697.006	
0,trans_TransData_55,KERNEL_AIVEC,1,2067,105.791,1764070366612704.194	,1764070366612809.985	
0,AsStrided280,KERNEL_AIVEC,1,2068,15.062,1764070366612810.069	,1764070366612825.131	
0,N/A,MEMCPY_ASYNC,1,2069,1.291,1764070366612825.194	,1764070366612826.485	
0,trans_TransData_55,KERNEL_AIVEC,1,2070,108.354,1764070366612826.569	,1764070366612934.923	
0,AsStrided281,KERNEL_AIVEC,1,2071,13.916,1764070366612934.985	,1764070366612948.901	
0,N/A,MEMCPY_ASYNC,1,2072,1.25,1764070366612948.964	,1764070366612950.214	
0,trans_TransData_55,KERNEL_AIVEC,1,2073,96.291,1764070366612950.277	,1764070366613046.568	
0,AsStrided282,KERNEL_AIVEC,1,2074,14.166,1764070366613046.652	,1764070366613060.818	
0,N/A,MEMCPY_ASYNC,1,2075,1.312,1764070366613060.881	,1764070366613062.193	
0,trans_TransData_55,KERNEL_AIVEC,1,2076,101.979,1764070366613062.256	,1764070366613164.235	
0,AsStrided283,KERNEL_AIVEC,1,2077,14.375,1764070366613164.298	,1764070366613178.673	
0,N/A,MEMCPY_ASYNC,1,2078,1.27,1764070366613178.735	,1764070366613180.005	
0,trans_TransData_55,KERNEL_AIVEC,1,2079,96.229,1764070366613180.069	,1764070366613276.298	
0,AsStrided284,KERNEL_AIVEC,1,2080,14.312,1764070366613276.381	,1764070366613290.693	
0,N/A,MEMCPY_ASYNC,1,2081,1.291,1764070366613290.756	,1764070366613292.047	
0,trans_TransData_55,KERNEL_AIVEC,1,2082,87.291,1764070366613295.777	,1764070366613383.068	
0,AsStrided285,KERNEL_AIVEC,1,2083,14.25,1764070366613383.152	,1764070366613397.402	
0,N/A,MEMCPY_ASYNC,1,2084,1.125,1764070366613397.464	,1764070366613398.589	
0,trans_TransData_55,KERNEL_AIVEC,1,2085,97.375,1764070366613412.985	,1764070366613510.360	
0,AsStrided286,KERNEL_AIVEC,1,2086,14.312,1764070366613510.444	,1764070366613524.756	
0,N/A,MEMCPY_ASYNC,1,2087,1.187,1764070366613524.839	,1764070366613526.026	
0,trans_TransData_55,KERNEL_AIVEC,1,2088,84.625,1764070366613545.902	,1764070366613630.527	
0,AsStrided287,KERNEL_AIVEC,1,2089,14.479,1764070366613630.589	,1764070366613645.068	
0,N/A,MEMCPY_ASYNC,1,2090,1.145,1764070366613645.131	,1764070366613646.276	
0,trans_TransData_55,KERNEL_AIVEC,1,2091,78.75,1764070366613666.798	,1764070366613745.548	
0,AsStrided288,KERNEL_AIVEC,1,2092,14.104,1764070366613745.631	,1764070366613759.735	
0,N/A,MEMCPY_ASYNC,1,2093,1.166,1764070366613766.256	,1764070366613767.422	
0,trans_TransData_55,KERNEL_AIVEC,1,2094,106.187,1764070366613798.339	,1764070366613904.526	
0,AsStrided289,KERNEL_AIVEC,1,2095,14.25,1764070366613904.589	,1764070366613918.839	
0,N/A,MEMCPY_ASYNC,1,2096,1.104,1764070366614032.006	,1764070366614033.110	
0,trans_TransData_55,KERNEL_AIVEC,1,2097,89.5,1764070366614084.006	,1764070366614173.506	
0,AsStrided290,KERNEL_AIVEC,1,2098,14.02,1764070366614173.569	,1764070366614187.589	
0,N/A,MEMCPY_ASYNC,1,2099,1.166,1764070366614187.652	,1764070366614188.818	
0,trans_TransData_55,KERNEL_AIVEC,1,2100,109.645,1764070366614214.402	,1764070366614324.047	
0,AsStrided291,KERNEL_AIVEC,1,2101,14.437,1764070366614324.131	,1764070366614338.568	
0,N/A,MEMCPY_ASYNC,1,2102,1.145,1764070366614338.652	,1764070366614339.797	
0,trans_TransData_55,KERNEL_AIVEC,1,2103,110.77,1764070366614348.652	,1764070366614459.422	
0,AsStrided292,KERNEL_AIVEC,1,2104,14.27,1764070366614459.506	,1764070366614473.776	
0,N/A,MEMCPY_ASYNC,1,2105,1.166,1764070366614473.839	,1764070366614475.005	
0,trans_TransData_55,KERNEL_AIVEC,1,2106,107.75,1764070366614475.089	,1764070366614582.839	
0,AsStrided293,KERNEL_AIVEC,1,2107,14.416,1764070366614582.902	,1764070366614597.318	
0,N/A,MEMCPY_ASYNC,1,2108,1.104,1764070366614597.402	,1764070366614598.506	
0,trans_TransData_55,KERNEL_AIVEC,1,2109,89.666,1764070366614639.527	,1764070366614729.193	
0,AsStrided294,KERNEL_AIVEC,1,2110,14.395,1764070366614729.277	,1764070366614743.672	
0,N/A,MEMCPY_ASYNC,1,2111,1.145,1764070366614743.756	,1764070366614744.901	
0,trans_TransData_55,KERNEL_AIVEC,1,2112,119.916,1764070366614768.048	,1764070366614887.964	
0,AsStrided295,KERNEL_AIVEC,1,2113,14.083,1764070366614888.027	,1764070366614902.110	
0,N/A,MEMCPY_ASYNC,1,2114,1.125,1764070366614902.173	,1764070366614903.298	
0,trans_TransData_55,KERNEL_AIVEC,1,2115,82.25,1764070366614903.360	,1764070366614985.610	
0,AsStrided296,KERNEL_AIVEC,1,2116,14.666,1764070366614985.694	,1764070366615000.360	
0,N/A,MEMCPY_ASYNC,1,2117,1.187,1764070366615000.423	,1764070366615001.610	
0,trans_TransData_55,KERNEL_AIVEC,1,2118,84.604,1764070366615022.152	,1764070366615106.756	
0,AsStrided297,KERNEL_AIVEC,1,2119,14.375,1764070366615106.819	,1764070366615121.194	
0,N/A,MEMCPY_ASYNC,1,2120,1.125,1764070366615121.256	,1764070366615122.381	
0,trans_TransData_55,KERNEL_AIVEC,1,2121,98.958,1764070366615145.110	,1764070366615244.068	
0,AsStrided298,KERNEL_AIVEC,1,2122,14.166,1764070366615244.131	,1764070366615258.297	
0,N/A,MEMCPY_ASYNC,1,2123,1.166,1764070366615258.360	,1764070366615259.526	
0,trans_TransData_55,KERNEL_AIVEC,1,2124,114.291,1764070366615273.860	,1764070366615388.151	
0,AsStrided299,KERNEL_AIVEC,1,2125,14.354,1764070366615388.235	,1764070366615402.589	
0,N/A,MEMCPY_ASYNC,1,2126,1.145,1764070366615402.652	,1764070366615403.797	
0,trans_TransData_55,KERNEL_AIVEC,1,2127,79.041,1764070366615403.881	,1764070366615482.922	
0,AsStrided300,KERNEL_AIVEC,1,2128,14.27,1764070366615482.985	,1764070366615497.255	
0,N/A,MEMCPY_ASYNC,1,2129,1.187,1764070366615497.319	,1764070366615498.506	
0,trans_TransData_55,KERNEL_AIVEC,1,2130,79.583,1764070366615519.902	,1764070366615599.485	
0,AsStrided301,KERNEL_AIVEC,1,2131,14.583,1764070366615599.548	,1764070366615614.131	
0,N/A,MEMCPY_ASYNC,1,2132,1.125,1764070366615614.360	,1764070366615615.485	
0,trans_TransData_55,KERNEL_AIVEC,1,2133,93.208,1764070366615649.673	,1764070366615742.881	
0,AsStrided302,KERNEL_AIVEC,1,2134,14.583,1764070366615742.964	,1764070366615757.547	
0,N/A,MEMCPY_ASYNC,1,2135,1.166,1764070366615757.631	,1764070366615758.797	
0,trans_TransData_55,KERNEL_AIVEC,1,2136,85.916,1764070366615771.152	,1764070366615857.068	
0,AsStrided303,KERNEL_AIVEC,1,2137,14.312,1764070366615857.131	,1764070366615871.443	
0,N/A,MEMCPY_ASYNC,1,2138,1.145,1764070366615871.527	,1764070366615872.672	
0,trans_TransData_55,KERNEL_AIVEC,1,2139,86.166,1764070366615898.631	,1764070366615984.797	
0,AsStrided304,KERNEL_AIVEC,1,2140,14.208,1764070366615984.881	,1764070366615999.089	
0,N/A,MEMCPY_ASYNC,1,2141,1.166,1764070366615999.173	,1764070366616000.339	
0,trans_TransData_55,KERNEL_AIVEC,1,2142,86.52,1764070366616023.839	,1764070366616110.359	
0,AsStrided305,KERNEL_AIVEC,1,2143,14.208,1764070366616110.444	,1764070366616124.652	
0,N/A,MEMCPY_ASYNC,1,2144,1.166,1764070366616124.735	,1764070366616125.901	
0,trans_TransData_55,KERNEL_AIVEC,1,2145,83.291,1764070366616144.527	,1764070366616227.818	
0,AsStrided306,KERNEL_AIVEC,1,2146,14.27,1764070366616227.902	,1764070366616242.172	
0,N/A,MEMCPY_ASYNC,1,2147,1.166,1764070366616242.235	,1764070366616243.401	
0,trans_TransData_55,KERNEL_AIVEC,1,2148,108.104,1764070366616268.944	,1764070366616377.048	
0,AsStrided307,KERNEL_AIVEC,1,2149,14.187,1764070366616377.131	,1764070366616391.318	
0,N/A,MEMCPY_ASYNC,1,2150,1.125,1764070366616399.319	,1764070366616400.444	
0,trans_TransData_55,KERNEL_AIVEC,1,2151,120.375,1764070366616400.527	,1764070366616520.902	
0,AsStrided308,KERNEL_AIVEC,1,2152,14.833,1764070366616520.985	,1764070366616535.818	
0,N/A,MEMCPY_ASYNC,1,2153,1.166,1764070366616535.881	,1764070366616537.047	
0,trans_TransData_55,KERNEL_AIVEC,1,2154,78.854,1764070366616537.110	,1764070366616615.964	
0,AsStrided309,KERNEL_AIVEC,1,2155,14.208,1764070366616616.048	,1764070366616630.256	
0,N/A,MEMCPY_ASYNC,1,2156,1.166,1764070366616630.319	,1764070366616631.485	
0,trans_TransData_55,KERNEL_AIVEC,1,2157,86.166,1764070366616658.673	,1764070366616744.839	
0,AsStrided310,KERNEL_AIVEC,1,2158,14.187,1764070366616744.902	,1764070366616759.089	
0,N/A,MEMCPY_ASYNC,1,2159,1.062,1764070366616759.173	,1764070366616760.235	
0,trans_TransData_55,KERNEL_AIVEC,1,2160,80.333,1764070366616760.319	,1764070366616840.652	
0,AsStrided311,KERNEL_AIVEC,1,2161,14.083,1764070366616840.714	,1764070366616854.797	
0,N/A,MEMCPY_ASYNC,1,2162,1.166,1764070366616854.881	,1764070366616856.047	
0,trans_TransData_55,KERNEL_AIVEC,1,2163,95.791,1764070366616882.631	,1764070366616978.422	
0,AsStrided312,KERNEL_AIVEC,1,2164,14.52,1764070366616978.506	,1764070366616993.026	
0,N/A,MEMCPY_ASYNC,1,2165,1.145,1764070366616993.110	,1764070366616994.255	
0,trans_TransData_55,KERNEL_AIVEC,1,2166,89.02,1764070366617007.881	,1764070366617096.901	
0,AsStrided313,KERNEL_AIVEC,1,2167,14.25,1764070366617096.964	,1764070366617111.214	
0,N/A,MEMCPY_ASYNC,1,2168,1.166,1764070366617111.298	,1764070366617112.464	
0,trans_TransData_55,KERNEL_AIVEC,1,2169,87.458,1764070366617135.048	,1764070366617222.506	
0,AsStrided314,KERNEL_AIVEC,1,2170,14.0,1764070366617222.589	,1764070366617236.589	
0,N/A,MEMCPY_ASYNC,1,2171,1.145,1764070366617236.652	,1764070366617237.797	
0,trans_TransData_55,KERNEL_AIVEC,1,2172,80.437,1764070366617255.506	,1764070366617335.943	
0,AsStrided315,KERNEL_AIVEC,1,2173,14.291,1764070366617336.006	,1764070366617350.297	
0,N/A,MEMCPY_ASYNC,1,2174,1.145,1764070366617350.360	,1764070366617351.505	
0,trans_TransData_55,KERNEL_AIVEC,1,2175,92.812,1764070366617375.944	,1764070366617468.756	
0,AsStrided316,KERNEL_AIVEC,1,2176,14.291,1764070366617621.839	,1764070366617636.130	
0,N/A,MEMCPY_ASYNC,1,2177,1.166,1764070366617667.610	,1764070366617668.776	
0,trans_TransData_55,KERNEL_AIVEC,1,2178,106.375,1764070366617704.027	,1764070366617810.402	
0,AsStrided317,KERNEL_AIVEC,1,2179,14.208,1764070366617810.485	,1764070366617824.693	
0,N/A,MEMCPY_ASYNC,1,2180,1.166,1764070366617824.777	,1764070366617825.943	
0,trans_TransData_55,KERNEL_AIVEC,1,2181,112.708,1764070366617828.527	,1764070366617941.235	
0,AsStrided318,KERNEL_AIVEC,1,2182,14.416,1764070366617941.298	,1764070366617955.714	
0,N/A,MEMCPY_ASYNC,1,2183,1.166,1764070366617955.777	,1764070366617956.943	
0,trans_TransData_55,KERNEL_AIVEC,1,2184,105.645,1764070366617958.673	,1764070366618064.318	
0,AsStrided319,KERNEL_AIVEC,1,2185,14.083,1764070366618064.402	,1764070366618078.485	
0,N/A,MEMCPY_ASYNC,1,2186,1.145,1764070366618078.569	,1764070366618079.714	
0,trans_TransData_55,KERNEL_AIVEC,1,2187,88.208,1764070366618083.735	,1764070366618171.943	
0,AsStrided320,KERNEL_AIVEC,1,2188,14.541,1764070366618172.006	,1764070366618186.547	
0,N/A,MEMCPY_ASYNC,1,2189,1.145,1764070366618186.631	,1764070366618187.776	
0,trans_TransData_55,KERNEL_AIVEC,1,2190,113.583,1764070366618203.006	,1764070366618316.589	
0,AsStrided321,KERNEL_AIVEC,1,2191,14.375,1764070366618316.652	,1764070366618331.027	
0,N/A,MEMCPY_ASYNC,1,2192,1.145,1764070366618331.110	,1764070366618332.255	
0,trans_TransData_55,KERNEL_AIVEC,1,2193,84.604,1764070366618332.339	,1764070366618416.943	
0,AsStrided322,KERNEL_AIVEC,1,2194,14.125,1764070366618417.027	,1764070366618431.152	
0,N/A,MEMCPY_ASYNC,1,2195,1.145,1764070366618431.235	,1764070366618432.380	
0,trans_TransData_55,KERNEL_AIVEC,1,2196,94.375,1764070366618441.798	,1764070366618536.173	
0,AsStrided323,KERNEL_AIVEC,1,2197,14.083,1764070366618536.256	,1764070366618550.339	
0,N/A,MEMCPY_ASYNC,1,2198,1.145,1764070366618550.402	,1764070366618551.547	
0,trans_TransData_55,KERNEL_AIVEC,1,2199,111.375,1764070366618662.277	,1764070366618773.652	
0,AsStrided324,KERNEL_AIVEC,1,2200,14.208,1764070366618773.735	,1764070366618787.943	
0,N/A,MEMCPY_ASYNC,1,2201,1.145,1764070366618788.006	,1764070366618789.151	
0,trans_TransData_55,KERNEL_AIVEC,1,2202,104.02,1764070366618797.152	,1764070366618901.172	
0,AsStrided325,KERNEL_AIVEC,1,2203,14.583,1764070366618901.256	,1764070366618915.839	
0,N/A,MEMCPY_ASYNC,1,2204,2.0,1764070366618915.923	,1764070366618917.923	
0,trans_TransData_55,KERNEL_AIVEC,1,2205,78.437,1764070366618917.985	,1764070366618996.422	
0,AsStrided326,KERNEL_AIVEC,1,2206,14.166,1764070366618996.485	,1764070366619010.651	
0,N/A,MEMCPY_ASYNC,1,2207,1.083,1764070366619016.985	,1764070366619018.068	
0,trans_TransData_55,KERNEL_AIVEC,1,2208,90.395,1764070366619051.256	,1764070366619141.651	
0,AsStrided327,KERNEL_AIVEC,1,2209,14.666,1764070366619141.735	,1764070366619156.401	
0,N/A,MEMCPY_ASYNC,1,2210,1.166,1764070366619156.485	,1764070366619157.651	
0,trans_TransData_55,KERNEL_AIVEC,1,2211,108.541,1764070366619175.214	,1764070366619283.755	
0,AsStrided328,KERNEL_AIVEC,1,2212,14.333,1764070366619283.839	,1764070366619298.172	
0,N/A,MEMCPY_ASYNC,1,2213,1.125,1764070366619298.235	,1764070366619299.360	
0,trans_TransData_55,KERNEL_AIVEC,1,2214,88.437,1764070366619304.381	,1764070366619392.818	
0,AsStrided329,KERNEL_AIVEC,1,2215,14.291,1764070366619392.902	,1764070366619407.193	
0,N/A,MEMCPY_ASYNC,1,2216,1.041,1764070366620336.944	,1764070366620337.985	
0,trans_TransData_55,KERNEL_AIVEC,1,2217,92.312,1764070366620452.569	,1764070366620544.881	
0,AsStrided330,KERNEL_AIVEC,1,2218,14.458,1764070366620544.944	,1764070366620559.402	
0,N/A,MEMCPY_ASYNC,1,2219,1.104,1764070366620975.798	,1764070366620976.902	
0,trans_TransData_55,KERNEL_AIVEC,1,2220,109.708,1764070366623063.006	,1764070366623172.714	
0,AsStrided331,KERNEL_AIVEC,1,2221,14.562,1764070366623172.798	,1764070366623187.360	
0,N/A,MEMCPY_ASYNC,1,2222,1.145,1764070366623210.798	,1764070366623211.943	
0,trans_TransData_55,KERNEL_AIVEC,1,2223,99.791,1764070366623256.006	,1764070366623355.797	
0,AsStrided332,KERNEL_AIVEC,1,2224,14.27,1764070366623355.881	,1764070366623370.151	
0,N/A,MEMCPY_ASYNC,1,2225,1.083,1764070366623370.214	,1764070366623371.297	
0,trans_TransData_55,KERNEL_AIVEC,1,2226,86.187,1764070366623390.423	,1764070366623476.610	
0,AsStrided333,KERNEL_AIVEC,1,2227,14.791,1764070366623476.673	,1764070366623491.464	
0,N/A,MEMCPY_ASYNC,1,2228,1.166,1764070366623491.527	,1764070366623492.693	
0,trans_TransData_55,KERNEL_AIVEC,1,2229,110.562,1764070366623529.652	,1764070366623640.214	
0,AsStrided334,KERNEL_AIVEC,1,2230,14.541,1764070366623640.298	,1764070366623654.839	
0,N/A,MEMCPY_ASYNC,1,2231,1.145,1764070366623654.923	,1764070366623656.068	
0,trans_TransData_55,KERNEL_AIVEC,1,2232,111.312,1764070366623656.131	,1764070366623767.443	
0,AsStrided335,KERNEL_AIVEC,1,2233,15.187,1764070366623767.506	,1764070366623782.693	
0,N/A,MEMCPY_ASYNC,1,2234,1.166,1764070366623782.756	,1764070366623783.922	
0,trans_TransData_55,KERNEL_AIVEC,1,2235,108.312,1764070366623785.006	,1764070366623893.318	
0,AsStrided336,KERNEL_AIVEC,1,2236,14.5,1764070366623893.402	,1764070366623907.902	
0,N/A,MEMCPY_ASYNC,1,2237,1.083,1764070366623907.985	,1764070366623909.068	
0,trans_TransData_55,KERNEL_AIVEC,1,2238,114.375,1764070366623914.652	,1764070366624029.027	
0,AsStrided337,KERNEL_AIVEC,1,2239,14.145,1764070366624029.110	,1764070366624043.255	
0,N/A,MEMCPY_ASYNC,1,2240,1.041,1764070366624440.819	,1764070366624441.860	
0,trans_TransData_55,KERNEL_AIVEC,1,2241,109.395,1764070366624519.756	,1764070366624629.151	
0,AsStrided338,KERNEL_AIVEC,1,2242,14.041,1764070366624629.214	,1764070366624643.255	
0,N/A,MEMCPY_ASYNC,1,2243,1.083,1764070366624644.902	,1764070366624645.985	
0,trans_TransData_55,KERNEL_AIVEC,1,2244,85.25,1764070366624695.944	,1764070366624781.194	
0,AsStrided339,KERNEL_AIVEC,1,2245,14.125,1764070366624781.277	,1764070366624795.402	
0,N/A,MEMCPY_ASYNC,1,2246,1.166,1764070366624890.923	,1764070366624892.089	
0,trans_TransData_55,KERNEL_AIVEC,1,2247,111.395,1764070366624952.798	,1764070366625064.193	
0,AsStrided340,KERNEL_AIVEC,1,2248,13.916,1764070366625064.277	,1764070366625078.193	
0,N/A,MEMCPY_ASYNC,1,2249,1.062,1764070366625078.277	,1764070366625079.339	
0,trans_TransData_55,KERNEL_AIVEC,1,2250,93.666,1764070366625087.652	,1764070366625181.318	
0,AsStrided341,KERNEL_AIVEC,1,2251,14.479,1764070366625181.381	,1764070366625195.860	
0,N/A,MEMCPY_ASYNC,1,2252,1.041,1764070366625195.923	,1764070366625196.964	
0,trans_TransData_55,KERNEL_AIVEC,1,2253,80.27,1764070366625217.277	,1764070366625297.547	
0,AsStrided342,KERNEL_AIVEC,1,2254,14.208,1764070366625297.631	,1764070366625311.839	
0,N/A,MEMCPY_ASYNC,1,2255,1.062,1764070366625311.923	,1764070366625312.985	
0,trans_TransData_55,KERNEL_AIVEC,1,2256,94.354,1764070366625339.339	,1764070366625433.693	
0,AsStrided343,KERNEL_AIVEC,1,2257,14.333,1764070366625433.756	,1764070366625448.089	
0,N/A,MEMCPY_ASYNC,1,2258,1.125,1764070366625448.152	,1764070366625449.277	
0,trans_TransData_55,KERNEL_AIVEC,1,2259,96.333,1764070366625466.964	,1764070366625563.297	
0,AsStrided344,KERNEL_AIVEC,1,2260,14.125,1764070366625563.381	,1764070366625577.506	
0,N/A,MEMCPY_ASYNC,1,2261,1.062,1764070366625577.589	,1764070366625578.651	
0,trans_TransData_55,KERNEL_AIVEC,1,2262,104.0,1764070366625590.319	,1764070366625694.319	
0,AsStrided345,KERNEL_AIVEC,1,2263,13.895,1764070366625694.402	,1764070366625708.297	
0,N/A,MEMCPY_ASYNC,1,2264,1.041,1764070366625708.360	,1764070366625709.401	
0,trans_TransData_55,KERNEL_AIVEC,1,2265,111.458,1764070366625709.485	,1764070366625820.943	
0,AsStrided346,KERNEL_AIVEC,1,2266,14.25,1764070366625821.027	,1764070366625835.277	
0,N/A,MEMCPY_ASYNC,1,2267,1.062,1764070366625835.360	,1764070366625836.422	
0,trans_TransData_55,KERNEL_AIVEC,1,2268,90.812,1764070366625836.506	,1764070366625927.318	
0,AsStrided347,KERNEL_AIVEC,1,2269,14.104,1764070366625927.402	,1764070366625941.506	
0,N/A,MEMCPY_ASYNC,1,2270,1.104,1764070366625941.589	,1764070366625942.693	
0,trans_TransData_55,KERNEL_AIVEC,1,2271,92.645,1764070366625952.214	,1764070366626044.859	
0,AsStrided348,KERNEL_AIVEC,1,2272,14.27,1764070366626044.923	,1764070366626059.193	
0,N/A,MEMCPY_ASYNC,1,2273,1.145,1764070366626059.277	,1764070366626060.422	
0,trans_TransData_55,KERNEL_AIVEC,1,2274,124.625,1764070366626076.423	,1764070366626201.048	
0,AsStrided349,KERNEL_AIVEC,1,2275,14.062,1764070366626201.110	,1764070366626215.172	
0,N/A,MEMCPY_ASYNC,1,2276,1.104,1764070366626215.256	,1764070366626216.360	
0,trans_TransData_55,KERNEL_AIVEC,1,2277,121.583,1764070366626216.423	,1764070366626338.006	
0,AsStrided350,KERNEL_AIVEC,1,2278,14.354,1764070366626338.089	,1764070366626352.443	
0,N/A,MEMCPY_ASYNC,1,2279,1.083,1764070366626616.194	,1764070366626617.277	
0,trans_TransData_55,KERNEL_AIVEC,1,2280,108.875,1764070366626701.610	,1764070366626810.485	
0,AsStrided351,KERNEL_AIVEC,1,2281,14.562,1764070366626810.548	,1764070366626825.110	
0,N/A,MEMCPY_ASYNC,1,2282,1.104,1764070366626825.194	,1764070366626826.298	
0,trans_TransData_55,KERNEL_AIVEC,1,2283,112.895,1764070366626848.339	,1764070366626961.234	
0,AsStrided352,KERNEL_AIVEC,1,2284,13.895,1764070366626961.319	,1764070366626975.214	
0,N/A,MEMCPY_ASYNC,1,2285,1.062,1764070366626975.298	,1764070366626976.360	
0,trans_TransData_55,KERNEL_AIVEC,1,2286,115.583,1764070366626976.444	,1764070366627092.027	
0,AsStrided353,KERNEL_AIVEC,1,2287,14.354,1764070366627092.110	,1764070366627106.464	
0,N/A,MEMCPY_ASYNC,1,2288,1.062,1764070366627106.527	,1764070366627107.589	
0,trans_TransData_55,KERNEL_AIVEC,1,2289,112.145,1764070366627107.652	,1764070366627219.797	
0,AsStrided354,KERNEL_AIVEC,1,2290,13.916,1764070366627219.860	,1764070366627233.776	
0,N/A,MEMCPY_ASYNC,1,2291,1.062,1764070366627233.860	,1764070366627234.922	
0,trans_TransData_55,KERNEL_AIVEC,1,2292,108.666,1764070366627235.006	,1764070366627343.672	
0,AsStrided355,KERNEL_AIVEC,1,2293,14.25,1764070366627343.756	,1764070366627358.006	
0,N/A,MEMCPY_ASYNC,1,2294,1.104,1764070366627358.089	,1764070366627359.193	
0,trans_TransData_55,KERNEL_AIVEC,1,2295,96.458,1764070366627359.277	,1764070366627455.735	
0,AsStrided356,KERNEL_AIVEC,1,2296,14.791,1764070366627455.819	,1764070366627470.610	
0,N/A,MEMCPY_ASYNC,1,2297,1.083,1764070366627470.673	,1764070366627471.756	
0,trans_TransData_55,KERNEL_AIVEC,1,2298,80.854,1764070366627471.819	,1764070366627552.673	
0,AsStrided357,KERNEL_AIVEC,1,2299,14.145,1764070366627552.756	,1764070366627566.901	
0,N/A,MEMCPY_ASYNC,1,2300,1.062,1764070366627566.964	,1764070366627568.026	
0,trans_TransData_55,KERNEL_AIVEC,1,2301,96.916,1764070366627585.110	,1764070366627682.026	
0,AsStrided358,KERNEL_AIVEC,1,2302,14.166,1764070366627682.089	,1764070366627696.255	
0,N/A,MEMCPY_ASYNC,1,2303,1.083,1764070366627696.339	,1764070366627697.422	
0,trans_TransData_55,KERNEL_AIVEC,1,2304,94.645,1764070366627877.735	,1764070366627972.380	
0,AsStrided359,KERNEL_AIVEC,1,2305,14.083,1764070366627972.444	,1764070366627986.527	
0,N/A,MEMCPY_ASYNC,1,2306,1.125,1764070366627986.589	,1764070366627987.714	
0,trans_TransData_55,KERNEL_AIVEC,1,2307,120.291,1764070366628005.214	,1764070366628125.505	
0,AsStrided360,KERNEL_AIVEC,1,2308,14.312,1764070366628125.569	,1764070366628139.881	
0,N/A,MEMCPY_ASYNC,1,2309,1.083,1764070366628139.944	,1764070366628141.027	
0,trans_TransData_55,KERNEL_AIVEC,1,2310,114.125,1764070366628141.089	,1764070366628255.214	
0,AsStrided361,KERNEL_AIVEC,1,2311,14.104,1764070366628255.277	,1764070366628269.381	
0,N/A,MEMCPY_ASYNC,1,2312,1.062,1764070366628269.444	,1764070366628270.506	
0,trans_TransData_55,KERNEL_AIVEC,1,2313,120.208,1764070366628270.589	,1764070366628390.797	
0,AsStrided362,KERNEL_AIVEC,1,2314,14.354,1764070366628390.860	,1764070366628405.214	
0,N/A,MEMCPY_ASYNC,1,2315,1.062,1764070366628405.298	,1764070366628406.360	
0,trans_TransData_55,KERNEL_AIVEC,1,2316,91.791,1764070366628406.444	,1764070366628498.235	
0,AsStrided363,KERNEL_AIVEC,1,2317,14.291,1764070366628498.298	,1764070366628512.589	
0,N/A,MEMCPY_ASYNC,1,2318,1.166,1764070366628512.673	,1764070366628513.839	
0,trans_TransData_55,KERNEL_AIVEC,1,2319,103.77,1764070366628513.902	,1764070366628617.672	
0,AsStrided364,KERNEL_AIVEC,1,2320,13.916,1764070366628617.735	,1764070366628631.651	
0,N/A,MEMCPY_ASYNC,1,2321,1.166,1764070366628631.735	,1764070366628632.901	
0,trans_TransData_55,KERNEL_AIVEC,1,2322,96.145,1764070366628632.964	,1764070366628729.109	
0,AsStrided365,KERNEL_AIVEC,1,2323,14.333,1764070366628729.173	,1764070366628743.506	
0,N/A,MEMCPY_ASYNC,1,2324,1.166,1764070366628743.569	,1764070366628744.735	
0,trans_TransData_55,KERNEL_AIVEC,1,2325,109.979,1764070366628744.819	,1764070366628854.798	
0,AsStrided366,KERNEL_AIVEC,1,2326,14.875,1764070366628854.881	,1764070366628869.756	
0,N/A,MEMCPY_ASYNC,1,2327,1.062,1764070366628869.839	,1764070366628870.901	
0,trans_TransData_55,KERNEL_AIVEC,1,2328,109.791,1764070366628870.964	,1764070366628980.755	
0,AsStrided367,KERNEL_AIVEC,1,2329,14.312,1764070366628980.839	,1764070366628995.151	
0,N/A,MEMCPY_ASYNC,1,2330,1.145,1764070366628995.235	,1764070366628996.380	
0,trans_TransData_55,KERNEL_AIVEC,1,2331,78.583,1764070366628996.464	,1764070366629075.047	
0,AsStrided368,KERNEL_AIVEC,1,2332,13.916,1764070366629075.131	,1764070366629089.047	
0,N/A,MEMCPY_ASYNC,1,2333,1.145,1764070366629089.131	,1764070366629090.276	
0,trans_TransData_55,KERNEL_AIVEC,1,2334,103.395,1764070366629103.798	,1764070366629207.193	
0,AsStrided369,KERNEL_AIVEC,1,2335,14.125,1764070366629207.256	,1764070366629221.381	
0,N/A,MEMCPY_ASYNC,1,2336,1.125,1764070366629221.464	,1764070366629222.589	
0,trans_TransData_55,KERNEL_AIVEC,1,2337,117.062,1764070366629222.673	,1764070366629339.735	
0,AsStrided370,KERNEL_AIVEC,1,2338,14.208,1764070366629339.819	,1764070366629354.027	
0,N/A,MEMCPY_ASYNC,1,2339,1.145,1764070366629354.110	,1764070366629355.255	
0,trans_TransData_55,KERNEL_AIVEC,1,2340,90.833,1764070366629355.339	,1764070366629446.172	
0,AsStrided371,KERNEL_AIVEC,1,2341,14.916,1764070366629446.235	,1764070366629461.151	
0,N/A,MEMCPY_ASYNC,1,2342,1.166,1764070366629461.235	,1764070366629462.401	
0,trans_TransData_55,KERNEL_AIVEC,1,2343,124.145,1764070366629464.881	,1764070366629589.026	
0,AsStrided372,KERNEL_AIVEC,1,2344,14.125,1764070366629589.110	,1764070366629603.235	
0,N/A,MEMCPY_ASYNC,1,2345,1.166,1764070366629603.319	,1764070366629604.485	
0,trans_TransData_55,KERNEL_AIVEC,1,2346,108.166,1764070366629604.569	,1764070366629712.735	
0,AsStrided373,KERNEL_AIVEC,1,2347,14.333,1764070366629712.819	,1764070366629727.152	
0,N/A,MEMCPY_ASYNC,1,2348,1.166,1764070366629727.214	,1764070366629728.380	
0,trans_TransData_55,KERNEL_AIVEC,1,2349,94.104,1764070366629728.464	,1764070366629822.568	
0,AsStrided374,KERNEL_AIVEC,1,2350,14.52,1764070366629822.652	,1764070366629837.172	
0,N/A,MEMCPY_ASYNC,1,2351,1.062,1764070366629837.256	,1764070366629838.318	
0,trans_TransData_55,KERNEL_AIVEC,1,2352,107.916,1764070366629838.402	,1764070366629946.318	
0,AsStrided375,KERNEL_AIVEC,1,2353,14.041,1764070366629946.402	,1764070366629960.443	
0,N/A,MEMCPY_ASYNC,1,2354,1.166,1764070366629960.506	,1764070366629961.672	
0,trans_TransData_55,KERNEL_AIVEC,1,2355,79.229,1764070366629961.756	,1764070366630040.985	
0,AsStrided376,KERNEL_AIVEC,1,2356,14.916,1764070366630041.069	,1764070366630055.985	
0,N/A,MEMCPY_ASYNC,1,2357,1.062,1764070366630056.069	,1764070366630057.131	
0,trans_TransData_55,KERNEL_AIVEC,1,2358,97.062,1764070366630068.506	,1764070366630165.568	
0,AsStrided377,KERNEL_AIVEC,1,2359,14.125,1764070366630165.631	,1764070366630179.756	
0,N/A,MEMCPY_ASYNC,1,2360,1.062,1764070366630179.819	,1764070366630180.881	
0,trans_TransData_55,KERNEL_AIVEC,1,2361,120.583,1764070366630184.506	,1764070366630305.089	
0,AsStrided378,KERNEL_AIVEC,1,2362,14.0,1764070366630305.152	,1764070366630319.152	
0,N/A,MEMCPY_ASYNC,1,2363,1.062,1764070366630319.235	,1764070366630320.297	
0,trans_TransData_55,KERNEL_AIVEC,1,2364,122.229,1764070366630320.381	,1764070366630442.610	
0,AsStrided379,KERNEL_AIVEC,1,2365,14.229,1764070366630442.694	,1764070366630456.923	
0,N/A,MEMCPY_ASYNC,1,2366,1.166,1764070366630457.006	,1764070366630458.172	
0,trans_TransData_55,KERNEL_AIVEC,1,2367,110.812,1764070366630458.235	,1764070366630569.047	
0,AsStrided380,KERNEL_AIVEC,1,2368,14.0,1764070366630647.444	,1764070366630661.444	
0,N/A,MEMCPY_ASYNC,1,2369,1.166,1764070366630689.423	,1764070366630690.589	
0,trans_TransData_55,KERNEL_AIVEC,1,2370,125.854,1764070366630728.985	,1764070366630854.839	
0,AsStrided381,KERNEL_AIVEC,1,2371,14.895,1764070366630854.923	,1764070366630869.818	
0,N/A,MEMCPY_ASYNC,1,2372,1.166,1764070366630869.902	,1764070366630871.068	
0,trans_TransData_55,KERNEL_AIVEC,1,2373,107.27,1764070366630871.131	,1764070366630978.401	
0,AsStrided382,KERNEL_AIVEC,1,2374,14.229,1764070366630978.485	,1764070366630992.714	
0,N/A,MEMCPY_ASYNC,1,2375,1.083,1764070366630992.777	,1764070366630993.860	
0,trans_TransData_55,KERNEL_AIVEC,1,2376,94.687,1764070366630993.944	,1764070366631088.631	
0,AsStrided383,KERNEL_AIVEC,1,2377,13.895,1764070366631088.714	,1764070366631102.609	
0,N/A,MEMCPY_ASYNC,1,2378,1.104,1764070366631102.673	,1764070366631103.777	
0,trans_TransData_55,KERNEL_AIVEC,1,2379,94.187,1764070366631103.860	,1764070366631198.047	
0,AsStrided384,KERNEL_AIVEC,1,2380,14.208,1764070366631198.131	,1764070366631212.339	
0,N/A,MEMCPY_ASYNC,1,2381,1.062,1764070366631212.423	,1764070366631213.485	
0,trans_TransData_55,KERNEL_AIVEC,1,2382,120.312,1764070366631217.714	,1764070366631338.026	
0,AsStrided385,KERNEL_AIVEC,1,2383,14.25,1764070366631338.110	,1764070366631352.360	
0,N/A,MEMCPY_ASYNC,1,2384,1.062,1764070366631352.423	,1764070366631353.485	
0,trans_TransData_55,KERNEL_AIVEC,1,2385,83.083,1764070366631353.569	,1764070366631436.652	
0,AsStrided386,KERNEL_AIVEC,1,2386,14.187,1764070366631436.735	,1764070366631450.922	
0,N/A,MEMCPY_ASYNC,1,2387,1.062,1764070366631451.006	,1764070366631452.068	
0,trans_TransData_55,KERNEL_AIVEC,1,2388,124.104,1764070366631454.485	,1764070366631578.589	
0,AsStrided387,KERNEL_AIVEC,1,2389,13.916,1764070366631578.673	,1764070366631592.589	
0,N/A,MEMCPY_ASYNC,1,2390,1.145,1764070366631592.673	,1764070366631593.818	
0,trans_TransData_55,KERNEL_AIVEC,1,2391,97.437,1764070366631593.902	,1764070366631691.339	
0,AsStrided388,KERNEL_AIVEC,1,2392,14.25,1764070366631691.402	,1764070366631705.652	
0,N/A,MEMCPY_ASYNC,1,2393,1.062,1764070366631705.735	,1764070366631706.797	
0,trans_TransData_55,KERNEL_AIVEC,1,2394,94.77,1764070366631706.881	,1764070366631801.651	
0,AsStrided389,KERNEL_AIVEC,1,2395,14.229,1764070366631801.735	,1764070366631815.964	
0,N/A,MEMCPY_ASYNC,1,2396,1.062,1764070366631816.027	,1764070366631817.089	
0,trans_TransData_55,KERNEL_AIVEC,1,2397,108.375,1764070366631817.152	,1764070366631925.527	
0,AsStrided390,KERNEL_AIVEC,1,2398,14.125,1764070366631925.610	,1764070366631939.735	
0,N/A,MEMCPY_ASYNC,1,2399,1.062,1764070366631939.819	,1764070366631940.881	
0,trans_TransData_55,KERNEL_AIVEC,1,2400,91.125,1764070366631940.964	,1764070366632032.089	
0,AsStrided391,KERNEL_AIVEC,1,2401,14.229,1764070366632032.152	,1764070366632046.381	
0,N/A,MEMCPY_ASYNC,1,2402,1.166,1764070366632046.444	,1764070366632047.610	
0,trans_TransData_55,KERNEL_AIVEC,1,2403,96.437,1764070366632049.298	,1764070366632145.735	
0,AsStrided392,KERNEL_AIVEC,1,2404,14.125,1764070366632145.819	,1764070366632159.944	
0,N/A,MEMCPY_ASYNC,1,2405,1.062,1764070366632160.027	,1764070366632161.089	
0,trans_TransData_55,KERNEL_AIVEC,1,2406,95.479,1764070366632163.714	,1764070366632259.193	
0,AsStrided393,KERNEL_AIVEC,1,2407,14.333,1764070366632259.256	,1764070366632273.589	
0,N/A,MEMCPY_ASYNC,1,2408,1.062,1764070366632273.652	,1764070366632274.714	
0,trans_TransData_55,KERNEL_AIVEC,1,2409,80.729,1764070366632277.048	,1764070366632357.777	
0,AsStrided394,KERNEL_AIVEC,1,2410,14.979,1764070366632380.798	,1764070366632395.777	
0,N/A,MEMCPY_ASYNC,1,2411,1.083,1764070366632395.839	,1764070366632396.922	
0,trans_TransData_55,KERNEL_AIVEC,1,2412,90.77,1764070366632407.902	,1764070366632498.672	
0,AsStrided395,KERNEL_AIVEC,1,2413,14.229,1764070366632498.735	,1764070366632512.964	
0,N/A,MEMCPY_ASYNC,1,2414,1.145,1764070366632513.048	,1764070366632514.193	
0,trans_TransData_55,KERNEL_AIVEC,1,2415,99.666,1764070366632567.839	,1764070366632667.505	
0,AsStrided396,KERNEL_AIVEC,1,2416,14.666,1764070366632667.589	,1764070366632682.255	
0,N/A,MEMCPY_ASYNC,1,2417,1.062,1764070366632703.277	,1764070366632704.339	
0,trans_TransData_55,KERNEL_AIVEC,1,2418,95.833,1764070366632708.610	,1764070366632804.443	
0,AsStrided397,KERNEL_AIVEC,1,2419,14.0,1764070366632804.506	,1764070366632818.506	
0,N/A,MEMCPY_ASYNC,1,2420,1.187,1764070366632818.569	,1764070366632819.756	
0,trans_TransData_55,KERNEL_AIVEC,1,2421,101.958,1764070366632833.548	,1764070366632935.506	
0,AsStrided398,KERNEL_AIVEC,1,2422,14.229,1764070366632935.589	,1764070366632949.818	
0,N/A,MEMCPY_ASYNC,1,2423,1.166,1764070366632949.881	,1764070366632951.047	
0,trans_TransData_55,KERNEL_AIVEC,1,2424,110.5,1764070366632951.110	,1764070366633061.610	
0,AsStrided399,KERNEL_AIVEC,1,2425,13.916,1764070366633061.694	,1764070366633075.610	
0,N/A,MEMCPY_ASYNC,1,2426,1.166,1764070366633075.673	,1764070366633076.839	
0,trans_TransData_55,KERNEL_AIVEC,1,2427,101.208,1764070366633077.735	,1764070366633178.943	
0,AsStrided400,KERNEL_AIVEC,1,2428,14.208,1764070366633179.006	,1764070366633193.214	
0,N/A,MEMCPY_ASYNC,1,2429,1.062,1764070366633193.298	,1764070366633194.360	
0,trans_TransData_55,KERNEL_AIVEC,1,2430,106.5,1764070366633194.444	,1764070366633300.944	
0,AsStrided401,KERNEL_AIVEC,1,2431,14.208,1764070366633301.027	,1764070366633315.235	
0,N/A,MEMCPY_ASYNC,1,2432,1.062,1764070366633417.319	,1764070366633418.381	
0,trans_TransData_55,KERNEL_AIVEC,1,2433,102.062,1764070366633455.673	,1764070366633557.735	
0,AsStrided402,KERNEL_AIVEC,1,2434,13.895,1764070366633557.819	,1764070366633571.714	
0,N/A,MEMCPY_ASYNC,1,2435,1.062,1764070366633571.798	,1764070366633572.860	
0,trans_TransData_55,KERNEL_AIVEC,1,2436,107.895,1764070366633575.194	,1764070366633683.089	
0,AsStrided403,KERNEL_AIVEC,1,2437,14.208,1764070366633683.173	,1764070366633697.381	
0,N/A,MEMCPY_ASYNC,1,2438,1.145,1764070366633697.464	,1764070366633698.609	
0,trans_TransData_55,KERNEL_AIVEC,1,2439,80.958,1764070366633698.694	,1764070366633779.652	
0,AsStrided404,KERNEL_AIVEC,1,2440,13.875,1764070366633779.735	,1764070366633793.610	
0,N/A,MEMCPY_ASYNC,1,2441,1.083,1764070366633793.673	,1764070366633794.756	
0,trans_TransData_55,KERNEL_AIVEC,1,2442,109.187,1764070366633814.381	,1764070366633923.568	
0,AsStrided405,KERNEL_AIVEC,1,2443,14.333,1764070366633923.631	,1764070366633937.964	
0,N/A,MEMCPY_ASYNC,1,2444,1.041,1764070366633938.027	,1764070366633939.068	
0,trans_TransData_55,KERNEL_AIVEC,1,2445,92.479,1764070366633939.152	,1764070366634031.631	
0,AsStrided406,KERNEL_AIVEC,1,2446,13.937,1764070366634031.714	,1764070366634045.651	
0,N/A,MEMCPY_ASYNC,1,2447,1.083,1764070366634077.527	,1764070366634078.610	
0,Pack407/Pack00,KERNEL_AIVEC,1,2448,14.291,1764070370622125.839	,1764070370622140.130	
0,Pack407/Pack10,KERNEL_AIVEC,1,2449,12.125,1764070370622267.277	,1764070370622279.402	
0,Pack407/Pack20,KERNEL_AIVEC,1,2450,11.916,1764070370622387.610	,1764070370622399.526	
0,Pack407/Pack30,KERNEL_AIVEC,1,2451,12.395,1764070370622500.631	,1764070370622513.026	
0,Pack407/Pack40,KERNEL_AIVEC,1,2452,13.812,1764070370622620.923	,1764070370622634.735	
0,Pack407/Pack50,KERNEL_AIVEC,1,2453,12.666,1764070370622723.923	,1764070370622736.589	
0,Pack407/Pack60,KERNEL_AIVEC,1,2454,15.354,1764070370622811.694	,1764070370622827.048	
0,Pack407/Pack70,KERNEL_AIVEC,1,2455,14.52,1764070370622905.339	,1764070370622919.859	
0,Pack407/Pack80,KERNEL_AIVEC,1,2456,14.604,1764070370623006.735	,1764070370623021.339	
0,Pack407/Pack90,KERNEL_AIVEC,1,2457,8.375,1764070370623077.319	,1764070370623085.694	
0,Pack407/PackBase_node0,KERNEL_AIVEC,1,2458,40.895,1764070370623136.756	,1764070370623177.651	
0,AsStrided106,KERNEL_AIVEC,1,2459,36.604,1764070370623324.964	,1764070370623361.568	
0,N/A,MEMCPY_ASYNC,1,2460,2.0,1764070370623431.173	,1764070370623433.173	
0,AsStrided108,KERNEL_AIVEC,1,2461,14.458,1764070370623500.756	,1764070370623515.214	
0,N/A,MEMCPY_ASYNC,1,2462,1.145,1764070370623559.548	,1764070370623560.693	
0,AsStrided109,KERNEL_AIVEC,1,2463,14.291,1764070370623622.485	,1764070370623636.776	
0,N/A,MEMCPY_ASYNC,1,2464,1.166,1764070370623671.402	,1764070370623672.568	
0,AsStrided110,KERNEL_AIVEC,1,2465,14.395,1764070370623745.735	,1764070370623760.130	
0,N/A,MEMCPY_ASYNC,1,2466,1.083,1764070370623785.319	,1764070370623786.402	
0,AsStrided111,KERNEL_AIVEC,1,2467,14.875,1764070370623839.048	,1764070370623853.923	
0,N/A,MEMCPY_ASYNC,1,2468,1.166,1764070370623882.985	,1764070370623884.151	
0,AsStrided112,KERNEL_AIVEC,1,2469,13.937,1764070370623939.902	,1764070370623953.839	
0,N/A,MEMCPY_ASYNC,1,2470,1.145,1764070370623979.902	,1764070370623981.047	
0,AsStrided113,KERNEL_AIVEC,1,2471,14.416,1764070370624034.756	,1764070370624049.172	
0,N/A,MEMCPY_ASYNC,1,2472,1.145,1764070370624079.735	,1764070370624080.880	
0,AsStrided114,KERNEL_AIVEC,1,2473,14.416,1764070370624140.964	,1764070370624155.380	
0,N/A,MEMCPY_ASYNC,1,2474,1.145,1764070370624179.569	,1764070370624180.714	
0,AsStrided115,KERNEL_AIVEC,1,2475,14.458,1764070370624237.444	,1764070370624251.902	
0,N/A,MEMCPY_ASYNC,1,2476,1.145,1764070370624273.839	,1764070370624274.984	
0,AsStrided116,KERNEL_AIVEC,1,2477,14.416,1764070370624328.756	,1764070370624343.172	
0,N/A,MEMCPY_ASYNC,1,2478,1.145,1764070370624396.152	,1764070370624397.297	
0,AsStrided117,KERNEL_AIVEC,1,2479,14.437,1764070370624480.069	,1764070370624494.506	
0,N/A,MEMCPY_ASYNC,1,2480,1.187,1764070370624529.610	,1764070370624530.797	
0,AsStrided118,KERNEL_AIVEC,1,2481,14.166,1764070370624590.506	,1764070370624604.672	
0,N/A,MEMCPY_ASYNC,1,2482,1.145,1764070370624655.048	,1764070370624656.193	
0,AsStrided119,KERNEL_AIVEC,1,2483,14.5,1764070370624707.027	,1764070370624721.527	
0,N/A,MEMCPY_ASYNC,1,2484,1.187,1764070370626825.214	,1764070370626826.401	
0,AsStrided120,KERNEL_AIVEC,1,2485,14.979,1764070370630811.006	,1764070370630825.985	
0,N/A,MEMCPY_ASYNC,1,2486,1.166,1764070370631156.610	,1764070370631157.776	
0,AsStrided121,KERNEL_AIVEC,1,2487,13.958,1764070370631269.714	,1764070370631283.672	
0,N/A,MEMCPY_ASYNC,1,2488,1.166,1764070370631319.860	,1764070370631321.026	
0,AsStrided122,KERNEL_AIVEC,1,2489,14.187,1764070370631432.631	,1764070370631446.818	
0,N/A,MEMCPY_ASYNC,1,2490,1.145,1764070370631478.881	,1764070370631480.026	
0,AsStrided123,KERNEL_AIVEC,1,2491,14.52,1764070370631538.360	,1764070370631552.880	
0,N/A,MEMCPY_ASYNC,1,2492,1.125,1764070370631577.902	,1764070370631579.027	
0,AsStrided124,KERNEL_AIVEC,1,2493,14.458,1764070370631634.256	,1764070370631648.714	
0,N/A,MEMCPY_ASYNC,1,2494,1.25,1764070370631751.527	,1764070370631752.777	
0,AsStrided125,KERNEL_AIVEC,1,2495,14.375,1764070370631825.485	,1764070370631839.860	
0,N/A,MEMCPY_ASYNC,1,2496,2.041,1764070370632048.694	,1764070370632050.735	
0,AsStrided126,KERNEL_AIVEC,1,2497,13.916,1764070370632118.548	,1764070370632132.464	
0,N/A,MEMCPY_ASYNC,1,2498,1.208,1764070370632158.756	,1764070370632159.964	
0,AsStrided127,KERNEL_AIVEC,1,2499,14.229,1764070370632214.194	,1764070370632228.423	
0,N/A,MEMCPY_ASYNC,1,2500,1.25,1764070370632249.798	,1764070370632251.048	
0,AsStrided128,KERNEL_AIVEC,1,2501,13.916,1764070370632305.298	,1764070370632319.214	
0,N/A,MEMCPY_ASYNC,1,2502,1.291,1764070370632384.860	,1764070370632386.151	
0,AsStrided129,KERNEL_AIVEC,1,2503,14.187,1764070370632487.131	,1764070370632501.318	
0,N/A,MEMCPY_ASYNC,1,2504,1.25,1764070370632530.569	,1764070370632531.819	
0,AsStrided130,KERNEL_AIVEC,1,2505,14.208,1764070370632593.631	,1764070370632607.839	
0,N/A,MEMCPY_ASYNC,1,2506,1.208,1764070370632654.089	,1764070370632655.297	
0,AsStrided131,KERNEL_AIVEC,1,2507,14.52,1764070370632707.569	,1764070370632722.089	
0,N/A,MEMCPY_ASYNC,1,2508,1.166,1764070370632768.069	,1764070370632769.235	
0,AsStrided132,KERNEL_AIVEC,1,2509,14.187,1764070370632825.110	,1764070370632839.297	
0,N/A,MEMCPY_ASYNC,1,2510,1.208,1764070370632873.006	,1764070370632874.214	
0,AsStrided133,KERNEL_AIVEC,1,2511,14.166,1764070370632926.881	,1764070370632941.047	
0,N/A,MEMCPY_ASYNC,1,2512,1.25,1764070370632962.652	,1764070370632963.902	
0,AsStrided134,KERNEL_AIVEC,1,2513,14.125,1764070370633025.923	,1764070370633040.048	
0,N/A,MEMCPY_ASYNC,1,2514,1.208,1764070370633063.110	,1764070370633064.318	
0,AsStrided135,KERNEL_AIVEC,1,2515,14.145,1764070370633117.589	,1764070370633131.734	
0,N/A,MEMCPY_ASYNC,1,2516,1.166,1764070370633153.735	,1764070370633154.901	
0,AsStrided136,KERNEL_AIVEC,1,2517,14.229,1764070370633207.277	,1764070370633221.506	
0,N/A,MEMCPY_ASYNC,1,2518,1.187,1764070370633244.069	,1764070370633245.256	
0,AsStrided137,KERNEL_AIVEC,1,2519,14.166,1764070370633298.756	,1764070370633312.922	
0,N/A,MEMCPY_ASYNC,1,2520,1.229,1764070370633333.360	,1764070370633334.589	
0,AsStrided138,KERNEL_AIVEC,1,2521,13.937,1764070370633387.673	,1764070370633401.610	
0,N/A,MEMCPY_ASYNC,1,2522,1.187,1764070370633422.027	,1764070370633423.214	
0,AsStrided139,KERNEL_AIVEC,1,2523,14.395,1764070370633473.506	,1764070370633487.901	
0,N/A,MEMCPY_ASYNC,1,2524,1.187,1764070370633536.569	,1764070370633537.756	
0,AsStrided140,KERNEL_AIVEC,1,2525,13.895,1764070370633600.964	,1764070370633614.859	
0,N/A,MEMCPY_ASYNC,1,2526,1.208,1764070370633638.944	,1764070370633640.152	
0,AsStrided141,KERNEL_AIVEC,1,2527,14.145,1764070370633694.381	,1764070370633708.526	
0,N/A,MEMCPY_ASYNC,1,2528,1.229,1764070370633733.027	,1764070370633734.256	
0,AsStrided142,KERNEL_AIVEC,1,2529,13.937,1764070370633814.985	,1764070370633828.922	
0,N/A,MEMCPY_ASYNC,1,2530,1.187,1764070370633856.089	,1764070370633857.276	
0,AsStrided143,KERNEL_AIVEC,1,2531,14.166,1764070370633911.652	,1764070370633925.818	
0,N/A,MEMCPY_ASYNC,1,2532,1.25,1764070370633946.819	,1764070370633948.069	
0,AsStrided144,KERNEL_AIVEC,1,2533,14.125,1764070370634005.860	,1764070370634019.985	
0,N/A,MEMCPY_ASYNC,1,2534,1.291,1764070370634044.319	,1764070370634045.610	
0,AsStrided145,KERNEL_AIVEC,1,2535,13.916,1764070370634098.173	,1764070370634112.089	
0,N/A,MEMCPY_ASYNC,1,2536,1.27,1764070370634135.694	,1764070370634136.964	
0,AsStrided146,KERNEL_AIVEC,1,2537,14.125,1764070370634191.444	,1764070370634205.569	
0,N/A,MEMCPY_ASYNC,1,2538,1.208,1764070370634227.256	,1764070370634228.464	
0,AsStrided147,KERNEL_AIVEC,1,2539,14.125,1764070370634284.673	,1764070370634298.798	
0,N/A,MEMCPY_ASYNC,1,2540,1.187,1764070370634325.652	,1764070370634326.839	
0,AsStrided148,KERNEL_AIVEC,1,2541,14.187,1764070370634378.985	,1764070370634393.172	
0,N/A,MEMCPY_ASYNC,1,2542,1.187,1764070370634412.860	,1764070370634414.047	
0,AsStrided149,KERNEL_AIVEC,1,2543,14.145,1764070370634468.464	,1764070370634482.609	
0,N/A,MEMCPY_ASYNC,1,2544,1.25,1764070370634522.569	,1764070370634523.819	
0,AsStrided150,KERNEL_AIVEC,1,2545,13.979,1764070370634598.819	,1764070370634612.798	
0,N/A,MEMCPY_ASYNC,1,2546,1.208,1764070370634637.860	,1764070370634639.068	
0,AsStrided151,KERNEL_AIVEC,1,2547,14.395,1764070370634694.444	,1764070370634708.839	
0,N/A,MEMCPY_ASYNC,1,2548,1.25,1764070370634737.006	,1764070370634738.256	
0,AsStrided152,KERNEL_AIVEC,1,2549,14.125,1764070370634795.277	,1764070370634809.402	
0,N/A,MEMCPY_ASYNC,1,2550,1.291,1764070370634835.298	,1764070370634836.589	
0,AsStrided153,KERNEL_AIVEC,1,2551,14.166,1764070370634915.819	,1764070370634929.985	
0,N/A,MEMCPY_ASYNC,1,2552,1.25,1764070370634958.006	,1764070370634959.256	
0,AsStrided154,KERNEL_AIVEC,1,2553,13.937,1764070370635013.923	,1764070370635027.860	
0,N/A,MEMCPY_ASYNC,1,2554,1.27,1764070370635049.631	,1764070370635050.901	
0,AsStrided155,KERNEL_AIVEC,1,2555,14.187,1764070370635114.569	,1764070370635128.756	
0,N/A,MEMCPY_ASYNC,1,2556,1.27,1764070370635153.339	,1764070370635154.609	
0,AsStrided156,KERNEL_AIVEC,1,2557,14.125,1764070370635210.652	,1764070370635224.777	
0,N/A,MEMCPY_ASYNC,1,2558,1.291,1764070370635248.214	,1764070370635249.505	
0,AsStrided157,KERNEL_AIVEC,1,2559,13.937,1764070370635304.694	,1764070370635318.631	
0,N/A,MEMCPY_ASYNC,1,2560,1.229,1764070370635500.069	,1764070370635501.298	
0,AsStrided158,KERNEL_AIVEC,1,2561,14.291,1764070370635563.256	,1764070370635577.547	
0,N/A,MEMCPY_ASYNC,1,2562,1.229,1764070370635613.819	,1764070370635615.048	
0,AsStrided159,KERNEL_AIVEC,1,2563,14.541,1764070370635706.069	,1764070370635720.610	
0,N/A,MEMCPY_ASYNC,1,2564,1.25,1764070370635770.652	,1764070370635771.902	
0,AsStrided160,KERNEL_AIVEC,1,2565,14.125,1764070370635832.839	,1764070370635846.964	
0,N/A,MEMCPY_ASYNC,1,2566,1.27,1764070370635873.944	,1764070370635875.214	
0,AsStrided161,KERNEL_AIVEC,1,2567,14.02,1764070370635944.756	,1764070370635958.776	
0,N/A,MEMCPY_ASYNC,1,2568,1.25,1764070370635984.173	,1764070370635985.423	
0,AsStrided162,KERNEL_AIVEC,1,2569,14.25,1764070370636042.069	,1764070370636056.319	
0,N/A,MEMCPY_ASYNC,1,2570,1.291,1764070370636091.381	,1764070370636092.672	
0,AsStrided163,KERNEL_AIVEC,1,2571,14.395,1764070370636146.902	,1764070370636161.297	
0,N/A,MEMCPY_ASYNC,1,2572,1.27,1764070370636355.235	,1764070370636356.505	
0,AsStrided164,KERNEL_AIVEC,1,2573,14.375,1764070370636427.006	,1764070370636441.381	
0,N/A,MEMCPY_ASYNC,1,2574,1.291,1764070370636465.069	,1764070370636466.360	
0,AsStrided165,KERNEL_AIVEC,1,2575,14.437,1764070370636522.569	,1764070370636537.006	
0,N/A,MEMCPY_ASYNC,1,2576,1.229,1764070370636557.256	,1764070370636558.485	
0,AsStrided166,KERNEL_AIVEC,1,2577,13.958,1764070370636612.944	,1764070370636626.902	
0,N/A,MEMCPY_ASYNC,1,2578,1.312,1764070370636704.256	,1764070370636705.568	
0,AsStrided167,KERNEL_AIVEC,1,2579,14.812,1764070370636786.756	,1764070370636801.568	
0,N/A,MEMCPY_ASYNC,1,2580,1.27,1764070370636833.152	,1764070370636834.422	
0,AsStrided168,KERNEL_AIVEC,1,2581,14.375,1764070370636887.089	,1764070370636901.464	
0,N/A,MEMCPY_ASYNC,1,2582,1.291,1764070370636923.444	,1764070370636924.735	
0,AsStrided169,KERNEL_AIVEC,1,2583,14.02,1764070370636997.902	,1764070370637011.922	
0,N/A,MEMCPY_ASYNC,1,2584,1.229,1764070370637040.402	,1764070370637041.631	
0,AsStrided170,KERNEL_AIVEC,1,2585,14.5,1764070370637102.048	,1764070370637116.548	
0,N/A,MEMCPY_ASYNC,1,2586,1.27,1764070370637136.673	,1764070370637137.943	
0,AsStrided171,KERNEL_AIVEC,1,2587,14.125,1764070370637188.819	,1764070370637202.944	
0,N/A,MEMCPY_ASYNC,1,2588,1.25,1764070370637222.444	,1764070370637223.694	
0,AsStrided172,KERNEL_AIVEC,1,2589,14.125,1764070370637276.319	,1764070370637290.444	
0,N/A,MEMCPY_ASYNC,1,2590,1.291,1764070370637309.735	,1764070370637311.026	
0,AsStrided173,KERNEL_AIVEC,1,2591,13.937,1764070370637362.756	,1764070370637376.693	
0,N/A,MEMCPY_ASYNC,1,2592,2.104,1764070370637396.881	,1764070370637398.985	
0,AsStrided174,KERNEL_AIVEC,1,2593,14.145,1764070370637454.798	,1764070370637468.943	
0,N/A,MEMCPY_ASYNC,1,2594,1.208,1764070370637490.027	,1764070370637491.235	
0,AsStrided175,KERNEL_AIVEC,1,2595,14.354,1764070370637545.360	,1764070370637559.714	
0,N/A,MEMCPY_ASYNC,1,2596,1.166,1764070370637578.319	,1764070370637579.485	
0,AsStrided176,KERNEL_AIVEC,1,2597,14.041,1764070370637629.214	,1764070370637643.255	
0,N/A,MEMCPY_ASYNC,1,2598,1.208,1764070370637659.839	,1764070370637661.047	
0,AsStrided177,KERNEL_AIVEC,1,2599,14.27,1764070370637710.152	,1764070370637724.422	
0,N/A,MEMCPY_ASYNC,1,2600,1.25,1764070370637747.173	,1764070370637748.423	
0,AsStrided178,KERNEL_AIVEC,1,2601,14.145,1764070370637830.631	,1764070370637844.776	
0,N/A,MEMCPY_ASYNC,1,2602,1.208,1764070370637868.923	,1764070370637870.131	
0,AsStrided179,KERNEL_AIVEC,1,2603,14.229,1764070370637923.069	,1764070370637937.298	
0,N/A,MEMCPY_ASYNC,1,2604,1.166,1764070370637957.569	,1764070370637958.735	
0,AsStrided180,KERNEL_AIVEC,1,2605,13.895,1764070370638008.444	,1764070370638022.339	
0,N/A,MEMCPY_ASYNC,1,2606,1.208,1764070370638059.985	,1764070370638061.193	
0,AsStrided181,KERNEL_AIVEC,1,2607,14.145,1764070370638119.923	,1764070370638134.068	
0,N/A,MEMCPY_ASYNC,1,2608,1.25,1764070370638167.048	,1764070370638168.298	
0,AsStrided182,KERNEL_AIVEC,1,2609,14.916,1764070370638224.735	,1764070370638239.651	
0,N/A,MEMCPY_ASYNC,1,2610,1.208,1764070370638259.735	,1764070370638260.943	
0,AsStrided183,KERNEL_AIVEC,1,2611,13.916,1764070370638311.777	,1764070370638325.693	
0,N/A,MEMCPY_ASYNC,1,2612,1.166,1764070370638347.256	,1764070370638348.422	
0,AsStrided184,KERNEL_AIVEC,1,2613,14.125,1764070370638404.319	,1764070370638418.444	
0,N/A,MEMCPY_ASYNC,1,2614,1.208,1764070370638438.631	,1764070370638439.839	
0,AsStrided185,KERNEL_AIVEC,1,2615,13.937,1764070370638559.652	,1764070370638573.589	
0,N/A,MEMCPY_ASYNC,1,2616,1.25,1764070370638600.298	,1764070370638601.548	
0,AsStrided186,KERNEL_AIVEC,1,2617,14.145,1764070370638670.673	,1764070370638684.818	
0,N/A,MEMCPY_ASYNC,1,2618,1.187,1764070370638714.610	,1764070370638715.797	
0,AsStrided187,KERNEL_AIVEC,1,2619,14.27,1764070370638764.610	,1764070370638778.880	
0,N/A,MEMCPY_ASYNC,1,2620,1.229,1764070370638800.444	,1764070370638801.673	
0,AsStrided188,KERNEL_AIVEC,1,2621,13.958,1764070370638851.527	,1764070370638865.485	
0,N/A,MEMCPY_ASYNC,1,2622,1.291,1764070370638908.652	,1764070370638909.943	
0,AsStrided189,KERNEL_AIVEC,1,2623,14.208,1764070370638970.423	,1764070370638984.631	
0,N/A,MEMCPY_ASYNC,1,2624,1.25,1764070370639178.402	,1764070370639179.652	
0,AsStrided190,KERNEL_AIVEC,1,2625,13.937,1764070370639243.756	,1764070370639257.693	
0,N/A,MEMCPY_ASYNC,1,2626,1.208,1764070370639283.485	,1764070370639284.693	
0,AsStrided191,KERNEL_AIVEC,1,2627,14.125,1764070370639340.756	,1764070370639354.881	
0,N/A,MEMCPY_ASYNC,1,2628,1.187,1764070370639375.944	,1764070370639377.131	
0,AsStrided192,KERNEL_AIVEC,1,2629,13.916,1764070370639431.548	,1764070370639445.464	
0,N/A,MEMCPY_ASYNC,1,2630,1.187,1764070370639466.027	,1764070370639467.214	
0,AsStrided193,KERNEL_AIVEC,1,2631,15.041,1764070370639533.110	,1764070370639548.151	
0,N/A,MEMCPY_ASYNC,1,2632,1.25,1764070370639566.756	,1764070370639568.006	
0,AsStrided194,KERNEL_AIVEC,1,2633,14.145,1764070370639618.964	,1764070370639633.109	
0,N/A,MEMCPY_ASYNC,1,2634,1.208,1764070370639652.339	,1764070370639653.547	
0,AsStrided195,KERNEL_AIVEC,1,2635,13.916,1764070370639707.631	,1764070370639721.547	
0,N/A,MEMCPY_ASYNC,1,2636,1.25,1764070370639740.548	,1764070370639741.798	
0,AsStrided196,KERNEL_AIVEC,1,2637,14.125,1764070370639790.964	,1764070370639805.089	
0,N/A,MEMCPY_ASYNC,1,2638,1.291,1764070370639833.694	,1764070370639834.985	
0,AsStrided197,KERNEL_AIVEC,1,2639,14.833,1764070370639887.319	,1764070370639902.152	
0,N/A,MEMCPY_ASYNC,1,2640,1.25,1764070370639919.756	,1764070370639921.006	
0,AsStrided198,KERNEL_AIVEC,1,2641,14.145,1764070370640002.860	,1764070370640017.005	
0,N/A,MEMCPY_ASYNC,1,2642,1.27,1764070370640039.423	,1764070370640040.693	
0,AsStrided199,KERNEL_AIVEC,1,2643,14.062,1764070370640092.673	,1764070370640106.735	
0,N/A,MEMCPY_ASYNC,1,2644,1.27,1764070370640125.298	,1764070370640126.568	
0,AsStrided200,KERNEL_AIVEC,1,2645,14.187,1764070370640193.694	,1764070370640207.881	
0,N/A,MEMCPY_ASYNC,1,2646,1.291,1764070370640239.464	,1764070370640240.755	
0,AsStrided201,KERNEL_AIVEC,1,2647,15.041,1764070370640297.423	,1764070370640312.464	
0,N/A,MEMCPY_ASYNC,1,2648,1.25,1764070370640386.298	,1764070370640387.548	
0,AsStrided202,KERNEL_AIVEC,1,2649,13.916,1764070370640434.985	,1764070370640448.901	
0,N/A,MEMCPY_ASYNC,1,2650,1.229,1764070370640471.610	,1764070370640472.839	
0,AsStrided203,KERNEL_AIVEC,1,2651,14.395,1764070370640524.569	,1764070370640538.964	
0,N/A,MEMCPY_ASYNC,1,2652,1.27,1764070370640557.069	,1764070370640558.339	
0,AsStrided204,KERNEL_AIVEC,1,2653,14.187,1764070370640617.319	,1764070370640631.506	
0,N/A,MEMCPY_ASYNC,1,2654,1.27,1764070370640657.548	,1764070370640658.818	
0,AsStrided205,KERNEL_AIVEC,1,2655,14.52,1764070370640706.860	,1764070370640721.380	
0,N/A,MEMCPY_ASYNC,1,2656,1.25,1764070370640739.860	,1764070370640741.110	
0,AsStrided206,KERNEL_AIVEC,1,2657,14.166,1764070370640791.298	,1764070370640805.464	
0,N/A,MEMCPY_ASYNC,1,2658,1.229,1764070370640822.735	,1764070370640823.964	
0,AsStrided207,KERNEL_AIVEC,1,2659,14.416,1764070370640881.069	,1764070370640895.485	
0,N/A,MEMCPY_ASYNC,1,2660,1.208,1764070370640915.964	,1764070370640917.172	
0,AsStrided208,KERNEL_AIVEC,1,2661,14.145,1764070370640970.694	,1764070370640984.839	
0,N/A,MEMCPY_ASYNC,1,2662,1.208,1764070370641032.256	,1764070370641033.464	
0,AsStrided209,KERNEL_AIVEC,1,2663,14.145,1764070370641090.444	,1764070370641104.589	
0,N/A,MEMCPY_ASYNC,1,2664,1.25,1764070370641124.819	,1764070370641126.069	
0,AsStrided210,KERNEL_AIVEC,1,2665,14.145,1764070370641180.069	,1764070370641194.214	
0,N/A,MEMCPY_ASYNC,1,2666,1.187,1764070370641214.027	,1764070370641215.214	
0,AsStrided211,KERNEL_AIVEC,1,2667,14.062,1764070370641288.652	,1764070370641302.714	
0,N/A,MEMCPY_ASYNC,1,2668,1.187,1764070370641326.631	,1764070370641327.818	
0,AsStrided212,KERNEL_AIVEC,1,2669,14.125,1764070370641382.006	,1764070370641396.131	
0,N/A,MEMCPY_ASYNC,1,2670,1.208,1764070370641415.173	,1764070370641416.381	
0,AsStrided213,KERNEL_AIVEC,1,2671,14.145,1764070370641469.652	,1764070370641483.797	
0,N/A,MEMCPY_ASYNC,1,2672,1.25,1764070370641504.381	,1764070370641505.631	
0,AsStrided214,KERNEL_AIVEC,1,2673,14.083,1764070370641557.589	,1764070370641571.672	
0,N/A,MEMCPY_ASYNC,1,2674,1.208,1764070370641592.235	,1764070370641593.443	
0,AsStrided215,KERNEL_AIVEC,1,2675,14.166,1764070370641698.110	,1764070370641712.276	
0,N/A,MEMCPY_ASYNC,1,2676,1.187,1764070370641753.277	,1764070370641754.464	
0,AsStrided216,KERNEL_AIVEC,1,2677,14.833,1764070370641814.506	,1764070370641829.339	
0,N/A,MEMCPY_ASYNC,1,2678,1.187,1764070370641849.631	,1764070370641850.818	
0,AsStrided217,KERNEL_AIVEC,1,2679,14.145,1764070370641902.423	,1764070370641916.568	
0,N/A,MEMCPY_ASYNC,1,2680,1.25,1764070370641935.527	,1764070370641936.777	
0,AsStrided218,KERNEL_AIVEC,1,2681,13.937,1764070370641986.902	,1764070370642000.839	
0,N/A,MEMCPY_ASYNC,1,2682,1.208,1764070370642019.277	,1764070370642020.485	
0,AsStrided219,KERNEL_AIVEC,1,2683,14.291,1764070370642102.714	,1764070370642117.005	
0,N/A,MEMCPY_ASYNC,1,2684,1.229,1764070370642142.527	,1764070370642143.756	
0,AsStrided220,KERNEL_AIVEC,1,2685,14.52,1764070370642200.735	,1764070370642215.255	
0,N/A,MEMCPY_ASYNC,1,2686,1.291,1764070370642233.735	,1764070370642235.026	
0,AsStrided221,KERNEL_AIVEC,1,2687,14.125,1764070370642293.652	,1764070370642307.777	
0,N/A,MEMCPY_ASYNC,1,2688,1.25,1764070370642465.423	,1764070370642466.673	
0,AsStrided222,KERNEL_AIVEC,1,2689,14.166,1764070370642563.381	,1764070370642577.547	
0,N/A,MEMCPY_ASYNC,1,2690,1.229,1764070370642604.735	,1764070370642605.964	
0,AsStrided223,KERNEL_AIVEC,1,2691,14.833,1764070370642668.756	,1764070370642683.589	
0,N/A,MEMCPY_ASYNC,1,2692,1.187,1764070370642703.194	,1764070370642704.381	
0,AsStrided224,KERNEL_AIVEC,1,2693,14.291,1764070370642758.152	,1764070370642772.443	
0,N/A,MEMCPY_ASYNC,1,2694,1.208,1764070370642792.944	,1764070370642794.152	
0,AsStrided225,KERNEL_AIVEC,1,2695,14.458,1764070370642844.673	,1764070370642859.131	
0,N/A,MEMCPY_ASYNC,1,2696,1.25,1764070370642877.631	,1764070370642878.881	
0,AsStrided226,KERNEL_AIVEC,1,2697,13.916,1764070370642928.673	,1764070370642942.589	
0,N/A,MEMCPY_ASYNC,1,2698,1.229,1764070370642970.214	,1764070370642971.443	
0,AsStrided227,KERNEL_AIVEC,1,2699,14.145,1764070370643023.589	,1764070370643037.734	
0,N/A,MEMCPY_ASYNC,1,2700,1.166,1764070370643056.777	,1764070370643057.943	
0,AsStrided228,KERNEL_AIVEC,1,2701,13.916,1764070370643107.902	,1764070370643121.818	
0,N/A,MEMCPY_ASYNC,1,2702,1.208,1764070370643148.444	,1764070370643149.652	
0,AsStrided229,KERNEL_AIVEC,1,2703,14.312,1764070370643204.152	,1764070370643218.464	
0,N/A,MEMCPY_ASYNC,1,2704,1.25,1764070370643236.006	,1764070370643237.256	
0,AsStrided230,KERNEL_AIVEC,1,2705,14.416,1764070370643291.402	,1764070370643305.818	
0,N/A,MEMCPY_ASYNC,1,2706,1.208,1764070370643333.714	,1764070370643334.922	
0,AsStrided231,KERNEL_AIVEC,1,2707,14.875,1764070370643388.110	,1764070370643402.985	
0,N/A,MEMCPY_ASYNC,1,2708,1.166,1764070370643421.589	,1764070370643422.755	
0,AsStrided232,KERNEL_AIVEC,1,2709,14.125,1764070370643472.423	,1764070370643486.548	
0,N/A,MEMCPY_ASYNC,1,2710,1.208,1764070370643505.569	,1764070370643506.777	
0,AsStrided233,KERNEL_AIVEC,1,2711,14.0,1764070370643558.860	,1764070370643572.860	
0,N/A,MEMCPY_ASYNC,1,2712,1.229,1764070370643591.610	,1764070370643592.839	
0,AsStrided234,KERNEL_AIVEC,1,2713,14.145,1764070370643650.735	,1764070370643664.880	
0,N/A,MEMCPY_ASYNC,1,2714,1.291,1764070370643682.339	,1764070370643683.630	
0,AsStrided235,KERNEL_AIVEC,1,2715,14.291,1764070370643734.860	,1764070370643749.151	
0,N/A,MEMCPY_ASYNC,1,2716,1.25,1764070370643767.152	,1764070370643768.402	
0,AsStrided236,KERNEL_AIVEC,1,2717,13.916,1764070370643819.464	,1764070370643833.380	
0,N/A,MEMCPY_ASYNC,1,2718,1.208,1764070370643851.048	,1764070370643852.256	
0,AsStrided237,KERNEL_AIVEC,1,2719,14.166,1764070370643903.402	,1764070370643917.568	
0,N/A,MEMCPY_ASYNC,1,2720,1.229,1764070370643935.256	,1764070370643936.485	
0,AsStrided238,KERNEL_AIVEC,1,2721,14.916,1764070370643996.485	,1764070370644011.401	
0,N/A,MEMCPY_ASYNC,1,2722,1.187,1764070370644029.923	,1764070370644031.110	
0,AsStrided239,KERNEL_AIVEC,1,2723,14.166,1764070370644083.860	,1764070370644098.026	
0,N/A,MEMCPY_ASYNC,1,2724,1.187,1764070370644116.985	,1764070370644118.172	
0,AsStrided240,KERNEL_AIVEC,1,2725,14.02,1764070370644168.860	,1764070370644182.880	
0,N/A,MEMCPY_ASYNC,1,2726,1.208,1764070370644204.819	,1764070370644206.027	
0,AsStrided241,KERNEL_AIVEC,1,2727,14.208,1764070370644252.423	,1764070370644266.631	
0,N/A,MEMCPY_ASYNC,1,2728,1.25,1764070370644341.360	,1764070370644342.610	
0,AsStrided242,KERNEL_AIVEC,1,2729,14.166,1764070370644400.069	,1764070370644414.235	
0,N/A,MEMCPY_ASYNC,1,2730,1.229,1764070370651019.235	,1764070370651020.464	
0,AsStrided243,KERNEL_AIVEC,1,2731,15.479,1764070370651229.485	,1764070370651244.964	
0,N/A,MEMCPY_ASYNC,1,2732,1.187,1764070370651283.506	,1764070370651284.693	
0,AsStrided244,KERNEL_AIVEC,1,2733,14.479,1764070370651347.027	,1764070370651361.506	
0,N/A,MEMCPY_ASYNC,1,2734,1.229,1764070370651384.964	,1764070370651386.193	
0,AsStrided245,KERNEL_AIVEC,1,2735,14.333,1764070370651445.089	,1764070370651459.422	
0,N/A,MEMCPY_ASYNC,1,2736,1.25,1764070370651500.069	,1764070370651501.319	
0,AsStrided246,KERNEL_AIVEC,1,2737,14.875,1764070370651557.194	,1764070370651572.069	
0,N/A,MEMCPY_ASYNC,1,2738,1.208,1764070370651594.839	,1764070370651596.047	
0,AsStrided247,KERNEL_AIVEC,1,2739,14.208,1764070370651650.589	,1764070370651664.797	
0,N/A,MEMCPY_ASYNC,1,2740,1.166,1764070370651686.527	,1764070370651687.693	
0,AsStrided248,KERNEL_AIVEC,1,2741,14.229,1764070370651745.277	,1764070370651759.506	
0,N/A,MEMCPY_ASYNC,1,2742,1.208,1764070370651783.985	,1764070370651785.193	
0,AsStrided249,KERNEL_AIVEC,1,2743,14.625,1764070370651848.402	,1764070370651863.027	
0,N/A,MEMCPY_ASYNC,1,2744,1.25,1764070370651884.464	,1764070370651885.714	
0,AsStrided250,KERNEL_AIVEC,1,2745,14.27,1764070370651940.944	,1764070370651955.214	
0,N/A,MEMCPY_ASYNC,1,2746,1.291,1764070370651979.735	,1764070370651981.026	
0,AsStrided251,KERNEL_AIVEC,1,2747,14.25,1764070370652037.506	,1764070370652051.756	
0,N/A,MEMCPY_ASYNC,1,2748,1.25,1764070370652075.506	,1764070370652076.756	
0,AsStrided252,KERNEL_AIVEC,1,2749,14.02,1764070370652131.923	,1764070370652145.943	
0,N/A,MEMCPY_ASYNC,1,2750,1.208,1764070370652166.735	,1764070370652167.943	
0,AsStrided253,KERNEL_AIVEC,1,2751,14.27,1764070370652226.298	,1764070370652240.568	
0,N/A,MEMCPY_ASYNC,1,2752,1.25,1764070370652474.173	,1764070370652475.423	
0,AsStrided254,KERNEL_AIVEC,1,2753,14.5,1764070370652541.319	,1764070370652555.819	
0,N/A,MEMCPY_ASYNC,1,2754,1.291,1764070370652579.444	,1764070370652580.735	
0,AsStrided255,KERNEL_AIVEC,1,2755,14.25,1764070370652651.089	,1764070370652665.339	
0,N/A,MEMCPY_ASYNC,1,2756,1.27,1764070370652699.860	,1764070370652701.130	
0,AsStrided256,KERNEL_AIVEC,1,2757,14.27,1764070370652734.402	,1764070370652748.672	
0,N/A,MEMCPY_ASYNC,1,2758,1.291,1764070370652770.485	,1764070370652771.776	
0,AsStrided257,KERNEL_AIVEC,1,2759,14.125,1764070370652830.819	,1764070370652844.944	
0,N/A,MEMCPY_ASYNC,1,2760,1.229,1764070370652864.444	,1764070370652865.673	
0,AsStrided258,KERNEL_AIVEC,1,2761,14.25,1764070370652921.173	,1764070370652935.423	
0,N/A,MEMCPY_ASYNC,1,2762,1.27,1764070370652955.444	,1764070370652956.714	
0,AsStrided259,KERNEL_AIVEC,1,2763,13.937,1764070370653010.569	,1764070370653024.506	
0,N/A,MEMCPY_ASYNC,1,2764,1.25,1764070370653043.631	,1764070370653044.881	
0,AsStrided260,KERNEL_AIVEC,1,2765,14.208,1764070370653095.277	,1764070370653109.485	
0,N/A,MEMCPY_ASYNC,1,2766,1.187,1764070370653143.902	,1764070370653145.089	
0,AsStrided261,KERNEL_AIVEC,1,2767,14.833,1764070370653199.923	,1764070370653214.756	
0,N/A,MEMCPY_ASYNC,1,2768,1.229,1764070370653234.548	,1764070370653235.777	
0,AsStrided262,KERNEL_AIVEC,1,2769,13.916,1764070370653291.214	,1764070370653305.130	
0,N/A,MEMCPY_ASYNC,1,2770,1.208,1764070370653327.277	,1764070370653328.485	
0,AsStrided263,KERNEL_AIVEC,1,2771,14.583,1764070370653381.194	,1764070370653395.777	
0,N/A,MEMCPY_ASYNC,1,2772,1.166,1764070370653415.089	,1764070370653416.255	
0,AsStrided264,KERNEL_AIVEC,1,2773,14.291,1764070370653466.631	,1764070370653480.922	
0,N/A,MEMCPY_ASYNC,1,2774,1.229,1764070370653510.006	,1764070370653511.235	
0,AsStrided265,KERNEL_AIVEC,1,2775,14.958,1764070370653566.256	,1764070370653581.214	
0,N/A,MEMCPY_ASYNC,1,2776,1.25,1764070370653602.006	,1764070370653603.256	
0,AsStrided266,KERNEL_AIVEC,1,2777,13.937,1764070370653658.923	,1764070370653672.860	
0,N/A,MEMCPY_ASYNC,1,2778,1.291,1764070370653693.214	,1764070370653694.505	
0,AsStrided267,KERNEL_AIVEC,1,2779,14.208,1764070370653746.902	,1764070370653761.110	
0,N/A,MEMCPY_ASYNC,1,2780,1.25,1764070370653781.152	,1764070370653782.402	
0,AsStrided268,KERNEL_AIVEC,1,2781,14.208,1764070370653841.110	,1764070370653855.318	
0,N/A,MEMCPY_ASYNC,1,2782,1.208,1764070370653881.027	,1764070370653882.235	
0,AsStrided269,KERNEL_AIVEC,1,2783,13.958,1764070370653938.423	,1764070370653952.381	
0,N/A,MEMCPY_ASYNC,1,2784,1.25,1764070370653972.214	,1764070370653973.464	
0,AsStrided270,KERNEL_AIVEC,1,2785,14.166,1764070370654025.569	,1764070370654039.735	
0,N/A,MEMCPY_ASYNC,1,2786,1.187,1764070370654058.735	,1764070370654059.922	
0,AsStrided271,KERNEL_AIVEC,1,2787,14.25,1764070370654113.756	,1764070370654128.006	
0,N/A,MEMCPY_ASYNC,1,2788,1.187,1764070370654147.631	,1764070370654148.818	
0,AsStrided272,KERNEL_AIVEC,1,2789,14.166,1764070370654210.756	,1764070370654224.922	
0,N/A,MEMCPY_ASYNC,1,2790,1.208,1764070370654244.777	,1764070370654245.985	
0,AsStrided273,KERNEL_AIVEC,1,2791,14.125,1764070370654301.673	,1764070370654315.798	
0,N/A,MEMCPY_ASYNC,1,2792,1.25,1764070370654335.048	,1764070370654336.298	
0,AsStrided274,KERNEL_AIVEC,1,2793,14.208,1764070370654392.944	,1764070370654407.152	
0,N/A,MEMCPY_ASYNC,1,2794,1.208,1764070370654427.235	,1764070370654428.443	
0,AsStrided275,KERNEL_AIVEC,1,2795,14.25,1764070370654487.819	,1764070370654502.069	
0,N/A,MEMCPY_ASYNC,1,2796,1.187,1764070370654585.235	,1764070370654586.422	
0,AsStrided276,KERNEL_AIVEC,1,2797,13.958,1764070370654642.735	,1764070370654656.693	
0,N/A,MEMCPY_ASYNC,1,2798,1.229,1764070370654694.777	,1764070370654696.006	
0,AsStrided277,KERNEL_AIVEC,1,2799,14.208,1764070370654756.360	,1764070370654770.568	
0,N/A,MEMCPY_ASYNC,1,2800,1.25,1764070370654793.569	,1764070370654794.819	
0,AsStrided278,KERNEL_AIVEC,1,2801,14.0,1764070370654851.006	,1764070370654865.006	
0,N/A,MEMCPY_ASYNC,1,2802,1.187,1764070370654884.714	,1764070370654885.901	
0,AsStrided279,KERNEL_AIVEC,1,2803,14.229,1764070370654940.944	,1764070370654955.173	
0,N/A,MEMCPY_ASYNC,1,2804,1.187,1764070370654982.714	,1764070370654983.901	
0,AsStrided280,KERNEL_AIVEC,1,2805,14.708,1764070370655040.735	,1764070370655055.443	
0,N/A,MEMCPY_ASYNC,1,2806,1.229,1764070370655077.194	,1764070370655078.423	
0,AsStrided281,KERNEL_AIVEC,1,2807,14.541,1764070370655141.714	,1764070370655156.255	
0,N/A,MEMCPY_ASYNC,1,2808,1.25,1764070370655176.819	,1764070370655178.069	
0,AsStrided282,KERNEL_AIVEC,1,2809,14.729,1764070370655235.610	,1764070370655250.339	
0,N/A,MEMCPY_ASYNC,1,2810,1.187,1764070370655270.423	,1764070370655271.610	
0,AsStrided283,KERNEL_AIVEC,1,2811,14.187,1764070370655330.235	,1764070370655344.422	
0,N/A,MEMCPY_ASYNC,1,2812,1.25,1764070370655363.735	,1764070370655364.985	
0,AsStrided284,KERNEL_AIVEC,1,2813,14.27,1764070370655415.548	,1764070370655429.818	
0,N/A,MEMCPY_ASYNC,1,2814,1.291,1764070370655449.402	,1764070370655450.693	
0,AsStrided285,KERNEL_AIVEC,1,2815,14.083,1764070370655502.027	,1764070370655516.110	
0,N/A,MEMCPY_ASYNC,1,2816,1.291,1764070370655699.798	,1764070370655701.089	
0,AsStrided286,KERNEL_AIVEC,1,2817,14.458,1764070370655761.923	,1764070370655776.381	
0,N/A,MEMCPY_ASYNC,1,2818,1.229,1764070370655828.194	,1764070370655829.423	
0,AsStrided287,KERNEL_AIVEC,1,2819,15.166,1764070370658406.089	,1764070370658421.255	
0,N/A,MEMCPY_ASYNC,1,2820,1.187,1764070370658580.777	,1764070370658581.964	
0,AsStrided288,KERNEL_AIVEC,1,2821,14.125,1764070370658709.048	,1764070370658723.173	
0,N/A,MEMCPY_ASYNC,1,2822,1.208,1764070370658759.714	,1764070370658760.922	
0,AsStrided289,KERNEL_AIVEC,1,2823,14.375,1764070370658821.173	,1764070370658835.548	
0,N/A,MEMCPY_ASYNC,1,2824,1.25,1764070370658860.360	,1764070370658861.610	
0,AsStrided290,KERNEL_AIVEC,1,2825,14.083,1764070370658916.027	,1764070370658930.110	
0,N/A,MEMCPY_ASYNC,1,2826,1.25,1764070370658966.194	,1764070370658967.444	
0,AsStrided291,KERNEL_AIVEC,1,2827,14.375,1764070370659030.506	,1764070370659044.881	
0,N/A,MEMCPY_ASYNC,1,2828,1.208,1764070370659067.548	,1764070370659068.756	
0,AsStrided292,KERNEL_AIVEC,1,2829,14.02,1764070370659122.881	,1764070370659136.901	
0,N/A,MEMCPY_ASYNC,1,2830,1.187,1764070370659157.798	,1764070370659158.985	
0,AsStrided293,KERNEL_AIVEC,1,2831,14.333,1764070370659209.485	,1764070370659223.818	
0,N/A,MEMCPY_ASYNC,1,2832,1.25,1764070370659242.089	,1764070370659243.339	
0,AsStrided294,KERNEL_AIVEC,1,2833,14.27,1764070370659296.402	,1764070370659310.672	
0,N/A,MEMCPY_ASYNC,1,2834,1.208,1764070370659340.985	,1764070370659342.193	
0,AsStrided295,KERNEL_AIVEC,1,2835,13.937,1764070370659392.610	,1764070370659406.547	
0,N/A,MEMCPY_ASYNC,1,2836,1.187,1764070370659426.110	,1764070370659427.297	
0,AsStrided296,KERNEL_AIVEC,1,2837,14.125,1764070370659479.777	,1764070370659493.902	
0,N/A,MEMCPY_ASYNC,1,2838,1.208,1764070370659512.652	,1764070370659513.860	
0,AsStrided297,KERNEL_AIVEC,1,2839,13.916,1764070370659564.735	,1764070370659578.651	
0,N/A,MEMCPY_ASYNC,1,2840,1.229,1764070370659596.569	,1764070370659597.798	
0,AsStrided298,KERNEL_AIVEC,1,2841,14.125,1764070370659655.506	,1764070370659669.631	
0,N/A,MEMCPY_ASYNC,1,2842,1.291,1764070370659690.256	,1764070370659691.547	
0,AsStrided299,KERNEL_AIVEC,1,2843,14.479,1764070370659746.714	,1764070370659761.193	
0,N/A,MEMCPY_ASYNC,1,2844,1.25,1764070370659773.360	,1764070370659774.610	
0,AsStrided300,KERNEL_AIVEC,1,2845,14.041,1764070370659826.985	,1764070370659841.026	
0,N/A,MEMCPY_ASYNC,1,2846,1.208,1764070370659859.485	,1764070370659860.693	
0,AsStrided301,KERNEL_AIVEC,1,2847,14.27,1764070370659909.819	,1764070370659924.089	
0,N/A,MEMCPY_ASYNC,1,2848,1.229,1764070370659941.777	,1764070370659943.006	
0,AsStrided302,KERNEL_AIVEC,1,2849,14.625,1764070370659998.131	,1764070370660012.756	
0,N/A,MEMCPY_ASYNC,1,2850,1.187,1764070370660033.777	,1764070370660034.964	
0,AsStrided303,KERNEL_AIVEC,1,2851,14.229,1764070370660088.902	,1764070370660103.131	
0,N/A,MEMCPY_ASYNC,1,2852,1.187,1764070370660122.485	,1764070370660123.672	
0,AsStrided304,KERNEL_AIVEC,1,2853,13.937,1764070370660177.402	,1764070370660191.339	
0,N/A,MEMCPY_ASYNC,1,2854,1.25,1764070370660210.944	,1764070370660212.194	
0,AsStrided305,KERNEL_AIVEC,1,2855,14.333,1764070370660265.798	,1764070370660280.131	
0,N/A,MEMCPY_ASYNC,1,2856,1.27,1764070370660393.381	,1764070370660394.651	
0,AsStrided306,KERNEL_AIVEC,1,2857,14.52,1764070370660418.985	,1764070370660433.505	
0,N/A,MEMCPY_ASYNC,1,2858,1.208,1764070370660455.339	,1764070370660456.547	
0,AsStrided307,KERNEL_AIVEC,1,2859,14.02,1764070370660507.506	,1764070370660521.526	
0,N/A,MEMCPY_ASYNC,1,2860,1.166,1764070370660539.569	,1764070370660540.735	
0,AsStrided308,KERNEL_AIVEC,1,2861,14.229,1764070370660590.027	,1764070370660604.256	
0,N/A,MEMCPY_ASYNC,1,2862,1.208,1764070370660621.173	,1764070370660622.381	
0,AsStrided309,KERNEL_AIVEC,1,2863,14.937,1764070370660698.423	,1764070370660713.360	
0,N/A,MEMCPY_ASYNC,1,2864,1.229,1764070370660723.714	,1764070370660724.943	
0,AsStrided310,KERNEL_AIVEC,1,2865,14.166,1764070370660779.194	,1764070370660793.360	
0,N/A,MEMCPY_ASYNC,1,2866,1.187,1764070370660814.402	,1764070370660815.589	
0,AsStrided311,KERNEL_AIVEC,1,2867,14.02,1764070370660868.610	,1764070370660882.630	
0,N/A,MEMCPY_ASYNC,1,2868,1.166,1764070370660904.464	,1764070370660905.630	
0,AsStrided312,KERNEL_AIVEC,1,2869,14.166,1764070370660956.819	,1764070370660970.985	
0,N/A,MEMCPY_ASYNC,1,2870,1.27,1764070370660989.152	,1764070370660990.422	
0,AsStrided313,KERNEL_AIVEC,1,2871,14.187,1764070370661044.673	,1764070370661058.860	
0,N/A,MEMCPY_ASYNC,1,2872,2.0,1764070370661077.944	,1764070370661079.944	
0,AsStrided314,KERNEL_AIVEC,1,2873,14.291,1764070370661128.527	,1764070370661142.818	
0,N/A,MEMCPY_ASYNC,1,2874,1.291,1764070370661160.714	,1764070370661162.005	
0,AsStrided315,KERNEL_AIVEC,1,2875,14.333,1764070370661214.235	,1764070370661228.568	
0,N/A,MEMCPY_ASYNC,1,2876,1.229,1764070370661248.402	,1764070370661249.631	
0,AsStrided316,KERNEL_AIVEC,1,2877,13.916,1764070370661300.048	,1764070370661313.964	
0,N/A,MEMCPY_ASYNC,1,2878,1.27,1764070370661332.235	,1764070370661333.505	
0,AsStrided317,KERNEL_AIVEC,1,2879,14.833,1764070370661391.798	,1764070370661406.631	
0,N/A,MEMCPY_ASYNC,1,2880,1.27,1764070370661604.923	,1764070370661606.193	
0,AsStrided318,KERNEL_AIVEC,1,2881,14.583,1764070370661664.506	,1764070370661679.089	
0,N/A,MEMCPY_ASYNC,1,2882,1.27,1764070370661699.652	,1764070370661700.922	
0,AsStrided319,KERNEL_AIVEC,1,2883,14.02,1764070370661752.360	,1764070370661766.380	
0,N/A,MEMCPY_ASYNC,1,2884,1.229,1764070370661784.881	,1764070370661786.110	
0,AsStrided320,KERNEL_AIVEC,1,2885,14.25,1764070370661835.423	,1764070370661849.673	
0,N/A,MEMCPY_ASYNC,1,2886,1.27,1764070370661868.798	,1764070370661870.068	
0,AsStrided321,KERNEL_AIVEC,1,2887,14.312,1764070370661928.985	,1764070370661943.297	
0,N/A,MEMCPY_ASYNC,1,2888,1.187,1764070370661963.652	,1764070370661964.839	
0,AsStrided322,KERNEL_AIVEC,1,2889,14.479,1764070370662016.235	,1764070370662030.714	
0,N/A,MEMCPY_ASYNC,1,2890,1.27,1764070370662047.964	,1764070370662049.234	
0,AsStrided323,KERNEL_AIVEC,1,2891,14.187,1764070370662100.673	,1764070370662114.860	
0,N/A,MEMCPY_ASYNC,1,2892,1.25,1764070370662133.610	,1764070370662134.860	
0,AsStrided324,KERNEL_AIVEC,1,2893,14.333,1764070370662184.735	,1764070370662199.068	
0,N/A,MEMCPY_ASYNC,1,2894,1.27,1764070370662230.360	,1764070370662231.630	
0,AsStrided325,KERNEL_AIVEC,1,2895,14.333,1764070370662281.735	,1764070370662296.068	
0,N/A,MEMCPY_ASYNC,1,2896,1.27,1764070370662315.381	,1764070370662316.651	
0,AsStrided326,KERNEL_AIVEC,1,2897,14.02,1764070370662369.027	,1764070370662383.047	
0,N/A,MEMCPY_ASYNC,1,2898,1.291,1764070370662402.860	,1764070370662404.151	
0,AsStrided327,KERNEL_AIVEC,1,2899,14.187,1764070370662455.673	,1764070370662469.860	
0,N/A,MEMCPY_ASYNC,1,2900,1.27,1764070370662526.360	,1764070370662527.630	
0,AsStrided328,KERNEL_AIVEC,1,2901,14.187,1764070370662585.402	,1764070370662599.589	
0,N/A,MEMCPY_ASYNC,1,2902,1.25,1764070370662625.714	,1764070370662626.964	
0,AsStrided329,KERNEL_AIVEC,1,2903,14.479,1764070370662682.944	,1764070370662697.423	
0,N/A,MEMCPY_ASYNC,1,2904,1.291,1764070370662716.548	,1764070370662717.839	
0,AsStrided330,KERNEL_AIVEC,1,2905,14.145,1764070370662770.423	,1764070370662784.568	
0,N/A,MEMCPY_ASYNC,1,2906,1.291,1764070370662805.714	,1764070370662807.005	
0,AsStrided331,KERNEL_AIVEC,1,2907,14.291,1764070370662857.923	,1764070370662872.214	
0,N/A,MEMCPY_ASYNC,1,2908,1.229,1764070370662890.714	,1764070370662891.943	
0,AsStrided332,KERNEL_AIVEC,1,2909,14.229,1764070370662956.089	,1764070370662970.318	
0,N/A,MEMCPY_ASYNC,1,2910,1.25,1764070370662989.964	,1764070370662991.214	
0,AsStrided333,KERNEL_AIVEC,1,2911,14.354,1764070370663041.569	,1764070370663055.923	
0,N/A,MEMCPY_ASYNC,1,2912,1.27,1764070370663073.277	,1764070370663074.547	
0,AsStrided334,KERNEL_AIVEC,1,2913,14.5,1764070370663126.527	,1764070370663141.027	
0,N/A,MEMCPY_ASYNC,1,2914,1.27,1764070370663158.714	,1764070370663159.984	
0,AsStrided335,KERNEL_AIVEC,1,2915,14.02,1764070370663211.923	,1764070370663225.943	
0,N/A,MEMCPY_ASYNC,1,2916,1.291,1764070370663244.548	,1764070370663245.839	
0,AsStrided336,KERNEL_AIVEC,1,2917,14.5,1764070370663305.506	,1764070370663320.006	
0,N/A,MEMCPY_ASYNC,1,2918,1.291,1764070370663339.048	,1764070370663340.339	
0,AsStrided337,KERNEL_AIVEC,1,2919,14.458,1764070370663393.464	,1764070370663407.922	
0,N/A,MEMCPY_ASYNC,1,2920,1.27,1764070370663426.631	,1764070370663427.901	
0,AsStrided338,KERNEL_AIVEC,1,2921,15.145,1764070370666039.735	,1764070370666054.880	
0,N/A,MEMCPY_ASYNC,1,2922,1.27,1764070370666122.527	,1764070370666123.797	
0,AsStrided339,KERNEL_AIVEC,1,2923,14.916,1764070370666192.173	,1764070370666207.089	
0,N/A,MEMCPY_ASYNC,1,2924,1.25,1764070370666239.610	,1764070370666240.860	
0,AsStrided340,KERNEL_AIVEC,1,2925,13.937,1764070370666296.069	,1764070370666310.006	
0,N/A,MEMCPY_ASYNC,1,2926,1.25,1764070370666330.902	,1764070370666332.152	
0,AsStrided341,KERNEL_AIVEC,1,2927,14.229,1764070370666384.235	,1764070370666398.464	
0,N/A,MEMCPY_ASYNC,1,2928,1.291,1764070370666416.610	,1764070370666417.901	
0,AsStrided342,KERNEL_AIVEC,1,2929,14.104,1764070370666470.714	,1764070370666484.818	
0,N/A,MEMCPY_ASYNC,1,2930,1.27,1764070370666639.777	,1764070370666641.047	
0,AsStrided343,KERNEL_AIVEC,1,2931,14.187,1764070370666704.339	,1764070370666718.526	
0,N/A,MEMCPY_ASYNC,1,2932,1.27,1764070370666749.319	,1764070370666750.589	
0,AsStrided344,KERNEL_AIVEC,1,2933,14.145,1764070370666848.464	,1764070370666862.609	
0,N/A,MEMCPY_ASYNC,1,2934,1.27,1764070370666888.944	,1764070370666890.214	
0,AsStrided345,KERNEL_AIVEC,1,2935,13.958,1764070370666944.089	,1764070370666958.047	
0,N/A,MEMCPY_ASYNC,1,2936,1.27,1764070370666980.610	,1764070370666981.880	
0,AsStrided346,KERNEL_AIVEC,1,2937,14.333,1764070370667033.402	,1764070370667047.735	
0,N/A,MEMCPY_ASYNC,1,2938,1.27,1764070370667067.673	,1764070370667068.943	
0,AsStrided347,KERNEL_AIVEC,1,2939,14.145,1764070370667129.256	,1764070370667143.401	
0,N/A,MEMCPY_ASYNC,1,2940,1.25,1764070370667164.339	,1764070370667165.589	
0,AsStrided348,KERNEL_AIVEC,1,2941,14.125,1764070370667216.235	,1764070370667230.360	
0,N/A,MEMCPY_ASYNC,1,2942,1.27,1764070370667250.610	,1764070370667251.880	
0,AsStrided349,KERNEL_AIVEC,1,2943,14.312,1764070370667303.652	,1764070370667317.964	
0,N/A,MEMCPY_ASYNC,1,2944,1.27,1764070370667495.652	,1764070370667496.922	
0,AsStrided350,KERNEL_AIVEC,1,2945,14.479,1764070370667553.402	,1764070370667567.881	
0,N/A,MEMCPY_ASYNC,1,2946,1.27,1764070370667588.527	,1764070370667589.797	
0,AsStrided351,KERNEL_AIVEC,1,2947,14.27,1764070370667647.777	,1764070370667662.047	
0,N/A,MEMCPY_ASYNC,1,2948,1.25,1764070370667681.860	,1764070370667683.110	
0,AsStrided352,KERNEL_AIVEC,1,2949,14.041,1764070370667734.214	,1764070370667748.255	
0,N/A,MEMCPY_ASYNC,1,2950,1.27,1764070370667768.214	,1764070370667769.484	
0,AsStrided353,KERNEL_AIVEC,1,2951,14.187,1764070370667832.152	,1764070370667846.339	
0,N/A,MEMCPY_ASYNC,1,2952,1.208,1764070370667867.714	,1764070370667868.922	
0,AsStrided354,KERNEL_AIVEC,1,2953,14.041,1764070370667927.819	,1764070370667941.860	
0,N/A,MEMCPY_ASYNC,1,2954,1.27,1764070370667969.214	,1764070370667970.484	
0,AsStrided355,KERNEL_AIVEC,1,2955,14.166,1764070370668022.819	,1764070370668036.985	
0,N/A,MEMCPY_ASYNC,1,2956,1.229,1764070370668055.860	,1764070370668057.089	
0,AsStrided356,KERNEL_AIVEC,1,2957,13.979,1764070370668105.402	,1764070370668119.381	
0,N/A,MEMCPY_ASYNC,1,2958,1.27,1764070370668185.923	,1764070370668187.193	
0,AsStrided357,KERNEL_AIVEC,1,2959,14.25,1764070370668246.485	,1764070370668260.735	
0,N/A,MEMCPY_ASYNC,1,2960,1.27,1764070370668281.714	,1764070370668282.984	
0,AsStrided358,KERNEL_AIVEC,1,2961,14.187,1764070370668390.339	,1764070370668404.526	
0,N/A,MEMCPY_ASYNC,1,2962,1.27,1764070370668441.798	,1764070370668443.068	
0,AsStrided359,KERNEL_AIVEC,1,2963,15.02,1764070370668497.485	,1764070370668512.505	
0,N/A,MEMCPY_ASYNC,1,2964,1.27,1764070370668532.423	,1764070370668533.693	
0,AsStrided360,KERNEL_AIVEC,1,2965,14.166,1764070370668584.152	,1764070370668598.318	
0,N/A,MEMCPY_ASYNC,1,2966,1.25,1764070370668619.798	,1764070370668621.048	
0,AsStrided361,KERNEL_AIVEC,1,2967,14.125,1764070370668693.964	,1764070370668708.089	
0,N/A,MEMCPY_ASYNC,1,2968,1.27,1764070370668708.173	,1764070370668709.443	
0,AsStrided362,KERNEL_AIVEC,1,2969,14.375,1764070370668764.756	,1764070370668779.131	
0,N/A,MEMCPY_ASYNC,1,2970,1.27,1764070370668797.714	,1764070370668798.984	
0,AsStrided363,KERNEL_AIVEC,1,2971,14.333,1764070370668847.173	,1764070370668861.506	
0,N/A,MEMCPY_ASYNC,1,2972,1.25,1764070370668880.839	,1764070370668882.089	
0,AsStrided364,KERNEL_AIVEC,1,2973,13.916,1764070370668933.402	,1764070370668947.318	
0,N/A,MEMCPY_ASYNC,1,2974,1.291,1764070370668965.860	,1764070370668967.151	
0,AsStrided365,KERNEL_AIVEC,1,2975,14.25,1764070370669014.569	,1764070370669028.819	
0,N/A,MEMCPY_ASYNC,1,2976,1.291,1764070370669048.381	,1764070370669049.672	
0,AsStrided366,KERNEL_AIVEC,1,2977,14.354,1764070370669105.923	,1764070370669120.277	
0,N/A,MEMCPY_ASYNC,1,2978,1.27,1764070370669138.506	,1764070370669139.776	
0,AsStrided367,KERNEL_AIVEC,1,2979,14.145,1764070370669191.944	,1764070370669206.089	
0,N/A,MEMCPY_ASYNC,1,2980,1.25,1764070370669225.006	,1764070370669226.256	
0,AsStrided368,KERNEL_AIVEC,1,2981,14.0,1764070370669277.881	,1764070370669291.881	
0,N/A,MEMCPY_ASYNC,1,2982,1.27,1764070370669311.485	,1764070370669312.755	
0,AsStrided369,KERNEL_AIVEC,1,2983,14.437,1764070370669361.089	,1764070370669375.526	
0,N/A,MEMCPY_ASYNC,1,2984,1.187,1764070370669399.527	,1764070370669400.714	
0,AsStrided370,KERNEL_AIVEC,1,2985,14.187,1764070370669451.027	,1764070370669465.214	
0,N/A,MEMCPY_ASYNC,1,2986,1.27,1764070370669483.277	,1764070370669484.547	
0,AsStrided371,KERNEL_AIVEC,1,2987,13.937,1764070370669534.985	,1764070370669548.922	
0,N/A,MEMCPY_ASYNC,1,2988,1.229,1764070370669567.402	,1764070370669568.631	
0,AsStrided372,KERNEL_AIVEC,1,2989,14.145,1764070370669616.839	,1764070370669630.984	
0,N/A,MEMCPY_ASYNC,1,2990,1.27,1764070370669649.214	,1764070370669650.484	
0,AsStrided373,KERNEL_AIVEC,1,2991,14.354,1764070370669699.735	,1764070370669714.089	
0,N/A,MEMCPY_ASYNC,1,2992,1.187,1764070370669744.235	,1764070370669745.422	
0,AsStrided374,KERNEL_AIVEC,1,2993,14.916,1764070370669795.902	,1764070370669810.818	
0,N/A,MEMCPY_ASYNC,1,2994,1.25,1764070370669828.256	,1764070370669829.506	
0,AsStrided375,KERNEL_AIVEC,1,2995,14.041,1764070370669879.131	,1764070370669893.172	
0,N/A,MEMCPY_ASYNC,1,2996,1.187,1764070370669913.235	,1764070370669914.422	
0,AsStrided376,KERNEL_AIVEC,1,2997,14.395,1764070370669965.173	,1764070370669979.568	
0,N/A,MEMCPY_ASYNC,1,2998,1.27,1764070370669997.631	,1764070370669998.901	
0,AsStrided377,KERNEL_AIVEC,1,2999,14.333,1764070370670059.860	,1764070370670074.193	
0,N/A,MEMCPY_ASYNC,1,3000,1.208,1764070370670092.944	,1764070370670094.152	
0,AsStrided378,KERNEL_AIVEC,1,3001,13.937,1764070370670143.527	,1764070370670157.464	
0,N/A,MEMCPY_ASYNC,1,3002,1.27,1764070370670175.402	,1764070370670176.672	
0,AsStrided379,KERNEL_AIVEC,1,3003,14.145,1764070370670229.735	,1764070370670243.880	
0,N/A,MEMCPY_ASYNC,1,3004,1.25,1764070370670261.089	,1764070370670262.339	
0,AsStrided380,KERNEL_AIVEC,1,3005,13.937,1764070370670313.173	,1764070370670327.110	
0,N/A,MEMCPY_ASYNC,1,3006,1.291,1764070370670346.131	,1764070370670347.422	
0,AsStrided381,KERNEL_AIVEC,1,3007,14.916,1764070370670406.548	,1764070370670421.464	
0,N/A,MEMCPY_ASYNC,1,3008,1.27,1764070370670623.444	,1764070370670624.714	
0,AsStrided382,KERNEL_AIVEC,1,3009,14.166,1764070370670687.506	,1764070370670701.672	
0,N/A,MEMCPY_ASYNC,1,3010,1.27,1764070370670724.485	,1764070370670725.755	
0,AsStrided383,KERNEL_AIVEC,1,3011,13.916,1764070370670776.506	,1764070370670790.422	
0,N/A,MEMCPY_ASYNC,1,3012,1.25,1764070370670810.631	,1764070370670811.881	
0,AsStrided384,KERNEL_AIVEC,1,3013,14.27,1764070370670866.798	,1764070370670881.068	
0,N/A,MEMCPY_ASYNC,1,3014,1.25,1764070370670900.819	,1764070370670902.069	
0,AsStrided385,KERNEL_AIVEC,1,3015,14.979,1764070370670964.839	,1764070370670979.818	
0,N/A,MEMCPY_ASYNC,1,3016,1.229,1764070370671001.777	,1764070370671003.006	
0,AsStrided386,KERNEL_AIVEC,1,3017,14.312,1764070370671054.006	,1764070370671068.318	
0,N/A,MEMCPY_ASYNC,1,3018,1.27,1764070370671088.819	,1764070370671090.089	
0,AsStrided387,KERNEL_AIVEC,1,3019,14.145,1764070370671143.298	,1764070370671157.443	
0,N/A,MEMCPY_ASYNC,1,3020,1.25,1764070370671176.985	,1764070370671178.235	
0,AsStrided388,KERNEL_AIVEC,1,3021,14.166,1764070370671227.589	,1764070370671241.755	
0,N/A,MEMCPY_ASYNC,1,3022,1.27,1764070370671269.819	,1764070370671271.089	
0,AsStrided389,KERNEL_AIVEC,1,3023,15.062,1764070370671322.819	,1764070370671337.881	
0,N/A,MEMCPY_ASYNC,1,3024,1.208,1764070370671353.923	,1764070370671355.131	
0,AsStrided390,KERNEL_AIVEC,1,3025,14.291,1764070370671406.694	,1764070370671420.985	
0,N/A,MEMCPY_ASYNC,1,3026,1.27,1764070370671439.985	,1764070370671441.255	
0,AsStrided391,KERNEL_AIVEC,1,3027,14.375,1764070370671491.464	,1764070370671505.839	
0,N/A,MEMCPY_ASYNC,1,3028,1.187,1764070370671523.194	,1764070370671524.381	
0,AsStrided392,KERNEL_AIVEC,1,3029,14.312,1764070370671573.235	,1764070370671587.547	
0,N/A,MEMCPY_ASYNC,1,3030,1.27,1764070370671612.235	,1764070370671613.505	
0,AsStrided393,KERNEL_AIVEC,1,3031,15.104,1764070370671663.714	,1764070370671678.818	
0,N/A,MEMCPY_ASYNC,1,3032,1.208,1764070370671695.714	,1764070370671696.922	
0,AsStrided394,KERNEL_AIVEC,1,3033,14.145,1764070370671745.298	,1764070370671759.443	
0,N/A,MEMCPY_ASYNC,1,3034,1.27,1764070370671778.173	,1764070370671779.443	
0,AsStrided395,KERNEL_AIVEC,1,3035,14.541,1764070370671826.985	,1764070370671841.526	
0,N/A,MEMCPY_ASYNC,1,3036,1.25,1764070370671858.881	,1764070370671860.131	
0,AsStrided396,KERNEL_AIVEC,1,3037,14.145,1764070370671915.214	,1764070370671929.359	
0,N/A,MEMCPY_ASYNC,1,3038,1.27,1764070370671947.319	,1764070370671948.589	
0,AsStrided397,KERNEL_AIVEC,1,3039,14.02,1764070370671997.256	,1764070370672011.276	
0,N/A,MEMCPY_ASYNC,1,3040,1.187,1764070370672028.881	,1764070370672030.068	
0,AsStrided398,KERNEL_AIVEC,1,3041,14.166,1764070370672080.756	,1764070370672094.922	
0,N/A,MEMCPY_ASYNC,1,3042,1.27,1764070370672113.339	,1764070370672114.609	
0,AsStrided399,KERNEL_AIVEC,1,3043,14.062,1764070370672164.548	,1764070370672178.610	
0,N/A,MEMCPY_ASYNC,1,3044,1.187,1764070370672196.339	,1764070370672197.526	
0,AsStrided400,KERNEL_AIVEC,1,3045,15.25,1764070370672254.069	,1764070370672269.319	
0,N/A,MEMCPY_ASYNC,1,3046,1.27,1764070370672285.194	,1764070370672286.464	
0,AsStrided401,KERNEL_AIVEC,1,3047,14.229,1764070370672389.777	,1764070370672404.006	
0,N/A,MEMCPY_ASYNC,1,3048,1.187,1764070370672424.173	,1764070370672425.360	
0,AsStrided402,KERNEL_AIVEC,1,3049,14.041,1764070370672478.444	,1764070370672492.485	
0,N/A,MEMCPY_ASYNC,1,3050,1.27,1764070370672511.631	,1764070370672512.901	
0,AsStrided403,KERNEL_AIVEC,1,3051,14.145,1764070370672561.319	,1764070370672575.464	
0,N/A,MEMCPY_ASYNC,1,3052,1.25,1764070370672598.923	,1764070370672600.173	
0,AsStrided404,KERNEL_AIVEC,1,3053,13.958,1764070370672655.569	,1764070370672669.527	
0,N/A,MEMCPY_ASYNC,1,3054,1.27,1764070370672682.923	,1764070370672684.193	
0,AsStrided405,KERNEL_AIVEC,1,3055,14.166,1764070370672737.173	,1764070370672751.339	
0,N/A,MEMCPY_ASYNC,1,3056,1.208,1764070370672771.694	,1764070370672772.902	
0,AsStrided406,KERNEL_AIVEC,1,3057,13.979,1764070370672823.089	,1764070370672837.068	
0,N/A,MEMCPY_ASYNC,1,3058,1.291,1764070370672856.464	,1764070370672857.755	
0,AsStrided106,KERNEL_AIVEC,1,3059,16.958,1764070370672909.319	,1764070370672926.277	
0,N/A,MEMCPY_ASYNC,1,3060,1.187,1764070370672949.714	,1764070370672950.901	
0,AsStrided108,KERNEL_AIVEC,1,3061,13.875,1764070370673004.131	,1764070370673018.006	
0,N/A,MEMCPY_ASYNC,1,3062,1.27,1764070370673037.944	,1764070370673039.214	
0,AsStrided109,KERNEL_AIVEC,1,3063,13.958,1764070370673091.631	,1764070370673105.589	
0,N/A,MEMCPY_ASYNC,1,3064,1.187,1764070370673124.881	,1764070370673126.068	
0,AsStrided110,KERNEL_AIVEC,1,3065,14.062,1764070370673175.194	,1764070370673189.256	
0,N/A,MEMCPY_ASYNC,1,3066,1.27,1764070370673208.110	,1764070370673209.380	
0,AsStrided111,KERNEL_AIVEC,1,3067,14.229,1764070370673264.319	,1764070370673278.548	
0,N/A,MEMCPY_ASYNC,1,3068,1.25,1764070370673298.756	,1764070370673300.006	
0,AsStrided112,KERNEL_AIVEC,1,3069,13.875,1764070370673349.944	,1764070370673363.819	
0,N/A,MEMCPY_ASYNC,1,3070,1.27,1764070370673382.235	,1764070370673383.505	
0,AsStrided113,KERNEL_AIVEC,1,3071,13.875,1764070370673432.860	,1764070370673446.735	
0,N/A,MEMCPY_ASYNC,1,3072,1.27,1764070370673603.694	,1764070370673604.964	
0,AsStrided114,KERNEL_AIVEC,1,3073,13.895,1764070370673659.548	,1764070370673673.443	
0,N/A,MEMCPY_ASYNC,1,3074,1.27,1764070370673694.839	,1764070370673696.109	
0,AsStrided115,KERNEL_AIVEC,1,3075,13.895,1764070370673754.194	,1764070370673768.089	
0,N/A,MEMCPY_ASYNC,1,3076,1.25,1764070370673787.694	,1764070370673788.944	
0,AsStrided116,KERNEL_AIVEC,1,3077,13.875,1764070370673840.069	,1764070370673853.944	
0,N/A,MEMCPY_ASYNC,1,3078,1.27,1764070370673874.152	,1764070370673875.422	
0,AsStrided117,KERNEL_AIVEC,1,3079,13.895,1764070370673924.006	,1764070370673937.901	
0,N/A,MEMCPY_ASYNC,1,3080,1.208,1764070370673957.402	,1764070370673958.610	
0,AsStrided118,KERNEL_AIVEC,1,3081,13.916,1764070370674007.256	,1764070370674021.172	
0,N/A,MEMCPY_ASYNC,1,3082,1.27,1764070370674046.256	,1764070370674047.526	
0,AsStrided119,KERNEL_AIVEC,1,3083,13.895,1764070370674099.277	,1764070370674113.172	
0,N/A,MEMCPY_ASYNC,1,3084,1.25,1764070370674131.902	,1764070370674133.152	
0,AsStrided120,KERNEL_AIVEC,1,3085,13.875,1764070370674183.006	,1764070370674196.881	
0,N/A,MEMCPY_ASYNC,1,3086,1.27,1764070370674215.464	,1764070370674216.734	
0,AsStrided121,KERNEL_AIVEC,1,3087,13.895,1764070370674266.589	,1764070370674280.484	
0,N/A,MEMCPY_ASYNC,1,3088,1.27,1764070370674298.110	,1764070370674299.380	
0,AsStrided122,KERNEL_AIVEC,1,3089,13.875,1764070370674351.069	,1764070370674364.944	
0,N/A,MEMCPY_ASYNC,1,3090,1.27,1764070370674392.777	,1764070370674394.047	
0,AsStrided123,KERNEL_AIVEC,1,3091,14.041,1764070370674444.110	,1764070370674458.151	
0,N/A,MEMCPY_ASYNC,1,3092,1.27,1764070370674477.527	,1764070370674478.797	
0,AsStrided124,KERNEL_AIVEC,1,3093,13.895,1764070370674602.152	,1764070370674616.047	
0,N/A,MEMCPY_ASYNC,1,3094,1.25,1764070370674645.069	,1764070370674646.319	
0,AsStrided125,KERNEL_AIVEC,1,3095,13.895,1764070370674699.006	,1764070370674712.901	
0,N/A,MEMCPY_ASYNC,1,3096,1.27,1764070370674731.381	,1764070370674732.651	
0,AsStrided126,KERNEL_AIVEC,1,3097,13.916,1764070370674788.610	,1764070370674802.526	
0,N/A,MEMCPY_ASYNC,1,3098,1.25,1764070370674825.548	,1764070370674826.798	
0,AsStrided127,KERNEL_AIVEC,1,3099,13.937,1764070370674885.152	,1764070370674899.089	
0,N/A,MEMCPY_ASYNC,1,3100,1.25,1764070370674918.756	,1764070370674920.006	
0,AsStrided128,KERNEL_AIVEC,1,3101,13.916,1764070370674973.631	,1764070370674987.547	
0,N/A,MEMCPY_ASYNC,1,3102,1.25,1764070370675005.777	,1764070370675007.027	
0,AsStrided129,KERNEL_AIVEC,1,3103,13.895,1764070370675055.714	,1764070370675069.609	
0,N/A,MEMCPY_ASYNC,1,3104,1.27,1764070370675090.839	,1764070370675092.109	
0,AsStrided130,KERNEL_AIVEC,1,3105,13.979,1764070370675152.214	,1764070370675166.193	
0,N/A,MEMCPY_ASYNC,1,3106,1.27,1764070370675186.694	,1764070370675187.964	
0,AsStrided131,KERNEL_AIVEC,1,3107,14.041,1764070370675238.173	,1764070370675252.214	
0,N/A,MEMCPY_ASYNC,1,3108,1.229,1764070370675271.464	,1764070370675272.693	
0,AsStrided132,KERNEL_AIVEC,1,3109,13.916,1764070370675321.069	,1764070370675334.985	
0,N/A,MEMCPY_ASYNC,1,3110,1.291,1764070370675352.756	,1764070370675354.047	
0,AsStrided133,KERNEL_AIVEC,1,3111,13.895,1764070370675404.131	,1764070370675418.026	
0,N/A,MEMCPY_ASYNC,1,3112,1.208,1764070370675450.194	,1764070370675451.402	
0,AsStrided134,KERNEL_AIVEC,1,3113,13.895,1764070370675504.173	,1764070370675518.068	
0,N/A,MEMCPY_ASYNC,1,3114,1.27,1764070370675540.652	,1764070370675541.922	
0,AsStrided135,KERNEL_AIVEC,1,3115,13.916,1764070370675593.069	,1764070370675606.985	
0,N/A,MEMCPY_ASYNC,1,3116,1.25,1764070370675626.444	,1764070370675627.694	
0,AsStrided136,KERNEL_AIVEC,1,3117,13.895,1764070370675755.131	,1764070370675769.026	
0,N/A,MEMCPY_ASYNC,1,3118,1.27,1764070370675796.256	,1764070370675797.526	
0,AsStrided137,KERNEL_AIVEC,1,3119,14.0,1764070370675852.569	,1764070370675866.569	
0,N/A,MEMCPY_ASYNC,1,3120,1.187,1764070370675919.631	,1764070370675920.818	
0,AsStrided138,KERNEL_AIVEC,1,3121,13.875,1764070370675973.527	,1764070370675987.402	
0,N/A,MEMCPY_ASYNC,1,3122,1.27,1764070370676006.548	,1764070370676007.818	
0,AsStrided139,KERNEL_AIVEC,1,3123,14.104,1764070370676058.444	,1764070370676072.548	
0,N/A,MEMCPY_ASYNC,1,3124,1.187,1764070370676092.652	,1764070370676093.839	
0,AsStrided140,KERNEL_AIVEC,1,3125,13.875,1764070370676143.444	,1764070370676157.319	
0,N/A,MEMCPY_ASYNC,1,3126,1.27,1764070370676175.381	,1764070370676176.651	
0,AsStrided141,KERNEL_AIVEC,1,3127,13.937,1764070370676232.839	,1764070370676246.776	
0,N/A,MEMCPY_ASYNC,1,3128,1.187,1764070370676265.589	,1764070370676266.776	
0,AsStrided142,KERNEL_AIVEC,1,3129,13.979,1764070370676361.714	,1764070370676375.693	
0,N/A,MEMCPY_ASYNC,1,3130,1.27,1764070370676393.923	,1764070370676395.193	
0,AsStrided143,KERNEL_AIVEC,1,3131,13.916,1764070370676448.214	,1764070370676462.130	
0,N/A,MEMCPY_ASYNC,1,3132,1.25,1764070370676482.589	,1764070370676483.839	
0,AsStrided144,KERNEL_AIVEC,1,3133,13.958,1764070370676535.423	,1764070370676549.381	
0,N/A,MEMCPY_ASYNC,1,3134,1.25,1764070370676569.048	,1764070370676570.298	
0,AsStrided145,KERNEL_AIVEC,1,3135,14.041,1764070370676653.944	,1764070370676667.985	
0,N/A,MEMCPY_ASYNC,1,3136,1.27,1764070370676806.339	,1764070370676807.609	
0,AsStrided146,KERNEL_AIVEC,1,3137,13.875,1764070370676865.027	,1764070370676878.902	
0,N/A,MEMCPY_ASYNC,1,3138,1.291,1764070370676904.006	,1764070370676905.297	
0,AsStrided147,KERNEL_AIVEC,1,3139,13.916,1764070370676958.860	,1764070370676972.776	
0,N/A,MEMCPY_ASYNC,1,3140,1.25,1764070370676994.277	,1764070370676995.527	
0,AsStrided148,KERNEL_AIVEC,1,3141,13.916,1764070370677050.714	,1764070370677064.630	
0,N/A,MEMCPY_ASYNC,1,3142,1.27,1764070370677084.152	,1764070370677085.422	
0,AsStrided149,KERNEL_AIVEC,1,3143,13.895,1764070370677142.131	,1764070370677156.026	
0,N/A,MEMCPY_ASYNC,1,3144,1.187,1764070370677177.214	,1764070370677178.401	
0,AsStrided150,KERNEL_AIVEC,1,3145,13.937,1764070370677230.006	,1764070370677243.943	
0,N/A,MEMCPY_ASYNC,1,3146,1.27,1764070370677266.277	,1764070370677267.547	
0,AsStrided151,KERNEL_AIVEC,1,3147,14.041,1764070370677322.152	,1764070370677336.193	
0,N/A,MEMCPY_ASYNC,1,3148,1.25,1764070370677354.714	,1764070370677355.964	
0,AsStrided152,KERNEL_AIVEC,1,3149,14.02,1764070370677403.652	,1764070370677417.672	
0,N/A,MEMCPY_ASYNC,1,3150,1.27,1764070370677449.839	,1764070370677451.109	
0,AsStrided153,KERNEL_AIVEC,1,3151,13.937,1764070370677504.735	,1764070370677518.672	
0,N/A,MEMCPY_ASYNC,1,3152,1.958,1764070370677539.902	,1764070370677541.860	
0,AsStrided154,KERNEL_AIVEC,1,3153,13.916,1764070370677593.277	,1764070370677607.193	
0,N/A,MEMCPY_ASYNC,1,3154,1.208,1764070370677628.194	,1764070370677629.402	
0,AsStrided155,KERNEL_AIVEC,1,3155,13.875,1764070370677680.610	,1764070370677694.485	
0,N/A,MEMCPY_ASYNC,1,3156,1.25,1764070370677716.069	,1764070370677717.319	
0,AsStrided156,KERNEL_AIVEC,1,3157,13.895,1764070370677767.735	,1764070370677781.630	
0,N/A,MEMCPY_ASYNC,1,3158,1.208,1764070370677811.589	,1764070370677812.797	
0,AsStrided157,KERNEL_AIVEC,1,3159,13.875,1764070370677866.256	,1764070370677880.131	
0,N/A,MEMCPY_ASYNC,1,3160,1.187,1764070370677901.006	,1764070370677902.193	
0,AsStrided158,KERNEL_AIVEC,1,3161,13.875,1764070370677953.464	,1764070370677967.339	
0,N/A,MEMCPY_ASYNC,1,3162,1.208,1764070370677987.735	,1764070370677988.943	
0,AsStrided159,KERNEL_AIVEC,1,3163,13.895,1764070370678040.152	,1764070370678054.047	
0,N/A,MEMCPY_ASYNC,1,3164,1.229,1764070370678074.569	,1764070370678075.798	
0,AsStrided160,KERNEL_AIVEC,1,3165,13.875,1764070370678130.923	,1764070370678144.798	
0,N/A,MEMCPY_ASYNC,1,3166,1.187,1764070370678167.902	,1764070370678169.089	
0,AsStrided161,KERNEL_AIVEC,1,3167,14.166,1764070370678218.944	,1764070370678233.110	
0,N/A,MEMCPY_ASYNC,1,3168,1.229,1764070370678523.673	,1764070370678524.902	
0,AsStrided162,KERNEL_AIVEC,1,3169,13.895,1764070370678628.881	,1764070370678642.776	
0,N/A,MEMCPY_ASYNC,1,3170,1.291,1764070370678678.569	,1764070370678679.860	
0,AsStrided163,KERNEL_AIVEC,1,3171,13.979,1764070370678738.152	,1764070370678752.131	
0,N/A,MEMCPY_ASYNC,1,3172,1.25,1764070370678776.631	,1764070370678777.881	
0,AsStrided164,KERNEL_AIVEC,1,3173,13.895,1764070370678843.985	,1764070370678857.880	
0,N/A,MEMCPY_ASYNC,1,3174,1.187,1764070370678882.756	,1764070370678883.943	
0,AsStrided165,KERNEL_AIVEC,1,3175,13.979,1764070370678937.194	,1764070370678951.173	
0,N/A,MEMCPY_ASYNC,1,3176,1.187,1764070370678973.194	,1764070370678974.381	
0,AsStrided166,KERNEL_AIVEC,1,3177,13.895,1764070370679031.839	,1764070370679045.734	
0,N/A,MEMCPY_ASYNC,1,3178,1.208,1764070370679065.714	,1764070370679066.922	
0,AsStrided167,KERNEL_AIVEC,1,3179,14.0,1764070370679119.381	,1764070370679133.381	
0,N/A,MEMCPY_ASYNC,1,3180,1.27,1764070370679161.235	,1764070370679162.505	
0,AsStrided168,KERNEL_AIVEC,1,3181,13.875,1764070370679212.110	,1764070370679225.985	
0,N/A,MEMCPY_ASYNC,1,3182,1.208,1764070370679246.048	,1764070370679247.256	
0,AsStrided169,KERNEL_AIVEC,1,3183,13.875,1764070370679300.652	,1764070370679314.527	
0,N/A,MEMCPY_ASYNC,1,3184,1.25,1764070370679334.569	,1764070370679335.819	
0,AsStrided170,KERNEL_AIVEC,1,3185,14.083,1764070370679399.735	,1764070370679413.818	
0,N/A,MEMCPY_ASYNC,1,3186,1.208,1764070370679426.777	,1764070370679427.985	
0,AsStrided171,KERNEL_AIVEC,1,3187,13.895,1764070370679473.381	,1764070370679487.276	
0,N/A,MEMCPY_ASYNC,1,3188,1.25,1764070370679519.444	,1764070370679520.694	
0,AsStrided172,KERNEL_AIVEC,1,3189,13.875,1764070370679574.735	,1764070370679588.610	
0,N/A,MEMCPY_ASYNC,1,3190,1.208,1764070370679607.756	,1764070370679608.964	
0,AsStrided173,KERNEL_AIVEC,1,3191,13.958,1764070370679658.194	,1764070370679672.152	
0,N/A,MEMCPY_ASYNC,1,3192,1.187,1764070370679694.152	,1764070370679695.339	
0,AsStrided174,KERNEL_AIVEC,1,3193,13.875,1764070370679744.256	,1764070370679758.131	
0,N/A,MEMCPY_ASYNC,1,3194,1.208,1764070370679776.235	,1764070370679777.443	
0,AsStrided175,KERNEL_AIVEC,1,3195,13.979,1764070370679836.048	,1764070370679850.027	
0,N/A,MEMCPY_ASYNC,1,3196,1.25,1764070370679868.652	,1764070370679869.902	
0,AsStrided176,KERNEL_AIVEC,1,3197,13.854,1764070370679919.423	,1764070370679933.277	
0,N/A,MEMCPY_ASYNC,1,3198,1.291,1764070370679951.464	,1764070370679952.755	
0,AsStrided177,KERNEL_AIVEC,1,3199,13.854,1764070370680001.589	,1764070370680015.443	
0,N/A,MEMCPY_ASYNC,1,3200,1.25,1764070370680174.131	,1764070370680175.381	
0,AsStrided178,KERNEL_AIVEC,1,3201,13.875,1764070370680231.256	,1764070370680245.131	
0,N/A,MEMCPY_ASYNC,1,3202,1.187,1764070370680266.652	,1764070370680267.839	
0,AsStrided179,KERNEL_AIVEC,1,3203,14.083,1764070370680392.798	,1764070370680406.881	
0,N/A,MEMCPY_ASYNC,1,3204,1.229,1764070370680411.923	,1764070370680413.152	
0,AsStrided180,KERNEL_AIVEC,1,3205,14.041,1764070370680469.860	,1764070370680483.901	
0,N/A,MEMCPY_ASYNC,1,3206,1.229,1764070370680503.402	,1764070370680504.631	
0,AsStrided181,KERNEL_AIVEC,1,3207,13.979,1764070370680558.152	,1764070370680572.131	
0,N/A,MEMCPY_ASYNC,1,3208,1.166,1764070370680592.381	,1764070370680593.547	
0,AsStrided182,KERNEL_AIVEC,1,3209,14.104,1764070370680645.131	,1764070370680659.235	
0,N/A,MEMCPY_ASYNC,1,3210,1.229,1764070370680698.256	,1764070370680699.485	
0,AsStrided183,KERNEL_AIVEC,1,3211,14.041,1764070370680740.319	,1764070370680754.360	
0,N/A,MEMCPY_ASYNC,1,3212,1.25,1764070370680773.985	,1764070370680775.235	
0,AsStrided184,KERNEL_AIVEC,1,3213,13.979,1764070370680827.735	,1764070370680841.714	
0,N/A,MEMCPY_ASYNC,1,3214,1.208,1764070370680860.006	,1764070370680861.214	
0,AsStrided185,KERNEL_AIVEC,1,3215,13.895,1764070370680912.714	,1764070370680926.609	
0,N/A,MEMCPY_ASYNC,1,3216,1.166,1764070370680945.777	,1764070370680946.943	
0,AsStrided186,KERNEL_AIVEC,1,3217,13.854,1764070370681135.089	,1764070370681148.943	
0,N/A,MEMCPY_ASYNC,1,3218,1.187,1764070370681296.714	,1764070370681297.901	
0,AsStrided187,KERNEL_AIVEC,1,3219,14.083,1764070370681435.860	,1764070370681449.943	
0,N/A,MEMCPY_ASYNC,1,3220,1.25,1764070370681489.048	,1764070370681490.298	
0,AsStrided188,KERNEL_AIVEC,1,3221,13.958,1764070370681551.173	,1764070370681565.131	
0,N/A,MEMCPY_ASYNC,1,3222,1.208,1764070370681588.839	,1764070370681590.047	
0,AsStrided189,KERNEL_AIVEC,1,3223,13.958,1764070370681645.256	,1764070370681659.214	
0,N/A,MEMCPY_ASYNC,1,3224,1.187,1764070370681680.381	,1764070370681681.568	
0,AsStrided190,KERNEL_AIVEC,1,3225,13.979,1764070370681742.381	,1764070370681756.360	
0,N/A,MEMCPY_ASYNC,1,3226,1.208,1764070370681776.464	,1764070370681777.672	
0,AsStrided191,KERNEL_AIVEC,1,3227,13.979,1764070370681829.464	,1764070370681843.443	
0,N/A,MEMCPY_ASYNC,1,3228,1.25,1764070370681863.548	,1764070370681864.798	
0,AsStrided192,KERNEL_AIVEC,1,3229,13.937,1764070370681918.569	,1764070370681932.506	
0,N/A,MEMCPY_ASYNC,1,3230,1.291,1764070370681950.506	,1764070370681951.797	
0,AsStrided193,KERNEL_AIVEC,1,3231,13.875,1764070370682001.402	,1764070370682015.277	
0,N/A,MEMCPY_ASYNC,1,3232,1.25,1764070370682034.027	,1764070370682035.277	
0,AsStrided194,KERNEL_AIVEC,1,3233,14.0,1764070370682099.735	,1764070370682113.735	
0,N/A,MEMCPY_ASYNC,1,3234,1.208,1764070370682132.569	,1764070370682133.777	
0,AsStrided195,KERNEL_AIVEC,1,3235,13.895,1764070370682185.235	,1764070370682199.130	
0,N/A,MEMCPY_ASYNC,1,3236,1.229,1764070370682219.464	,1764070370682220.693	
0,AsStrided196,KERNEL_AIVEC,1,3237,13.875,1764070370682275.402	,1764070370682289.277	
0,N/A,MEMCPY_ASYNC,1,3238,1.291,1764070370682311.902	,1764070370682313.193	
0,AsStrided197,KERNEL_AIVEC,1,3239,13.875,1764070370682360.798	,1764070370682374.673	
0,N/A,MEMCPY_ASYNC,1,3240,1.25,1764070370682398.714	,1764070370682399.964	
0,AsStrided198,KERNEL_AIVEC,1,3241,13.916,1764070370682453.131	,1764070370682467.047	
0,N/A,MEMCPY_ASYNC,1,3242,1.291,1764070370682497.798	,1764070370682499.089	
0,AsStrided199,KERNEL_AIVEC,1,3243,13.895,1764070370682614.569	,1764070370682628.464	
0,N/A,MEMCPY_ASYNC,1,3244,1.25,1764070370682654.548	,1764070370682655.798	
0,AsStrided200,KERNEL_AIVEC,1,3245,14.562,1764070370682711.027	,1764070370682725.589	
0,N/A,MEMCPY_ASYNC,1,3246,1.291,1764070370682745.235	,1764070370682746.526	
0,AsStrided201,KERNEL_AIVEC,1,3247,13.937,1764070370682797.360	,1764070370682811.297	
0,N/A,MEMCPY_ASYNC,1,3248,1.229,1764070370682842.881	,1764070370682844.110	
0,AsStrided202,KERNEL_AIVEC,1,3249,13.937,1764070370682898.944	,1764070370682912.881	
0,N/A,MEMCPY_ASYNC,1,3250,1.208,1764070370682932.194	,1764070370682933.402	
0,AsStrided203,KERNEL_AIVEC,1,3251,14.02,1764070370682983.277	,1764070370682997.297	
0,N/A,MEMCPY_ASYNC,1,3252,1.25,1764070370683015.798	,1764070370683017.048	
0,AsStrided204,KERNEL_AIVEC,1,3253,13.958,1764070370683069.714	,1764070370683083.672	
0,N/A,MEMCPY_ASYNC,1,3254,1.208,1764070370683103.089	,1764070370683104.297	
0,AsStrided205,KERNEL_AIVEC,1,3255,13.875,1764070370683160.839	,1764070370683174.714	
0,N/A,MEMCPY_ASYNC,1,3256,1.166,1764070370683194.444	,1764070370683195.610	
0,AsStrided206,KERNEL_AIVEC,1,3257,13.916,1764070370683245.548	,1764070370683259.464	
0,N/A,MEMCPY_ASYNC,1,3258,1.208,1764070370683277.944	,1764070370683279.152	
0,AsStrided207,KERNEL_AIVEC,1,3259,13.875,1764070370683331.569	,1764070370683345.444	
0,N/A,MEMCPY_ASYNC,1,3260,1.229,1764070370683364.131	,1764070370683365.360	
0,AsStrided208,KERNEL_AIVEC,1,3261,14.145,1764070370683415.839	,1764070370683429.984	
0,N/A,MEMCPY_ASYNC,1,3262,1.27,1764070370683449.131	,1764070370683450.401	
0,AsStrided209,KERNEL_AIVEC,1,3263,13.875,1764070370683504.756	,1764070370683518.631	
0,N/A,MEMCPY_ASYNC,1,3264,1.166,1764070370683701.194	,1764070370683702.360	
0,AsStrided210,KERNEL_AIVEC,1,3265,14.75,1764070370683759.110	,1764070370683773.860	
0,N/A,MEMCPY_ASYNC,1,3266,1.208,1764070370683796.985	,1764070370683798.193	
0,AsStrided211,KERNEL_AIVEC,1,3267,13.895,1764070370683850.777	,1764070370683864.672	
0,N/A,MEMCPY_ASYNC,1,3268,1.229,1764070370683885.631	,1764070370683886.860	
0,AsStrided212,KERNEL_AIVEC,1,3269,13.875,1764070370683939.402	,1764070370683953.277	
0,N/A,MEMCPY_ASYNC,1,3270,1.208,1764070370683972.360	,1764070370683973.568	
0,AsStrided213,KERNEL_AIVEC,1,3271,13.979,1764070370684034.277	,1764070370684048.256	
0,N/A,MEMCPY_ASYNC,1,3272,1.187,1764070370684066.652	,1764070370684067.839	
0,AsStrided214,KERNEL_AIVEC,1,3273,13.854,1764070370684117.694	,1764070370684131.548	
0,N/A,MEMCPY_ASYNC,1,3274,1.208,1764070370684150.839	,1764070370684152.047	
0,AsStrided215,KERNEL_AIVEC,1,3275,13.895,1764070370684203.735	,1764070370684217.630	
0,N/A,MEMCPY_ASYNC,1,3276,1.25,1764070370684236.735	,1764070370684237.985	
0,AsStrided216,KERNEL_AIVEC,1,3277,13.916,1764070370684340.839	,1764070370684354.755	
0,N/A,MEMCPY_ASYNC,1,3278,1.208,1764070370684389.069	,1764070370684390.277	
0,AsStrided217,KERNEL_AIVEC,1,3279,14.104,1764070370687594.735	,1764070370687608.839	
0,N/A,MEMCPY_ASYNC,1,3280,1.458,1764070370687798.381	,1764070370687799.839	
0,AsStrided218,KERNEL_AIVEC,1,3281,14.333,1764070370687903.277	,1764070370687917.610	
0,N/A,MEMCPY_ASYNC,1,3282,1.291,1764070370687957.006	,1764070370687958.297	
0,AsStrided219,KERNEL_AIVEC,1,3283,14.291,1764070370688026.173	,1764070370688040.464	
0,N/A,MEMCPY_ASYNC,1,3284,1.208,1764070370688072.006	,1764070370688073.214	
0,AsStrided220,KERNEL_AIVEC,1,3285,14.145,1764070370688136.964	,1764070370688151.109	
0,N/A,MEMCPY_ASYNC,1,3286,1.208,1764070370688208.548	,1764070370688209.756	
0,AsStrided221,KERNEL_AIVEC,1,3287,13.895,1764070370688278.381	,1764070370688292.276	
0,N/A,MEMCPY_ASYNC,1,3288,1.187,1764070370688324.069	,1764070370688325.256	
0,AsStrided222,KERNEL_AIVEC,1,3289,13.895,1764070370688390.339	,1764070370688404.234	
0,N/A,MEMCPY_ASYNC,1,3290,1.208,1764070370688433.569	,1764070370688434.777	
0,AsStrided223,KERNEL_AIVEC,1,3291,14.104,1764070370688494.069	,1764070370688508.173	
0,N/A,MEMCPY_ASYNC,1,3292,1.27,1764070370688535.589	,1764070370688536.859	
0,AsStrided224,KERNEL_AIVEC,1,3293,14.166,1764070370688609.548	,1764070370688623.714	
0,N/A,MEMCPY_ASYNC,1,3294,1.208,1764070370688655.777	,1764070370688656.985	
0,AsStrided225,KERNEL_AIVEC,1,3295,14.0,1764070370688705.173	,1764070370688719.173	
0,N/A,MEMCPY_ASYNC,1,3296,1.25,1764070370688752.923	,1764070370688754.173	
0,AsStrided226,KERNEL_AIVEC,1,3297,13.958,1764070370688812.131	,1764070370688826.089	
0,N/A,MEMCPY_ASYNC,1,3298,1.354,1764070370693008.402	,1764070370693009.756	
0,AsStrided227,KERNEL_AIVEC,1,3299,14.333,1764070370693154.569	,1764070370693168.902	
0,N/A,MEMCPY_ASYNC,1,3300,1.25,1764070370693215.402	,1764070370693216.652	
0,AsStrided228,KERNEL_AIVEC,1,3301,14.229,1764070370693306.048	,1764070370693320.277	
0,N/A,MEMCPY_ASYNC,1,3302,1.354,1764070370693351.777	,1764070370693353.131	
0,AsStrided229,KERNEL_AIVEC,1,3303,14.27,1764070370693422.256	,1764070370693436.526	
0,N/A,MEMCPY_ASYNC,1,3304,1.208,1764070370693468.631	,1764070370693469.839	
0,AsStrided230,KERNEL_AIVEC,1,3305,13.958,1764070370693537.485	,1764070370693551.443	
0,N/A,MEMCPY_ASYNC,1,3306,1.25,1764070370693582.069	,1764070370693583.319	
0,AsStrided231,KERNEL_AIVEC,1,3307,14.208,1764070370693650.735	,1764070370693664.943	
0,N/A,MEMCPY_ASYNC,1,3308,1.229,1764070370693697.089	,1764070370693698.318	
0,AsStrided232,KERNEL_AIVEC,1,3309,13.958,1764070370693757.027	,1764070370693770.985	
0,N/A,MEMCPY_ASYNC,1,3310,1.208,1764070370693800.235	,1764070370693801.443	
0,AsStrided233,KERNEL_AIVEC,1,3311,14.02,1764070370693863.277	,1764070370693877.297	
0,N/A,MEMCPY_ASYNC,1,3312,1.229,1764070370693904.777	,1764070370693906.006	
0,AsStrided234,KERNEL_AIVEC,1,3313,14.458,1764070370693975.048	,1764070370693989.506	
0,N/A,MEMCPY_ASYNC,1,3314,1.229,1764070370694021.485	,1764070370694022.714	
0,AsStrided235,KERNEL_AIVEC,1,3315,14.25,1764070370694084.548	,1764070370694098.798	
0,N/A,MEMCPY_ASYNC,1,3316,1.125,1764070370694141.402	,1764070370694142.527	
0,AsStrided236,KERNEL_AIVEC,1,3317,14.083,1764070370694205.339	,1764070370694219.422	
0,N/A,MEMCPY_ASYNC,1,3318,1.125,1764070370694248.589	,1764070370694249.714	
0,AsStrided237,KERNEL_AIVEC,1,3319,14.166,1764070370694320.152	,1764070370694334.318	
0,N/A,MEMCPY_ASYNC,1,3320,1.041,1764070370694362.589	,1764070370694363.630	
0,AsStrided238,KERNEL_AIVEC,1,3321,14.125,1764070370694422.527	,1764070370694436.652	
0,N/A,MEMCPY_ASYNC,1,3322,1.083,1764070370694462.089	,1764070370694463.172	
0,AsStrided239,KERNEL_AIVEC,1,3323,14.25,1764070370694734.527	,1764070370694748.777	
0,N/A,MEMCPY_ASYNC,1,3324,1.062,1764070370694788.819	,1764070370694789.881	
0,AsStrided240,KERNEL_AIVEC,1,3325,14.083,1764070370694849.902	,1764070370694863.985	
0,N/A,MEMCPY_ASYNC,1,3326,1.166,1764070370694894.277	,1764070370694895.443	
0,AsStrided241,KERNEL_AIVEC,1,3327,13.958,1764070370694956.360	,1764070370694970.318	
0,N/A,MEMCPY_ASYNC,1,3328,1.125,1764070370695159.402	,1764070370695160.527	
0,AsStrided242,KERNEL_AIVEC,1,3329,14.437,1764070370695223.673	,1764070370695238.110	
0,N/A,MEMCPY_ASYNC,1,3330,1.083,1764070370695264.819	,1764070370695265.902	
0,AsStrided243,KERNEL_AIVEC,1,3331,13.979,1764070370695330.444	,1764070370695344.423	
0,N/A,MEMCPY_ASYNC,1,3332,1.125,1764070370695371.506	,1764070370695372.631	
0,AsStrided244,KERNEL_AIVEC,1,3333,13.895,1764070370695431.006	,1764070370695444.901	
0,N/A,MEMCPY_ASYNC,1,3334,1.083,1764070370695471.069	,1764070370695472.152	
0,AsStrided245,KERNEL_AIVEC,1,3335,13.979,1764070370695531.944	,1764070370695545.923	
0,N/A,MEMCPY_ASYNC,1,3336,1.104,1764070370695572.902	,1764070370695574.006	
0,AsStrided246,KERNEL_AIVEC,1,3337,13.958,1764070370695636.402	,1764070370695650.360	
0,N/A,MEMCPY_ASYNC,1,3338,1.062,1764070370695683.298	,1764070370695684.360	
0,AsStrided247,KERNEL_AIVEC,1,3339,13.895,1764070370695745.110	,1764070370695759.005	
0,N/A,MEMCPY_ASYNC,1,3340,1.125,1764070370695786.735	,1764070370695787.860	
0,AsStrided248,KERNEL_AIVEC,1,3341,14.0,1764070370695848.610	,1764070370695862.610	
0,N/A,MEMCPY_ASYNC,1,3342,1.083,1764070370695889.152	,1764070370695890.235	
0,AsStrided249,KERNEL_AIVEC,1,3343,14.104,1764070370695948.235	,1764070370695962.339	
0,N/A,MEMCPY_ASYNC,1,3344,1.041,1764070370695989.944	,1764070370695990.985	
0,AsStrided250,KERNEL_AIVEC,1,3345,14.0,1764070370696055.256	,1764070370696069.256	
0,N/A,MEMCPY_ASYNC,1,3346,1.104,1764070370696112.214	,1764070370696113.318	
0,AsStrided251,KERNEL_AIVEC,1,3347,14.145,1764070370696174.902	,1764070370696189.047	
0,N/A,MEMCPY_ASYNC,1,3348,1.104,1764070370696216.610	,1764070370696217.714	
0,AsStrided252,KERNEL_AIVEC,1,3349,14.187,1764070370696275.798	,1764070370696289.985	
0,N/A,MEMCPY_ASYNC,1,3350,1.104,1764070370696316.027	,1764070370696317.131	
0,AsStrided253,KERNEL_AIVEC,1,3351,14.52,1764070370696384.839	,1764070370696399.359	
0,N/A,MEMCPY_ASYNC,1,3352,1.125,1764070370696420.631	,1764070370696421.756	
0,AsStrided254,KERNEL_AIVEC,1,3353,13.979,1764070370696485.652	,1764070370696499.631	
0,N/A,MEMCPY_ASYNC,1,3354,1.125,1764070370696523.610	,1764070370696524.735	
0,AsStrided255,KERNEL_AIVEC,1,3355,14.354,1764070370696582.923	,1764070370696597.277	
0,N/A,MEMCPY_ASYNC,1,3356,1.187,1764070370696622.194	,1764070370696623.381	
0,AsStrided256,KERNEL_AIVEC,1,3357,14.25,1764070370696710.923	,1764070370696725.173	
0,N/A,MEMCPY_ASYNC,1,3358,1.145,1764070370696728.006	,1764070370696729.151	
0,AsStrided257,KERNEL_AIVEC,1,3359,14.0,1764070370696785.173	,1764070370696799.173	
0,N/A,MEMCPY_ASYNC,1,3360,1.166,1764070370696824.027	,1764070370696825.193	
0,AsStrided258,KERNEL_AIVEC,1,3361,14.02,1764070370696921.839	,1764070370696935.859	
0,N/A,MEMCPY_ASYNC,1,3362,1.062,1764070370696966.569	,1764070370696967.631	
0,AsStrided259,KERNEL_AIVEC,1,3363,13.937,1764070370697029.464	,1764070370697043.401	
0,N/A,MEMCPY_ASYNC,1,3364,1.166,1764070370697067.339	,1764070370697068.505	
0,AsStrided260,KERNEL_AIVEC,1,3365,13.979,1764070370697124.444	,1764070370697138.423	
0,N/A,MEMCPY_ASYNC,1,3366,1.145,1764070370697163.027	,1764070370697164.172	
0,AsStrided261,KERNEL_AIVEC,1,3367,13.895,1764070370697223.402	,1764070370697237.297	
0,N/A,MEMCPY_ASYNC,1,3368,1.125,1764070370697272.777	,1764070370697273.902	
0,AsStrided262,KERNEL_AIVEC,1,3369,14.125,1764070370697337.048	,1764070370697351.173	
0,N/A,MEMCPY_ASYNC,1,3370,1.187,1764070370697378.881	,1764070370697380.068	
0,AsStrided263,KERNEL_AIVEC,1,3371,13.979,1764070370697438.902	,1764070370697452.881	
0,N/A,MEMCPY_ASYNC,1,3372,1.166,1764070370697480.298	,1764070370697481.464	
0,AsStrided264,KERNEL_AIVEC,1,3373,14.166,1764070370697539.569	,1764070370697553.735	
0,N/A,MEMCPY_ASYNC,1,3374,1.145,1764070370697580.319	,1764070370697581.464	
0,AsStrided265,KERNEL_AIVEC,1,3375,14.02,1764070370697641.985	,1764070370697656.005	
0,N/A,MEMCPY_ASYNC,1,3376,1.166,1764070370697689.798	,1764070370697690.964	
0,AsStrided266,KERNEL_AIVEC,1,3377,14.02,1764070370697748.256	,1764070370697762.276	
0,N/A,MEMCPY_ASYNC,1,3378,1.104,1764070370697790.277	,1764070370697791.381	
0,AsStrided267,KERNEL_AIVEC,1,3379,14.291,1764070370697848.235	,1764070370697862.526	
0,N/A,MEMCPY_ASYNC,1,3380,1.166,1764070370697886.944	,1764070370697888.110	
0,AsStrided268,KERNEL_AIVEC,1,3381,13.937,1764070370697947.631	,1764070370697961.568	
0,N/A,MEMCPY_ASYNC,1,3382,1.125,1764070370697987.089	,1764070370697988.214	
0,AsStrided269,KERNEL_AIVEC,1,3383,14.416,1764070370698057.527	,1764070370698071.943	
0,N/A,MEMCPY_ASYNC,1,3384,1.062,1764070370698100.131	,1764070370698101.193	
0,AsStrided270,KERNEL_AIVEC,1,3385,14.27,1764070370698161.527	,1764070370698175.797	
0,N/A,MEMCPY_ASYNC,1,3386,1.062,1764070370698203.798	,1764070370698204.860	
0,AsStrided271,KERNEL_AIVEC,1,3387,14.312,1764070370698268.360	,1764070370698282.672	
0,N/A,MEMCPY_ASYNC,1,3388,1.166,1764070370698307.152	,1764070370698308.318	
0,AsStrided272,KERNEL_AIVEC,1,3389,13.854,1764070370698365.152	,1764070370698379.006	
0,N/A,MEMCPY_ASYNC,1,3390,1.166,1764070370698405.652	,1764070370698406.818	
0,AsStrided273,KERNEL_AIVEC,1,3391,14.083,1764070370698488.589	,1764070370698502.672	
0,N/A,MEMCPY_ASYNC,1,3392,1.187,1764070370698884.298	,1764070370698885.485	
0,AsStrided274,KERNEL_AIVEC,1,3393,14.062,1764070370698962.235	,1764070370698976.297	
0,N/A,MEMCPY_ASYNC,1,3394,1.125,1764070370699007.694	,1764070370699008.819	
0,AsStrided275,KERNEL_AIVEC,1,3395,14.375,1764070370699074.235	,1764070370699088.610	
0,N/A,MEMCPY_ASYNC,1,3396,1.145,1764070370699117.985	,1764070370699119.130	
0,AsStrided276,KERNEL_AIVEC,1,3397,14.083,1764070370699180.756	,1764070370699194.839	
0,N/A,MEMCPY_ASYNC,1,3398,1.166,1764070370699221.631	,1764070370699222.797	
0,AsStrided277,KERNEL_AIVEC,1,3399,13.875,1764070370699289.214	,1764070370699303.089	
0,N/A,MEMCPY_ASYNC,1,3400,1.104,1764070370699331.735	,1764070370699332.839	
0,AsStrided278,KERNEL_AIVEC,1,3401,14.104,1764070370699391.152	,1764070370699405.256	
0,N/A,MEMCPY_ASYNC,1,3402,1.145,1764070370699433.235	,1764070370699434.380	
0,AsStrided279,KERNEL_AIVEC,1,3403,14.27,1764070370699496.777	,1764070370699511.047	
0,N/A,MEMCPY_ASYNC,1,3404,1.125,1764070370699539.423	,1764070370699540.548	
0,AsStrided280,KERNEL_AIVEC,1,3405,13.958,1764070370699599.798	,1764070370699613.756	
0,N/A,MEMCPY_ASYNC,1,3406,1.145,1764070370699647.402	,1764070370699648.547	
0,AsStrided281,KERNEL_AIVEC,1,3407,14.125,1764070370699707.152	,1764070370699721.277	
0,N/A,MEMCPY_ASYNC,1,3408,1.125,1764070370699748.798	,1764070370699749.923	
0,AsStrided282,KERNEL_AIVEC,1,3409,13.854,1764070370699809.194	,1764070370699823.048	
0,N/A,MEMCPY_ASYNC,1,3410,1.166,1764070370699851.256	,1764070370699852.422	
0,AsStrided283,KERNEL_AIVEC,1,3411,13.979,1764070370699911.735	,1764070370699925.714	
0,N/A,MEMCPY_ASYNC,1,3412,1.125,1764070370699951.714	,1764070370699952.839	
0,AsStrided284,KERNEL_AIVEC,1,3413,14.125,1764070370700008.360	,1764070370700022.485	
0,N/A,MEMCPY_ASYNC,1,3414,1.145,1764070370700065.548	,1764070370700066.693	
0,AsStrided285,KERNEL_AIVEC,1,3415,14.187,1764070370700124.694	,1764070370700138.881	
0,N/A,MEMCPY_ASYNC,1,3416,1.125,1764070370700166.339	,1764070370700167.464	
0,AsStrided286,KERNEL_AIVEC,1,3417,14.125,1764070370700225.444	,1764070370700239.569	
0,N/A,MEMCPY_ASYNC,1,3418,1.145,1764070370700265.360	,1764070370700266.505	
0,AsStrided287,KERNEL_AIVEC,1,3419,14.104,1764070370700322.714	,1764070370700336.818	
0,N/A,MEMCPY_ASYNC,1,3420,1.125,1764070370700387.277	,1764070370700388.402	
0,AsStrided288,KERNEL_AIVEC,1,3421,13.979,1764070370700428.902	,1764070370700442.881	
0,N/A,MEMCPY_ASYNC,1,3422,1.166,1764070370700470.381	,1764070370700471.547	
0,AsStrided289,KERNEL_AIVEC,1,3423,14.041,1764070370700529.298	,1764070370700543.339	
0,N/A,MEMCPY_ASYNC,1,3424,1.104,1764070370700569.631	,1764070370700570.735	
0,AsStrided290,KERNEL_AIVEC,1,3425,14.02,1764070370700651.277	,1764070370700665.297	
0,N/A,MEMCPY_ASYNC,1,3426,1.083,1764070370700699.777	,1764070370700700.860	
0,AsStrided291,KERNEL_AIVEC,1,3427,13.875,1764070370700723.006	,1764070370700736.881	
0,N/A,MEMCPY_ASYNC,1,3428,1.104,1764070370700761.110	,1764070370700762.214	
0,AsStrided292,KERNEL_AIVEC,1,3429,13.854,1764070370700823.444	,1764070370700837.298	
0,N/A,MEMCPY_ASYNC,1,3430,1.145,1764070370700864.506	,1764070370700865.651	
0,AsStrided293,KERNEL_AIVEC,1,3431,13.979,1764070370700957.506	,1764070370700971.485	
0,N/A,MEMCPY_ASYNC,1,3432,1.125,1764070370701003.360	,1764070370701004.485	
0,AsStrided294,KERNEL_AIVEC,1,3433,13.854,1764070370701064.444	,1764070370701078.298	
0,N/A,MEMCPY_ASYNC,1,3434,1.145,1764070370701104.256	,1764070370701105.401	
0,AsStrided295,KERNEL_AIVEC,1,3435,13.895,1764070370701162.589	,1764070370701176.484	
0,N/A,MEMCPY_ASYNC,1,3436,1.125,1764070370701206.839	,1764070370701207.964	
0,AsStrided296,KERNEL_AIVEC,1,3437,14.104,1764070370701266.006	,1764070370701280.110	
0,N/A,MEMCPY_ASYNC,1,3438,1.166,1764070370701305.881	,1764070370701307.047	
0,AsStrided297,KERNEL_AIVEC,1,3439,13.895,1764070370701366.569	,1764070370701380.464	
0,N/A,MEMCPY_ASYNC,1,3440,1.25,1764070370701405.860	,1764070370701407.110	
0,AsStrided298,KERNEL_AIVEC,1,3441,14.062,1764070370701463.069	,1764070370701477.131	
0,N/A,MEMCPY_ASYNC,1,3442,1.291,1764070370701501.860	,1764070370701503.151	
0,AsStrided299,KERNEL_AIVEC,1,3443,14.0,1764070370701559.652	,1764070370701573.652	
0,N/A,MEMCPY_ASYNC,1,3444,1.25,1764070370701610.214	,1764070370701611.464	
0,AsStrided300,KERNEL_AIVEC,1,3445,13.979,1764070370701670.714	,1764070370701684.693	
0,N/A,MEMCPY_ASYNC,1,3446,1.187,1764070370701711.881	,1764070370701713.068	
0,AsStrided301,KERNEL_AIVEC,1,3447,13.895,1764070370701771.235	,1764070370701785.130	
0,N/A,MEMCPY_ASYNC,1,3448,1.25,1764070370701811.402	,1764070370701812.652	
0,AsStrided302,KERNEL_AIVEC,1,3449,13.937,1764070370701867.089	,1764070370701881.026	
0,N/A,MEMCPY_ASYNC,1,3450,1.291,1764070370701906.881	,1764070370701908.172	
0,AsStrided303,KERNEL_AIVEC,1,3451,13.895,1764070370701970.027	,1764070370701983.922	
0,N/A,MEMCPY_ASYNC,1,3452,1.25,1764070370702008.902	,1764070370702010.152	
0,AsStrided304,KERNEL_AIVEC,1,3453,13.895,1764070370702067.756	,1764070370702081.651	
0,N/A,MEMCPY_ASYNC,1,3454,1.291,1764070370702107.069	,1764070370702108.360	
0,AsStrided305,KERNEL_AIVEC,1,3455,14.208,1764070370702163.319	,1764070370702177.527	
0,N/A,MEMCPY_ASYNC,1,3456,1.25,1764070370702360.610	,1764070370702361.860	
0,AsStrided306,KERNEL_AIVEC,1,3457,13.916,1764070370702423.444	,1764070370702437.360	
0,N/A,MEMCPY_ASYNC,1,3458,1.312,1764070370702463.173	,1764070370702464.485	
0,AsStrided307,KERNEL_AIVEC,1,3459,13.895,1764070370702702.298	,1764070370702716.193	
0,N/A,MEMCPY_ASYNC,1,3460,1.25,1764070370702749.923	,1764070370702751.173	
0,AsStrided308,KERNEL_AIVEC,1,3461,13.916,1764070370702813.069	,1764070370702826.985	
0,N/A,MEMCPY_ASYNC,1,3462,1.208,1764070370702855.360	,1764070370702856.568	
0,AsStrided309,KERNEL_AIVEC,1,3463,14.0,1764070370702917.506	,1764070370702931.506	
0,N/A,MEMCPY_ASYNC,1,3464,1.25,1764070370702957.777	,1764070370702959.027	
0,AsStrided310,KERNEL_AIVEC,1,3465,14.0,1764070370703015.714	,1764070370703029.714	
0,N/A,MEMCPY_ASYNC,1,3466,1.208,1764070370703062.360	,1764070370703063.568	
0,AsStrided311,KERNEL_AIVEC,1,3467,14.0,1764070370703123.881	,1764070370703137.881	
0,N/A,MEMCPY_ASYNC,1,3468,1.166,1764070370703163.402	,1764070370703164.568	
0,AsStrided312,KERNEL_AIVEC,1,3469,14.062,1764070370703218.881	,1764070370703232.943	
0,N/A,MEMCPY_ASYNC,1,3470,1.187,1764070370703259.235	,1764070370703260.422	
0,AsStrided313,KERNEL_AIVEC,1,3471,13.895,1764070370703315.194	,1764070370703329.089	
0,N/A,MEMCPY_ASYNC,1,3472,1.229,1764070370703353.694	,1764070370703354.923	
0,AsStrided314,KERNEL_AIVEC,1,3473,13.895,1764070370703415.402	,1764070370703429.297	
0,N/A,MEMCPY_ASYNC,1,3474,1.291,1764070370703465.069	,1764070370703466.360	
0,AsStrided315,KERNEL_AIVEC,1,3475,14.0,1764070370703521.798	,1764070370703535.798	
0,N/A,MEMCPY_ASYNC,1,3476,1.25,1764070370703562.360	,1764070370703563.610	
0,AsStrided316,KERNEL_AIVEC,1,3477,14.0,1764070370703621.319	,1764070370703635.319	
0,N/A,MEMCPY_ASYNC,1,3478,1.208,1764070370703660.631	,1764070370703661.839	
0,AsStrided317,KERNEL_AIVEC,1,3479,14.0,1764070370703720.527	,1764070370703734.527	
0,N/A,MEMCPY_ASYNC,1,3480,1.27,1764070370703761.381	,1764070370703762.651	
0,AsStrided318,KERNEL_AIVEC,1,3481,14.062,1764070370703824.444	,1764070370703838.506	
0,N/A,MEMCPY_ASYNC,1,3482,1.291,1764070370703862.756	,1764070370703864.047	
0,AsStrided319,KERNEL_AIVEC,1,3483,13.895,1764070370703920.860	,1764070370703934.755	
0,N/A,MEMCPY_ASYNC,1,3484,1.27,1764070370703960.089	,1764070370703961.359	
0,AsStrided320,KERNEL_AIVEC,1,3485,13.875,1764070370704020.152	,1764070370704034.027	
0,N/A,MEMCPY_ASYNC,1,3486,1.291,1764070370704058.381	,1764070370704059.672	
0,AsStrided321,KERNEL_AIVEC,1,3487,13.895,1764070370704116.527	,1764070370704130.422	
0,N/A,MEMCPY_ASYNC,1,3488,1.25,1764070370704155.194	,1764070370704156.444	
0,AsStrided322,KERNEL_AIVEC,1,3489,14.02,1764070370704217.735	,1764070370704231.755	
0,N/A,MEMCPY_ASYNC,1,3490,1.291,1764070370704256.527	,1764070370704257.818	
0,AsStrided323,KERNEL_AIVEC,1,3491,14.0,1764070370704315.069	,1764070370704329.069	
0,N/A,MEMCPY_ASYNC,1,3492,1.27,1764070370704380.319	,1764070370704381.589	
0,AsStrided324,KERNEL_AIVEC,1,3493,13.895,1764070370704415.631	,1764070370704429.526	
0,N/A,MEMCPY_ASYNC,1,3494,1.291,1764070370704454.319	,1764070370704455.610	
0,AsStrided325,KERNEL_AIVEC,1,3495,14.041,1764070370704508.735	,1764070370704522.776	
0,N/A,MEMCPY_ASYNC,1,3496,1.25,1764070370704557.985	,1764070370704559.235	
0,AsStrided326,KERNEL_AIVEC,1,3497,14.0,1764070370704620.881	,1764070370704634.881	
0,N/A,MEMCPY_ASYNC,1,3498,1.312,1764070370704696.360	,1764070370704697.672	
0,AsStrided327,KERNEL_AIVEC,1,3499,13.916,1764070370704719.506	,1764070370704733.422	
0,N/A,MEMCPY_ASYNC,1,3500,1.27,1764070370704757.048	,1764070370704758.318	
0,AsStrided328,KERNEL_AIVEC,1,3501,13.979,1764070370704814.777	,1764070370704828.756	
0,N/A,MEMCPY_ASYNC,1,3502,1.27,1764070370704853.985	,1764070370704855.255	
0,AsStrided329,KERNEL_AIVEC,1,3503,13.916,1764070370704938.444	,1764070370704952.360	
0,N/A,MEMCPY_ASYNC,1,3504,1.25,1764070370704990.819	,1764070370704992.069	
0,AsStrided330,KERNEL_AIVEC,1,3505,13.916,1764070370705050.277	,1764070370705064.193	
0,N/A,MEMCPY_ASYNC,1,3506,1.291,1764070370705088.902	,1764070370705090.193	
0,AsStrided331,KERNEL_AIVEC,1,3507,13.895,1764070370705147.214	,1764070370705161.109	
0,N/A,MEMCPY_ASYNC,1,3508,1.25,1764070370705186.006	,1764070370705187.256	
0,AsStrided332,KERNEL_AIVEC,1,3509,13.979,1764070370705248.964	,1764070370705262.943	
0,N/A,MEMCPY_ASYNC,1,3510,1.187,1764070370705286.485	,1764070370705287.672	
0,AsStrided333,KERNEL_AIVEC,1,3511,13.916,1764070370705348.152	,1764070370705362.068	
0,N/A,MEMCPY_ASYNC,1,3512,1.25,1764070370705388.756	,1764070370705390.006	
0,AsStrided334,KERNEL_AIVEC,1,3513,13.979,1764070370705445.069	,1764070370705459.048	
0,N/A,MEMCPY_ASYNC,1,3514,1.291,1764070370705485.069	,1764070370705486.360	
0,AsStrided335,KERNEL_AIVEC,1,3515,13.895,1764070370705543.423	,1764070370705557.318	
0,N/A,MEMCPY_ASYNC,1,3516,1.27,1764070370705579.589	,1764070370705580.859	
0,AsStrided336,KERNEL_AIVEC,1,3517,13.895,1764070370705635.673	,1764070370705649.568	
0,N/A,MEMCPY_ASYNC,1,3518,1.291,1764070370705672.235	,1764070370705673.526	
0,AsStrided337,KERNEL_AIVEC,1,3519,15.187,1764070370705737.881	,1764070370705753.068	
0,N/A,MEMCPY_ASYNC,1,3520,1.187,1764070370705935.673	,1764070370705936.860	
0,AsStrided338,KERNEL_AIVEC,1,3521,14.062,1764070370706002.569	,1764070370706016.631	
0,N/A,MEMCPY_ASYNC,1,3522,1.312,1764070370706043.298	,1764070370706044.610	
0,AsStrided339,KERNEL_AIVEC,1,3523,13.958,1764070370706102.527	,1764070370706116.485	
0,N/A,MEMCPY_ASYNC,1,3524,1.229,1764070370706142.402	,1764070370706143.631	
0,AsStrided340,KERNEL_AIVEC,1,3525,14.062,1764070370706201.339	,1764070370706215.401	
0,N/A,MEMCPY_ASYNC,1,3526,1.208,1764070370706241.089	,1764070370706242.297	
0,AsStrided341,KERNEL_AIVEC,1,3527,13.958,1764070370706305.902	,1764070370706319.860	
0,N/A,MEMCPY_ASYNC,1,3528,1.229,1764070370706347.298	,1764070370706348.527	
0,AsStrided342,KERNEL_AIVEC,1,3529,14.166,1764070370706407.110	,1764070370706421.276	
0,N/A,MEMCPY_ASYNC,1,3530,1.208,1764070370706445.298	,1764070370706446.506	
0,AsStrided343,KERNEL_AIVEC,1,3531,14.0,1764070370706657.881	,1764070370706671.881	
0,N/A,MEMCPY_ASYNC,1,3532,1.166,1764070370706707.069	,1764070370706708.235	
0,AsStrided344,KERNEL_AIVEC,1,3533,13.937,1764070370706769.631	,1764070370706783.568	
0,N/A,MEMCPY_ASYNC,1,3534,1.208,1764070370706818.339	,1764070370706819.547	
0,AsStrided345,KERNEL_AIVEC,1,3535,13.958,1764070370706878.610	,1764070370706892.568	
0,N/A,MEMCPY_ASYNC,1,3536,1.25,1764070370706918.610	,1764070370706919.860	
0,AsStrided346,KERNEL_AIVEC,1,3537,14.062,1764070370706984.381	,1764070370706998.443	
0,N/A,MEMCPY_ASYNC,1,3538,1.291,1764070370707025.256	,1764070370707026.547	
0,AsStrided347,KERNEL_AIVEC,1,3539,13.916,1764070370707085.194	,1764070370707099.110	
0,N/A,MEMCPY_ASYNC,1,3540,1.229,1764070370707124.194	,1764070370707125.423	
0,AsStrided348,KERNEL_AIVEC,1,3541,13.937,1764070370707182.464	,1764070370707196.401	
0,N/A,MEMCPY_ASYNC,1,3542,1.229,1764070370707230.089	,1764070370707231.318	
0,AsStrided349,KERNEL_AIVEC,1,3543,13.895,1764070370707291.256	,1764070370707305.151	
0,N/A,MEMCPY_ASYNC,1,3544,1.25,1764070370707332.673	,1764070370707333.923	
0,AsStrided350,KERNEL_AIVEC,1,3545,13.895,1764070370707390.631	,1764070370707404.526	
0,N/A,MEMCPY_ASYNC,1,3546,1.208,1764070370707430.319	,1764070370707431.527	
0,AsStrided351,KERNEL_AIVEC,1,3547,13.895,1764070370707488.423	,1764070370707502.318	
0,N/A,MEMCPY_ASYNC,1,3548,1.187,1764070370707527.964	,1764070370707529.151	
0,AsStrided352,KERNEL_AIVEC,1,3549,13.895,1764070370707591.902	,1764070370707605.797	
0,N/A,MEMCPY_ASYNC,1,3550,1.208,1764070370707631.902	,1764070370707633.110	
0,AsStrided353,KERNEL_AIVEC,1,3551,13.916,1764070370707689.339	,1764070370707703.255	
0,N/A,MEMCPY_ASYNC,1,3552,1.25,1764070370707727.360	,1764070370707728.610	
0,AsStrided354,KERNEL_AIVEC,1,3553,13.958,1764070370707783.069	,1764070370707797.027	
0,N/A,MEMCPY_ASYNC,1,3554,1.208,1764070370707820.923	,1764070370707822.131	
0,AsStrided355,KERNEL_AIVEC,1,3555,13.895,1764070370707880.069	,1764070370707893.964	
0,N/A,MEMCPY_ASYNC,1,3556,1.166,1764070370707921.048	,1764070370707922.214	
0,AsStrided356,KERNEL_AIVEC,1,3557,13.895,1764070370707982.944	,1764070370707996.839	
0,N/A,MEMCPY_ASYNC,1,3558,1.187,1764070370708022.131	,1764070370708023.318	
0,AsStrided357,KERNEL_AIVEC,1,3559,13.916,1764070370708080.131	,1764070370708094.047	
0,N/A,MEMCPY_ASYNC,1,3560,1.25,1764070370708118.944	,1764070370708120.194	
0,AsStrided358,KERNEL_AIVEC,1,3561,14.0,1764070370708178.610	,1764070370708192.610	
0,N/A,MEMCPY_ASYNC,1,3562,1.208,1764070370708216.652	,1764070370708217.860	
0,AsStrided359,KERNEL_AIVEC,1,3563,14.02,1764070370708272.610	,1764070370708286.630	
0,N/A,MEMCPY_ASYNC,1,3564,1.187,1764070370708317.319	,1764070370708318.506	
0,AsStrided360,KERNEL_AIVEC,1,3565,14.0,1764070370708383.319	,1764070370708397.319	
0,N/A,MEMCPY_ASYNC,1,3566,1.208,1764070370708419.777	,1764070370708420.985	
0,AsStrided361,KERNEL_AIVEC,1,3567,13.895,1764070370708479.194	,1764070370708493.089	
0,N/A,MEMCPY_ASYNC,1,3568,1.25,1764070370708516.673	,1764070370708517.923	
0,AsStrided362,KERNEL_AIVEC,1,3569,14.02,1764070370708574.944	,1764070370708588.964	
0,N/A,MEMCPY_ASYNC,1,3570,1.291,1764070370708612.860	,1764070370708614.151	
0,AsStrided363,KERNEL_AIVEC,1,3571,14.062,1764070370708696.798	,1764070370708710.860	
0,N/A,MEMCPY_ASYNC,1,3572,1.229,1764070370708721.444	,1764070370708722.673	
0,AsStrided364,KERNEL_AIVEC,1,3573,13.937,1764070370708781.214	,1764070370708795.151	
0,N/A,MEMCPY_ASYNC,1,3574,1.187,1764070370708827.256	,1764070370708828.443	
0,AsStrided365,KERNEL_AIVEC,1,3575,13.895,1764070370708885.277	,1764070370708899.172	
0,N/A,MEMCPY_ASYNC,1,3576,1.25,1764070370708931.527	,1764070370708932.777	
0,AsStrided366,KERNEL_AIVEC,1,3577,14.0,1764070370709004.360	,1764070370709018.360	
0,N/A,MEMCPY_ASYNC,1,3578,1.291,1764070370709042.298	,1764070370709043.589	
0,AsStrided367,KERNEL_AIVEC,1,3579,14.02,1764070370709109.360	,1764070370709123.380	
0,N/A,MEMCPY_ASYNC,1,3580,1.25,1764070370709150.027	,1764070370709151.277	
0,AsStrided368,KERNEL_AIVEC,1,3581,13.979,1764070370709208.777	,1764070370709222.756	
0,N/A,MEMCPY_ASYNC,1,3582,1.291,1764070370709248.319	,1764070370709249.610	
0,AsStrided369,KERNEL_AIVEC,1,3583,14.062,1764070370709306.214	,1764070370709320.276	
0,N/A,MEMCPY_ASYNC,1,3584,1.25,1764070370709497.714	,1764070370709498.964	
0,AsStrided370,KERNEL_AIVEC,1,3585,14.895,1764070370709560.923	,1764070370709575.818	
0,N/A,MEMCPY_ASYNC,1,3586,1.291,1764070370709600.381	,1764070370709601.672	
0,AsStrided371,KERNEL_AIVEC,1,3587,14.0,1764070370709668.131	,1764070370709682.131	
0,N/A,MEMCPY_ASYNC,1,3588,1.229,1764070370709706.944	,1764070370709708.173	
0,AsStrided372,KERNEL_AIVEC,1,3589,13.916,1764070370709763.360	,1764070370709777.276	
0,N/A,MEMCPY_ASYNC,1,3590,1.187,1764070370709800.006	,1764070370709801.193	
0,AsStrided373,KERNEL_AIVEC,1,3591,13.895,1764070370709859.069	,1764070370709872.964	
0,N/A,MEMCPY_ASYNC,1,3592,1.25,1764070370709898.652	,1764070370709899.902	
0,AsStrided374,KERNEL_AIVEC,1,3593,14.875,1764070370709957.735	,1764070370709972.610	
0,N/A,MEMCPY_ASYNC,1,3594,1.083,1764070370710001.902	,1764070370710002.985	
0,AsStrided375,KERNEL_AIVEC,1,3595,13.937,1764070370710061.735	,1764070370710075.672	
0,N/A,MEMCPY_ASYNC,1,3596,1.187,1764070370710101.485	,1764070370710102.672	
0,AsStrided376,KERNEL_AIVEC,1,3597,13.895,1764070370710161.319	,1764070370710175.214	
0,N/A,MEMCPY_ASYNC,1,3598,1.208,1764070370710200.673	,1764070370710201.881	
0,AsStrided377,KERNEL_AIVEC,1,3599,13.916,1764070370710257.152	,1764070370710271.068	
0,N/A,MEMCPY_ASYNC,1,3600,1.25,1764070370710296.027	,1764070370710297.277	
0,AsStrided378,KERNEL_AIVEC,1,3601,13.916,1764070370710356.402	,1764070370710370.318	
0,N/A,MEMCPY_ASYNC,1,3602,1.27,1764070370710406.589	,1764070370710407.859	
0,AsStrided379,KERNEL_AIVEC,1,3603,13.895,1764070370710464.798	,1764070370710478.693	
0,N/A,MEMCPY_ASYNC,1,3604,1.25,1764070370710696.402	,1764070370710697.652	
0,AsStrided380,KERNEL_AIVEC,1,3605,13.895,1764070370710767.735	,1764070370710781.630	
0,N/A,MEMCPY_ASYNC,1,3606,1.229,1764070370710809.777	,1764070370710811.006	
0,AsStrided381,KERNEL_AIVEC,1,3607,14.0,1764070370710872.610	,1764070370710886.610	
0,N/A,MEMCPY_ASYNC,1,3608,1.25,1764070370710911.902	,1764070370710913.152	
0,AsStrided382,KERNEL_AIVEC,1,3609,14.187,1764070370710978.110	,1764070370710992.297	
0,N/A,MEMCPY_ASYNC,1,3610,1.208,1764070370711018.048	,1764070370711019.256	
0,AsStrided383,KERNEL_AIVEC,1,3611,13.895,1764070370711077.131	,1764070370711091.026	
0,N/A,MEMCPY_ASYNC,1,3612,1.187,1764070370711114.444	,1764070370711115.631	
0,AsStrided384,KERNEL_AIVEC,1,3613,14.0,1764070370711176.110	,1764070370711190.110	
0,N/A,MEMCPY_ASYNC,1,3614,1.187,1764070370711214.381	,1764070370711215.568	
0,AsStrided385,KERNEL_AIVEC,1,3615,13.895,1764070370711270.714	,1764070370711284.609	
0,N/A,MEMCPY_ASYNC,1,3616,1.25,1764070370711307.694	,1764070370711308.944	
0,AsStrided386,KERNEL_AIVEC,1,3617,13.958,1764070370711368.006	,1764070370711381.964	
0,N/A,MEMCPY_ASYNC,1,3618,1.229,1764070370711406.277	,1764070370711407.506	
0,AsStrided387,KERNEL_AIVEC,1,3619,13.916,1764070370711466.964	,1764070370711480.880	
0,N/A,MEMCPY_ASYNC,1,3620,1.187,1764070370711505.423	,1764070370711506.610	
0,AsStrided388,KERNEL_AIVEC,1,3621,14.187,1764070370711563.902	,1764070370711578.089	
0,N/A,MEMCPY_ASYNC,1,3622,1.208,1764070370711603.402	,1764070370711604.610	
0,AsStrided389,KERNEL_AIVEC,1,3623,14.395,1764070370711663.589	,1764070370711677.984	
0,N/A,MEMCPY_ASYNC,1,3624,1.25,1764070370711709.610	,1764070370711710.860	
0,AsStrided390,KERNEL_AIVEC,1,3625,14.0,1764070370711769.881	,1764070370711783.881	
0,N/A,MEMCPY_ASYNC,1,3626,1.208,1764070370711809.444	,1764070370711810.652	
0,AsStrided391,KERNEL_AIVEC,1,3627,13.916,1764070370711868.756	,1764070370711882.672	
0,N/A,MEMCPY_ASYNC,1,3628,1.166,1764070370711906.631	,1764070370711907.797	
0,AsStrided392,KERNEL_AIVEC,1,3629,13.895,1764070370712130.673	,1764070370712144.568	
0,N/A,MEMCPY_ASYNC,1,3630,1.187,1764070370712205.839	,1764070370712207.026	
0,AsStrided393,KERNEL_AIVEC,1,3631,13.916,1764070370712279.777	,1764070370712293.693	
0,N/A,MEMCPY_ASYNC,1,3632,1.27,1764070370712331.881	,1764070370712333.151	
0,AsStrided394,KERNEL_AIVEC,1,3633,14.062,1764070370712407.902	,1764070370712421.964	
0,N/A,MEMCPY_ASYNC,1,3634,1.208,1764070370712972.756	,1764070370712973.964	
0,AsStrided395,KERNEL_AIVEC,1,3635,14.145,1764070370714422.423	,1764070370714436.568	
0,N/A,MEMCPY_ASYNC,1,3636,1.25,1764070370714679.881	,1764070370714681.131	
0,AsStrided396,KERNEL_AIVEC,1,3637,13.916,1764070370714815.194	,1764070370714829.110	
0,N/A,MEMCPY_ASYNC,1,3638,1.291,1764070370714891.902	,1764070370714893.193	
0,AsStrided397,KERNEL_AIVEC,1,3639,13.958,1764070370714983.631	,1764070370714997.589	
0,N/A,MEMCPY_ASYNC,1,3640,1.229,1764070370715037.464	,1764070370715038.693	
0,AsStrided398,KERNEL_AIVEC,1,3641,13.916,1764070370715108.735	,1764070370715122.651	
0,N/A,MEMCPY_ASYNC,1,3642,1.208,1764070370715732.339	,1764070370715733.547	
0,AsStrided399,KERNEL_AIVEC,1,3643,14.708,1764070370715843.819	,1764070370715858.527	
0,N/A,MEMCPY_ASYNC,1,3644,1.187,1764070370715896.673	,1764070370715897.860	
0,AsStrided400,KERNEL_AIVEC,1,3645,14.062,1764070370715964.902	,1764070370715978.964	
0,N/A,MEMCPY_ASYNC,1,3646,1.208,1764070370716007.485	,1764070370716008.693	
0,AsStrided401,KERNEL_AIVEC,1,3647,14.0,1764070370716079.756	,1764070370716093.756	
0,N/A,MEMCPY_ASYNC,1,3648,1.25,1764070370716295.610	,1764070370716296.860	
0,AsStrided402,KERNEL_AIVEC,1,3649,13.916,1764070370716389.402	,1764070370716403.318	
0,N/A,MEMCPY_ASYNC,1,3650,1.208,1764070370716415.652	,1764070370716416.860	
0,AsStrided403,KERNEL_AIVEC,1,3651,14.0,1764070370716476.277	,1764070370716490.277	
0,N/A,MEMCPY_ASYNC,1,3652,1.187,1764070370716517.256	,1764070370716518.443	
0,AsStrided404,KERNEL_AIVEC,1,3653,13.895,1764070370716690.902	,1764070370716704.797	
0,N/A,MEMCPY_ASYNC,1,3654,1.229,1764070370716708.714	,1764070370716709.943	
0,AsStrided405,KERNEL_AIVEC,1,3655,13.916,1764070370716780.860	,1764070370716794.776	
0,N/A,MEMCPY_ASYNC,1,3656,1.25,1764070370716821.194	,1764070370716822.444	
0,AsStrided406,KERNEL_AIVEC,1,3657,13.895,1764070370716881.652	,1764070370716895.547	
0,N/A,MEMCPY_ASYNC,1,3658,1.208,1764070370716923.548	,1764070370716924.756	
0,Pack407/Pack00,KERNEL_AIVEC,1,3659,10.729,1764070370717934.069	,1764070370717944.798	
0,Pack407/Pack10,KERNEL_AIVEC,1,3660,10.395,1764070370718047.881	,1764070370718058.276	
0,Pack407/Pack20,KERNEL_AIVEC,1,3661,10.125,1764070370718124.881	,1764070370718135.006	
0,Pack407/Pack30,KERNEL_AIVEC,1,3662,10.187,1764070370718205.256	,1764070370718215.443	
0,Pack407/Pack40,KERNEL_AIVEC,1,3663,10.375,1764070370718279.985	,1764070370718290.360	
0,Pack407/Pack50,KERNEL_AIVEC,1,3664,10.104,1764070370718359.277	,1764070370718369.381	
0,Pack407/Pack60,KERNEL_AIVEC,1,3665,10.5,1764070370718437.152	,1764070370718447.652	
0,Pack407/Pack70,KERNEL_AIVEC,1,3666,13.937,1764070370718688.673	,1764070370718702.610	
0,Pack407/Pack80,KERNEL_AIVEC,1,3667,11.187,1764070370718773.298	,1764070370718784.485	
0,Pack407/Pack90,KERNEL_AIVEC,1,3668,6.416,1764070370718839.902	,1764070370718846.318	
0,Pack407/PackBase_node0,KERNEL_AIVEC,1,3669,39.5,1764070370718877.381	,1764070370718916.881	
0,Add408,KERNEL_AIVEC,1,3670,48.937,1764070371231950.735	,1764070371231999.672	
0,MatMul409,KERNEL_AICORE,1,3671,184.333,1764070371750918.589	,1764070371751102.922	
0,MatMul409,KERNEL_AICORE,1,3672,181.562,1764070371751184.464	,1764070371751366.026	
0,MatMul409,KERNEL_AICORE,1,3673,262.229,1764070371751366.089	,1764070371751628.318	
0,Transpose410,KERNEL_AIVEC,1,3674,77.875,1764070372249652.923	,1764070372249730.798	
0,Mul411,KERNEL_AIVEC,1,3675,36.166,1764070372754339.464	,1764070372754375.630	
0,Transpose412,KERNEL_AIVEC,1,3676,210.166,1764070373242099.423	,1764070373242309.589	
0,BatchMatMul413,KERNEL_AICORE,1,3677,2724.083,1764070373771687.902	,1764070373774411.985	
0,SoftmaxV2414,KERNEL_AIVEC,1,3678,1901.52,1764070374878784.881	,1764070374880686.401	
0,Transpose410,KERNEL_AIVEC,1,3679,122.437,1764070374880686.673	,1764070374880809.110	
0,BatchMatMul415,KERNEL_AICORE,1,3680,1552.895,1764070375359905.173	,1764070375361458.068	
0,Transpose416,KERNEL_AIVEC,1,3681,105.02,1764070375836909.423	,1764070375837014.443	
0,MatMul409,KERNEL_AICORE,1,3682,170.854,1764070375837115.527	,1764070375837286.381	
0,ReduceMean417,KERNEL_AIVEC,1,3683,722.375,1764070376315986.048	,1764070376316708.423	
0,Add408,KERNEL_AIVEC,1,3684,98.312,1764070376316708.506	,1764070376316806.818	
0,LayerNorm418,KERNEL_AIVEC,1,3685,230.25,1764070376830807.027	,1764070376831037.277	
0,MatMul419,KERNEL_AICORE,1,3686,1466.916,1764070377329208.735	,1764070377330675.651	
0,Relu420,KERNEL_AIVEC,1,3687,375.604,1764070377801469.194	,1764070377801844.798	
0,MatMul421,KERNEL_AICORE,1,3688,1593.854,1764070378320585.444	,1764070378322179.298	
0,Add408,KERNEL_AIVEC,1,3689,87.479,1764070378322179.360	,1764070378322266.839	
0,LayerNorm418,KERNEL_AIVEC,1,3690,228.25,1764070378322266.902	,1764070378322495.152	
0,Add408,KERNEL_AIVEC,1,3691,66.02,1764070378322495.214	,1764070378322561.234	
0,MatMul409,KERNEL_AICORE,1,3692,166.041,1764070378322561.319	,1764070378322727.360	
0,MatMul409,KERNEL_AICORE,1,3693,175.229,1764070378322727.444	,1764070378322902.673	
0,MatMul409,KERNEL_AICORE,1,3694,237.125,1764070378322902.735	,1764070378323139.860	
0,Transpose410,KERNEL_AIVEC,1,3695,85.854,1764070378323139.944	,1764070378323225.798	
0,Mul411,KERNEL_AIVEC,1,3696,34.645,1764070378323225.881	,1764070378323260.526	
0,Transpose412,KERNEL_AIVEC,1,3697,206.083,1764070378323260.610	,1764070378323466.693	
0,BatchMatMul413,KERNEL_AICORE,1,3698,2715.312,1764070378323466.777	,1764070378326182.089	
0,SoftmaxV2414,KERNEL_AIVEC,1,3699,1976.458,1764070378326182.173	,1764070378328158.631	
0,Transpose410,KERNEL_AIVEC,1,3700,118.875,1764070378328158.923	,1764070378328277.798	
0,BatchMatMul415,KERNEL_AICORE,1,3701,1256.229,1764070378328277.881	,1764070378329534.110	
0,Transpose416,KERNEL_AIVEC,1,3702,105.229,1764070378329534.173	,1764070378329639.402	
0,MatMul409,KERNEL_AICORE,1,3703,170.5,1764070378329639.485	,1764070378329809.985	
0,ReduceMean417,KERNEL_AIVEC,1,3704,733.833,1764070378329810.069	,1764070378330543.902	
0,Add408,KERNEL_AIVEC,1,3705,96.916,1764070378330543.985	,1764070378330640.901	
0,LayerNorm418,KERNEL_AIVEC,1,3706,228.145,1764070378330640.985	,1764070378330869.130	
0,MatMul419,KERNEL_AICORE,1,3707,1535.229,1764070378330869.194	,1764070378332404.423	
0,Relu420,KERNEL_AIVEC,1,3708,409.437,1764070378332404.485	,1764070378332813.922	
0,MatMul421,KERNEL_AICORE,1,3709,1743.104,1764070378332814.006	,1764070378334557.110	
0,Add408,KERNEL_AIVEC,1,3710,89.916,1764070378334557.173	,1764070378334647.089	
0,LayerNorm418,KERNEL_AIVEC,1,3711,227.937,1764070378334647.152	,1764070378334875.089	
0,Add408,KERNEL_AIVEC,1,3712,65.458,1764070378334875.152	,1764070378334940.610	
0,MatMul409,KERNEL_AICORE,1,3713,168.291,1764070378334940.694	,1764070378335108.985	
0,MatMul409,KERNEL_AICORE,1,3714,191.208,1764070378335109.069	,1764070378335300.277	
0,MatMul409,KERNEL_AICORE,1,3715,250.52,1764070378335300.360	,1764070378335550.880	
0,Transpose410,KERNEL_AIVEC,1,3716,79.895,1764070378335550.964	,1764070378335630.859	
0,Mul411,KERNEL_AIVEC,1,3717,34.645,1764070378335630.944	,1764070378335665.589	
0,Transpose412,KERNEL_AIVEC,1,3718,202.083,1764070378335665.652	,1764070378335867.735	
0,BatchMatMul413,KERNEL_AICORE,1,3719,2704.312,1764070378335867.819	,1764070378338572.131	
0,SoftmaxV2414,KERNEL_AIVEC,1,3720,1932.375,1764070378338572.214	,1764070378340504.589	
0,Transpose410,KERNEL_AIVEC,1,3721,117.666,1764070378340504.881	,1764070378340622.547	
0,BatchMatMul415,KERNEL_AICORE,1,3722,1408.229,1764070378340622.610	,1764070378342030.839	
0,Transpose416,KERNEL_AIVEC,1,3723,103.437,1764070378342030.923	,1764070378342134.360	
0,MatMul409,KERNEL_AICORE,1,3724,172.645,1764070378342134.444	,1764070378342307.089	
0,ReduceMean417,KERNEL_AIVEC,1,3725,716.229,1764070378342307.173	,1764070378343023.402	
0,Add408,KERNEL_AIVEC,1,3726,93.958,1764070378343023.464	,1764070378343117.422	
0,LayerNorm418,KERNEL_AIVEC,1,3727,227.958,1764070378343117.506	,1764070378343345.464	
0,MatMul419,KERNEL_AICORE,1,3728,1462.75,1764070378343345.548	,1764070378344808.298	
0,Relu420,KERNEL_AIVEC,1,3729,374.604,1764070378344808.381	,1764070378345182.985	
0,MatMul421,KERNEL_AICORE,1,3730,1604.104,1764070378345183.048	,1764070378346787.152	
0,Add408,KERNEL_AIVEC,1,3731,86.062,1764070378346787.235	,1764070378346873.297	
0,LayerNorm418,KERNEL_AIVEC,1,3732,227.833,1764070378346873.360	,1764070378347101.193	
0,Add408,KERNEL_AIVEC,1,3733,65.729,1764070378347101.277	,1764070378347167.006	
0,MatMul409,KERNEL_AICORE,1,3734,168.583,1764070378347167.089	,1764070378347335.672	
0,MatMul409,KERNEL_AICORE,1,3735,180.437,1764070378347335.735	,1764070378347516.172	
0,MatMul409,KERNEL_AICORE,1,3736,251.354,1764070378347516.256	,1764070378347767.610	
0,Transpose410,KERNEL_AIVEC,1,3737,80.979,1764070378347767.694	,1764070378347848.673	
0,Mul411,KERNEL_AIVEC,1,3738,34.791,1764070378347848.735	,1764070378347883.526	
0,Transpose412,KERNEL_AIVEC,1,3739,205.875,1764070378347883.610	,1764070378348089.485	
0,BatchMatMul413,KERNEL_AICORE,1,3740,2697.75,1764070378348089.569	,1764070378350787.319	
0,SoftmaxV2414,KERNEL_AIVEC,1,3741,1923.958,1764070378350787.381	,1764070378352711.339	
0,Transpose410,KERNEL_AIVEC,1,3742,118.333,1764070378352711.631	,1764070378352829.964	
0,BatchMatMul415,KERNEL_AICORE,1,3743,1244.416,1764070378352830.048	,1764070378354074.464	
0,Transpose416,KERNEL_AIVEC,1,3744,106.666,1764070378354074.548	,1764070378354181.214	
0,MatMul409,KERNEL_AICORE,1,3745,168.166,1764070378354181.298	,1764070378354349.464	
0,ReduceMean417,KERNEL_AIVEC,1,3746,728.895,1764070378354349.527	,1764070378355078.422	
0,Add408,KERNEL_AIVEC,1,3747,97.0,1764070378355078.485	,1764070378355175.485	
0,LayerNorm418,KERNEL_AIVEC,1,3748,228.229,1764070378355175.548	,1764070378355403.777	
0,MatMul419,KERNEL_AICORE,1,3749,1525.5,1764070378355403.860	,1764070378356929.360	
0,Relu420,KERNEL_AIVEC,1,3750,388.25,1764070378356929.444	,1764070378357317.694	
0,MatMul421,KERNEL_AICORE,1,3751,1635.812,1764070378357317.756	,1764070378358953.568	
0,Add408,KERNEL_AIVEC,1,3752,86.708,1764070378358953.652	,1764070378359040.360	
0,LayerNorm418,KERNEL_AIVEC,1,3753,228.0,1764070378359040.423	,1764070378359268.423	
0,ZerosLike422,KERNEL_AIVEC,1,3754,7.25,1764070378795777.923	,1764070378795785.173	
0,Add423,KERNEL_AIVEC,1,3755,14.812,1764070379280075.944	,1764070379280090.756	
0,MatMul424,KERNEL_AICORE,1,3756,54.229,1764070379787330.298	,1764070379787384.527	
0,MatMul424,KERNEL_AICORE,1,3757,51.937,1764070379787501.839	,1764070379787553.776	
0,MatMul424,KERNEL_AICORE,1,3758,57.458,1764070379787568.027	,1764070379787625.485	
0,Transpose425,KERNEL_AIVEC,1,3759,18.604,1764070380272213.777	,1764070380272232.381	
0,Mul426,KERNEL_AIVEC,1,3760,9.354,1764070380742309.569	,1764070380742318.923	
0,Transpose427,KERNEL_AIVEC,1,3761,59.729,1764070381241094.506	,1764070381241154.235	
0,BatchMatMul428,KERNEL_AICORE,1,3762,25.812,1764070381729147.194	,1764070381729173.006	
0,SoftmaxV2429,KERNEL_AIVEC,1,3763,118.625,1764070382699920.798	,1764070382700039.423	
0,Transpose425,KERNEL_AIVEC,1,3764,16.729,1764070382700150.423	,1764070382700167.152	
0,BatchMatMul430,KERNEL_AICORE,1,3765,31.166,1764070383231430.756	,1764070383231461.922	
0,Transpose431,KERNEL_AIVEC,1,3766,22.625,1764070383722064.735	,1764070383722087.360	
0,MatMul424,KERNEL_AICORE,1,3767,76.208,1764070383722250.214	,1764070383722326.422	
0,ReduceMean432,KERNEL_AIVEC,1,3768,16.416,1764070384197784.256	,1764070384197800.672	
0,Add423,KERNEL_AIVEC,1,3769,10.604,1764070384197952.298	,1764070384197962.902	
0,LayerNorm433,KERNEL_AIVEC,1,3770,36.104,1764070384698476.027	,1764070384698512.131	
0,Add423,KERNEL_AIVEC,1,3771,10.729,1764070384698642.277	,1764070384698653.006	
0,Add408,KERNEL_AIVEC,1,3772,102.395,1764070384698708.652	,1764070384698811.047	
0,MatMul424,KERNEL_AICORE,1,3773,61.979,1764070384698825.756	,1764070384698887.735	
0,MatMul409,KERNEL_AICORE,1,3774,181.02,1764070384698915.152	,1764070384699096.172	
0,MatMul409,KERNEL_AICORE,1,3775,211.104,1764070384699096.256	,1764070384699307.360	
0,Transpose425,KERNEL_AIVEC,1,3776,17.291,1764070384699307.444	,1764070384699324.735	
0,Mul426,KERNEL_AIVEC,1,3777,7.375,1764070384699324.819	,1764070384699332.194	
0,Transpose412,KERNEL_AIVEC,1,3778,227.416,1764070384699371.589	,1764070384699599.005	
0,BatchMatMul434,KERNEL_AICORE,1,3779,418.02,1764070385198591.944	,1764070385199009.964	
0,SoftmaxV2435,KERNEL_AIVEC,1,3780,296.291,1764070386109121.527	,1764070386109417.818	
0,Transpose410,KERNEL_AIVEC,1,3781,72.187,1764070386109418.110	,1764070386109490.297	
0,BatchMatMul436,KERNEL_AICORE,1,3782,75.708,1764070386594700.319	,1764070386594776.027	
0,Transpose431,KERNEL_AIVEC,1,3783,20.145,1764070386594891.235	,1764070386594911.380	
0,MatMul424,KERNEL_AICORE,1,3784,62.854,1764070386595002.923	,1764070386595065.777	
0,ReduceMean437,KERNEL_AIVEC,1,3785,79.187,1764070387090211.923	,1764070387090291.110	
0,Add423,KERNEL_AIVEC,1,3786,19.0,1764070387090620.027	,1764070387090639.027	
0,LayerNorm433,KERNEL_AIVEC,1,3787,35.145,1764070387090736.964	,1764070387090772.109	
0,MatMul438,KERNEL_AICORE,1,3788,518.0,1764070387590680.464	,1764070387591198.464	
0,Relu439,KERNEL_AIVEC,1,3789,37.145,1764070388077073.777	,1764070388077110.922	
0,MatMul440,KERNEL_AICORE,1,3790,333.875,1764070388563657.944	,1764070388563991.819	
0,Add423,KERNEL_AIVEC,1,3791,17.645,1764070388563991.902	,1764070388564009.547	
0,LayerNorm433,KERNEL_AIVEC,1,3792,34.104,1764070388564015.089	,1764070388564049.193	
0,LayerNorm433,KERNEL_AIVEC,1,3793,33.375,1764070388564102.194	,1764070388564135.569	
0,MatMul441,KERNEL_AICORE,1,3794,8.687,1764070389079778.089	,1764070389079786.776	
0,Abs15,KERNEL_AIVEC,1,3795,2.875,1764070389079919.402	,1764070389079922.277	
0,Equal16,KERNEL_AIVEC,1,3796,2.5,1764070389079988.589	,1764070389079991.089	
0,ReduceAny17,KERNEL_AIVEC,1,3797,2.395,1764070389080067.610	,1764070389080070.005	
0,Abs15,KERNEL_AIVEC,1,3798,1.958,1764070389080813.527	,1764070389080815.485	
0,Equal16,KERNEL_AIVEC,1,3799,2.25,1764070389081231.277	,1764070389081233.527	
0,ReduceAny17,KERNEL_AIVEC,1,3800,2.02,1764070389081337.631	,1764070389081339.651	
0,Mul442,KERNEL_AIVEC,1,3801,4.416,1764070389551600.860	,1764070389551605.276	
0,Add443,KERNEL_AIVEC,1,3802,4.312,1764070390025292.006	,1764070390025296.318	
0,N/A,EVENT_RECORD,2,0,0.02,1764070390025952.985	,1764070390025953.005	
