Device_id,Model ID,Task ID,Stream ID,Op Name,OP Type,OP State,Task Type,Task Start Time(us),Task Duration(us),Task Wait Time(us),Block Dim,Mix Block Dim,HF32 Eligible,Input Shapes,Input Data Types,Input Formats,Output Shapes,Output Data Types,Output Formats,Context ID
0,4294967295,44,1,Abs15,N/A,N/A,N/A,1763720841332106.657	,3.792,0,0,0,N/A,N/A,N/A,N/A,N/A,N/A,N/A,N/A
0,4294967295,45,1,Equal16,N/A,N/A,N/A,1763720841808340.512	,4.542,476230.062,0,0,N/A,N/A,N/A,N/A,N/A,N/A,N/A,N/A
0,4294967295,46,1,ReduceAny17,N/A,N/A,N/A,1763720842254081.470	,3.958,445736.417,0,0,N/A,N/A,N/A,N/A,N/A,N/A,N/A,N/A
0,4294967295,47,1,Abs15,N/A,N/A,N/A,1763720842255077.053	,2.833,991.625,0,0,N/A,N/A,N/A,N/A,N/A,N/A,N/A,N/A
0,4294967295,48,1,Equal16,N/A,N/A,N/A,1763720842255170.366	,2.646,90.479,0,0,N/A,N/A,N/A,N/A,N/A,N/A,N/A,N/A
0,4294967295,49,1,ReduceAny17,N/A,N/A,N/A,1763720842255252.199	,1.938,79.188,0,0,N/A,N/A,N/A,N/A,N/A,N/A,N/A,N/A
0,4294967295,50,1,Cast18,N/A,N/A,N/A,1763720842738818.886	,3.938,483564.75,0,0,N/A,N/A,N/A,N/A,N/A,N/A,N/A,N/A
0,4294967295,51,1,Sub19,N/A,N/A,N/A,1763720843215657.699	,3.667,476834.875,0,0,N/A,N/A,N/A,N/A,N/A,N/A,N/A,N/A
0,4294967295,52,1,Add20,N/A,N/A,N/A,1763720843692847.970	,4.104,477186.604,0,0,N/A,N/A,N/A,N/A,N/A,N/A,N/A,N/A
0,4294967295,53,1,Cast18,N/A,N/A,N/A,1763720843693023.095	,2.167,171.021,0,0,N/A,N/A,N/A,N/A,N/A,N/A,N/A,N/A
0,4294967295,54,1,RealDiv21,N/A,N/A,N/A,1763720844174972.970	,4.021,481947.708,0,0,N/A,N/A,N/A,N/A,N/A,N/A,N/A,N/A
0,4294967295,55,1,Abs22,N/A,N/A,N/A,1763720844620840.741	,3.875,445863.75,0,0,N/A,N/A,N/A,N/A,N/A,N/A,N/A,N/A
0,4294967295,56,1,Equal23,N/A,N/A,N/A,1763720845085567.803	,4.396,464723.188,0,0,N/A,N/A,N/A,N/A,N/A,N/A,N/A,N/A
0,4294967295,57,1,ReduceAny24,N/A,N/A,N/A,1763720845535907.241	,4.021,450335.042,0,0,N/A,N/A,N/A,N/A,N/A,N/A,N/A,N/A
0,4294967295,58,1,Abs22,N/A,N/A,N/A,1763720845536492.136	,2.229,580.875,0,0,N/A,N/A,N/A,N/A,N/A,N/A,N/A,N/A
0,4294967295,59,1,Equal23,N/A,N/A,N/A,1763720845536618.428	,2.854,124.062,0,0,N/A,N/A,N/A,N/A,N/A,N/A,N/A,N/A
0,4294967295,60,1,ReduceAny24,N/A,N/A,N/A,1763720845536891.449	,2.104,270.167,0,0,N/A,N/A,N/A,N/A,N/A,N/A,N/A,N/A
0,4294967295,61,1,Cast25,N/A,N/A,N/A,1763720846008020.220	,3.771,471126.667,0,0,N/A,N/A,N/A,N/A,N/A,N/A,N/A,N/A
0,4294967295,62,1,Sub26,N/A,N/A,N/A,1763720846476714.074	,472.938,468690.083,0,0,N/A,N/A,N/A,N/A,N/A,N/A,N/A,N/A
0,4294967295,63,1,Add27,N/A,N/A,N/A,1763720846957330.449	,3.625,480143.438,0,0,N/A,N/A,N/A,N/A,N/A,N/A,N/A,N/A
0,4294967295,64,1,Cast25,N/A,N/A,N/A,1763720846957487.616	,2.208,153.542,0,0,N/A,N/A,N/A,N/A,N/A,N/A,N/A,N/A
0,4294967295,65,1,RealDiv28,N/A,N/A,N/A,1763720847415083.116	,420.604,457593.292,0,0,N/A,N/A,N/A,N/A,N/A,N/A,N/A,N/A
0,4294967295,66,1,Abs22,N/A,N/A,N/A,1763720847415503.803	,2.479,0.083,0,0,N/A,N/A,N/A,N/A,N/A,N/A,N/A,N/A
0,4294967295,67,1,Equal23,N/A,N/A,N/A,1763720847415506.345	,2.938,0.062,0,0,N/A,N/A,N/A,N/A,N/A,N/A,N/A,N/A
0,4294967295,68,1,ReduceAny24,N/A,N/A,N/A,1763720847415525.824	,2.271,16.542,0,0,N/A,N/A,N/A,N/A,N/A,N/A,N/A,N/A
0,4294967295,69,1,Abs22,N/A,N/A,N/A,1763720847416248.095	,2.021,720.0,0,0,N/A,N/A,N/A,N/A,N/A,N/A,N/A,N/A
0,4294967295,70,1,Equal23,N/A,N/A,N/A,1763720847416314.741	,2.25,64.625,0,0,N/A,N/A,N/A,N/A,N/A,N/A,N/A,N/A
0,4294967295,71,1,ReduceAny24,N/A,N/A,N/A,1763720847416369.845	,2.0,52.854,0,0,N/A,N/A,N/A,N/A,N/A,N/A,N/A,N/A
0,4294967295,72,1,Cast25,N/A,N/A,N/A,1763720847416669.991	,2.229,298.146,0,0,N/A,N/A,N/A,N/A,N/A,N/A,N/A,N/A
0,4294967295,73,1,Sub26,N/A,N/A,N/A,1763720847416737.470	,447.542,65.25,0,0,N/A,N/A,N/A,N/A,N/A,N/A,N/A,N/A
0,4294967295,74,1,Add27,N/A,N/A,N/A,1763720847417185.074	,2.438,0.062,0,0,N/A,N/A,N/A,N/A,N/A,N/A,N/A,N/A
0,4294967295,75,1,Cast25,N/A,N/A,N/A,1763720847417187.574	,2.021,0.062,0,0,N/A,N/A,N/A,N/A,N/A,N/A,N/A,N/A
0,4294967295,76,1,RealDiv28,N/A,N/A,N/A,1763720847417189.678	,426.5,0.083,0,0,N/A,N/A,N/A,N/A,N/A,N/A,N/A,N/A
0,4294967295,77,1,trans_Cast_12,N/A,N/A,N/A,1763720848196207.636	,7.833,778591.458,0,0,N/A,N/A,N/A,N/A,N/A,N/A,N/A,N/A
0,4294967295,78,1,trans_Cast_13,N/A,N/A,N/A,1763720848196258.595	,2.583,43.125,0,0,N/A,N/A,N/A,N/A,N/A,N/A,N/A,N/A
0,4294967295,79,1,MatMul29,N/A,N/A,N/A,1763720848196295.303	,9.208,34.125,0,0,N/A,N/A,N/A,N/A,N/A,N/A,N/A,N/A
0,4294967295,80,1,trans_Cast_14,N/A,N/A,N/A,1763720848196320.136	,2.396,15.625,0,0,N/A,N/A,N/A,N/A,N/A,N/A,N/A,N/A
0,4294967295,81,1,trans_Cast_15,N/A,N/A,N/A,1763720848760423.303	,5.083,564100.771,0,0,N/A,N/A,N/A,N/A,N/A,N/A,N/A,N/A
0,4294967295,82,1,trans_Cast_16,N/A,N/A,N/A,1763720848760490.053	,2.646,61.667,0,0,N/A,N/A,N/A,N/A,N/A,N/A,N/A,N/A
0,4294967295,83,1,MatMul30,N/A,N/A,N/A,1763720848760524.407	,10.708,31.708,0,0,N/A,N/A,N/A,N/A,N/A,N/A,N/A,N/A
0,4294967295,84,1,trans_Cast_17,N/A,N/A,N/A,1763720848760555.532	,2.479,20.417,0,0,N/A,N/A,N/A,N/A,N/A,N/A,N/A,N/A
0,4294967295,85,1,Cast31,N/A,N/A,N/A,1763720849252168.991	,381.229,491610.979,0,0,N/A,N/A,N/A,N/A,N/A,N/A,N/A,N/A
0,4294967295,86,1,trans_TransData_18,N/A,N/A,N/A,1763720849782056.074	,598.646,529505.854,0,0,N/A,N/A,N/A,N/A,N/A,N/A,N/A,N/A
0,4294967295,87,1,Conv2D32,N/A,N/A,N/A,1763720849782654.782	,3678.104,0.062,0,0,N/A,N/A,N/A,N/A,N/A,N/A,N/A,N/A
0,4294967295,88,1,Add33,N/A,N/A,N/A,1763720850282203.157	,3.688,495870.271,0,0,N/A,N/A,N/A,N/A,N/A,N/A,N/A,N/A
0,4294967295,89,1,Rsqrt34,N/A,N/A,N/A,1763720850754919.907	,3.812,472713.062,0,0,N/A,N/A,N/A,N/A,N/A,N/A,N/A,N/A
0,4294967295,90,1,Mul35,N/A,N/A,N/A,1763720851215392.595	,4.229,460468.875,0,0,N/A,N/A,N/A,N/A,N/A,N/A,N/A,N/A
0,4294967295,91,1,Mul35,N/A,N/A,N/A,1763720851215533.553	,2.0,136.729,0,0,N/A,N/A,N/A,N/A,N/A,N/A,N/A,N/A
0,4294967295,92,1,Sub36,N/A,N/A,N/A,1763720851687094.532	,3.812,471558.979,0,0,N/A,N/A,N/A,N/A,N/A,N/A,N/A,N/A
0,4294967295,93,1,trans_TransData_19,N/A,N/A,N/A,1763720852201206.262	,3.812,514107.917,0,0,N/A,N/A,N/A,N/A,N/A,N/A,N/A,N/A
0,4294967295,94,1,Mul37,N/A,N/A,N/A,1763720852201296.324	,1043.271,86.25,0,0,N/A,N/A,N/A,N/A,N/A,N/A,N/A,N/A
0,4294967295,95,1,trans_TransData_20,N/A,N/A,N/A,1763720852712173.616	,3.729,509834.021,0,0,N/A,N/A,N/A,N/A,N/A,N/A,N/A,N/A
0,4294967295,96,1,Add38,N/A,N/A,N/A,1763720852712270.678	,1106.417,93.333,0,0,N/A,N/A,N/A,N/A,N/A,N/A,N/A,N/A
0,4294967295,97,1,Relu39,N/A,N/A,N/A,1763720853160750.782	,1160.625,447373.688,0,0,N/A,N/A,N/A,N/A,N/A,N/A,N/A,N/A
0,4294967295,98,1,MaxPoolWithArgmaxV140,N/A,N/A,N/A,1763720853615204.970	,2575.917,453293.562,0,0,N/A,N/A,N/A,N/A,N/A,N/A,N/A,N/A
0,4294967295,99,1,Conv2D41,N/A,N/A,N/A,1763720854103385.907	,559.125,485605.021,0,0,N/A,N/A,N/A,N/A,N/A,N/A,N/A,N/A
0,4294967295,100,1,Add33,N/A,N/A,N/A,1763720854103945.095	,2.917,0.062,0,0,N/A,N/A,N/A,N/A,N/A,N/A,N/A,N/A
0,4294967295,101,1,Rsqrt34,N/A,N/A,N/A,1763720854103948.074	,2.354,0.062,0,0,N/A,N/A,N/A,N/A,N/A,N/A,N/A,N/A
0,4294967295,102,1,Mul35,N/A,N/A,N/A,1763720854103950.491	,2.667,0.062,0,0,N/A,N/A,N/A,N/A,N/A,N/A,N/A,N/A
0,4294967295,103,1,Mul35,N/A,N/A,N/A,1763720854103953.241	,2.083,0.083,0,0,N/A,N/A,N/A,N/A,N/A,N/A,N/A,N/A
0,4294967295,104,1,Sub36,N/A,N/A,N/A,1763720854103955.407	,2.396,0.083,0,0,N/A,N/A,N/A,N/A,N/A,N/A,N/A,N/A
0,4294967295,105,1,trans_TransData_21,N/A,N/A,N/A,1763720854604063.803	,4.021,500106.0,0,0,N/A,N/A,N/A,N/A,N/A,N/A,N/A,N/A
0,4294967295,106,1,Mul42,N/A,N/A,N/A,1763720854604117.386	,189.667,49.562,0,0,N/A,N/A,N/A,N/A,N/A,N/A,N/A,N/A
0,4294967295,107,1,trans_TransData_22,N/A,N/A,N/A,1763720855100853.991	,4.0,496546.938,0,0,N/A,N/A,N/A,N/A,N/A,N/A,N/A,N/A
0,4294967295,108,1,Add43,N/A,N/A,N/A,1763720855100906.324	,133.312,48.333,0,0,N/A,N/A,N/A,N/A,N/A,N/A,N/A,N/A
0,4294967295,109,1,Relu44,N/A,N/A,N/A,1763720855576818.262	,130.104,475778.625,0,0,N/A,N/A,N/A,N/A,N/A,N/A,N/A,N/A
0,4294967295,110,1,Conv2D41,N/A,N/A,N/A,1763720855577023.803	,407.021,75.438,0,0,N/A,N/A,N/A,N/A,N/A,N/A,N/A,N/A
0,4294967295,111,1,Add33,N/A,N/A,N/A,1763720855577430.886	,2.604,0.062,0,0,N/A,N/A,N/A,N/A,N/A,N/A,N/A,N/A
0,4294967295,112,1,Rsqrt34,N/A,N/A,N/A,1763720855577433.574	,2.438,0.083,0,0,N/A,N/A,N/A,N/A,N/A,N/A,N/A,N/A
0,4294967295,113,1,Mul35,N/A,N/A,N/A,1763720855577436.095	,2.521,0.083,0,0,N/A,N/A,N/A,N/A,N/A,N/A,N/A,N/A
0,4294967295,114,1,Mul35,N/A,N/A,N/A,1763720855577438.699	,2.083,0.083,0,0,N/A,N/A,N/A,N/A,N/A,N/A,N/A,N/A
0,4294967295,115,1,Sub36,N/A,N/A,N/A,1763720855577440.866	,2.375,0.083,0,0,N/A,N/A,N/A,N/A,N/A,N/A,N/A,N/A
0,4294967295,116,1,trans_TransData_21,N/A,N/A,N/A,1763720855577443.303	,2.292,0.062,0,0,N/A,N/A,N/A,N/A,N/A,N/A,N/A,N/A
0,4294967295,117,1,Mul42,N/A,N/A,N/A,1763720855577453.720	,135.208,8.125,0,0,N/A,N/A,N/A,N/A,N/A,N/A,N/A,N/A
0,4294967295,118,1,trans_TransData_22,N/A,N/A,N/A,1763720855577588.991	,2.188,0.062,0,0,N/A,N/A,N/A,N/A,N/A,N/A,N/A,N/A
0,4294967295,119,1,Add43,N/A,N/A,N/A,1763720855577591.262	,133.479,0.083,0,0,N/A,N/A,N/A,N/A,N/A,N/A,N/A,N/A
0,4294967295,120,1,Add45,N/A,N/A,N/A,1763720856036188.991	,377.021,458464.25,0,0,N/A,N/A,N/A,N/A,N/A,N/A,N/A,N/A
0,4294967295,121,1,Relu44,N/A,N/A,N/A,1763720856037285.324	,144.938,719.312,0,0,N/A,N/A,N/A,N/A,N/A,N/A,N/A,N/A
0,4294967295,122,1,Conv2D41,N/A,N/A,N/A,1763720856037430.345	,398.958,0.083,0,0,N/A,N/A,N/A,N/A,N/A,N/A,N/A,N/A
0,4294967295,123,1,Add33,N/A,N/A,N/A,1763720856037829.386	,2.396,0.083,0,0,N/A,N/A,N/A,N/A,N/A,N/A,N/A,N/A
0,4294967295,124,1,Rsqrt34,N/A,N/A,N/A,1763720856037831.866	,2.333,0.083,0,0,N/A,N/A,N/A,N/A,N/A,N/A,N/A,N/A
0,4294967295,125,1,Mul35,N/A,N/A,N/A,1763720856037834.262	,2.542,0.062,0,0,N/A,N/A,N/A,N/A,N/A,N/A,N/A,N/A
0,4294967295,126,1,Mul35,N/A,N/A,N/A,1763720856037836.886	,2.125,0.083,0,0,N/A,N/A,N/A,N/A,N/A,N/A,N/A,N/A
0,4294967295,127,1,Sub36,N/A,N/A,N/A,1763720856037959.241	,2.938,120.229,0,0,N/A,N/A,N/A,N/A,N/A,N/A,N/A,N/A
0,4294967295,128,1,trans_TransData_21,N/A,N/A,N/A,1763720856038056.949	,2.417,94.771,0,0,N/A,N/A,N/A,N/A,N/A,N/A,N/A,N/A
0,4294967295,129,1,Mul42,N/A,N/A,N/A,1763720856038086.532	,135.25,27.167,0,0,N/A,N/A,N/A,N/A,N/A,N/A,N/A,N/A
0,4294967295,130,1,trans_TransData_22,N/A,N/A,N/A,1763720856038221.845	,2.354,0.062,0,0,N/A,N/A,N/A,N/A,N/A,N/A,N/A,N/A
0,4294967295,131,1,Add43,N/A,N/A,N/A,1763720856038224.262	,133.438,0.062,0,0,N/A,N/A,N/A,N/A,N/A,N/A,N/A,N/A
0,4294967295,132,1,Relu44,N/A,N/A,N/A,1763720856038357.782	,127.792,0.083,0,0,N/A,N/A,N/A,N/A,N/A,N/A,N/A,N/A
0,4294967295,133,1,Conv2D41,N/A,N/A,N/A,1763720856038485.657	,404.438,0.083,0,0,N/A,N/A,N/A,N/A,N/A,N/A,N/A,N/A
0,4294967295,134,1,Add33,N/A,N/A,N/A,1763720856038890.157	,2.188,0.062,0,0,N/A,N/A,N/A,N/A,N/A,N/A,N/A,N/A
0,4294967295,135,1,Rsqrt34,N/A,N/A,N/A,1763720856038892.428	,2.146,0.083,0,0,N/A,N/A,N/A,N/A,N/A,N/A,N/A,N/A
0,4294967295,136,1,Mul35,N/A,N/A,N/A,1763720856038894.657	,2.125,0.083,0,0,N/A,N/A,N/A,N/A,N/A,N/A,N/A,N/A
0,4294967295,137,1,Mul35,N/A,N/A,N/A,1763720856038896.866	,2.083,0.083,0,0,N/A,N/A,N/A,N/A,N/A,N/A,N/A,N/A
0,4294967295,138,1,Sub36,N/A,N/A,N/A,1763720856038899.032	,2.292,0.083,0,0,N/A,N/A,N/A,N/A,N/A,N/A,N/A,N/A
0,4294967295,139,1,trans_TransData_21,N/A,N/A,N/A,1763720856038901.386	,1.917,0.062,0,0,N/A,N/A,N/A,N/A,N/A,N/A,N/A,N/A
0,4294967295,140,1,Mul42,N/A,N/A,N/A,1763720856038903.366	,138.979,0.062,0,0,N/A,N/A,N/A,N/A,N/A,N/A,N/A,N/A
0,4294967295,141,1,trans_TransData_22,N/A,N/A,N/A,1763720856039042.407	,3.0,0.062,0,0,N/A,N/A,N/A,N/A,N/A,N/A,N/A,N/A
0,4294967295,142,1,Add43,N/A,N/A,N/A,1763720856039045.491	,133.0,0.083,0,0,N/A,N/A,N/A,N/A,N/A,N/A,N/A,N/A
0,4294967295,143,1,Add45,N/A,N/A,N/A,1763720856039178.553	,375.021,0.062,0,0,N/A,N/A,N/A,N/A,N/A,N/A,N/A,N/A
0,4294967295,144,1,Relu44,N/A,N/A,N/A,1763720856039553.636	,139.062,0.062,0,0,N/A,N/A,N/A,N/A,N/A,N/A,N/A,N/A
0,4294967295,145,1,Conv2D46,N/A,N/A,N/A,1763720856527060.407	,213.208,487367.708,0,0,N/A,N/A,N/A,N/A,N/A,N/A,N/A,N/A
0,4294967295,146,1,Add47,N/A,N/A,N/A,1763720857013893.199	,4.188,486619.583,0,0,N/A,N/A,N/A,N/A,N/A,N/A,N/A,N/A
0,4294967295,147,1,Rsqrt48,N/A,N/A,N/A,1763720857460367.782	,3.604,446470.396,0,0,N/A,N/A,N/A,N/A,N/A,N/A,N/A,N/A
0,4294967295,148,1,Mul49,N/A,N/A,N/A,1763720857933631.907	,3.896,473260.521,0,0,N/A,N/A,N/A,N/A,N/A,N/A,N/A,N/A
0,4294967295,149,1,Mul49,N/A,N/A,N/A,1763720857933753.178	,2.0,117.375,0,0,N/A,N/A,N/A,N/A,N/A,N/A,N/A,N/A
0,4294967295,150,1,Sub50,N/A,N/A,N/A,1763720858442250.928	,4.062,508495.75,0,0,N/A,N/A,N/A,N/A,N/A,N/A,N/A,N/A
0,4294967295,151,1,trans_TransData_23,N/A,N/A,N/A,1763720858948152.553	,3.667,505897.562,0,0,N/A,N/A,N/A,N/A,N/A,N/A,N/A,N/A
0,4294967295,152,1,Mul51,N/A,N/A,N/A,1763720858948221.053	,68.042,64.833,0,0,N/A,N/A,N/A,N/A,N/A,N/A,N/A,N/A
0,4294967295,153,1,trans_TransData_24,N/A,N/A,N/A,1763720859451197.678	,4.021,502908.583,0,0,N/A,N/A,N/A,N/A,N/A,N/A,N/A,N/A
0,4294967295,154,1,Add52,N/A,N/A,N/A,1763720859451252.886	,68.354,51.188,0,0,N/A,N/A,N/A,N/A,N/A,N/A,N/A,N/A
0,4294967295,155,1,Relu53,N/A,N/A,N/A,1763720859894950.762	,67.771,443629.521,0,0,N/A,N/A,N/A,N/A,N/A,N/A,N/A,N/A
0,4294967295,156,1,Conv2D54,N/A,N/A,N/A,1763720860379567.324	,405.667,484548.792,0,0,N/A,N/A,N/A,N/A,N/A,N/A,N/A,N/A
0,4294967295,157,1,Add47,N/A,N/A,N/A,1763720860379973.053	,2.521,0.062,0,0,N/A,N/A,N/A,N/A,N/A,N/A,N/A,N/A
0,4294967295,158,1,Rsqrt48,N/A,N/A,N/A,1763720860379975.636	,2.542,0.062,0,0,N/A,N/A,N/A,N/A,N/A,N/A,N/A,N/A
0,4294967295,159,1,Mul49,N/A,N/A,N/A,1763720860379978.241	,2.229,0.062,0,0,N/A,N/A,N/A,N/A,N/A,N/A,N/A,N/A
0,4294967295,160,1,Mul49,N/A,N/A,N/A,1763720860379980.532	,2.042,0.062,0,0,N/A,N/A,N/A,N/A,N/A,N/A,N/A,N/A
0,4294967295,161,1,Sub50,N/A,N/A,N/A,1763720860380016.178	,2.438,33.604,0,0,N/A,N/A,N/A,N/A,N/A,N/A,N/A,N/A
0,4294967295,162,1,trans_TransData_23,N/A,N/A,N/A,1763720860380087.553	,2.25,68.938,0,0,N/A,N/A,N/A,N/A,N/A,N/A,N/A,N/A
0,4294967295,163,1,Mul51,N/A,N/A,N/A,1763720860380114.220	,65.479,24.417,0,0,N/A,N/A,N/A,N/A,N/A,N/A,N/A,N/A
0,4294967295,164,1,trans_TransData_24,N/A,N/A,N/A,1763720860380179.782	,2.292,0.083,0,0,N/A,N/A,N/A,N/A,N/A,N/A,N/A,N/A
0,4294967295,165,1,Add52,N/A,N/A,N/A,1763720860380195.199	,65.5,13.125,0,0,N/A,N/A,N/A,N/A,N/A,N/A,N/A,N/A
0,4294967295,166,1,Conv2D55,N/A,N/A,N/A,1763720860858257.220	,164.188,477996.521,0,0,N/A,N/A,N/A,N/A,N/A,N/A,N/A,N/A
0,4294967295,167,1,Add47,N/A,N/A,N/A,1763720860858525.032	,2.75,103.625,0,0,N/A,N/A,N/A,N/A,N/A,N/A,N/A,N/A
0,4294967295,168,1,Rsqrt48,N/A,N/A,N/A,1763720860858640.803	,3.312,113.021,0,0,N/A,N/A,N/A,N/A,N/A,N/A,N/A,N/A
0,4294967295,169,1,Mul49,N/A,N/A,N/A,1763720860858700.345	,2.188,56.229,0,0,N/A,N/A,N/A,N/A,N/A,N/A,N/A,N/A
0,4294967295,170,1,Mul49,N/A,N/A,N/A,1763720860858744.741	,2.0,42.208,0,0,N/A,N/A,N/A,N/A,N/A,N/A,N/A,N/A
0,4294967295,171,1,Sub50,N/A,N/A,N/A,1763720860858793.907	,2.396,47.167,0,0,N/A,N/A,N/A,N/A,N/A,N/A,N/A,N/A
0,4294967295,172,1,trans_TransData_23,N/A,N/A,N/A,1763720860858867.407	,2.208,71.104,0,0,N/A,N/A,N/A,N/A,N/A,N/A,N/A,N/A
0,4294967295,173,1,Mul51,N/A,N/A,N/A,1763720860858909.303	,67.479,39.688,0,0,N/A,N/A,N/A,N/A,N/A,N/A,N/A,N/A
0,4294967295,174,1,trans_TransData_24,N/A,N/A,N/A,1763720860859015.262	,2.458,38.479,0,0,N/A,N/A,N/A,N/A,N/A,N/A,N/A,N/A
0,4294967295,175,1,Add52,N/A,N/A,N/A,1763720860859017.782	,67.021,0.062,0,0,N/A,N/A,N/A,N/A,N/A,N/A,N/A,N/A
0,4294967295,176,1,Add56,N/A,N/A,N/A,1763720861320559.657	,144.0,461474.854,0,0,N/A,N/A,N/A,N/A,N/A,N/A,N/A,N/A
0,4294967295,177,1,Relu53,N/A,N/A,N/A,1763720861320769.241	,65.396,65.583,0,0,N/A,N/A,N/A,N/A,N/A,N/A,N/A,N/A
0,4294967295,178,1,Conv2D54,N/A,N/A,N/A,1763720861320845.678	,404.354,11.042,0,0,N/A,N/A,N/A,N/A,N/A,N/A,N/A,N/A
0,4294967295,179,1,Add47,N/A,N/A,N/A,1763720861321250.095	,2.5,0.062,0,0,N/A,N/A,N/A,N/A,N/A,N/A,N/A,N/A
0,4294967295,180,1,Rsqrt48,N/A,N/A,N/A,1763720861321397.366	,2.375,144.771,0,0,N/A,N/A,N/A,N/A,N/A,N/A,N/A,N/A
0,4294967295,181,1,Mul49,N/A,N/A,N/A,1763720861321466.241	,2.208,66.5,0,0,N/A,N/A,N/A,N/A,N/A,N/A,N/A,N/A
0,4294967295,182,1,Mul49,N/A,N/A,N/A,1763720861321506.241	,2.042,37.792,0,0,N/A,N/A,N/A,N/A,N/A,N/A,N/A,N/A
0,4294967295,183,1,Sub50,N/A,N/A,N/A,1763720861321553.074	,2.438,44.792,0,0,N/A,N/A,N/A,N/A,N/A,N/A,N/A,N/A
0,4294967295,184,1,trans_TransData_23,N/A,N/A,N/A,1763720861321629.220	,2.208,73.708,0,0,N/A,N/A,N/A,N/A,N/A,N/A,N/A,N/A
0,4294967295,185,1,Mul51,N/A,N/A,N/A,1763720861321651.095	,68.292,19.667,0,0,N/A,N/A,N/A,N/A,N/A,N/A,N/A,N/A
0,4294967295,186,1,trans_TransData_24,N/A,N/A,N/A,1763720861321719.449	,2.396,0.062,0,0,N/A,N/A,N/A,N/A,N/A,N/A,N/A,N/A
0,4294967295,187,1,Add52,N/A,N/A,N/A,1763720861321740.386	,67.729,18.542,0,0,N/A,N/A,N/A,N/A,N/A,N/A,N/A,N/A
0,4294967295,188,1,Relu53,N/A,N/A,N/A,1763720861321808.178	,65.0,0.062,0,0,N/A,N/A,N/A,N/A,N/A,N/A,N/A,N/A
0,4294967295,189,1,Conv2D54,N/A,N/A,N/A,1763720861321873.262	,408.833,0.083,0,0,N/A,N/A,N/A,N/A,N/A,N/A,N/A,N/A
0,4294967295,190,1,Add47,N/A,N/A,N/A,1763720861322282.157	,2.104,0.062,0,0,N/A,N/A,N/A,N/A,N/A,N/A,N/A,N/A
0,4294967295,191,1,Rsqrt48,N/A,N/A,N/A,1763720861322284.345	,2.062,0.083,0,0,N/A,N/A,N/A,N/A,N/A,N/A,N/A,N/A
0,4294967295,192,1,Mul49,N/A,N/A,N/A,1763720861322286.491	,2.125,0.083,0,0,N/A,N/A,N/A,N/A,N/A,N/A,N/A,N/A
0,4294967295,193,1,Mul49,N/A,N/A,N/A,1763720861322288.699	,2.083,0.083,0,0,N/A,N/A,N/A,N/A,N/A,N/A,N/A,N/A
0,4294967295,194,1,Sub50,N/A,N/A,N/A,1763720861322290.845	,2.146,0.062,0,0,N/A,N/A,N/A,N/A,N/A,N/A,N/A,N/A
0,4294967295,195,1,trans_TransData_23,N/A,N/A,N/A,1763720861322293.074	,2.042,0.083,0,0,N/A,N/A,N/A,N/A,N/A,N/A,N/A,N/A
0,4294967295,196,1,Mul51,N/A,N/A,N/A,1763720861322295.199	,66.062,0.083,0,0,N/A,N/A,N/A,N/A,N/A,N/A,N/A,N/A
0,4294967295,197,1,trans_TransData_24,N/A,N/A,N/A,1763720861322361.345	,1.979,0.083,0,0,N/A,N/A,N/A,N/A,N/A,N/A,N/A,N/A
0,4294967295,198,1,Add52,N/A,N/A,N/A,1763720861322363.407	,65.979,0.083,0,0,N/A,N/A,N/A,N/A,N/A,N/A,N/A,N/A
0,4294967295,199,1,Add56,N/A,N/A,N/A,1763720861322429.470	,150.688,0.083,0,0,N/A,N/A,N/A,N/A,N/A,N/A,N/A,N/A
0,4294967295,200,1,Relu53,N/A,N/A,N/A,1763720861322580.220	,65.042,0.062,0,0,N/A,N/A,N/A,N/A,N/A,N/A,N/A,N/A
0,4294967295,201,1,Conv2D57,N/A,N/A,N/A,1763720861781118.678	,285.354,458473.417,0,0,N/A,N/A,N/A,N/A,N/A,N/A,N/A,N/A
0,4294967295,202,1,Add58,N/A,N/A,N/A,1763720862234833.699	,4.042,453429.667,0,0,N/A,N/A,N/A,N/A,N/A,N/A,N/A,N/A
0,4294967295,203,1,Rsqrt59,N/A,N/A,N/A,1763720862696207.407	,4.062,461369.667,0,0,N/A,N/A,N/A,N/A,N/A,N/A,N/A,N/A
0,4294967295,204,1,Mul60,N/A,N/A,N/A,1763720863163182.386	,4.062,466970.917,0,0,N/A,N/A,N/A,N/A,N/A,N/A,N/A,N/A
0,4294967295,205,1,Mul60,N/A,N/A,N/A,1763720863163332.532	,2.104,146.083,0,0,N/A,N/A,N/A,N/A,N/A,N/A,N/A,N/A
0,4294967295,206,1,Sub61,N/A,N/A,N/A,1763720863648166.678	,4.271,484832.042,0,0,N/A,N/A,N/A,N/A,N/A,N/A,N/A,N/A
0,4294967295,207,1,trans_TransData_25,N/A,N/A,N/A,1763720864159169.866	,3.958,510998.917,0,0,N/A,N/A,N/A,N/A,N/A,N/A,N/A,N/A
0,4294967295,208,1,Mul62,N/A,N/A,N/A,1763720864159228.241	,35.104,54.417,0,0,N/A,N/A,N/A,N/A,N/A,N/A,N/A,N/A
0,4294967295,209,1,trans_TransData_26,N/A,N/A,N/A,1763720864673024.553	,4.25,513761.208,0,0,N/A,N/A,N/A,N/A,N/A,N/A,N/A,N/A
0,4294967295,210,1,Add63,N/A,N/A,N/A,1763720864673225.282	,35.083,196.479,0,0,N/A,N/A,N/A,N/A,N/A,N/A,N/A,N/A
0,4294967295,211,1,Relu64,N/A,N/A,N/A,1763720865124212.803	,34.938,450952.438,0,0,N/A,N/A,N/A,N/A,N/A,N/A,N/A,N/A
0,4294967295,212,1,Conv2D65,N/A,N/A,N/A,1763720865611171.074	,466.583,486923.333,0,0,N/A,N/A,N/A,N/A,N/A,N/A,N/A,N/A
0,4294967295,213,1,Add58,N/A,N/A,N/A,1763720865611637.741	,2.979,0.083,0,0,N/A,N/A,N/A,N/A,N/A,N/A,N/A,N/A
0,4294967295,214,1,Rsqrt59,N/A,N/A,N/A,1763720865611640.782	,2.5,0.062,0,0,N/A,N/A,N/A,N/A,N/A,N/A,N/A,N/A
0,4294967295,215,1,Mul60,N/A,N/A,N/A,1763720865611643.345	,2.292,0.062,0,0,N/A,N/A,N/A,N/A,N/A,N/A,N/A,N/A
0,4294967295,216,1,Mul60,N/A,N/A,N/A,1763720865611645.720	,2.083,0.083,0,0,N/A,N/A,N/A,N/A,N/A,N/A,N/A,N/A
0,4294967295,217,1,Sub61,N/A,N/A,N/A,1763720865611647.886	,2.375,0.083,0,0,N/A,N/A,N/A,N/A,N/A,N/A,N/A,N/A
0,4294967295,218,1,trans_TransData_25,N/A,N/A,N/A,1763720865611671.970	,2.333,21.708,0,0,N/A,N/A,N/A,N/A,N/A,N/A,N/A,N/A
0,4294967295,219,1,Mul62,N/A,N/A,N/A,1763720865611692.928	,33.729,18.625,0,0,N/A,N/A,N/A,N/A,N/A,N/A,N/A,N/A
0,4294967295,220,1,trans_TransData_26,N/A,N/A,N/A,1763720865611744.032	,1.854,17.375,0,0,N/A,N/A,N/A,N/A,N/A,N/A,N/A,N/A
0,4294967295,221,1,Add63,N/A,N/A,N/A,1763720865611764.616	,34.146,18.729,0,0,N/A,N/A,N/A,N/A,N/A,N/A,N/A,N/A
0,4294967295,222,1,Conv2D66,N/A,N/A,N/A,1763720866061035.053	,130.521,449236.292,0,0,N/A,N/A,N/A,N/A,N/A,N/A,N/A,N/A
0,4294967295,223,1,Add58,N/A,N/A,N/A,1763720866061236.553	,2.771,70.979,0,0,N/A,N/A,N/A,N/A,N/A,N/A,N/A,N/A
0,4294967295,224,1,Rsqrt59,N/A,N/A,N/A,1763720866061304.178	,2.646,64.854,0,0,N/A,N/A,N/A,N/A,N/A,N/A,N/A,N/A
0,4294967295,225,1,Mul60,N/A,N/A,N/A,1763720866061353.532	,2.312,46.708,0,0,N/A,N/A,N/A,N/A,N/A,N/A,N/A,N/A
0,4294967295,226,1,Mul60,N/A,N/A,N/A,1763720866061388.657	,2.125,32.812,0,0,N/A,N/A,N/A,N/A,N/A,N/A,N/A,N/A
0,4294967295,227,1,Sub61,N/A,N/A,N/A,1763720866061431.324	,2.312,40.542,0,0,N/A,N/A,N/A,N/A,N/A,N/A,N/A,N/A
0,4294967295,228,1,trans_TransData_25,N/A,N/A,N/A,1763720866061500.720	,2.479,67.083,0,0,N/A,N/A,N/A,N/A,N/A,N/A,N/A,N/A
0,4294967295,229,1,Mul62,N/A,N/A,N/A,1763720866061522.699	,33.688,19.5,0,0,N/A,N/A,N/A,N/A,N/A,N/A,N/A,N/A
0,4294967295,230,1,trans_TransData_26,N/A,N/A,N/A,1763720866061574.886	,2.062,18.5,0,0,N/A,N/A,N/A,N/A,N/A,N/A,N/A,N/A
0,4294967295,231,1,Add63,N/A,N/A,N/A,1763720866061595.928	,34.312,18.979,0,0,N/A,N/A,N/A,N/A,N/A,N/A,N/A,N/A
0,4294967295,232,1,Add67,N/A,N/A,N/A,1763720866533201.449	,47.271,471571.208,0,0,N/A,N/A,N/A,N/A,N/A,N/A,N/A,N/A
0,4294967295,233,1,Relu64,N/A,N/A,N/A,1763720866533339.886	,33.771,91.167,0,0,N/A,N/A,N/A,N/A,N/A,N/A,N/A,N/A
0,4294967295,234,1,Conv2D65,N/A,N/A,N/A,1763720866533415.574	,427.208,41.917,0,0,N/A,N/A,N/A,N/A,N/A,N/A,N/A,N/A
0,4294967295,235,1,Add58,N/A,N/A,N/A,1763720866533842.845	,2.833,0.062,0,0,N/A,N/A,N/A,N/A,N/A,N/A,N/A,N/A
0,4294967295,236,1,Rsqrt59,N/A,N/A,N/A,1763720866533845.762	,2.792,0.083,0,0,N/A,N/A,N/A,N/A,N/A,N/A,N/A,N/A
0,4294967295,237,1,Mul60,N/A,N/A,N/A,1763720866533848.636	,3.312,0.083,0,0,N/A,N/A,N/A,N/A,N/A,N/A,N/A,N/A
0,4294967295,238,1,Mul60,N/A,N/A,N/A,1763720866533852.012	,2.208,0.062,0,0,N/A,N/A,N/A,N/A,N/A,N/A,N/A,N/A
0,4294967295,239,1,Sub61,N/A,N/A,N/A,1763720866533854.282	,2.292,0.062,0,0,N/A,N/A,N/A,N/A,N/A,N/A,N/A,N/A
0,4294967295,240,1,trans_TransData_25,N/A,N/A,N/A,1763720866533856.657	,2.833,0.083,0,0,N/A,N/A,N/A,N/A,N/A,N/A,N/A,N/A
0,4294967295,241,1,Mul62,N/A,N/A,N/A,1763720866533859.553	,33.938,0.062,0,0,N/A,N/A,N/A,N/A,N/A,N/A,N/A,N/A
0,4294967295,242,1,trans_TransData_26,N/A,N/A,N/A,1763720866533893.553	,2.208,0.062,0,0,N/A,N/A,N/A,N/A,N/A,N/A,N/A,N/A
0,4294967295,243,1,Add63,N/A,N/A,N/A,1763720866533895.824	,34.0,0.062,0,0,N/A,N/A,N/A,N/A,N/A,N/A,N/A,N/A
0,4294967295,244,1,Relu64,N/A,N/A,N/A,1763720866533929.907	,33.25,0.083,0,0,N/A,N/A,N/A,N/A,N/A,N/A,N/A,N/A
0,4294967295,245,1,Conv2D65,N/A,N/A,N/A,1763720866533963.241	,447.521,0.083,0,0,N/A,N/A,N/A,N/A,N/A,N/A,N/A,N/A
0,4294967295,246,1,Add58,N/A,N/A,N/A,1763720866534410.845	,2.208,0.083,0,0,N/A,N/A,N/A,N/A,N/A,N/A,N/A,N/A
0,4294967295,247,1,Rsqrt59,N/A,N/A,N/A,1763720866534413.116	,2.083,0.062,0,0,N/A,N/A,N/A,N/A,N/A,N/A,N/A,N/A
0,4294967295,248,1,Mul60,N/A,N/A,N/A,1763720866534415.262	,2.208,0.062,0,0,N/A,N/A,N/A,N/A,N/A,N/A,N/A,N/A
0,4294967295,249,1,Mul60,N/A,N/A,N/A,1763720866534417.553	,2.062,0.083,0,0,N/A,N/A,N/A,N/A,N/A,N/A,N/A,N/A
0,4294967295,250,1,Sub61,N/A,N/A,N/A,1763720866534419.699	,2.188,0.083,0,0,N/A,N/A,N/A,N/A,N/A,N/A,N/A,N/A
0,4294967295,251,1,trans_TransData_25,N/A,N/A,N/A,1763720866534421.949	,1.854,0.062,0,0,N/A,N/A,N/A,N/A,N/A,N/A,N/A,N/A
0,4294967295,252,1,Mul62,N/A,N/A,N/A,1763720866534423.886	,33.292,0.083,0,0,N/A,N/A,N/A,N/A,N/A,N/A,N/A,N/A
0,4294967295,253,1,trans_TransData_26,N/A,N/A,N/A,1763720866534457.262	,1.75,0.083,0,0,N/A,N/A,N/A,N/A,N/A,N/A,N/A,N/A
0,4294967295,254,1,Add63,N/A,N/A,N/A,1763720866534459.095	,33.417,0.083,0,0,N/A,N/A,N/A,N/A,N/A,N/A,N/A,N/A
0,4294967295,255,1,Add67,N/A,N/A,N/A,1763720866534492.595	,68.229,0.083,0,0,N/A,N/A,N/A,N/A,N/A,N/A,N/A,N/A
0,4294967295,256,1,Relu64,N/A,N/A,N/A,1763720866534560.886	,33.25,0.062,0,0,N/A,N/A,N/A,N/A,N/A,N/A,N/A,N/A
0,4294967295,257,1,Conv2D68,N/A,N/A,N/A,1763720867004674.553	,380.646,470080.417,0,0,N/A,N/A,N/A,N/A,N/A,N/A,N/A,N/A
0,4294967295,258,1,Add69,N/A,N/A,N/A,1763720867459912.741	,4.167,454857.542,0,0,N/A,N/A,N/A,N/A,N/A,N/A,N/A,N/A
0,4294967295,259,1,Rsqrt70,N/A,N/A,N/A,1763720867891403.553	,4.146,431486.646,0,0,N/A,N/A,N/A,N/A,N/A,N/A,N/A,N/A
0,4294967295,260,1,Mul71,N/A,N/A,N/A,1763720868350808.012	,3.646,459400.312,0,0,N/A,N/A,N/A,N/A,N/A,N/A,N/A,N/A
0,4294967295,261,1,Mul71,N/A,N/A,N/A,1763720868351002.824	,2.229,191.167,0,0,N/A,N/A,N/A,N/A,N/A,N/A,N/A,N/A
0,4294967295,262,1,Sub72,N/A,N/A,N/A,1763720868810532.136	,4.083,459527.083,0,0,N/A,N/A,N/A,N/A,N/A,N/A,N/A,N/A
0,4294967295,263,1,trans_TransData_27,N/A,N/A,N/A,1763720869335430.678	,4.25,524894.458,0,0,N/A,N/A,N/A,N/A,N/A,N/A,N/A,N/A
0,4294967295,264,1,Mul73,N/A,N/A,N/A,1763720869335553.386	,19.75,118.458,0,0,N/A,N/A,N/A,N/A,N/A,N/A,N/A,N/A
0,4294967295,265,1,trans_TransData_28,N/A,N/A,N/A,1763720869855675.012	,4.062,520101.875,0,0,N/A,N/A,N/A,N/A,N/A,N/A,N/A,N/A
0,4294967295,266,1,Add74,N/A,N/A,N/A,1763720869855725.324	,19.146,46.25,0,0,N/A,N/A,N/A,N/A,N/A,N/A,N/A,N/A
0,4294967295,267,1,Relu75,N/A,N/A,N/A,1763720870351104.657	,19.021,495360.188,0,0,N/A,N/A,N/A,N/A,N/A,N/A,N/A,N/A
0,4294967295,268,1,Conv2D76,N/A,N/A,N/A,1763720870830548.845	,846.0,479425.167,0,0,N/A,N/A,N/A,N/A,N/A,N/A,N/A,N/A
0,4294967295,269,1,Add69,N/A,N/A,N/A,1763720870831394.928	,3.854,0.083,0,0,N/A,N/A,N/A,N/A,N/A,N/A,N/A,N/A
0,4294967295,270,1,Rsqrt70,N/A,N/A,N/A,1763720870831398.866	,2.875,0.083,0,0,N/A,N/A,N/A,N/A,N/A,N/A,N/A,N/A
0,4294967295,271,1,Mul71,N/A,N/A,N/A,1763720870831401.824	,2.417,0.083,0,0,N/A,N/A,N/A,N/A,N/A,N/A,N/A,N/A
0,4294967295,272,1,Mul71,N/A,N/A,N/A,1763720870831404.324	,2.208,0.083,0,0,N/A,N/A,N/A,N/A,N/A,N/A,N/A,N/A
0,4294967295,273,1,Sub72,N/A,N/A,N/A,1763720870831406.616	,2.646,0.083,0,0,N/A,N/A,N/A,N/A,N/A,N/A,N/A,N/A
0,4294967295,274,1,trans_TransData_27,N/A,N/A,N/A,1763720870831409.324	,2.771,0.062,0,0,N/A,N/A,N/A,N/A,N/A,N/A,N/A,N/A
0,4294967295,275,1,Mul73,N/A,N/A,N/A,1763720870831419.720	,26.417,7.625,0,0,N/A,N/A,N/A,N/A,N/A,N/A,N/A,N/A
0,4294967295,276,1,trans_TransData_28,N/A,N/A,N/A,1763720870831476.845	,2.208,30.708,0,0,N/A,N/A,N/A,N/A,N/A,N/A,N/A,N/A
0,4294967295,277,1,Add74,N/A,N/A,N/A,1763720870831497.220	,18.292,18.167,0,0,N/A,N/A,N/A,N/A,N/A,N/A,N/A,N/A
0,4294967295,278,1,Conv2D77,N/A,N/A,N/A,1763720871298906.886	,84.792,467391.375,0,0,N/A,N/A,N/A,N/A,N/A,N/A,N/A,N/A
0,4294967295,279,1,Add69,N/A,N/A,N/A,1763720871299111.116	,2.938,119.438,0,0,N/A,N/A,N/A,N/A,N/A,N/A,N/A,N/A
0,4294967295,280,1,Rsqrt70,N/A,N/A,N/A,1763720871299196.386	,2.438,82.333,0,0,N/A,N/A,N/A,N/A,N/A,N/A,N/A,N/A
0,4294967295,281,1,Mul71,N/A,N/A,N/A,1763720871299253.012	,2.208,54.188,0,0,N/A,N/A,N/A,N/A,N/A,N/A,N/A,N/A
0,4294967295,282,1,Mul71,N/A,N/A,N/A,1763720871299295.553	,2.271,40.333,0,0,N/A,N/A,N/A,N/A,N/A,N/A,N/A,N/A
0,4294967295,283,1,Sub72,N/A,N/A,N/A,1763720871299346.199	,2.417,48.375,0,0,N/A,N/A,N/A,N/A,N/A,N/A,N/A,N/A
0,4294967295,284,1,trans_TransData_27,N/A,N/A,N/A,1763720871299418.782	,2.354,70.167,0,0,N/A,N/A,N/A,N/A,N/A,N/A,N/A,N/A
0,4294967295,285,1,Mul73,N/A,N/A,N/A,1763720871299445.053	,17.938,23.917,0,0,N/A,N/A,N/A,N/A,N/A,N/A,N/A,N/A
0,4294967295,286,1,trans_TransData_28,N/A,N/A,N/A,1763720871299533.512	,2.688,70.521,0,0,N/A,N/A,N/A,N/A,N/A,N/A,N/A,N/A
0,4294967295,287,1,Add74,N/A,N/A,N/A,1763720871299559.095	,18.146,22.896,0,0,N/A,N/A,N/A,N/A,N/A,N/A,N/A,N/A
0,4294967295,288,1,Add78,N/A,N/A,N/A,1763720871790998.866	,26.208,491421.625,0,0,N/A,N/A,N/A,N/A,N/A,N/A,N/A,N/A
0,4294967295,289,1,Relu75,N/A,N/A,N/A,1763720871791173.657	,18.375,148.583,0,0,N/A,N/A,N/A,N/A,N/A,N/A,N/A,N/A
0,4294967295,290,1,Conv2D76,N/A,N/A,N/A,1763720871791261.616	,855.5,69.583,0,0,N/A,N/A,N/A,N/A,N/A,N/A,N/A,N/A
0,4294967295,291,1,Add69,N/A,N/A,N/A,1763720871792117.199	,2.917,0.083,0,0,N/A,N/A,N/A,N/A,N/A,N/A,N/A,N/A
0,4294967295,292,1,Rsqrt70,N/A,N/A,N/A,1763720871792169.074	,2.75,48.958,0,0,N/A,N/A,N/A,N/A,N/A,N/A,N/A,N/A
0,4294967295,293,1,Mul71,N/A,N/A,N/A,1763720871792241.636	,2.458,69.812,0,0,N/A,N/A,N/A,N/A,N/A,N/A,N/A,N/A
0,4294967295,294,1,Mul71,N/A,N/A,N/A,1763720871792284.053	,2.375,39.958,0,0,N/A,N/A,N/A,N/A,N/A,N/A,N/A,N/A
0,4294967295,295,1,Sub72,N/A,N/A,N/A,1763720871792333.366	,3.188,46.938,0,0,N/A,N/A,N/A,N/A,N/A,N/A,N/A,N/A
0,4294967295,296,1,trans_TransData_27,N/A,N/A,N/A,1763720871792446.866	,3.375,110.312,0,0,N/A,N/A,N/A,N/A,N/A,N/A,N/A,N/A
0,4294967295,297,1,Mul73,N/A,N/A,N/A,1763720871792475.949	,27.917,25.708,0,0,N/A,N/A,N/A,N/A,N/A,N/A,N/A,N/A
0,4294967295,298,1,trans_TransData_28,N/A,N/A,N/A,1763720871792661.178	,2.458,157.312,0,0,N/A,N/A,N/A,N/A,N/A,N/A,N/A,N/A
0,4294967295,299,1,Add74,N/A,N/A,N/A,1763720871792690.720	,18.396,27.083,0,0,N/A,N/A,N/A,N/A,N/A,N/A,N/A,N/A
0,4294967295,300,1,Relu75,N/A,N/A,N/A,1763720871792742.074	,17.583,32.958,0,0,N/A,N/A,N/A,N/A,N/A,N/A,N/A,N/A
0,4294967295,301,1,Conv2D76,N/A,N/A,N/A,1763720871792850.574	,737.188,90.917,0,0,N/A,N/A,N/A,N/A,N/A,N/A,N/A,N/A
0,4294967295,302,1,Add69,N/A,N/A,N/A,1763720871793587.824	,2.292,0.062,0,0,N/A,N/A,N/A,N/A,N/A,N/A,N/A,N/A
0,4294967295,303,1,Rsqrt70,N/A,N/A,N/A,1763720871793590.178	,2.562,0.062,0,0,N/A,N/A,N/A,N/A,N/A,N/A,N/A,N/A
0,4294967295,304,1,Mul71,N/A,N/A,N/A,1763720871793592.824	,2.354,0.083,0,0,N/A,N/A,N/A,N/A,N/A,N/A,N/A,N/A
0,4294967295,305,1,Mul71,N/A,N/A,N/A,1763720871793595.262	,2.25,0.083,0,0,N/A,N/A,N/A,N/A,N/A,N/A,N/A,N/A
0,4294967295,306,1,Sub72,N/A,N/A,N/A,1763720871793597.595	,2.438,0.083,0,0,N/A,N/A,N/A,N/A,N/A,N/A,N/A,N/A
0,4294967295,307,1,trans_TransData_27,N/A,N/A,N/A,1763720871793600.095	,2.042,0.062,0,0,N/A,N/A,N/A,N/A,N/A,N/A,N/A,N/A
0,4294967295,308,1,Mul73,N/A,N/A,N/A,1763720871793602.220	,25.708,0.083,0,0,N/A,N/A,N/A,N/A,N/A,N/A,N/A,N/A
0,4294967295,309,1,trans_TransData_28,N/A,N/A,N/A,1763720871793628.012	,2.042,0.083,0,0,N/A,N/A,N/A,N/A,N/A,N/A,N/A,N/A
0,4294967295,310,1,Add74,N/A,N/A,N/A,1763720871793630.116	,18.021,0.062,0,0,N/A,N/A,N/A,N/A,N/A,N/A,N/A,N/A
0,4294967295,311,1,Add78,N/A,N/A,N/A,1763720871793648.220	,33.583,0.083,0,0,N/A,N/A,N/A,N/A,N/A,N/A,N/A,N/A
0,4294967295,312,1,Relu75,N/A,N/A,N/A,1763720871793681.886	,17.625,0.083,0,0,N/A,N/A,N/A,N/A,N/A,N/A,N/A,N/A
0,4294967295,314,1,Fill79,N/A,N/A,N/A,1763720872261575.991	,3.896,467876.479,0,0,N/A,N/A,N/A,N/A,N/A,N/A,N/A,N/A
0,4294967295,315,1,trans_TransData_30,N/A,N/A,N/A,1763720872261636.032	,3.625,56.146,0,0,N/A,N/A,N/A,N/A,N/A,N/A,N/A,N/A
0,4294967295,316,1,Cast80,N/A,N/A,N/A,1763720872731424.074	,4.833,469784.417,0,0,N/A,N/A,N/A,N/A,N/A,N/A,N/A,N/A
0,4294967295,317,1,atomic_memset-1_801,N/A,N/A,N/A,1763720873274467.803	,3.854,543038.896,0,0,N/A,N/A,N/A,N/A,N/A,N/A,N/A,N/A
0,4294967295,318,1,trans_TransData_31,N/A,N/A,N/A,1763720873274516.303	,3.792,44.646,0,0,N/A,N/A,N/A,N/A,N/A,N/A,N/A,N/A
0,4294967295,319,1,Cumsum81,N/A,N/A,N/A,1763720873274600.449	,14.333,80.354,0,0,N/A,N/A,N/A,N/A,N/A,N/A,N/A,N/A
0,4294967295,320,1,trans_TransData_34,N/A,N/A,N/A,1763720873274629.470	,4.271,14.688,0,0,N/A,N/A,N/A,N/A,N/A,N/A,N/A,N/A
0,4294967295,321,1,Cast80,N/A,N/A,N/A,1763720873274783.345	,3.271,149.604,0,0,N/A,N/A,N/A,N/A,N/A,N/A,N/A,N/A
0,4294967295,322,1,atomic_memset-1_812,N/A,N/A,N/A,1763720873832903.907	,3.958,558117.292,0,0,N/A,N/A,N/A,N/A,N/A,N/A,N/A,N/A
0,4294967295,323,1,trans_TransData_35,N/A,N/A,N/A,1763720873832959.095	,4.083,51.229,0,0,N/A,N/A,N/A,N/A,N/A,N/A,N/A,N/A
0,4294967295,324,1,Cumsum82,N/A,N/A,N/A,1763720873832994.886	,57.583,31.708,0,0,N/A,N/A,N/A,N/A,N/A,N/A,N/A,N/A
0,4294967295,325,1,trans_TransData_38,N/A,N/A,N/A,1763720873833052.532	,4.146,0.062,0,0,N/A,N/A,N/A,N/A,N/A,N/A,N/A,N/A
0,4294967295,326,1,trans_TransData_39,N/A,N/A,N/A,1763720874286469.324	,4.792,453412.646,0,0,N/A,N/A,N/A,N/A,N/A,N/A,N/A,N/A
0,4294967295,328,1,Add84,N/A,N/A,N/A,1763720874768105.470	,3.958,481631.354,0,0,N/A,N/A,N/A,N/A,N/A,N/A,N/A,N/A
0,4294967295,329,1,trans_TransData_41,N/A,N/A,N/A,1763720875286224.824	,5.167,518115.396,0,0,N/A,N/A,N/A,N/A,N/A,N/A,N/A,N/A
0,4294967295,330,1,RealDiv85,N/A,N/A,N/A,1763720875286283.386	,3.604,53.396,0,0,N/A,N/A,N/A,N/A,N/A,N/A,N/A,N/A
0,4294967295,331,1,trans_TransData_44,N/A,N/A,N/A,1763720875286316.678	,3.729,29.688,0,0,N/A,N/A,N/A,N/A,N/A,N/A,N/A,N/A
0,4294967295,332,1,Mul86,N/A,N/A,N/A,1763720875768987.303	,5.312,482666.896,0,0,N/A,N/A,N/A,N/A,N/A,N/A,N/A,N/A
0,4294967295,333,1,trans_TransData_45,N/A,N/A,N/A,1763720876314087.928	,5.125,545095.312,0,0,N/A,N/A,N/A,N/A,N/A,N/A,N/A,N/A
0,4294967295,334,1,Slice87,N/A,N/A,N/A,1763720876314154.199	,3.771,61.146,0,0,N/A,N/A,N/A,N/A,N/A,N/A,N/A,N/A
0,4294967295,335,1,trans_TransData_48,N/A,N/A,N/A,1763720876314189.595	,3.667,31.625,0,0,N/A,N/A,N/A,N/A,N/A,N/A,N/A,N/A
0,4294967295,337,1,Add88,N/A,N/A,N/A,1763720876832887.782	,4.542,518694.521,0,0,N/A,N/A,N/A,N/A,N/A,N/A,N/A,N/A
0,4294967295,338,1,trans_TransData_49,N/A,N/A,N/A,1763720876832948.303	,3.188,55.979,0,0,N/A,N/A,N/A,N/A,N/A,N/A,N/A,N/A
0,4294967295,339,1,trans_TransData_51,N/A,N/A,N/A,1763720877341573.824	,5.125,508622.333,0,0,N/A,N/A,N/A,N/A,N/A,N/A,N/A,N/A
0,4294967295,340,1,RealDiv89,N/A,N/A,N/A,1763720877341648.428	,2.604,69.479,0,0,N/A,N/A,N/A,N/A,N/A,N/A,N/A,N/A
0,4294967295,341,1,trans_TransData_54,N/A,N/A,N/A,1763720877341686.678	,3.938,35.646,0,0,N/A,N/A,N/A,N/A,N/A,N/A,N/A,N/A
0,4294967295,342,1,Mul86,N/A,N/A,N/A,1763720877341823.136	,3.271,132.521,0,0,N/A,N/A,N/A,N/A,N/A,N/A,N/A,N/A
0,4294967295,344,1,FloorDiv91,N/A,N/A,N/A,1763720878194768.074	,4.479,852941.667,0,0,N/A,N/A,N/A,N/A,N/A,N/A,N/A,N/A
0,4294967295,345,1,Mul92,N/A,N/A,N/A,1763720878656231.699	,4.042,461459.146,0,0,N/A,N/A,N/A,N/A,N/A,N/A,N/A,N/A
0,4294967295,346,1,RealDiv93,N/A,N/A,N/A,1763720879129766.699	,3.958,473530.958,0,0,N/A,N/A,N/A,N/A,N/A,N/A,N/A,N/A
0,4294967295,347,1,Pow94,N/A,N/A,N/A,1763720879615747.678	,6.25,485977.021,0,0,N/A,N/A,N/A,N/A,N/A,N/A,N/A,N/A
0,4294967295,348,1,trans_TransData_39,N/A,N/A,N/A,1763720879615897.803	,3.458,143.875,0,0,N/A,N/A,N/A,N/A,N/A,N/A,N/A,N/A
0,4294967295,349,1,RealDiv95,N/A,N/A,N/A,1763720880076520.053	,15.958,460618.792,0,0,N/A,N/A,N/A,N/A,N/A,N/A,N/A,N/A
0,4294967295,350,1,trans_TransData_39,N/A,N/A,N/A,1763720880076761.678	,4.5,225.667,0,0,N/A,N/A,N/A,N/A,N/A,N/A,N/A,N/A
0,4294967295,351,1,RealDiv95,N/A,N/A,N/A,1763720880077196.803	,14.021,430.625,0,0,N/A,N/A,N/A,N/A,N/A,N/A,N/A,N/A
0,4294967295,352,1,AsStrided96,N/A,N/A,N/A,1763720880536480.199	,650.0,459269.375,0,0,N/A,N/A,N/A,N/A,N/A,N/A,N/A,N/A
0,4294967295,353,1,Sin97,N/A,N/A,N/A,1763720880993604.991	,56.521,456474.792,0,0,N/A,N/A,N/A,N/A,N/A,N/A,N/A,N/A
0,4294967295,354,1,AsStrided98,N/A,N/A,N/A,1763720881456694.782	,650.25,463033.271,0,0,N/A,N/A,N/A,N/A,N/A,N/A,N/A,N/A
0,4294967295,355,1,Cos99,N/A,N/A,N/A,1763720881908472.720	,57.292,451127.688,0,0,N/A,N/A,N/A,N/A,N/A,N/A,N/A,N/A
0,4294967295,356,1,Pack100,N/A,N/A,N/A,1763720882354177.782	,33.604,445647.771,0,0,N/A,N/A,N/A,N/A,N/A,N/A,N/A,N/A
0,4294967295,357,1,AsStrided96,N/A,N/A,N/A,1763720882354361.970	,665.708,150.583,0,0,N/A,N/A,N/A,N/A,N/A,N/A,N/A,N/A
0,4294967295,358,1,Sin97,N/A,N/A,N/A,1763720882355027.762	,55.188,0.083,0,0,N/A,N/A,N/A,N/A,N/A,N/A,N/A,N/A
0,4294967295,359,1,AsStrided98,N/A,N/A,N/A,1763720882355083.032	,646.271,0.083,0,0,N/A,N/A,N/A,N/A,N/A,N/A,N/A,N/A
0,4294967295,360,1,Cos99,N/A,N/A,N/A,1763720882355729.366	,55.604,0.062,0,0,N/A,N/A,N/A,N/A,N/A,N/A,N/A,N/A
0,4294967295,361,1,Pack100,N/A,N/A,N/A,1763720882355785.053	,30.958,0.083,0,0,N/A,N/A,N/A,N/A,N/A,N/A,N/A,N/A
0,4294967295,362,1,ConcatD101,N/A,N/A,N/A,1763720882815904.199	,45.542,460088.188,0,0,N/A,N/A,N/A,N/A,N/A,N/A,N/A,N/A
0,4294967295,363,1,Transpose102,N/A,N/A,N/A,1763720883299307.428	,160.938,483357.688,0,0,N/A,N/A,N/A,N/A,N/A,N/A,N/A,N/A
0,4294967295,364,1,Cast103,N/A,N/A,N/A,1763720883778625.886	,25.083,479157.521,0,0,N/A,N/A,N/A,N/A,N/A,N/A,N/A,N/A
0,4294967295,365,1,Conv2D104,N/A,N/A,N/A,1763720884261270.157	,108.792,482619.188,0,0,N/A,N/A,N/A,N/A,N/A,N/A,N/A,N/A
0,4294967295,366,1,Cast31,N/A,N/A,N/A,1763720884261425.470	,462.021,46.521,0,0,N/A,N/A,N/A,N/A,N/A,N/A,N/A,N/A
0,4294967295,367,1,trans_TransData_18,N/A,N/A,N/A,1763720884261887.574	,596.667,0.083,0,0,N/A,N/A,N/A,N/A,N/A,N/A,N/A,N/A
0,4294967295,368,1,Conv2D32,N/A,N/A,N/A,1763720884262484.303	,3655.833,0.062,0,0,N/A,N/A,N/A,N/A,N/A,N/A,N/A,N/A
0,4294967295,369,1,Add33,N/A,N/A,N/A,1763720884266140.220	,2.854,0.083,0,0,N/A,N/A,N/A,N/A,N/A,N/A,N/A,N/A
0,4294967295,370,1,Rsqrt34,N/A,N/A,N/A,1763720884266143.157	,2.583,0.083,0,0,N/A,N/A,N/A,N/A,N/A,N/A,N/A,N/A
0,4294967295,371,1,Mul35,N/A,N/A,N/A,1763720884266145.824	,2.625,0.083,0,0,N/A,N/A,N/A,N/A,N/A,N/A,N/A,N/A
0,4294967295,372,1,Mul35,N/A,N/A,N/A,1763720884266148.532	,2.062,0.083,0,0,N/A,N/A,N/A,N/A,N/A,N/A,N/A,N/A
0,4294967295,373,1,Sub36,N/A,N/A,N/A,1763720884266150.678	,2.729,0.083,0,0,N/A,N/A,N/A,N/A,N/A,N/A,N/A,N/A
0,4294967295,374,1,trans_TransData_19,N/A,N/A,N/A,1763720884266153.491	,2.542,0.083,0,0,N/A,N/A,N/A,N/A,N/A,N/A,N/A,N/A
0,4294967295,375,1,Mul37,N/A,N/A,N/A,1763720884266156.116	,1116.042,0.083,0,0,N/A,N/A,N/A,N/A,N/A,N/A,N/A,N/A
0,4294967295,376,1,trans_TransData_20,N/A,N/A,N/A,1763720884267272.220	,2.583,0.062,0,0,N/A,N/A,N/A,N/A,N/A,N/A,N/A,N/A
0,4294967295,377,1,Add38,N/A,N/A,N/A,1763720884267274.886	,1090.833,0.083,0,0,N/A,N/A,N/A,N/A,N/A,N/A,N/A,N/A
0,4294967295,378,1,Relu39,N/A,N/A,N/A,1763720884268365.803	,1140.812,0.083,0,0,N/A,N/A,N/A,N/A,N/A,N/A,N/A,N/A
0,4294967295,379,1,MaxPoolWithArgmaxV140,N/A,N/A,N/A,1763720884269506.678	,2573.042,0.062,0,0,N/A,N/A,N/A,N/A,N/A,N/A,N/A,N/A
0,4294967295,380,1,Conv2D41,N/A,N/A,N/A,1763720884272079.803	,549.792,0.083,0,0,N/A,N/A,N/A,N/A,N/A,N/A,N/A,N/A
0,4294967295,381,1,Add33,N/A,N/A,N/A,1763720884272629.678	,2.917,0.083,0,0,N/A,N/A,N/A,N/A,N/A,N/A,N/A,N/A
0,4294967295,382,1,Rsqrt34,N/A,N/A,N/A,1763720884272632.678	,2.75,0.083,0,0,N/A,N/A,N/A,N/A,N/A,N/A,N/A,N/A
0,4294967295,383,1,Mul35,N/A,N/A,N/A,1763720884272635.512	,2.354,0.083,0,0,N/A,N/A,N/A,N/A,N/A,N/A,N/A,N/A
0,4294967295,384,1,Mul35,N/A,N/A,N/A,1763720884272637.928	,2.104,0.062,0,0,N/A,N/A,N/A,N/A,N/A,N/A,N/A,N/A
0,4294967295,385,1,Sub36,N/A,N/A,N/A,1763720884272640.116	,2.188,0.083,0,0,N/A,N/A,N/A,N/A,N/A,N/A,N/A,N/A
0,4294967295,386,1,trans_TransData_21,N/A,N/A,N/A,1763720884272642.366	,2.0,0.062,0,0,N/A,N/A,N/A,N/A,N/A,N/A,N/A,N/A
0,4294967295,387,1,Mul42,N/A,N/A,N/A,1763720884272644.449	,190.25,0.083,0,0,N/A,N/A,N/A,N/A,N/A,N/A,N/A,N/A
0,4294967295,388,1,trans_TransData_22,N/A,N/A,N/A,1763720884272834.782	,2.292,0.083,0,0,N/A,N/A,N/A,N/A,N/A,N/A,N/A,N/A
0,4294967295,389,1,Add43,N/A,N/A,N/A,1763720884272837.157	,131.875,0.083,0,0,N/A,N/A,N/A,N/A,N/A,N/A,N/A,N/A
0,4294967295,390,1,Relu44,N/A,N/A,N/A,1763720884272969.116	,128.896,0.083,0,0,N/A,N/A,N/A,N/A,N/A,N/A,N/A,N/A
0,4294967295,391,1,Conv2D41,N/A,N/A,N/A,1763720884273098.095	,406.062,0.083,0,0,N/A,N/A,N/A,N/A,N/A,N/A,N/A,N/A
0,4294967295,392,1,Add33,N/A,N/A,N/A,1763720884273504.241	,2.229,0.083,0,0,N/A,N/A,N/A,N/A,N/A,N/A,N/A,N/A
0,4294967295,393,1,Rsqrt34,N/A,N/A,N/A,1763720884274919.782	,2.312,1413.312,0,0,N/A,N/A,N/A,N/A,N/A,N/A,N/A,N/A
0,4294967295,394,1,Mul35,N/A,N/A,N/A,1763720884275088.616	,2.104,166.521,0,0,N/A,N/A,N/A,N/A,N/A,N/A,N/A,N/A
0,4294967295,395,1,Mul35,N/A,N/A,N/A,1763720884275139.553	,2.583,48.833,0,0,N/A,N/A,N/A,N/A,N/A,N/A,N/A,N/A
0,4294967295,396,1,Sub36,N/A,N/A,N/A,1763720884275214.741	,2.208,72.604,0,0,N/A,N/A,N/A,N/A,N/A,N/A,N/A,N/A
0,4294967295,397,1,trans_TransData_21,N/A,N/A,N/A,1763720884275298.616	,1.875,81.667,0,0,N/A,N/A,N/A,N/A,N/A,N/A,N/A,N/A
0,4294967295,398,1,Mul42,N/A,N/A,N/A,1763720884275303.157	,136.146,2.667,0,0,N/A,N/A,N/A,N/A,N/A,N/A,N/A,N/A
0,4294967295,399,1,trans_TransData_22,N/A,N/A,N/A,1763720884275439.366	,2.042,0.062,0,0,N/A,N/A,N/A,N/A,N/A,N/A,N/A,N/A
0,4294967295,400,1,Add43,N/A,N/A,N/A,1763720884275459.762	,133.542,18.354,0,0,N/A,N/A,N/A,N/A,N/A,N/A,N/A,N/A
0,4294967295,401,1,Add45,N/A,N/A,N/A,1763720884275593.386	,401.5,0.083,0,0,N/A,N/A,N/A,N/A,N/A,N/A,N/A,N/A
0,4294967295,402,1,Relu44,N/A,N/A,N/A,1763720884275994.949	,150.021,0.062,0,0,N/A,N/A,N/A,N/A,N/A,N/A,N/A,N/A
0,4294967295,403,1,Conv2D41,N/A,N/A,N/A,1763720884276145.053	,399.583,0.083,0,0,N/A,N/A,N/A,N/A,N/A,N/A,N/A,N/A
0,4294967295,404,1,Add33,N/A,N/A,N/A,1763720884278840.845	,2.521,2296.208,0,0,N/A,N/A,N/A,N/A,N/A,N/A,N/A,N/A
0,4294967295,405,1,Rsqrt34,N/A,N/A,N/A,1763720884279011.699	,2.271,168.333,0,0,N/A,N/A,N/A,N/A,N/A,N/A,N/A,N/A
0,4294967295,406,1,Mul35,N/A,N/A,N/A,1763720884279014.053	,2.125,0.083,0,0,N/A,N/A,N/A,N/A,N/A,N/A,N/A,N/A
0,4294967295,407,1,Mul35,N/A,N/A,N/A,1763720884279053.845	,2.0,37.667,0,0,N/A,N/A,N/A,N/A,N/A,N/A,N/A,N/A
0,4294967295,408,1,Sub36,N/A,N/A,N/A,1763720884279093.803	,2.104,37.958,0,0,N/A,N/A,N/A,N/A,N/A,N/A,N/A,N/A
0,4294967295,409,1,trans_TransData_21,N/A,N/A,N/A,1763720884279172.470	,1.854,76.562,0,0,N/A,N/A,N/A,N/A,N/A,N/A,N/A,N/A
0,4294967295,410,1,Mul42,N/A,N/A,N/A,1763720884279198.699	,134.979,24.375,0,0,N/A,N/A,N/A,N/A,N/A,N/A,N/A,N/A
0,4294967295,411,1,trans_TransData_22,N/A,N/A,N/A,1763720884279333.741	,2.062,0.062,0,0,N/A,N/A,N/A,N/A,N/A,N/A,N/A,N/A
0,4294967295,412,1,Add43,N/A,N/A,N/A,1763720884279335.866	,133.354,0.062,0,0,N/A,N/A,N/A,N/A,N/A,N/A,N/A,N/A
0,4294967295,413,1,Relu44,N/A,N/A,N/A,1763720884279469.282	,127.667,0.062,0,0,N/A,N/A,N/A,N/A,N/A,N/A,N/A,N/A
0,4294967295,414,1,Conv2D41,N/A,N/A,N/A,1763720884279597.032	,404.312,0.083,0,0,N/A,N/A,N/A,N/A,N/A,N/A,N/A,N/A
0,4294967295,415,1,Add33,N/A,N/A,N/A,1763720884280001.428	,2.292,0.083,0,0,N/A,N/A,N/A,N/A,N/A,N/A,N/A,N/A
0,4294967295,416,1,Rsqrt34,N/A,N/A,N/A,1763720884280003.782	,2.417,0.062,0,0,N/A,N/A,N/A,N/A,N/A,N/A,N/A,N/A
0,4294967295,417,1,Mul35,N/A,N/A,N/A,1763720884280006.262	,2.25,0.062,0,0,N/A,N/A,N/A,N/A,N/A,N/A,N/A,N/A
0,4294967295,418,1,Mul35,N/A,N/A,N/A,1763720884280008.574	,2.083,0.062,0,0,N/A,N/A,N/A,N/A,N/A,N/A,N/A,N/A
0,4294967295,419,1,Sub36,N/A,N/A,N/A,1763720884280010.741	,2.208,0.083,0,0,N/A,N/A,N/A,N/A,N/A,N/A,N/A,N/A
0,4294967295,420,1,trans_TransData_21,N/A,N/A,N/A,1763720884280013.012	,1.958,0.062,0,0,N/A,N/A,N/A,N/A,N/A,N/A,N/A,N/A
0,4294967295,421,1,Mul42,N/A,N/A,N/A,1763720884280015.032	,137.354,0.062,0,0,N/A,N/A,N/A,N/A,N/A,N/A,N/A,N/A
0,4294967295,422,1,trans_TransData_22,N/A,N/A,N/A,1763720884280152.470	,2.0,0.083,0,0,N/A,N/A,N/A,N/A,N/A,N/A,N/A,N/A
0,4294967295,423,1,Add43,N/A,N/A,N/A,1763720884280154.532	,133.125,0.062,0,0,N/A,N/A,N/A,N/A,N/A,N/A,N/A,N/A
0,4294967295,424,1,Add45,N/A,N/A,N/A,1763720884280287.741	,381.188,0.083,0,0,N/A,N/A,N/A,N/A,N/A,N/A,N/A,N/A
0,4294967295,425,1,Relu44,N/A,N/A,N/A,1763720884280669.012	,139.083,0.083,0,0,N/A,N/A,N/A,N/A,N/A,N/A,N/A,N/A
0,4294967295,426,1,Conv2D46,N/A,N/A,N/A,1763720884280808.178	,211.917,0.083,0,0,N/A,N/A,N/A,N/A,N/A,N/A,N/A,N/A
0,4294967295,427,1,Add47,N/A,N/A,N/A,1763720884281020.178	,2.562,0.083,0,0,N/A,N/A,N/A,N/A,N/A,N/A,N/A,N/A
0,4294967295,428,1,Rsqrt48,N/A,N/A,N/A,1763720884281022.803	,2.604,0.062,0,0,N/A,N/A,N/A,N/A,N/A,N/A,N/A,N/A
0,4294967295,429,1,Mul49,N/A,N/A,N/A,1763720884281025.491	,2.229,0.083,0,0,N/A,N/A,N/A,N/A,N/A,N/A,N/A,N/A
0,4294967295,430,1,Mul49,N/A,N/A,N/A,1763720884281595.491	,2.312,567.771,0,0,N/A,N/A,N/A,N/A,N/A,N/A,N/A,N/A
0,4294967295,431,1,Sub50,N/A,N/A,N/A,1763720884281663.512	,2.562,65.708,0,0,N/A,N/A,N/A,N/A,N/A,N/A,N/A,N/A
0,4294967295,432,1,trans_TransData_23,N/A,N/A,N/A,1763720884283894.262	,3.167,2228.188,0,0,N/A,N/A,N/A,N/A,N/A,N/A,N/A,N/A
0,4294967295,433,1,Mul51,N/A,N/A,N/A,1763720884283951.803	,67.542,54.375,0,0,N/A,N/A,N/A,N/A,N/A,N/A,N/A,N/A
0,4294967295,434,1,trans_TransData_24,N/A,N/A,N/A,1763720884284128.157	,2.542,108.812,0,0,N/A,N/A,N/A,N/A,N/A,N/A,N/A,N/A
0,4294967295,435,1,Add52,N/A,N/A,N/A,1763720884284194.053	,69.062,63.354,0,0,N/A,N/A,N/A,N/A,N/A,N/A,N/A,N/A
0,4294967295,436,1,Relu53,N/A,N/A,N/A,1763720884284283.720	,64.896,20.604,0,0,N/A,N/A,N/A,N/A,N/A,N/A,N/A,N/A
0,4294967295,437,1,Conv2D54,N/A,N/A,N/A,1763720884284348.699	,403.479,0.083,0,0,N/A,N/A,N/A,N/A,N/A,N/A,N/A,N/A
0,4294967295,438,1,Add47,N/A,N/A,N/A,1763720884284752.241	,2.125,0.062,0,0,N/A,N/A,N/A,N/A,N/A,N/A,N/A,N/A
0,4294967295,439,1,Rsqrt48,N/A,N/A,N/A,1763720884284754.449	,2.458,0.083,0,0,N/A,N/A,N/A,N/A,N/A,N/A,N/A,N/A
0,4294967295,440,1,Mul49,N/A,N/A,N/A,1763720884284756.970	,2.479,0.062,0,0,N/A,N/A,N/A,N/A,N/A,N/A,N/A,N/A
0,4294967295,441,1,Mul49,N/A,N/A,N/A,1763720884284759.512	,2.125,0.062,0,0,N/A,N/A,N/A,N/A,N/A,N/A,N/A,N/A
0,4294967295,442,1,Sub50,N/A,N/A,N/A,1763720884284761.699	,2.312,0.062,0,0,N/A,N/A,N/A,N/A,N/A,N/A,N/A,N/A
0,4294967295,443,1,trans_TransData_23,N/A,N/A,N/A,1763720884284764.095	,1.917,0.083,0,0,N/A,N/A,N/A,N/A,N/A,N/A,N/A,N/A
0,4294967295,444,1,Mul51,N/A,N/A,N/A,1763720884284766.095	,65.333,0.083,0,0,N/A,N/A,N/A,N/A,N/A,N/A,N/A,N/A
0,4294967295,445,1,trans_TransData_24,N/A,N/A,N/A,1763720884284831.491	,1.938,0.062,0,0,N/A,N/A,N/A,N/A,N/A,N/A,N/A,N/A
0,4294967295,446,1,Add52,N/A,N/A,N/A,1763720884284833.512	,65.354,0.083,0,0,N/A,N/A,N/A,N/A,N/A,N/A,N/A,N/A
0,4294967295,447,1,Conv2D55,N/A,N/A,N/A,1763720884284898.949	,164.646,0.083,0,0,N/A,N/A,N/A,N/A,N/A,N/A,N/A,N/A
0,4294967295,448,1,Add47,N/A,N/A,N/A,1763720884285063.678	,2.167,0.083,0,0,N/A,N/A,N/A,N/A,N/A,N/A,N/A,N/A
0,4294967295,449,1,Rsqrt48,N/A,N/A,N/A,1763720884288821.595	,2.5,3755.75,0,0,N/A,N/A,N/A,N/A,N/A,N/A,N/A,N/A
0,4294967295,450,1,Mul49,N/A,N/A,N/A,1763720884288914.136	,2.188,90.042,0,0,N/A,N/A,N/A,N/A,N/A,N/A,N/A,N/A
0,4294967295,451,1,Mul49,N/A,N/A,N/A,1763720884288985.157	,1.958,68.833,0,0,N/A,N/A,N/A,N/A,N/A,N/A,N/A,N/A
0,4294967295,452,1,Sub50,N/A,N/A,N/A,1763720884289034.220	,2.104,47.104,0,0,N/A,N/A,N/A,N/A,N/A,N/A,N/A,N/A
0,4294967295,453,1,trans_TransData_23,N/A,N/A,N/A,1763720884289099.636	,1.875,63.312,0,0,N/A,N/A,N/A,N/A,N/A,N/A,N/A,N/A
0,4294967295,454,1,Mul51,N/A,N/A,N/A,1763720884289127.366	,66.854,25.854,0,0,N/A,N/A,N/A,N/A,N/A,N/A,N/A,N/A
0,4294967295,455,1,trans_TransData_24,N/A,N/A,N/A,1763720884289194.282	,2.083,0.062,0,0,N/A,N/A,N/A,N/A,N/A,N/A,N/A,N/A
0,4294967295,456,1,Add52,N/A,N/A,N/A,1763720884289229.991	,66.708,33.625,0,0,N/A,N/A,N/A,N/A,N/A,N/A,N/A,N/A
0,4294967295,457,1,Add56,N/A,N/A,N/A,1763720884289317.782	,143.146,21.083,0,0,N/A,N/A,N/A,N/A,N/A,N/A,N/A,N/A
0,4294967295,458,1,Relu53,N/A,N/A,N/A,1763720884289461.012	,64.812,0.083,0,0,N/A,N/A,N/A,N/A,N/A,N/A,N/A,N/A
0,4294967295,459,1,Conv2D54,N/A,N/A,N/A,1763720884289525.907	,402.979,0.083,0,0,N/A,N/A,N/A,N/A,N/A,N/A,N/A,N/A
0,4294967295,460,1,Add47,N/A,N/A,N/A,1763720884289944.178	,2.146,15.292,0,0,N/A,N/A,N/A,N/A,N/A,N/A,N/A,N/A
0,4294967295,461,1,Rsqrt48,N/A,N/A,N/A,1763720884290024.845	,2.417,78.521,0,0,N/A,N/A,N/A,N/A,N/A,N/A,N/A,N/A
0,4294967295,462,1,Mul49,N/A,N/A,N/A,1763720884290074.928	,2.146,47.667,0,0,N/A,N/A,N/A,N/A,N/A,N/A,N/A,N/A
0,4294967295,463,1,Mul49,N/A,N/A,N/A,1763720884290113.886	,2.0,36.812,0,0,N/A,N/A,N/A,N/A,N/A,N/A,N/A,N/A
0,4294967295,464,1,Sub50,N/A,N/A,N/A,1763720884290155.720	,2.083,39.833,0,0,N/A,N/A,N/A,N/A,N/A,N/A,N/A,N/A
0,4294967295,465,1,trans_TransData_23,N/A,N/A,N/A,1763720884290206.407	,1.917,48.604,0,0,N/A,N/A,N/A,N/A,N/A,N/A,N/A,N/A
0,4294967295,466,1,Mul51,N/A,N/A,N/A,1763720884290230.032	,67.479,21.708,0,0,N/A,N/A,N/A,N/A,N/A,N/A,N/A,N/A
0,4294967295,467,1,trans_TransData_24,N/A,N/A,N/A,1763720884290299.699	,2.042,2.188,0,0,N/A,N/A,N/A,N/A,N/A,N/A,N/A,N/A
0,4294967295,468,1,Add52,N/A,N/A,N/A,1763720884290323.491	,67.417,21.75,0,0,N/A,N/A,N/A,N/A,N/A,N/A,N/A,N/A
0,4294967295,469,1,Relu53,N/A,N/A,N/A,1763720884290393.324	,64.688,2.417,0,0,N/A,N/A,N/A,N/A,N/A,N/A,N/A,N/A
0,4294967295,470,1,Conv2D54,N/A,N/A,N/A,1763720884290458.157	,407.646,0.146,0,0,N/A,N/A,N/A,N/A,N/A,N/A,N/A,N/A
0,4294967295,471,1,Add47,N/A,N/A,N/A,1763720884290865.886	,1.938,0.083,0,0,N/A,N/A,N/A,N/A,N/A,N/A,N/A,N/A
0,4294967295,472,1,Rsqrt48,N/A,N/A,N/A,1763720884290867.886	,2.208,0.062,0,0,N/A,N/A,N/A,N/A,N/A,N/A,N/A,N/A
0,4294967295,473,1,Mul49,N/A,N/A,N/A,1763720884290870.178	,2.125,0.083,0,0,N/A,N/A,N/A,N/A,N/A,N/A,N/A,N/A
0,4294967295,474,1,Mul49,N/A,N/A,N/A,1763720884290911.616	,2.0,39.312,0,0,N/A,N/A,N/A,N/A,N/A,N/A,N/A,N/A
0,4294967295,475,1,Sub50,N/A,N/A,N/A,1763720884290965.949	,2.25,52.333,0,0,N/A,N/A,N/A,N/A,N/A,N/A,N/A,N/A
0,4294967295,476,1,trans_TransData_23,N/A,N/A,N/A,1763720884290968.262	,2.062,0.062,0,0,N/A,N/A,N/A,N/A,N/A,N/A,N/A,N/A
0,4294967295,477,1,Mul51,N/A,N/A,N/A,1763720884290990.345	,65.646,20.021,0,0,N/A,N/A,N/A,N/A,N/A,N/A,N/A,N/A
0,4294967295,478,1,trans_TransData_24,N/A,N/A,N/A,1763720884291056.053	,1.917,0.062,0,0,N/A,N/A,N/A,N/A,N/A,N/A,N/A,N/A
0,4294967295,479,1,Add52,N/A,N/A,N/A,1763720884291078.386	,65.521,20.417,0,0,N/A,N/A,N/A,N/A,N/A,N/A,N/A,N/A
0,4294967295,480,1,Add56,N/A,N/A,N/A,1763720884291143.970	,150.917,0.062,0,0,N/A,N/A,N/A,N/A,N/A,N/A,N/A,N/A
0,4294967295,481,1,Relu53,N/A,N/A,N/A,1763720884291294.970	,64.792,0.083,0,0,N/A,N/A,N/A,N/A,N/A,N/A,N/A,N/A
0,4294967295,482,1,Conv2D57,N/A,N/A,N/A,1763720884291359.824	,284.042,0.062,0,0,N/A,N/A,N/A,N/A,N/A,N/A,N/A,N/A
0,4294967295,483,1,Add58,N/A,N/A,N/A,1763720884291643.949	,3.125,0.083,0,0,N/A,N/A,N/A,N/A,N/A,N/A,N/A,N/A
0,4294967295,484,1,Rsqrt59,N/A,N/A,N/A,1763720884291647.157	,2.833,0.083,0,0,N/A,N/A,N/A,N/A,N/A,N/A,N/A,N/A
0,4294967295,485,1,Mul60,N/A,N/A,N/A,1763720884291650.074	,2.333,0.083,0,0,N/A,N/A,N/A,N/A,N/A,N/A,N/A,N/A
0,4294967295,486,1,Mul60,N/A,N/A,N/A,1763720884291652.470	,2.104,0.062,0,0,N/A,N/A,N/A,N/A,N/A,N/A,N/A,N/A
0,4294967295,487,1,Sub61,N/A,N/A,N/A,1763720884291654.657	,2.458,0.083,0,0,N/A,N/A,N/A,N/A,N/A,N/A,N/A,N/A
0,4294967295,488,1,trans_TransData_25,N/A,N/A,N/A,1763720884291902.678	,2.917,245.562,0,0,N/A,N/A,N/A,N/A,N/A,N/A,N/A,N/A
0,4294967295,489,1,Mul62,N/A,N/A,N/A,1763720884291936.928	,34.667,31.333,0,0,N/A,N/A,N/A,N/A,N/A,N/A,N/A,N/A
0,4294967295,490,1,trans_TransData_26,N/A,N/A,N/A,1763720884292011.803	,2.438,40.208,0,0,N/A,N/A,N/A,N/A,N/A,N/A,N/A,N/A
0,4294967295,491,1,Add63,N/A,N/A,N/A,1763720884292039.095	,34.375,24.854,0,0,N/A,N/A,N/A,N/A,N/A,N/A,N/A,N/A
0,4294967295,492,1,Relu64,N/A,N/A,N/A,1763720884292093.741	,33.479,20.271,0,0,N/A,N/A,N/A,N/A,N/A,N/A,N/A,N/A
0,4294967295,493,1,Conv2D65,N/A,N/A,N/A,1763720884292154.782	,464.104,27.562,0,0,N/A,N/A,N/A,N/A,N/A,N/A,N/A,N/A
0,4294967295,494,1,Add58,N/A,N/A,N/A,1763720884292618.970	,2.167,0.083,0,0,N/A,N/A,N/A,N/A,N/A,N/A,N/A,N/A
0,4294967295,495,1,Rsqrt59,N/A,N/A,N/A,1763720884292621.199	,1.979,0.062,0,0,N/A,N/A,N/A,N/A,N/A,N/A,N/A,N/A
0,4294967295,496,1,Mul60,N/A,N/A,N/A,1763720884292623.262	,2.125,0.083,0,0,N/A,N/A,N/A,N/A,N/A,N/A,N/A,N/A
0,4294967295,497,1,Mul60,N/A,N/A,N/A,1763720884292625.470	,2.125,0.083,0,0,N/A,N/A,N/A,N/A,N/A,N/A,N/A,N/A
0,4294967295,498,1,Sub61,N/A,N/A,N/A,1763720884292627.657	,2.167,0.062,0,0,N/A,N/A,N/A,N/A,N/A,N/A,N/A,N/A
0,4294967295,499,1,trans_TransData_25,N/A,N/A,N/A,1763720884292629.907	,1.792,0.083,0,0,N/A,N/A,N/A,N/A,N/A,N/A,N/A,N/A
0,4294967295,500,1,Mul62,N/A,N/A,N/A,1763720884292631.782	,33.458,0.083,0,0,N/A,N/A,N/A,N/A,N/A,N/A,N/A,N/A
0,4294967295,501,1,trans_TransData_26,N/A,N/A,N/A,1763720884292665.324	,1.875,0.083,0,0,N/A,N/A,N/A,N/A,N/A,N/A,N/A,N/A
0,4294967295,502,1,Add63,N/A,N/A,N/A,1763720884292667.262	,33.396,0.062,0,0,N/A,N/A,N/A,N/A,N/A,N/A,N/A,N/A
0,4294967295,503,1,Conv2D66,N/A,N/A,N/A,1763720884292727.136	,93.979,26.479,0,0,N/A,N/A,N/A,N/A,N/A,N/A,N/A,N/A
0,4294967295,504,1,Add58,N/A,N/A,N/A,1763720884293060.199	,2.188,239.083,0,0,N/A,N/A,N/A,N/A,N/A,N/A,N/A,N/A
0,4294967295,505,1,Rsqrt59,N/A,N/A,N/A,1763720884293123.449	,2.375,61.062,0,0,N/A,N/A,N/A,N/A,N/A,N/A,N/A,N/A
0,4294967295,506,1,Mul60,N/A,N/A,N/A,1763720884293188.178	,2.229,62.354,0,0,N/A,N/A,N/A,N/A,N/A,N/A,N/A,N/A
0,4294967295,507,1,Mul60,N/A,N/A,N/A,1763720884293229.241	,2.104,38.833,0,0,N/A,N/A,N/A,N/A,N/A,N/A,N/A,N/A
0,4294967295,508,1,Sub61,N/A,N/A,N/A,1763720884293268.241	,2.104,36.896,0,0,N/A,N/A,N/A,N/A,N/A,N/A,N/A,N/A
0,4294967295,509,1,trans_TransData_25,N/A,N/A,N/A,1763720884293314.991	,1.938,44.646,0,0,N/A,N/A,N/A,N/A,N/A,N/A,N/A,N/A
0,4294967295,510,1,Mul62,N/A,N/A,N/A,1763720884293344.366	,33.688,27.438,0,0,N/A,N/A,N/A,N/A,N/A,N/A,N/A,N/A
0,4294967295,511,1,trans_TransData_26,N/A,N/A,N/A,1763720884293391.345	,1.958,13.292,0,0,N/A,N/A,N/A,N/A,N/A,N/A,N/A,N/A
0,4294967295,512,1,Add63,N/A,N/A,N/A,1763720884293414.407	,33.75,21.104,0,0,N/A,N/A,N/A,N/A,N/A,N/A,N/A,N/A
0,4294967295,513,1,Add67,N/A,N/A,N/A,1763720884293489.366	,46.625,41.208,0,0,N/A,N/A,N/A,N/A,N/A,N/A,N/A,N/A
0,4294967295,514,1,Relu64,N/A,N/A,N/A,1763720884293538.803	,33.208,2.812,0,0,N/A,N/A,N/A,N/A,N/A,N/A,N/A,N/A
0,4294967295,515,1,Conv2D65,N/A,N/A,N/A,1763720884293590.678	,427.229,18.667,0,0,N/A,N/A,N/A,N/A,N/A,N/A,N/A,N/A
0,4294967295,516,1,Add58,N/A,N/A,N/A,1763720884294017.991	,2.25,0.083,0,0,N/A,N/A,N/A,N/A,N/A,N/A,N/A,N/A
0,4294967295,517,1,Rsqrt59,N/A,N/A,N/A,1763720884294020.324	,2.417,0.083,0,0,N/A,N/A,N/A,N/A,N/A,N/A,N/A,N/A
0,4294967295,518,1,Mul60,N/A,N/A,N/A,1763720884294022.803	,2.312,0.062,0,0,N/A,N/A,N/A,N/A,N/A,N/A,N/A,N/A
0,4294967295,519,1,Mul60,N/A,N/A,N/A,1763720884294025.199	,2.083,0.083,0,0,N/A,N/A,N/A,N/A,N/A,N/A,N/A,N/A
0,4294967295,520,1,Sub61,N/A,N/A,N/A,1763720884294030.616	,2.208,3.333,0,0,N/A,N/A,N/A,N/A,N/A,N/A,N/A,N/A
0,4294967295,521,1,trans_TransData_25,N/A,N/A,N/A,1763720884294107.762	,1.938,74.938,0,0,N/A,N/A,N/A,N/A,N/A,N/A,N/A,N/A
0,4294967295,522,1,Mul62,N/A,N/A,N/A,1763720884294135.012	,33.792,25.312,0,0,N/A,N/A,N/A,N/A,N/A,N/A,N/A,N/A
0,4294967295,523,1,trans_TransData_26,N/A,N/A,N/A,1763720884294187.824	,1.938,19.021,0,0,N/A,N/A,N/A,N/A,N/A,N/A,N/A,N/A
0,4294967295,524,1,Add63,N/A,N/A,N/A,1763720884294208.053	,33.896,18.292,0,0,N/A,N/A,N/A,N/A,N/A,N/A,N/A,N/A
0,4294967295,525,1,Relu64,N/A,N/A,N/A,1763720884294268.949	,33.312,27.0,0,0,N/A,N/A,N/A,N/A,N/A,N/A,N/A,N/A
0,4294967295,526,1,Conv2D65,N/A,N/A,N/A,1763720884294318.657	,436.042,16.396,0,0,N/A,N/A,N/A,N/A,N/A,N/A,N/A,N/A
0,4294967295,527,1,Add58,N/A,N/A,N/A,1763720884294754.762	,2.125,0.062,0,0,N/A,N/A,N/A,N/A,N/A,N/A,N/A,N/A
0,4294967295,528,1,Rsqrt59,N/A,N/A,N/A,1763720884294756.949	,2.104,0.062,0,0,N/A,N/A,N/A,N/A,N/A,N/A,N/A,N/A
0,4294967295,529,1,Mul60,N/A,N/A,N/A,1763720884294759.136	,2.104,0.083,0,0,N/A,N/A,N/A,N/A,N/A,N/A,N/A,N/A
0,4294967295,530,1,Mul60,N/A,N/A,N/A,1763720884294761.303	,2.104,0.062,0,0,N/A,N/A,N/A,N/A,N/A,N/A,N/A,N/A
0,4294967295,531,1,Sub61,N/A,N/A,N/A,1763720884294763.470	,2.104,0.062,0,0,N/A,N/A,N/A,N/A,N/A,N/A,N/A,N/A
0,4294967295,532,1,trans_TransData_25,N/A,N/A,N/A,1763720884294765.636	,1.771,0.062,0,0,N/A,N/A,N/A,N/A,N/A,N/A,N/A,N/A
0,4294967295,533,1,Mul62,N/A,N/A,N/A,1763720884294767.491	,33.229,0.083,0,0,N/A,N/A,N/A,N/A,N/A,N/A,N/A,N/A
0,4294967295,534,1,trans_TransData_26,N/A,N/A,N/A,1763720884294800.803	,1.771,0.083,0,0,N/A,N/A,N/A,N/A,N/A,N/A,N/A,N/A
0,4294967295,535,1,Add63,N/A,N/A,N/A,1763720884294802.657	,33.438,0.083,0,0,N/A,N/A,N/A,N/A,N/A,N/A,N/A,N/A
0,4294967295,536,1,Add67,N/A,N/A,N/A,1763720884294836.157	,70.938,0.062,0,0,N/A,N/A,N/A,N/A,N/A,N/A,N/A,N/A
0,4294967295,537,1,Relu64,N/A,N/A,N/A,1763720884294907.178	,33.333,0.083,0,0,N/A,N/A,N/A,N/A,N/A,N/A,N/A,N/A
0,4294967295,538,1,Conv2D68,N/A,N/A,N/A,1763720884294940.595	,367.5,0.083,0,0,N/A,N/A,N/A,N/A,N/A,N/A,N/A,N/A
0,4294967295,539,1,Add69,N/A,N/A,N/A,1763720884295308.157	,2.333,0.062,0,0,N/A,N/A,N/A,N/A,N/A,N/A,N/A,N/A
0,4294967295,540,1,Rsqrt70,N/A,N/A,N/A,1763720884295310.553	,2.854,0.062,0,0,N/A,N/A,N/A,N/A,N/A,N/A,N/A,N/A
0,4294967295,541,1,Mul71,N/A,N/A,N/A,1763720884295314.491	,2.521,1.083,0,0,N/A,N/A,N/A,N/A,N/A,N/A,N/A,N/A
0,4294967295,542,1,Mul71,N/A,N/A,N/A,1763720884295387.845	,2.125,70.833,0,0,N/A,N/A,N/A,N/A,N/A,N/A,N/A,N/A
0,4294967295,543,1,Sub72,N/A,N/A,N/A,1763720884295440.282	,3.521,50.312,0,0,N/A,N/A,N/A,N/A,N/A,N/A,N/A,N/A
0,4294967295,544,1,trans_TransData_27,N/A,N/A,N/A,1763720884295498.574	,2.229,54.771,0,0,N/A,N/A,N/A,N/A,N/A,N/A,N/A,N/A
0,4294967295,545,1,Mul73,N/A,N/A,N/A,1763720884295525.303	,18.375,24.5,0,0,N/A,N/A,N/A,N/A,N/A,N/A,N/A,N/A
0,4294967295,546,1,trans_TransData_28,N/A,N/A,N/A,1763720884295584.803	,2.229,41.125,0,0,N/A,N/A,N/A,N/A,N/A,N/A,N/A,N/A
0,4294967295,547,1,Add74,N/A,N/A,N/A,1763720884295610.866	,18.521,23.833,0,0,N/A,N/A,N/A,N/A,N/A,N/A,N/A,N/A
0,4294967295,548,1,Relu75,N/A,N/A,N/A,1763720884295662.532	,17.667,33.146,0,0,N/A,N/A,N/A,N/A,N/A,N/A,N/A,N/A
0,4294967295,549,1,Conv2D76,N/A,N/A,N/A,1763720884295721.303	,810.208,41.104,0,0,N/A,N/A,N/A,N/A,N/A,N/A,N/A,N/A
0,4294967295,550,1,Add69,N/A,N/A,N/A,1763720884296531.595	,2.417,0.083,0,0,N/A,N/A,N/A,N/A,N/A,N/A,N/A,N/A
0,4294967295,551,1,Rsqrt70,N/A,N/A,N/A,1763720884296534.095	,2.604,0.083,0,0,N/A,N/A,N/A,N/A,N/A,N/A,N/A,N/A
0,4294967295,552,1,Mul71,N/A,N/A,N/A,1763720884296536.762	,2.417,0.062,0,0,N/A,N/A,N/A,N/A,N/A,N/A,N/A,N/A
0,4294967295,553,1,Mul71,N/A,N/A,N/A,1763720884296539.241	,2.208,0.062,0,0,N/A,N/A,N/A,N/A,N/A,N/A,N/A,N/A
0,4294967295,554,1,Sub72,N/A,N/A,N/A,1763720884296541.512	,2.354,0.062,0,0,N/A,N/A,N/A,N/A,N/A,N/A,N/A,N/A
0,4294967295,555,1,trans_TransData_27,N/A,N/A,N/A,1763720884296543.949	,1.979,0.083,0,0,N/A,N/A,N/A,N/A,N/A,N/A,N/A,N/A
0,4294967295,556,1,Mul73,N/A,N/A,N/A,1763720884296545.991	,25.938,0.062,0,0,N/A,N/A,N/A,N/A,N/A,N/A,N/A,N/A
0,4294967295,557,1,trans_TransData_28,N/A,N/A,N/A,1763720884296571.991	,1.938,0.062,0,0,N/A,N/A,N/A,N/A,N/A,N/A,N/A,N/A
0,4294967295,558,1,Add74,N/A,N/A,N/A,1763720884296574.012	,18.125,0.083,0,0,N/A,N/A,N/A,N/A,N/A,N/A,N/A,N/A
0,4294967295,559,1,Conv2D77,N/A,N/A,N/A,1763720884296592.199	,78.062,0.062,0,0,N/A,N/A,N/A,N/A,N/A,N/A,N/A,N/A
0,4294967295,560,1,Add69,N/A,N/A,N/A,1763720884296670.345	,2.167,0.083,0,0,N/A,N/A,N/A,N/A,N/A,N/A,N/A,N/A
0,4294967295,561,1,Rsqrt70,N/A,N/A,N/A,1763720884296672.574	,2.083,0.062,0,0,N/A,N/A,N/A,N/A,N/A,N/A,N/A,N/A
0,4294967295,562,1,Mul71,N/A,N/A,N/A,1763720884296674.970	,2.146,0.312,0,0,N/A,N/A,N/A,N/A,N/A,N/A,N/A,N/A
0,4294967295,563,1,Mul71,N/A,N/A,N/A,1763720884296722.512	,2.125,45.396,0,0,N/A,N/A,N/A,N/A,N/A,N/A,N/A,N/A
0,4294967295,564,1,Sub72,N/A,N/A,N/A,1763720884296760.845	,2.104,36.208,0,0,N/A,N/A,N/A,N/A,N/A,N/A,N/A,N/A
0,4294967295,565,1,trans_TransData_27,N/A,N/A,N/A,1763720884296804.324	,1.812,41.375,0,0,N/A,N/A,N/A,N/A,N/A,N/A,N/A,N/A
0,4294967295,566,1,Mul73,N/A,N/A,N/A,1763720884296823.262	,17.667,17.125,0,0,N/A,N/A,N/A,N/A,N/A,N/A,N/A,N/A
0,4294967295,567,1,trans_TransData_28,N/A,N/A,N/A,1763720884296866.636	,1.792,25.708,0,0,N/A,N/A,N/A,N/A,N/A,N/A,N/A,N/A
0,4294967295,568,1,Add74,N/A,N/A,N/A,1763720884296885.428	,17.667,17.0,0,0,N/A,N/A,N/A,N/A,N/A,N/A,N/A,N/A
0,4294967295,569,1,Add78,N/A,N/A,N/A,1763720884296935.262	,24.833,32.167,0,0,N/A,N/A,N/A,N/A,N/A,N/A,N/A,N/A
0,4294967295,570,1,Relu75,N/A,N/A,N/A,1763720884296976.907	,17.542,16.812,0,0,N/A,N/A,N/A,N/A,N/A,N/A,N/A,N/A
0,4294967295,571,1,Conv2D76,N/A,N/A,N/A,1763720884297033.782	,788.812,39.333,0,0,N/A,N/A,N/A,N/A,N/A,N/A,N/A,N/A
0,4294967295,572,1,Add69,N/A,N/A,N/A,1763720884297822.678	,2.354,0.083,0,0,N/A,N/A,N/A,N/A,N/A,N/A,N/A,N/A
0,4294967295,573,1,Rsqrt70,N/A,N/A,N/A,1763720884297825.116	,2.542,0.083,0,0,N/A,N/A,N/A,N/A,N/A,N/A,N/A,N/A
0,4294967295,574,1,Mul71,N/A,N/A,N/A,1763720884297827.741	,2.271,0.083,0,0,N/A,N/A,N/A,N/A,N/A,N/A,N/A,N/A
0,4294967295,575,1,Mul71,N/A,N/A,N/A,1763720884297830.095	,2.125,0.083,0,0,N/A,N/A,N/A,N/A,N/A,N/A,N/A,N/A
0,4294967295,576,1,Sub72,N/A,N/A,N/A,1763720884297832.282	,2.271,0.062,0,0,N/A,N/A,N/A,N/A,N/A,N/A,N/A,N/A
0,4294967295,577,1,trans_TransData_27,N/A,N/A,N/A,1763720884297834.636	,1.917,0.083,0,0,N/A,N/A,N/A,N/A,N/A,N/A,N/A,N/A
0,4294967295,578,1,Mul73,N/A,N/A,N/A,1763720884297836.636	,25.667,0.083,0,0,N/A,N/A,N/A,N/A,N/A,N/A,N/A,N/A
0,4294967295,579,1,trans_TransData_28,N/A,N/A,N/A,1763720884297862.386	,1.938,0.083,0,0,N/A,N/A,N/A,N/A,N/A,N/A,N/A,N/A
0,4294967295,580,1,Add74,N/A,N/A,N/A,1763720884297864.407	,18.042,0.083,0,0,N/A,N/A,N/A,N/A,N/A,N/A,N/A,N/A
0,4294967295,581,1,Relu75,N/A,N/A,N/A,1763720884297882.512	,17.688,0.062,0,0,N/A,N/A,N/A,N/A,N/A,N/A,N/A,N/A
0,4294967295,582,1,Conv2D76,N/A,N/A,N/A,1763720884297900.282	,737.812,0.083,0,0,N/A,N/A,N/A,N/A,N/A,N/A,N/A,N/A
0,4294967295,583,1,Add69,N/A,N/A,N/A,1763720884298638.157	,2.312,0.062,0,0,N/A,N/A,N/A,N/A,N/A,N/A,N/A,N/A
0,4294967295,584,1,Rsqrt70,N/A,N/A,N/A,1763720884298640.553	,2.521,0.083,0,0,N/A,N/A,N/A,N/A,N/A,N/A,N/A,N/A
0,4294967295,585,1,Mul71,N/A,N/A,N/A,1763720884298643.157	,2.417,0.083,0,0,N/A,N/A,N/A,N/A,N/A,N/A,N/A,N/A
0,4294967295,586,1,Mul71,N/A,N/A,N/A,1763720884298645.657	,2.188,0.083,0,0,N/A,N/A,N/A,N/A,N/A,N/A,N/A,N/A
0,4294967295,587,1,Sub72,N/A,N/A,N/A,1763720884298647.907	,2.375,0.062,0,0,N/A,N/A,N/A,N/A,N/A,N/A,N/A,N/A
0,4294967295,588,1,trans_TransData_27,N/A,N/A,N/A,1763720884298650.366	,2.021,0.083,0,0,N/A,N/A,N/A,N/A,N/A,N/A,N/A,N/A
0,4294967295,589,1,Mul73,N/A,N/A,N/A,1763720884298652.449	,25.646,0.062,0,0,N/A,N/A,N/A,N/A,N/A,N/A,N/A,N/A
0,4294967295,590,1,trans_TransData_28,N/A,N/A,N/A,1763720884298678.157	,1.938,0.062,0,0,N/A,N/A,N/A,N/A,N/A,N/A,N/A,N/A
0,4294967295,591,1,Add74,N/A,N/A,N/A,1763720884298680.178	,17.979,0.083,0,0,N/A,N/A,N/A,N/A,N/A,N/A,N/A,N/A
0,4294967295,592,1,Add78,N/A,N/A,N/A,1763720884298698.220	,33.729,0.062,0,0,N/A,N/A,N/A,N/A,N/A,N/A,N/A,N/A
0,4294967295,593,1,Relu75,N/A,N/A,N/A,1763720884298732.032	,17.688,0.083,0,0,N/A,N/A,N/A,N/A,N/A,N/A,N/A,N/A
0,4294967295,595,1,Fill79,N/A,N/A,N/A,1763720884298751.970	,3.438,2.25,0,0,N/A,N/A,N/A,N/A,N/A,N/A,N/A,N/A
0,4294967295,596,1,trans_TransData_30,N/A,N/A,N/A,1763720884298755.491	,3.208,0.083,0,0,N/A,N/A,N/A,N/A,N/A,N/A,N/A,N/A
0,4294967295,597,1,Cast80,N/A,N/A,N/A,1763720884298775.116	,3.333,16.417,0,0,N/A,N/A,N/A,N/A,N/A,N/A,N/A,N/A
0,4294967295,598,1,atomic_memset-1_801,N/A,N/A,N/A,1763720884298831.241	,2.5,52.792,0,0,N/A,N/A,N/A,N/A,N/A,N/A,N/A,N/A
0,4294967295,599,1,trans_TransData_31,N/A,N/A,N/A,1763720884298856.053	,3.396,22.312,0,0,N/A,N/A,N/A,N/A,N/A,N/A,N/A,N/A
0,4294967295,600,1,Cumsum81,N/A,N/A,N/A,1763720884298880.762	,13.604,21.312,0,0,N/A,N/A,N/A,N/A,N/A,N/A,N/A,N/A
0,4294967295,601,1,trans_TransData_34,N/A,N/A,N/A,1763720884298999.512	,3.708,105.146,0,0,N/A,N/A,N/A,N/A,N/A,N/A,N/A,N/A
0,4294967295,602,1,Cast80,N/A,N/A,N/A,1763720884299003.303	,2.896,0.083,0,0,N/A,N/A,N/A,N/A,N/A,N/A,N/A,N/A
0,4294967295,603,1,atomic_memset-1_812,N/A,N/A,N/A,1763720884299006.282	,2.75,0.083,0,0,N/A,N/A,N/A,N/A,N/A,N/A,N/A,N/A
0,4294967295,604,1,trans_TransData_35,N/A,N/A,N/A,1763720884299038.720	,3.625,29.688,0,0,N/A,N/A,N/A,N/A,N/A,N/A,N/A,N/A
0,4294967295,605,1,Cumsum82,N/A,N/A,N/A,1763720884299064.199	,56.896,21.854,0,0,N/A,N/A,N/A,N/A,N/A,N/A,N/A,N/A
0,4294967295,606,1,trans_TransData_38,N/A,N/A,N/A,1763720884299121.157	,4.458,0.062,0,0,N/A,N/A,N/A,N/A,N/A,N/A,N/A,N/A
0,4294967295,607,1,trans_TransData_39,N/A,N/A,N/A,1763720884299162.074	,3.562,36.458,0,0,N/A,N/A,N/A,N/A,N/A,N/A,N/A,N/A
0,4294967295,609,1,Add84,N/A,N/A,N/A,1763720884299243.032	,2.146,77.396,0,0,N/A,N/A,N/A,N/A,N/A,N/A,N/A,N/A
0,4294967295,610,1,trans_TransData_41,N/A,N/A,N/A,1763720884299564.116	,3.479,318.938,0,0,N/A,N/A,N/A,N/A,N/A,N/A,N/A,N/A
0,4294967295,611,1,RealDiv85,N/A,N/A,N/A,1763720884299599.491	,2.792,31.896,0,0,N/A,N/A,N/A,N/A,N/A,N/A,N/A,N/A
0,4294967295,612,1,trans_TransData_44,N/A,N/A,N/A,1763720884299625.012	,3.75,22.729,0,0,N/A,N/A,N/A,N/A,N/A,N/A,N/A,N/A
0,4294967295,613,1,Mul86,N/A,N/A,N/A,1763720884299690.657	,3.5,61.896,0,0,N/A,N/A,N/A,N/A,N/A,N/A,N/A,N/A
0,4294967295,614,1,trans_TransData_45,N/A,N/A,N/A,1763720884299759.095	,3.729,64.938,0,0,N/A,N/A,N/A,N/A,N/A,N/A,N/A,N/A
0,4294967295,615,1,Slice87,N/A,N/A,N/A,1763720884299787.845	,3.875,25.021,0,0,N/A,N/A,N/A,N/A,N/A,N/A,N/A,N/A
0,4294967295,616,1,trans_TransData_48,N/A,N/A,N/A,1763720884299823.762	,4.062,32.042,0,0,N/A,N/A,N/A,N/A,N/A,N/A,N/A,N/A
0,4294967295,618,1,Add88,N/A,N/A,N/A,1763720884299911.845	,3.417,84.021,0,0,N/A,N/A,N/A,N/A,N/A,N/A,N/A,N/A
0,4294967295,619,1,trans_TransData_49,N/A,N/A,N/A,1763720884299938.678	,2.896,23.417,0,0,N/A,N/A,N/A,N/A,N/A,N/A,N/A,N/A
0,4294967295,620,1,trans_TransData_51,N/A,N/A,N/A,1763720884300001.136	,3.562,59.562,0,0,N/A,N/A,N/A,N/A,N/A,N/A,N/A,N/A
0,4294967295,621,1,RealDiv89,N/A,N/A,N/A,1763720884300031.616	,2.667,26.917,0,0,N/A,N/A,N/A,N/A,N/A,N/A,N/A,N/A
0,4294967295,622,1,trans_TransData_54,N/A,N/A,N/A,1763720884300056.803	,3.771,22.521,0,0,N/A,N/A,N/A,N/A,N/A,N/A,N/A,N/A
0,4294967295,623,1,Mul86,N/A,N/A,N/A,1763720884300104.824	,3.0,44.25,0,0,N/A,N/A,N/A,N/A,N/A,N/A,N/A,N/A
0,4294967295,625,1,FloorDiv91,N/A,N/A,N/A,1763720884300224.824	,2.812,117.0,0,0,N/A,N/A,N/A,N/A,N/A,N/A,N/A,N/A
0,4294967295,626,1,Mul92,N/A,N/A,N/A,1763720884300284.324	,2.208,56.688,0,0,N/A,N/A,N/A,N/A,N/A,N/A,N/A,N/A
0,4294967295,627,1,RealDiv93,N/A,N/A,N/A,1763720884300552.012	,3.167,265.479,0,0,N/A,N/A,N/A,N/A,N/A,N/A,N/A,N/A
0,4294967295,628,1,Pow94,N/A,N/A,N/A,1763720884300723.678	,4.896,168.5,0,0,N/A,N/A,N/A,N/A,N/A,N/A,N/A,N/A
0,4294967295,629,1,trans_TransData_39,N/A,N/A,N/A,1763720884300816.741	,3.188,88.167,0,0,N/A,N/A,N/A,N/A,N/A,N/A,N/A,N/A
0,4294967295,630,1,RealDiv95,N/A,N/A,N/A,1763720884300871.386	,13.938,51.458,0,0,N/A,N/A,N/A,N/A,N/A,N/A,N/A,N/A
0,4294967295,631,1,trans_TransData_39,N/A,N/A,N/A,1763720884300910.657	,3.083,25.333,0,0,N/A,N/A,N/A,N/A,N/A,N/A,N/A,N/A
0,4294967295,632,1,RealDiv95,N/A,N/A,N/A,1763720884300949.116	,13.396,35.375,0,0,N/A,N/A,N/A,N/A,N/A,N/A,N/A,N/A
0,4294967295,633,1,AsStrided96,N/A,N/A,N/A,1763720884301003.470	,648.542,40.958,0,0,N/A,N/A,N/A,N/A,N/A,N/A,N/A,N/A
0,4294967295,634,1,Sin97,N/A,N/A,N/A,1763720884301652.074	,55.417,0.062,0,0,N/A,N/A,N/A,N/A,N/A,N/A,N/A,N/A
0,4294967295,635,1,AsStrided98,N/A,N/A,N/A,1763720884301707.574	,649.062,0.083,0,0,N/A,N/A,N/A,N/A,N/A,N/A,N/A,N/A
0,4294967295,636,1,Cos99,N/A,N/A,N/A,1763720884302356.699	,56.979,0.062,0,0,N/A,N/A,N/A,N/A,N/A,N/A,N/A,N/A
0,4294967295,637,1,Pack100,N/A,N/A,N/A,1763720884302413.762	,31.083,0.083,0,0,N/A,N/A,N/A,N/A,N/A,N/A,N/A,N/A
0,4294967295,638,1,AsStrided96,N/A,N/A,N/A,1763720884302444.907	,645.104,0.062,0,0,N/A,N/A,N/A,N/A,N/A,N/A,N/A,N/A
0,4294967295,639,1,Sin97,N/A,N/A,N/A,1763720884303090.074	,54.021,0.062,0,0,N/A,N/A,N/A,N/A,N/A,N/A,N/A,N/A
0,4294967295,640,1,AsStrided98,N/A,N/A,N/A,1763720884303144.178	,645.792,0.083,0,0,N/A,N/A,N/A,N/A,N/A,N/A,N/A,N/A
0,4294967295,641,1,Cos99,N/A,N/A,N/A,1763720884303790.053	,55.479,0.083,0,0,N/A,N/A,N/A,N/A,N/A,N/A,N/A,N/A
0,4294967295,642,1,Pack100,N/A,N/A,N/A,1763720884303845.616	,30.646,0.083,0,0,N/A,N/A,N/A,N/A,N/A,N/A,N/A,N/A
0,4294967295,643,1,ConcatD101,N/A,N/A,N/A,1763720884303876.345	,43.875,0.083,0,0,N/A,N/A,N/A,N/A,N/A,N/A,N/A,N/A
0,4294967295,644,1,Transpose102,N/A,N/A,N/A,1763720884303920.303	,165.833,0.083,0,0,N/A,N/A,N/A,N/A,N/A,N/A,N/A,N/A
0,4294967295,645,1,Cast103,N/A,N/A,N/A,1763720884304086.220	,24.0,0.083,0,0,N/A,N/A,N/A,N/A,N/A,N/A,N/A,N/A
0,4294967295,646,1,Conv2D104,N/A,N/A,N/A,1763720884304110.282	,105.938,0.062,0,0,N/A,N/A,N/A,N/A,N/A,N/A,N/A,N/A
0,4294967295,647,1,trans_TransData_55,N/A,N/A,N/A,1763720884776758.762	,120.0,472542.542,0,0,N/A,N/A,N/A,N/A,N/A,N/A,N/A,N/A
0,4294967295,648,1,AsStrided106,N/A,N/A,N/A,1763720885240454.803	,16.0,463576.042,0,0,N/A,N/A,N/A,N/A,N/A,N/A,N/A,N/A
0,4294967295,650,1,trans_TransData_55,N/A,N/A,N/A,1763720885654007.366	,105.833,413536.562,0,0,N/A,N/A,N/A,N/A,N/A,N/A,N/A,N/A
0,4294967295,651,1,AsStrided108,N/A,N/A,N/A,1763720886121150.470	,16.271,467037.271,0,0,N/A,N/A,N/A,N/A,N/A,N/A,N/A,N/A
0,4294967295,653,1,trans_TransData_55,N/A,N/A,N/A,1763720886121386.886	,90.208,220.146,0,0,N/A,N/A,N/A,N/A,N/A,N/A,N/A,N/A
0,4294967295,654,1,AsStrided109,N/A,N/A,N/A,1763720886572640.553	,16.479,451163.458,0,0,N/A,N/A,N/A,N/A,N/A,N/A,N/A,N/A
0,4294967295,656,1,trans_TransData_55,N/A,N/A,N/A,1763720886572889.991	,81.188,232.958,0,0,N/A,N/A,N/A,N/A,N/A,N/A,N/A,N/A
0,4294967295,657,1,AsStrided110,N/A,N/A,N/A,1763720887037798.678	,16.729,464827.5,0,0,N/A,N/A,N/A,N/A,N/A,N/A,N/A,N/A
0,4294967295,659,1,trans_TransData_55,N/A,N/A,N/A,1763720887038045.657	,109.521,230.25,0,0,N/A,N/A,N/A,N/A,N/A,N/A,N/A,N/A
0,4294967295,660,1,AsStrided111,N/A,N/A,N/A,1763720887499220.782	,16.458,461065.604,0,0,N/A,N/A,N/A,N/A,N/A,N/A,N/A,N/A
0,4294967295,662,1,trans_TransData_55,N/A,N/A,N/A,1763720887499464.824	,105.667,227.583,0,0,N/A,N/A,N/A,N/A,N/A,N/A,N/A,N/A
0,4294967295,663,1,AsStrided112,N/A,N/A,N/A,1763720887970359.303	,16.5,470788.812,0,0,N/A,N/A,N/A,N/A,N/A,N/A,N/A,N/A
0,4294967295,665,1,trans_TransData_55,N/A,N/A,N/A,1763720887970619.970	,83.521,244.167,0,0,N/A,N/A,N/A,N/A,N/A,N/A,N/A,N/A
0,4294967295,666,1,AsStrided113,N/A,N/A,N/A,1763720888433032.824	,16.229,462329.333,0,0,N/A,N/A,N/A,N/A,N/A,N/A,N/A,N/A
0,4294967295,668,1,trans_TransData_55,N/A,N/A,N/A,1763720888433288.991	,80.438,239.938,0,0,N/A,N/A,N/A,N/A,N/A,N/A,N/A,N/A
0,4294967295,669,1,AsStrided114,N/A,N/A,N/A,1763720888902380.324	,16.562,469010.896,0,0,N/A,N/A,N/A,N/A,N/A,N/A,N/A,N/A
0,4294967295,671,1,trans_TransData_55,N/A,N/A,N/A,1763720888902650.470	,101.167,253.583,0,0,N/A,N/A,N/A,N/A,N/A,N/A,N/A,N/A
0,4294967295,672,1,AsStrided115,N/A,N/A,N/A,1763720889366300.720	,16.083,463549.083,0,0,N/A,N/A,N/A,N/A,N/A,N/A,N/A,N/A
0,4294967295,674,1,trans_TransData_55,N/A,N/A,N/A,1763720889366666.803	,93.792,350.0,0,0,N/A,N/A,N/A,N/A,N/A,N/A,N/A,N/A
0,4294967295,675,1,AsStrided116,N/A,N/A,N/A,1763720889820641.824	,16.333,453881.229,0,0,N/A,N/A,N/A,N/A,N/A,N/A,N/A,N/A
0,4294967295,677,1,trans_TransData_55,N/A,N/A,N/A,1763720889820888.532	,94.667,230.375,0,0,N/A,N/A,N/A,N/A,N/A,N/A,N/A,N/A
0,4294967295,678,1,AsStrided117,N/A,N/A,N/A,1763720890320054.678	,16.229,499071.479,0,0,N/A,N/A,N/A,N/A,N/A,N/A,N/A,N/A
0,4294967295,680,1,trans_TransData_55,N/A,N/A,N/A,1763720890320331.907	,81.625,261.0,0,0,N/A,N/A,N/A,N/A,N/A,N/A,N/A,N/A
0,4294967295,681,1,AsStrided118,N/A,N/A,N/A,1763720890778925.532	,16.896,458512.0,0,0,N/A,N/A,N/A,N/A,N/A,N/A,N/A,N/A
0,4294967295,683,1,trans_TransData_55,N/A,N/A,N/A,1763720890779130.595	,97.354,188.167,0,0,N/A,N/A,N/A,N/A,N/A,N/A,N/A,N/A
0,4294967295,684,1,AsStrided119,N/A,N/A,N/A,1763720891239565.303	,16.375,460337.354,0,0,N/A,N/A,N/A,N/A,N/A,N/A,N/A,N/A
0,4294967295,686,1,trans_TransData_55,N/A,N/A,N/A,1763720891239792.282	,128.188,210.604,0,0,N/A,N/A,N/A,N/A,N/A,N/A,N/A,N/A
0,4294967295,687,1,AsStrided120,N/A,N/A,N/A,1763720891725577.845	,16.521,485657.375,0,0,N/A,N/A,N/A,N/A,N/A,N/A,N/A,N/A
0,4294967295,689,1,trans_TransData_55,N/A,N/A,N/A,1763720891725870.491	,124.125,276.125,0,0,N/A,N/A,N/A,N/A,N/A,N/A,N/A,N/A
0,4294967295,690,1,AsStrided121,N/A,N/A,N/A,1763720892197564.178	,16.312,471569.562,0,0,N/A,N/A,N/A,N/A,N/A,N/A,N/A,N/A
0,4294967295,692,1,trans_TransData_55,N/A,N/A,N/A,1763720892197845.595	,106.417,265.104,0,0,N/A,N/A,N/A,N/A,N/A,N/A,N/A,N/A
0,4294967295,693,1,AsStrided122,N/A,N/A,N/A,1763720892687276.220	,16.521,489324.208,0,0,N/A,N/A,N/A,N/A,N/A,N/A,N/A,N/A
0,4294967295,695,1,trans_TransData_55,N/A,N/A,N/A,1763720892687501.720	,108.854,208.979,0,0,N/A,N/A,N/A,N/A,N/A,N/A,N/A,N/A
0,4294967295,696,1,AsStrided123,N/A,N/A,N/A,1763720893161041.762	,16.562,473431.188,0,0,N/A,N/A,N/A,N/A,N/A,N/A,N/A,N/A
0,4294967295,698,1,trans_TransData_55,N/A,N/A,N/A,1763720893161364.741	,111.5,306.417,0,0,N/A,N/A,N/A,N/A,N/A,N/A,N/A,N/A
0,4294967295,699,1,AsStrided124,N/A,N/A,N/A,1763720893639197.407	,16.521,477721.167,0,0,N/A,N/A,N/A,N/A,N/A,N/A,N/A,N/A
0,4294967295,701,1,trans_TransData_55,N/A,N/A,N/A,1763720893639465.782	,94.438,251.854,0,0,N/A,N/A,N/A,N/A,N/A,N/A,N/A,N/A
0,4294967295,702,1,AsStrided125,N/A,N/A,N/A,1763720894111980.762	,16.354,472420.542,0,0,N/A,N/A,N/A,N/A,N/A,N/A,N/A,N/A
0,4294967295,704,1,trans_TransData_55,N/A,N/A,N/A,1763720894112292.449	,93.708,295.333,0,0,N/A,N/A,N/A,N/A,N/A,N/A,N/A,N/A
0,4294967295,705,1,AsStrided126,N/A,N/A,N/A,1763720894582219.657	,16.479,469833.5,0,0,N/A,N/A,N/A,N/A,N/A,N/A,N/A,N/A
0,4294967295,707,1,trans_TransData_55,N/A,N/A,N/A,1763720894582454.407	,93.75,218.271,0,0,N/A,N/A,N/A,N/A,N/A,N/A,N/A,N/A
0,4294967295,708,1,AsStrided127,N/A,N/A,N/A,1763720895051729.512	,16.542,469181.354,0,0,N/A,N/A,N/A,N/A,N/A,N/A,N/A,N/A
0,4294967295,710,1,trans_TransData_55,N/A,N/A,N/A,1763720895051985.303	,95.854,239.25,0,0,N/A,N/A,N/A,N/A,N/A,N/A,N/A,N/A
0,4294967295,711,1,AsStrided128,N/A,N/A,N/A,1763720895526649.512	,16.521,474568.354,0,0,N/A,N/A,N/A,N/A,N/A,N/A,N/A,N/A
0,4294967295,713,1,trans_TransData_55,N/A,N/A,N/A,1763720895526914.803	,93.292,248.771,0,0,N/A,N/A,N/A,N/A,N/A,N/A,N/A,N/A
0,4294967295,714,1,AsStrided129,N/A,N/A,N/A,1763720895991569.866	,16.292,464561.771,0,0,N/A,N/A,N/A,N/A,N/A,N/A,N/A,N/A
0,4294967295,716,1,trans_TransData_55,N/A,N/A,N/A,1763720895991809.199	,113.583,223.042,0,0,N/A,N/A,N/A,N/A,N/A,N/A,N/A,N/A
0,4294967295,717,1,AsStrided130,N/A,N/A,N/A,1763720896480295.366	,16.583,488372.583,0,0,N/A,N/A,N/A,N/A,N/A,N/A,N/A,N/A
0,4294967295,719,1,trans_TransData_55,N/A,N/A,N/A,1763720896480573.678	,110.083,261.729,0,0,N/A,N/A,N/A,N/A,N/A,N/A,N/A,N/A
0,4294967295,720,1,AsStrided131,N/A,N/A,N/A,1763720896934995.928	,16.729,454312.167,0,0,N/A,N/A,N/A,N/A,N/A,N/A,N/A,N/A
0,4294967295,722,1,trans_TransData_55,N/A,N/A,N/A,1763720896935248.657	,90.542,236.0,0,0,N/A,N/A,N/A,N/A,N/A,N/A,N/A,N/A
0,4294967295,723,1,AsStrided132,N/A,N/A,N/A,1763720897393651.636	,16.229,458312.438,0,0,N/A,N/A,N/A,N/A,N/A,N/A,N/A,N/A
0,4294967295,725,1,trans_TransData_55,N/A,N/A,N/A,1763720897393924.678	,97.729,256.812,0,0,N/A,N/A,N/A,N/A,N/A,N/A,N/A,N/A
0,4294967295,726,1,AsStrided133,N/A,N/A,N/A,1763720897896341.803	,16.25,502319.396,0,0,N/A,N/A,N/A,N/A,N/A,N/A,N/A,N/A
0,4294967295,728,1,trans_TransData_55,N/A,N/A,N/A,1763720897896695.949	,125.583,337.896,0,0,N/A,N/A,N/A,N/A,N/A,N/A,N/A,N/A
0,4294967295,729,1,AsStrided134,N/A,N/A,N/A,1763720898349205.199	,16.208,452383.667,0,0,N/A,N/A,N/A,N/A,N/A,N/A,N/A,N/A
0,4294967295,731,1,trans_TransData_55,N/A,N/A,N/A,1763720898349647.366	,103.25,425.958,0,0,N/A,N/A,N/A,N/A,N/A,N/A,N/A,N/A
0,4294967295,732,1,AsStrided135,N/A,N/A,N/A,1763720898822665.762	,16.417,472915.146,0,0,N/A,N/A,N/A,N/A,N/A,N/A,N/A,N/A
0,4294967295,734,1,trans_TransData_55,N/A,N/A,N/A,1763720898822936.657	,100.083,254.479,0,0,N/A,N/A,N/A,N/A,N/A,N/A,N/A,N/A
0,4294967295,735,1,AsStrided136,N/A,N/A,N/A,1763720899300489.866	,16.5,477453.125,0,0,N/A,N/A,N/A,N/A,N/A,N/A,N/A,N/A
0,4294967295,737,1,trans_TransData_55,N/A,N/A,N/A,1763720899300713.428	,83.021,207.062,0,0,N/A,N/A,N/A,N/A,N/A,N/A,N/A,N/A
0,4294967295,738,1,AsStrided137,N/A,N/A,N/A,1763720899759552.136	,16.396,458755.688,0,0,N/A,N/A,N/A,N/A,N/A,N/A,N/A,N/A
0,4294967295,740,1,trans_TransData_55,N/A,N/A,N/A,1763720899759798.366	,113.917,229.833,0,0,N/A,N/A,N/A,N/A,N/A,N/A,N/A,N/A
0,4294967295,741,1,AsStrided138,N/A,N/A,N/A,1763720900241212.970	,16.708,481300.688,0,0,N/A,N/A,N/A,N/A,N/A,N/A,N/A,N/A
0,4294967295,743,1,trans_TransData_55,N/A,N/A,N/A,1763720900241460.491	,104.688,230.812,0,0,N/A,N/A,N/A,N/A,N/A,N/A,N/A,N/A
0,4294967295,744,1,AsStrided139,N/A,N/A,N/A,1763720900727964.866	,16.417,486399.688,0,0,N/A,N/A,N/A,N/A,N/A,N/A,N/A,N/A
0,4294967295,746,1,trans_TransData_55,N/A,N/A,N/A,1763720900728194.512	,109.104,213.229,0,0,N/A,N/A,N/A,N/A,N/A,N/A,N/A,N/A
0,4294967295,747,1,AsStrided140,N/A,N/A,N/A,1763720901202720.282	,16.208,474416.667,0,0,N/A,N/A,N/A,N/A,N/A,N/A,N/A,N/A
0,4294967295,749,1,trans_TransData_55,N/A,N/A,N/A,1763720901203049.428	,94.417,312.938,0,0,N/A,N/A,N/A,N/A,N/A,N/A,N/A,N/A
0,4294967295,750,1,AsStrided141,N/A,N/A,N/A,1763720901678946.386	,16.771,475802.542,0,0,N/A,N/A,N/A,N/A,N/A,N/A,N/A,N/A
0,4294967295,752,1,trans_TransData_55,N/A,N/A,N/A,1763720901679187.074	,91.708,223.917,0,0,N/A,N/A,N/A,N/A,N/A,N/A,N/A,N/A
0,4294967295,753,1,AsStrided142,N/A,N/A,N/A,1763720902138271.491	,16.417,458992.708,0,0,N/A,N/A,N/A,N/A,N/A,N/A,N/A,N/A
0,4294967295,755,1,trans_TransData_55,N/A,N/A,N/A,1763720902138549.282	,111.583,261.375,0,0,N/A,N/A,N/A,N/A,N/A,N/A,N/A,N/A
0,4294967295,756,1,AsStrided143,N/A,N/A,N/A,1763720902613664.886	,16.458,475004.021,0,0,N/A,N/A,N/A,N/A,N/A,N/A,N/A,N/A
0,4294967295,758,1,trans_TransData_55,N/A,N/A,N/A,1763720902613887.491	,97.0,206.146,0,0,N/A,N/A,N/A,N/A,N/A,N/A,N/A,N/A
0,4294967295,759,1,AsStrided144,N/A,N/A,N/A,1763720903079336.595	,16.562,465352.104,0,0,N/A,N/A,N/A,N/A,N/A,N/A,N/A,N/A
0,4294967295,761,1,trans_TransData_55,N/A,N/A,N/A,1763720903079581.512	,111.542,228.354,0,0,N/A,N/A,N/A,N/A,N/A,N/A,N/A,N/A
0,4294967295,762,1,AsStrided145,N/A,N/A,N/A,1763720903538282.636	,16.5,458589.583,0,0,N/A,N/A,N/A,N/A,N/A,N/A,N/A,N/A
0,4294967295,764,1,trans_TransData_55,N/A,N/A,N/A,1763720903538552.574	,111.771,253.438,0,0,N/A,N/A,N/A,N/A,N/A,N/A,N/A,N/A
0,4294967295,765,1,AsStrided146,N/A,N/A,N/A,1763720903991524.762	,16.562,452860.417,0,0,N/A,N/A,N/A,N/A,N/A,N/A,N/A,N/A
0,4294967295,767,1,trans_TransData_55,N/A,N/A,N/A,1763720903991821.886	,127.938,280.562,0,0,N/A,N/A,N/A,N/A,N/A,N/A,N/A,N/A
0,4294967295,768,1,AsStrided147,N/A,N/A,N/A,1763720904456077.970	,16.146,464128.146,0,0,N/A,N/A,N/A,N/A,N/A,N/A,N/A,N/A
0,4294967295,770,1,trans_TransData_55,N/A,N/A,N/A,1763720904456305.574	,111.792,211.458,0,0,N/A,N/A,N/A,N/A,N/A,N/A,N/A,N/A
0,4294967295,771,1,AsStrided148,N/A,N/A,N/A,1763720904918202.303	,16.354,461784.938,0,0,N/A,N/A,N/A,N/A,N/A,N/A,N/A,N/A
0,4294967295,773,1,trans_TransData_55,N/A,N/A,N/A,1763720904918461.012	,84.833,242.354,0,0,N/A,N/A,N/A,N/A,N/A,N/A,N/A,N/A
0,4294967295,774,1,AsStrided149,N/A,N/A,N/A,1763720905388250.636	,16.438,469704.792,0,0,N/A,N/A,N/A,N/A,N/A,N/A,N/A,N/A
0,4294967295,776,1,trans_TransData_55,N/A,N/A,N/A,1763720905388573.532	,112.458,306.458,0,0,N/A,N/A,N/A,N/A,N/A,N/A,N/A,N/A
0,4294967295,777,1,AsStrided150,N/A,N/A,N/A,1763720905837955.012	,16.167,449269.021,0,0,N/A,N/A,N/A,N/A,N/A,N/A,N/A,N/A
0,4294967295,779,1,trans_TransData_55,N/A,N/A,N/A,1763720905839168.949	,101.208,1197.771,0,0,N/A,N/A,N/A,N/A,N/A,N/A,N/A,N/A
0,4294967295,780,1,AsStrided151,N/A,N/A,N/A,1763720906282765.845	,16.438,443495.688,0,0,N/A,N/A,N/A,N/A,N/A,N/A,N/A,N/A
0,4294967295,782,1,trans_TransData_55,N/A,N/A,N/A,1763720906283064.595	,101.542,282.312,0,0,N/A,N/A,N/A,N/A,N/A,N/A,N/A,N/A
0,4294967295,783,1,AsStrided152,N/A,N/A,N/A,1763720906753468.636	,16.583,470302.5,0,0,N/A,N/A,N/A,N/A,N/A,N/A,N/A,N/A
0,4294967295,785,1,trans_TransData_55,N/A,N/A,N/A,1763720906754122.324	,98.104,637.104,0,0,N/A,N/A,N/A,N/A,N/A,N/A,N/A,N/A
0,4294967295,786,1,AsStrided153,N/A,N/A,N/A,1763720907217810.866	,16.792,463590.438,0,0,N/A,N/A,N/A,N/A,N/A,N/A,N/A,N/A
0,4294967295,788,1,trans_TransData_55,N/A,N/A,N/A,1763720907218245.136	,95.562,417.479,0,0,N/A,N/A,N/A,N/A,N/A,N/A,N/A,N/A
0,4294967295,789,1,AsStrided154,N/A,N/A,N/A,1763720907683953.407	,16.625,465612.708,0,0,N/A,N/A,N/A,N/A,N/A,N/A,N/A,N/A
0,4294967295,791,1,trans_TransData_55,N/A,N/A,N/A,1763720907684211.074	,96.979,241.042,0,0,N/A,N/A,N/A,N/A,N/A,N/A,N/A,N/A
0,4294967295,792,1,AsStrided155,N/A,N/A,N/A,1763720908139583.262	,16.646,455275.208,0,0,N/A,N/A,N/A,N/A,N/A,N/A,N/A,N/A
0,4294967295,794,1,trans_TransData_55,N/A,N/A,N/A,1763720908142016.991	,96.146,2417.083,0,0,N/A,N/A,N/A,N/A,N/A,N/A,N/A,N/A
0,4294967295,795,1,AsStrided156,N/A,N/A,N/A,1763720908604288.949	,16.417,462175.812,0,0,N/A,N/A,N/A,N/A,N/A,N/A,N/A,N/A
0,4294967295,797,1,trans_TransData_55,N/A,N/A,N/A,1763720908605303.616	,82.312,998.25,0,0,N/A,N/A,N/A,N/A,N/A,N/A,N/A,N/A
0,4294967295,798,1,AsStrided157,N/A,N/A,N/A,1763720909058402.345	,16.208,453016.417,0,0,N/A,N/A,N/A,N/A,N/A,N/A,N/A,N/A
0,4294967295,800,1,trans_TransData_55,N/A,N/A,N/A,1763720909058647.845	,94.062,229.292,0,0,N/A,N/A,N/A,N/A,N/A,N/A,N/A,N/A
0,4294967295,801,1,AsStrided158,N/A,N/A,N/A,1763720909499882.095	,16.458,441140.188,0,0,N/A,N/A,N/A,N/A,N/A,N/A,N/A,N/A
0,4294967295,803,1,trans_TransData_55,N/A,N/A,N/A,1763720909500162.991	,109.042,264.438,0,0,N/A,N/A,N/A,N/A,N/A,N/A,N/A,N/A
0,4294967295,804,1,AsStrided159,N/A,N/A,N/A,1763720909949775.512	,16.521,449503.479,0,0,N/A,N/A,N/A,N/A,N/A,N/A,N/A,N/A
0,4294967295,806,1,trans_TransData_55,N/A,N/A,N/A,1763720909956155.928	,129.417,6363.896,0,0,N/A,N/A,N/A,N/A,N/A,N/A,N/A,N/A
0,4294967295,807,1,AsStrided160,N/A,N/A,N/A,1763720910419182.616	,16.146,462897.271,0,0,N/A,N/A,N/A,N/A,N/A,N/A,N/A,N/A
0,4294967295,809,1,trans_TransData_55,N/A,N/A,N/A,1763720910419508.970	,109.979,310.208,0,0,N/A,N/A,N/A,N/A,N/A,N/A,N/A,N/A
0,4294967295,810,1,AsStrided161,N/A,N/A,N/A,1763720910925047.886	,16.5,505428.938,0,0,N/A,N/A,N/A,N/A,N/A,N/A,N/A,N/A
0,4294967295,812,1,trans_TransData_55,N/A,N/A,N/A,1763720910925298.074	,95.854,233.688,0,0,N/A,N/A,N/A,N/A,N/A,N/A,N/A,N/A
0,4294967295,813,1,AsStrided162,N/A,N/A,N/A,1763720911385504.449	,16.708,460110.521,0,0,N/A,N/A,N/A,N/A,N/A,N/A,N/A,N/A
0,4294967295,815,1,trans_TransData_55,N/A,N/A,N/A,1763720911385798.303	,81.229,277.146,0,0,N/A,N/A,N/A,N/A,N/A,N/A,N/A,N/A
0,4294967295,816,1,AsStrided163,N/A,N/A,N/A,1763720911863914.428	,16.833,478034.896,0,0,N/A,N/A,N/A,N/A,N/A,N/A,N/A,N/A
0,4294967295,818,1,trans_TransData_55,N/A,N/A,N/A,1763720911864190.324	,104.167,259.062,0,0,N/A,N/A,N/A,N/A,N/A,N/A,N/A,N/A
0,4294967295,819,1,AsStrided164,N/A,N/A,N/A,1763720912338288.741	,16.25,473994.25,0,0,N/A,N/A,N/A,N/A,N/A,N/A,N/A,N/A
0,4294967295,821,1,trans_TransData_55,N/A,N/A,N/A,1763720912338533.282	,109.458,228.292,0,0,N/A,N/A,N/A,N/A,N/A,N/A,N/A,N/A
0,4294967295,822,1,AsStrided165,N/A,N/A,N/A,1763720912844159.157	,16.792,505516.417,0,0,N/A,N/A,N/A,N/A,N/A,N/A,N/A,N/A
0,4294967295,824,1,trans_TransData_55,N/A,N/A,N/A,1763720912844490.991	,126.271,315.042,0,0,N/A,N/A,N/A,N/A,N/A,N/A,N/A,N/A
0,4294967295,825,1,AsStrided166,N/A,N/A,N/A,1763720913328868.407	,16.521,484251.146,0,0,N/A,N/A,N/A,N/A,N/A,N/A,N/A,N/A
0,4294967295,827,1,trans_TransData_55,N/A,N/A,N/A,1763720913329121.241	,112.646,236.312,0,0,N/A,N/A,N/A,N/A,N/A,N/A,N/A,N/A
0,4294967295,828,1,AsStrided167,N/A,N/A,N/A,1763720913792623.553	,16.167,463389.667,0,0,N/A,N/A,N/A,N/A,N/A,N/A,N/A,N/A
0,4294967295,830,1,trans_TransData_55,N/A,N/A,N/A,1763720913792908.678	,88.625,268.958,0,0,N/A,N/A,N/A,N/A,N/A,N/A,N/A,N/A
0,4294967295,831,1,AsStrided168,N/A,N/A,N/A,1763720914243266.886	,16.542,450269.583,0,0,N/A,N/A,N/A,N/A,N/A,N/A,N/A,N/A
0,4294967295,833,1,trans_TransData_55,N/A,N/A,N/A,1763720914243774.428	,107.396,491.0,0,0,N/A,N/A,N/A,N/A,N/A,N/A,N/A,N/A
0,4294967295,834,1,AsStrided169,N/A,N/A,N/A,1763720914699229.407	,16.125,455347.583,0,0,N/A,N/A,N/A,N/A,N/A,N/A,N/A,N/A
0,4294967295,836,1,trans_TransData_55,N/A,N/A,N/A,1763720914699488.470	,109.188,242.938,0,0,N/A,N/A,N/A,N/A,N/A,N/A,N/A,N/A
0,4294967295,837,1,AsStrided170,N/A,N/A,N/A,1763720915181009.241	,16.625,481411.583,0,0,N/A,N/A,N/A,N/A,N/A,N/A,N/A,N/A
0,4294967295,839,1,trans_TransData_55,N/A,N/A,N/A,1763720915181265.699	,106.083,239.833,0,0,N/A,N/A,N/A,N/A,N/A,N/A,N/A,N/A
0,4294967295,840,1,AsStrided171,N/A,N/A,N/A,1763720915658522.866	,16.625,477151.083,0,0,N/A,N/A,N/A,N/A,N/A,N/A,N/A,N/A
0,4294967295,842,1,trans_TransData_55,N/A,N/A,N/A,1763720915658771.032	,94.167,231.542,0,0,N/A,N/A,N/A,N/A,N/A,N/A,N/A,N/A
0,4294967295,843,1,AsStrided172,N/A,N/A,N/A,1763720916106016.262	,17.125,447151.062,0,0,N/A,N/A,N/A,N/A,N/A,N/A,N/A,N/A
0,4294967295,845,1,trans_TransData_55,N/A,N/A,N/A,1763720916106339.845	,98.021,306.458,0,0,N/A,N/A,N/A,N/A,N/A,N/A,N/A,N/A
0,4294967295,846,1,AsStrided173,N/A,N/A,N/A,1763720916563035.386	,16.438,456597.521,0,0,N/A,N/A,N/A,N/A,N/A,N/A,N/A,N/A
0,4294967295,848,1,trans_TransData_55,N/A,N/A,N/A,1763720916563320.366	,99.938,268.542,0,0,N/A,N/A,N/A,N/A,N/A,N/A,N/A,N/A
0,4294967295,849,1,AsStrided174,N/A,N/A,N/A,1763720917023150.303	,16.375,459730.0,0,0,N/A,N/A,N/A,N/A,N/A,N/A,N/A,N/A
0,4294967295,851,1,trans_TransData_55,N/A,N/A,N/A,1763720917023490.907	,81.312,324.229,0,0,N/A,N/A,N/A,N/A,N/A,N/A,N/A,N/A
0,4294967295,852,1,AsStrided175,N/A,N/A,N/A,1763720917484107.928	,16.042,460535.708,0,0,N/A,N/A,N/A,N/A,N/A,N/A,N/A,N/A
0,4294967295,854,1,trans_TransData_55,N/A,N/A,N/A,1763720917484421.595	,94.854,297.625,0,0,N/A,N/A,N/A,N/A,N/A,N/A,N/A,N/A
0,4294967295,855,1,AsStrided176,N/A,N/A,N/A,1763720917942757.741	,16.562,458241.292,0,0,N/A,N/A,N/A,N/A,N/A,N/A,N/A,N/A
0,4294967295,857,1,trans_TransData_55,N/A,N/A,N/A,1763720917945937.782	,95.521,3163.479,0,0,N/A,N/A,N/A,N/A,N/A,N/A,N/A,N/A
0,4294967295,858,1,AsStrided177,N/A,N/A,N/A,1763720918430924.803	,17.125,484891.5,0,0,N/A,N/A,N/A,N/A,N/A,N/A,N/A,N/A
0,4294967295,860,1,trans_TransData_55,N/A,N/A,N/A,1763720918433643.262	,80.875,2701.333,0,0,N/A,N/A,N/A,N/A,N/A,N/A,N/A,N/A
0,4294967295,861,1,AsStrided178,N/A,N/A,N/A,1763720918881339.178	,16.375,447615.042,0,0,N/A,N/A,N/A,N/A,N/A,N/A,N/A,N/A
0,4294967295,863,1,trans_TransData_55,N/A,N/A,N/A,1763720918881627.657	,105.708,272.104,0,0,N/A,N/A,N/A,N/A,N/A,N/A,N/A,N/A
0,4294967295,864,1,AsStrided179,N/A,N/A,N/A,1763720919336113.866	,16.604,454380.5,0,0,N/A,N/A,N/A,N/A,N/A,N/A,N/A,N/A
0,4294967295,866,1,trans_TransData_55,N/A,N/A,N/A,1763720919336383.449	,99.708,252.979,0,0,N/A,N/A,N/A,N/A,N/A,N/A,N/A,N/A
0,4294967295,867,1,AsStrided180,N/A,N/A,N/A,1763720919813466.345	,16.688,476983.188,0,0,N/A,N/A,N/A,N/A,N/A,N/A,N/A,N/A
0,4294967295,869,1,trans_TransData_55,N/A,N/A,N/A,1763720919813724.491	,79.938,241.458,0,0,N/A,N/A,N/A,N/A,N/A,N/A,N/A,N/A
0,4294967295,870,1,AsStrided181,N/A,N/A,N/A,1763720920283090.449	,16.021,469286.021,0,0,N/A,N/A,N/A,N/A,N/A,N/A,N/A,N/A
0,4294967295,872,1,trans_TransData_55,N/A,N/A,N/A,1763720920283424.386	,93.646,317.917,0,0,N/A,N/A,N/A,N/A,N/A,N/A,N/A,N/A
0,4294967295,873,1,AsStrided182,N/A,N/A,N/A,1763720920747797.241	,17.021,464279.208,0,0,N/A,N/A,N/A,N/A,N/A,N/A,N/A,N/A
0,4294967295,875,1,trans_TransData_55,N/A,N/A,N/A,1763720920748058.991	,95.062,244.729,0,0,N/A,N/A,N/A,N/A,N/A,N/A,N/A,N/A
0,4294967295,876,1,AsStrided183,N/A,N/A,N/A,1763720921202400.407	,16.125,454246.354,0,0,N/A,N/A,N/A,N/A,N/A,N/A,N/A,N/A
0,4294967295,878,1,trans_TransData_55,N/A,N/A,N/A,1763720921202642.053	,123.958,225.521,0,0,N/A,N/A,N/A,N/A,N/A,N/A,N/A,N/A
0,4294967295,879,1,AsStrided184,N/A,N/A,N/A,1763720921654376.324	,16.354,451610.312,0,0,N/A,N/A,N/A,N/A,N/A,N/A,N/A,N/A
0,4294967295,881,1,trans_TransData_55,N/A,N/A,N/A,1763720921654623.407	,108.208,230.729,0,0,N/A,N/A,N/A,N/A,N/A,N/A,N/A,N/A
0,4294967295,882,1,AsStrided185,N/A,N/A,N/A,1763720922127636.699	,16.396,472905.083,0,0,N/A,N/A,N/A,N/A,N/A,N/A,N/A,N/A
0,4294967295,884,1,trans_TransData_55,N/A,N/A,N/A,1763720922127939.991	,126.208,286.896,0,0,N/A,N/A,N/A,N/A,N/A,N/A,N/A,N/A
0,4294967295,885,1,AsStrided186,N/A,N/A,N/A,1763720922618977.095	,16.521,490910.896,0,0,N/A,N/A,N/A,N/A,N/A,N/A,N/A,N/A
0,4294967295,887,1,trans_TransData_55,N/A,N/A,N/A,1763720922619202.470	,105.792,208.854,0,0,N/A,N/A,N/A,N/A,N/A,N/A,N/A,N/A
0,4294967295,888,1,AsStrided187,N/A,N/A,N/A,1763720923091735.720	,16.479,472427.458,0,0,N/A,N/A,N/A,N/A,N/A,N/A,N/A,N/A
0,4294967295,890,1,trans_TransData_55,N/A,N/A,N/A,1763720923092080.949	,108.458,328.75,0,0,N/A,N/A,N/A,N/A,N/A,N/A,N/A,N/A
0,4294967295,891,1,AsStrided188,N/A,N/A,N/A,1763720923572426.407	,16.229,480237.0,0,0,N/A,N/A,N/A,N/A,N/A,N/A,N/A,N/A
0,4294967295,893,1,trans_TransData_55,N/A,N/A,N/A,1763720923572688.928	,116.667,246.292,0,0,N/A,N/A,N/A,N/A,N/A,N/A,N/A,N/A
0,4294967295,894,1,AsStrided189,N/A,N/A,N/A,1763720924044836.762	,16.167,472031.167,0,0,N/A,N/A,N/A,N/A,N/A,N/A,N/A,N/A
0,4294967295,896,1,trans_TransData_55,N/A,N/A,N/A,1763720924045317.928	,93.333,465.0,0,0,N/A,N/A,N/A,N/A,N/A,N/A,N/A,N/A
0,4294967295,897,1,AsStrided190,N/A,N/A,N/A,1763720924509666.095	,16.708,464254.833,0,0,N/A,N/A,N/A,N/A,N/A,N/A,N/A,N/A
0,4294967295,899,1,trans_TransData_55,N/A,N/A,N/A,1763720924510059.053	,114.458,376.25,0,0,N/A,N/A,N/A,N/A,N/A,N/A,N/A,N/A
0,4294967295,900,1,AsStrided191,N/A,N/A,N/A,1763720924967970.907	,16.917,457797.396,0,0,N/A,N/A,N/A,N/A,N/A,N/A,N/A,N/A
0,4294967295,902,1,trans_TransData_55,N/A,N/A,N/A,1763720924968219.157	,103.854,231.333,0,0,N/A,N/A,N/A,N/A,N/A,N/A,N/A,N/A
0,4294967295,903,1,AsStrided192,N/A,N/A,N/A,1763720925455517.012	,16.458,487194.0,0,0,N/A,N/A,N/A,N/A,N/A,N/A,N/A,N/A
0,4294967295,905,1,trans_TransData_55,N/A,N/A,N/A,1763720925455784.636	,97.896,251.167,0,0,N/A,N/A,N/A,N/A,N/A,N/A,N/A,N/A
0,4294967295,906,1,AsStrided193,N/A,N/A,N/A,1763720925918244.949	,16.562,462362.417,0,0,N/A,N/A,N/A,N/A,N/A,N/A,N/A,N/A
0,4294967295,908,1,trans_TransData_55,N/A,N/A,N/A,1763720925918508.324	,82.729,246.812,0,0,N/A,N/A,N/A,N/A,N/A,N/A,N/A,N/A
0,4294967295,909,1,AsStrided194,N/A,N/A,N/A,1763720926412924.345	,16.542,494333.292,0,0,N/A,N/A,N/A,N/A,N/A,N/A,N/A,N/A
0,4294967295,911,1,trans_TransData_55,N/A,N/A,N/A,1763720926413156.512	,112.354,215.625,0,0,N/A,N/A,N/A,N/A,N/A,N/A,N/A,N/A
0,4294967295,912,1,AsStrided195,N/A,N/A,N/A,1763720926883116.824	,16.625,469847.958,0,0,N/A,N/A,N/A,N/A,N/A,N/A,N/A,N/A
0,4294967295,914,1,trans_TransData_55,N/A,N/A,N/A,1763720926883362.782	,97.021,229.333,0,0,N/A,N/A,N/A,N/A,N/A,N/A,N/A,N/A
0,4294967295,915,1,AsStrided196,N/A,N/A,N/A,1763720927360544.782	,16.0,477084.979,0,0,N/A,N/A,N/A,N/A,N/A,N/A,N/A,N/A
0,4294967295,917,1,trans_TransData_55,N/A,N/A,N/A,1763720927360805.345	,112.104,244.562,0,0,N/A,N/A,N/A,N/A,N/A,N/A,N/A,N/A
0,4294967295,918,1,AsStrided197,N/A,N/A,N/A,1763720927842770.699	,16.458,481853.25,0,0,N/A,N/A,N/A,N/A,N/A,N/A,N/A,N/A
0,4294967295,920,1,trans_TransData_55,N/A,N/A,N/A,1763720927843067.616	,98.75,280.458,0,0,N/A,N/A,N/A,N/A,N/A,N/A,N/A,N/A
0,4294967295,921,1,AsStrided198,N/A,N/A,N/A,1763720928322237.491	,16.479,479071.125,0,0,N/A,N/A,N/A,N/A,N/A,N/A,N/A,N/A
0,4294967295,923,1,trans_TransData_55,N/A,N/A,N/A,1763720928322499.407	,109.083,245.438,0,0,N/A,N/A,N/A,N/A,N/A,N/A,N/A,N/A
0,4294967295,924,1,AsStrided199,N/A,N/A,N/A,1763720928780694.116	,16.562,458085.625,0,0,N/A,N/A,N/A,N/A,N/A,N/A,N/A,N/A
0,4294967295,926,1,trans_TransData_55,N/A,N/A,N/A,1763720928780963.074	,102.208,252.396,0,0,N/A,N/A,N/A,N/A,N/A,N/A,N/A,N/A
0,4294967295,927,1,AsStrided200,N/A,N/A,N/A,1763720929250940.678	,17.167,469875.396,0,0,N/A,N/A,N/A,N/A,N/A,N/A,N/A,N/A
0,4294967295,929,1,trans_TransData_55,N/A,N/A,N/A,1763720929251193.053	,112.812,235.208,0,0,N/A,N/A,N/A,N/A,N/A,N/A,N/A,N/A
0,4294967295,930,1,AsStrided201,N/A,N/A,N/A,1763720929724118.928	,16.812,472813.062,0,0,N/A,N/A,N/A,N/A,N/A,N/A,N/A,N/A
0,4294967295,932,1,trans_TransData_55,N/A,N/A,N/A,1763720929724402.262	,97.167,266.521,0,0,N/A,N/A,N/A,N/A,N/A,N/A,N/A,N/A
0,4294967295,933,1,AsStrided202,N/A,N/A,N/A,1763720930204005.532	,16.292,479506.104,0,0,N/A,N/A,N/A,N/A,N/A,N/A,N/A,N/A
0,4294967295,935,1,trans_TransData_55,N/A,N/A,N/A,1763720930204333.491	,94.875,311.667,0,0,N/A,N/A,N/A,N/A,N/A,N/A,N/A,N/A
0,4294967295,936,1,AsStrided203,N/A,N/A,N/A,1763720930675775.324	,16.042,471346.958,0,0,N/A,N/A,N/A,N/A,N/A,N/A,N/A,N/A
0,4294967295,938,1,trans_TransData_55,N/A,N/A,N/A,1763720930676073.324	,109.729,281.958,0,0,N/A,N/A,N/A,N/A,N/A,N/A,N/A,N/A
0,4294967295,939,1,AsStrided204,N/A,N/A,N/A,1763720931138430.386	,16.354,462247.333,0,0,N/A,N/A,N/A,N/A,N/A,N/A,N/A,N/A
0,4294967295,941,1,trans_TransData_55,N/A,N/A,N/A,1763720931138692.136	,115.854,245.396,0,0,N/A,N/A,N/A,N/A,N/A,N/A,N/A,N/A
0,4294967295,942,1,AsStrided205,N/A,N/A,N/A,1763720931617806.470	,16.333,478998.479,0,0,N/A,N/A,N/A,N/A,N/A,N/A,N/A,N/A
0,4294967295,944,1,trans_TransData_55,N/A,N/A,N/A,1763720931618033.136	,92.458,210.333,0,0,N/A,N/A,N/A,N/A,N/A,N/A,N/A,N/A
0,4294967295,945,1,AsStrided206,N/A,N/A,N/A,1763720932077665.220	,16.292,459539.625,0,0,N/A,N/A,N/A,N/A,N/A,N/A,N/A,N/A
0,4294967295,947,1,trans_TransData_55,N/A,N/A,N/A,1763720932077965.262	,121.896,283.75,0,0,N/A,N/A,N/A,N/A,N/A,N/A,N/A,N/A
0,4294967295,948,1,AsStrided207,N/A,N/A,N/A,1763720932562108.136	,16.979,484020.979,0,0,N/A,N/A,N/A,N/A,N/A,N/A,N/A,N/A
0,4294967295,950,1,trans_TransData_55,N/A,N/A,N/A,1763720932562350.636	,111.521,225.521,0,0,N/A,N/A,N/A,N/A,N/A,N/A,N/A,N/A
0,4294967295,951,1,AsStrided208,N/A,N/A,N/A,1763720933019162.949	,16.438,456700.792,0,0,N/A,N/A,N/A,N/A,N/A,N/A,N/A,N/A
0,4294967295,953,1,trans_TransData_55,N/A,N/A,N/A,1763720933019412.845	,129.417,233.458,0,0,N/A,N/A,N/A,N/A,N/A,N/A,N/A,N/A
0,4294967295,954,1,AsStrided209,N/A,N/A,N/A,1763720933506851.657	,16.938,487309.396,0,0,N/A,N/A,N/A,N/A,N/A,N/A,N/A,N/A
0,4294967295,956,1,trans_TransData_55,N/A,N/A,N/A,1763720933507153.220	,115.938,284.625,0,0,N/A,N/A,N/A,N/A,N/A,N/A,N/A,N/A
0,4294967295,957,1,AsStrided210,N/A,N/A,N/A,1763720933970440.657	,16.458,463171.5,0,0,N/A,N/A,N/A,N/A,N/A,N/A,N/A,N/A
0,4294967295,959,1,trans_TransData_55,N/A,N/A,N/A,1763720933970713.053	,109.458,255.938,0,0,N/A,N/A,N/A,N/A,N/A,N/A,N/A,N/A
0,4294967295,960,1,AsStrided211,N/A,N/A,N/A,1763720934447444.512	,16.583,476622.0,0,0,N/A,N/A,N/A,N/A,N/A,N/A,N/A,N/A
0,4294967295,962,1,trans_TransData_55,N/A,N/A,N/A,1763720934447708.116	,122.438,247.021,0,0,N/A,N/A,N/A,N/A,N/A,N/A,N/A,N/A
0,4294967295,963,1,AsStrided212,N/A,N/A,N/A,1763720934912731.782	,16.146,464901.229,0,0,N/A,N/A,N/A,N/A,N/A,N/A,N/A,N/A
0,4294967295,965,1,trans_TransData_55,N/A,N/A,N/A,1763720934913000.095	,97.042,252.167,0,0,N/A,N/A,N/A,N/A,N/A,N/A,N/A,N/A
0,4294967295,966,1,AsStrided213,N/A,N/A,N/A,1763720935400935.470	,16.333,487838.333,0,0,N/A,N/A,N/A,N/A,N/A,N/A,N/A,N/A
0,4294967295,968,1,trans_TransData_55,N/A,N/A,N/A,1763720935401242.428	,81.188,290.625,0,0,N/A,N/A,N/A,N/A,N/A,N/A,N/A,N/A
0,4294967295,969,1,AsStrided214,N/A,N/A,N/A,1763720935862350.262	,16.438,461026.646,0,0,N/A,N/A,N/A,N/A,N/A,N/A,N/A,N/A
0,4294967295,971,1,trans_TransData_55,N/A,N/A,N/A,1763720935862623.928	,121.833,257.229,0,0,N/A,N/A,N/A,N/A,N/A,N/A,N/A,N/A
0,4294967295,972,1,AsStrided215,N/A,N/A,N/A,1763720936316625.220	,16.396,453879.458,0,0,N/A,N/A,N/A,N/A,N/A,N/A,N/A,N/A
0,4294967295,974,1,trans_TransData_55,N/A,N/A,N/A,1763720936316885.491	,80.75,243.875,0,0,N/A,N/A,N/A,N/A,N/A,N/A,N/A,N/A
0,4294967295,975,1,AsStrided216,N/A,N/A,N/A,1763720936803922.845	,16.396,486956.604,0,0,N/A,N/A,N/A,N/A,N/A,N/A,N/A,N/A
0,4294967295,977,1,trans_TransData_55,N/A,N/A,N/A,1763720936804246.282	,128.667,307.042,0,0,N/A,N/A,N/A,N/A,N/A,N/A,N/A,N/A
0,4294967295,978,1,AsStrided217,N/A,N/A,N/A,1763720937259889.824	,16.396,455514.875,0,0,N/A,N/A,N/A,N/A,N/A,N/A,N/A,N/A
0,4294967295,980,1,trans_TransData_55,N/A,N/A,N/A,1763720937260196.012	,103.333,289.792,0,0,N/A,N/A,N/A,N/A,N/A,N/A,N/A,N/A
0,4294967295,981,1,AsStrided218,N/A,N/A,N/A,1763720937701866.220	,16.438,441566.875,0,0,N/A,N/A,N/A,N/A,N/A,N/A,N/A,N/A
0,4294967295,983,1,trans_TransData_55,N/A,N/A,N/A,1763720937702120.470	,97.25,237.812,0,0,N/A,N/A,N/A,N/A,N/A,N/A,N/A,N/A
0,4294967295,984,1,AsStrided219,N/A,N/A,N/A,1763720938178909.282	,16.479,476691.562,0,0,N/A,N/A,N/A,N/A,N/A,N/A,N/A,N/A
0,4294967295,986,1,trans_TransData_55,N/A,N/A,N/A,1763720938179183.512	,92.438,257.75,0,0,N/A,N/A,N/A,N/A,N/A,N/A,N/A,N/A
0,4294967295,987,1,AsStrided220,N/A,N/A,N/A,1763720938619438.491	,16.625,440162.542,0,0,N/A,N/A,N/A,N/A,N/A,N/A,N/A,N/A
0,4294967295,989,1,trans_TransData_55,N/A,N/A,N/A,1763720938619688.282	,112.583,233.167,0,0,N/A,N/A,N/A,N/A,N/A,N/A,N/A,N/A
0,4294967295,990,1,AsStrided221,N/A,N/A,N/A,1763720939061860.970	,16.333,442060.104,0,0,N/A,N/A,N/A,N/A,N/A,N/A,N/A,N/A
0,4294967295,992,1,trans_TransData_55,N/A,N/A,N/A,1763720939062134.866	,96.854,257.562,0,0,N/A,N/A,N/A,N/A,N/A,N/A,N/A,N/A
0,4294967295,993,1,AsStrided222,N/A,N/A,N/A,1763720939537480.449	,16.479,475248.729,0,0,N/A,N/A,N/A,N/A,N/A,N/A,N/A,N/A
0,4294967295,995,1,trans_TransData_55,N/A,N/A,N/A,1763720939537711.886	,80.0,214.958,0,0,N/A,N/A,N/A,N/A,N/A,N/A,N/A,N/A
0,4294967295,996,1,AsStrided223,N/A,N/A,N/A,1763720939990507.178	,17.438,452715.292,0,0,N/A,N/A,N/A,N/A,N/A,N/A,N/A,N/A
0,4294967295,998,1,trans_TransData_55,N/A,N/A,N/A,1763720939993570.012	,124.167,3045.396,0,0,N/A,N/A,N/A,N/A,N/A,N/A,N/A,N/A
0,4294967295,999,1,AsStrided224,N/A,N/A,N/A,1763720940485672.866	,16.458,491978.688,0,0,N/A,N/A,N/A,N/A,N/A,N/A,N/A,N/A
0,4294967295,1001,1,trans_TransData_55,N/A,N/A,N/A,1763720940485954.928	,101.729,265.604,0,0,N/A,N/A,N/A,N/A,N/A,N/A,N/A,N/A
0,4294967295,1002,1,AsStrided225,N/A,N/A,N/A,1763720940944698.720	,16.5,458642.062,0,0,N/A,N/A,N/A,N/A,N/A,N/A,N/A,N/A
0,4294967295,1004,1,trans_TransData_55,N/A,N/A,N/A,1763720940945002.199	,97.917,286.979,0,0,N/A,N/A,N/A,N/A,N/A,N/A,N/A,N/A
0,4294967295,1005,1,AsStrided226,N/A,N/A,N/A,1763720941397725.824	,16.396,452625.708,0,0,N/A,N/A,N/A,N/A,N/A,N/A,N/A,N/A
0,4294967295,1007,1,trans_TransData_55,N/A,N/A,N/A,1763720941397967.407	,108.458,225.188,0,0,N/A,N/A,N/A,N/A,N/A,N/A,N/A,N/A
0,4294967295,1008,1,AsStrided227,N/A,N/A,N/A,1763720941858553.782	,16.542,460477.917,0,0,N/A,N/A,N/A,N/A,N/A,N/A,N/A,N/A
0,4294967295,1010,1,trans_TransData_55,N/A,N/A,N/A,1763720941858801.553	,113.0,231.229,0,0,N/A,N/A,N/A,N/A,N/A,N/A,N/A,N/A
0,4294967295,1011,1,AsStrided228,N/A,N/A,N/A,1763720942318305.012	,16.271,459390.458,0,0,N/A,N/A,N/A,N/A,N/A,N/A,N/A,N/A
0,4294967295,1013,1,trans_TransData_55,N/A,N/A,N/A,1763720942318566.262	,126.333,244.979,0,0,N/A,N/A,N/A,N/A,N/A,N/A,N/A,N/A
0,4294967295,1014,1,AsStrided229,N/A,N/A,N/A,1763720942815151.095	,16.354,496458.5,0,0,N/A,N/A,N/A,N/A,N/A,N/A,N/A,N/A
0,4294967295,1016,1,trans_TransData_55,N/A,N/A,N/A,1763720942815383.345	,121.604,215.896,0,0,N/A,N/A,N/A,N/A,N/A,N/A,N/A,N/A
0,4294967295,1017,1,AsStrided230,N/A,N/A,N/A,1763720943257295.907	,16.062,441790.958,0,0,N/A,N/A,N/A,N/A,N/A,N/A,N/A,N/A
0,4294967295,1019,1,trans_TransData_55,N/A,N/A,N/A,1763720943257559.636	,112.562,247.667,0,0,N/A,N/A,N/A,N/A,N/A,N/A,N/A,N/A
0,4294967295,1020,1,AsStrided231,N/A,N/A,N/A,1763720943726471.053	,16.542,468798.854,0,0,N/A,N/A,N/A,N/A,N/A,N/A,N/A,N/A
0,4294967295,1022,1,trans_TransData_55,N/A,N/A,N/A,1763720943726745.907	,106.458,258.312,0,0,N/A,N/A,N/A,N/A,N/A,N/A,N/A,N/A
0,4294967295,1023,1,AsStrided232,N/A,N/A,N/A,1763720944186323.428	,16.396,459471.062,0,0,N/A,N/A,N/A,N/A,N/A,N/A,N/A,N/A
0,4294967295,1025,1,trans_TransData_55,N/A,N/A,N/A,1763720944186638.491	,96.812,298.667,0,0,N/A,N/A,N/A,N/A,N/A,N/A,N/A,N/A
0,4294967295,1026,1,AsStrided233,N/A,N/A,N/A,1763720944641855.032	,16.042,455119.729,0,0,N/A,N/A,N/A,N/A,N/A,N/A,N/A,N/A
0,4294967295,1028,1,trans_TransData_55,N/A,N/A,N/A,1763720944642146.136	,110.646,275.062,0,0,N/A,N/A,N/A,N/A,N/A,N/A,N/A,N/A
0,4294967295,1029,1,AsStrided234,N/A,N/A,N/A,1763720945118799.886	,16.562,476543.104,0,0,N/A,N/A,N/A,N/A,N/A,N/A,N/A,N/A
0,4294967295,1031,1,trans_TransData_55,N/A,N/A,N/A,1763720945119081.303	,111.958,264.854,0,0,N/A,N/A,N/A,N/A,N/A,N/A,N/A,N/A
0,4294967295,1032,1,AsStrided235,N/A,N/A,N/A,1763720945598947.345	,16.438,479754.083,0,0,N/A,N/A,N/A,N/A,N/A,N/A,N/A,N/A
0,4294967295,1034,1,trans_TransData_55,N/A,N/A,N/A,1763720945599224.178	,110.021,260.396,0,0,N/A,N/A,N/A,N/A,N/A,N/A,N/A,N/A
0,4294967295,1035,1,AsStrided236,N/A,N/A,N/A,1763720946060688.741	,16.167,461354.542,0,0,N/A,N/A,N/A,N/A,N/A,N/A,N/A,N/A
0,4294967295,1037,1,trans_TransData_55,N/A,N/A,N/A,1763720946060936.366	,124.542,231.458,0,0,N/A,N/A,N/A,N/A,N/A,N/A,N/A,N/A
0,4294967295,1038,1,AsStrided237,N/A,N/A,N/A,1763720946526597.574	,16.479,465536.667,0,0,N/A,N/A,N/A,N/A,N/A,N/A,N/A,N/A
0,4294967295,1040,1,trans_TransData_55,N/A,N/A,N/A,1763720946526837.199	,97.521,223.146,0,0,N/A,N/A,N/A,N/A,N/A,N/A,N/A,N/A
0,4294967295,1041,1,AsStrided238,N/A,N/A,N/A,1763720946978954.928	,16.792,452020.208,0,0,N/A,N/A,N/A,N/A,N/A,N/A,N/A,N/A
0,4294967295,1043,1,trans_TransData_55,N/A,N/A,N/A,1763720946979371.012	,100.125,399.292,0,0,N/A,N/A,N/A,N/A,N/A,N/A,N/A,N/A
0,4294967295,1044,1,AsStrided239,N/A,N/A,N/A,1763720947436109.595	,16.958,456638.458,0,0,N/A,N/A,N/A,N/A,N/A,N/A,N/A,N/A
0,4294967295,1046,1,trans_TransData_55,N/A,N/A,N/A,1763720947437130.241	,96.312,1003.688,0,0,N/A,N/A,N/A,N/A,N/A,N/A,N/A,N/A
0,4294967295,1047,1,AsStrided240,N/A,N/A,N/A,1763720947896451.678	,16.458,459225.125,0,0,N/A,N/A,N/A,N/A,N/A,N/A,N/A,N/A
0,4294967295,1049,1,trans_TransData_55,N/A,N/A,N/A,1763720947896721.136	,110.104,253.0,0,0,N/A,N/A,N/A,N/A,N/A,N/A,N/A,N/A
0,4294967295,1050,1,AsStrided241,N/A,N/A,N/A,1763720948352843.470	,16.167,456012.229,0,0,N/A,N/A,N/A,N/A,N/A,N/A,N/A,N/A
0,4294967295,1052,1,trans_TransData_55,N/A,N/A,N/A,1763720948353140.970	,111.604,281.333,0,0,N/A,N/A,N/A,N/A,N/A,N/A,N/A,N/A
0,4294967295,1053,1,AsStrided242,N/A,N/A,N/A,1763720948820406.116	,16.521,467153.542,0,0,N/A,N/A,N/A,N/A,N/A,N/A,N/A,N/A
0,4294967295,1055,1,trans_TransData_55,N/A,N/A,N/A,1763720948820693.553	,107.229,270.917,0,0,N/A,N/A,N/A,N/A,N/A,N/A,N/A,N/A
0,4294967295,1056,1,AsStrided243,N/A,N/A,N/A,1763720949280050.116	,16.542,459249.333,0,0,N/A,N/A,N/A,N/A,N/A,N/A,N/A,N/A
0,4294967295,1058,1,trans_TransData_55,N/A,N/A,N/A,1763720949280331.428	,96.312,264.771,0,0,N/A,N/A,N/A,N/A,N/A,N/A,N/A,N/A
0,4294967295,1059,1,AsStrided244,N/A,N/A,N/A,1763720949722265.241	,16.333,441837.5,0,0,N/A,N/A,N/A,N/A,N/A,N/A,N/A,N/A
0,4294967295,1061,1,trans_TransData_55,N/A,N/A,N/A,1763720949722519.762	,95.396,238.188,0,0,N/A,N/A,N/A,N/A,N/A,N/A,N/A,N/A
0,4294967295,1062,1,AsStrided245,N/A,N/A,N/A,1763720950172094.720	,16.396,449479.562,0,0,N/A,N/A,N/A,N/A,N/A,N/A,N/A,N/A
0,4294967295,1064,1,trans_TransData_55,N/A,N/A,N/A,1763720950172385.741	,113.0,274.625,0,0,N/A,N/A,N/A,N/A,N/A,N/A,N/A,N/A
0,4294967295,1065,1,AsStrided246,N/A,N/A,N/A,1763720950629075.220	,16.812,456576.479,0,0,N/A,N/A,N/A,N/A,N/A,N/A,N/A,N/A
0,4294967295,1067,1,trans_TransData_55,N/A,N/A,N/A,1763720950629465.241	,83.396,373.208,0,0,N/A,N/A,N/A,N/A,N/A,N/A,N/A,N/A
0,4294967295,1068,1,AsStrided247,N/A,N/A,N/A,1763720951117379.991	,16.688,487831.354,0,0,N/A,N/A,N/A,N/A,N/A,N/A,N/A,N/A
0,4294967295,1070,1,trans_TransData_55,N/A,N/A,N/A,1763720951117624.386	,97.396,227.708,0,0,N/A,N/A,N/A,N/A,N/A,N/A,N/A,N/A
0,4294967295,1071,1,AsStrided248,N/A,N/A,N/A,1763720951578234.178	,16.333,460512.396,0,0,N/A,N/A,N/A,N/A,N/A,N/A,N/A,N/A
0,4294967295,1073,1,trans_TransData_55,N/A,N/A,N/A,1763720951578492.657	,95.0,242.146,0,0,N/A,N/A,N/A,N/A,N/A,N/A,N/A,N/A
0,4294967295,1074,1,AsStrided249,N/A,N/A,N/A,1763720952040972.386	,16.958,462384.729,0,0,N/A,N/A,N/A,N/A,N/A,N/A,N/A,N/A
0,4294967295,1076,1,trans_TransData_55,N/A,N/A,N/A,1763720952041254.886	,115.208,265.542,0,0,N/A,N/A,N/A,N/A,N/A,N/A,N/A,N/A
0,4294967295,1077,1,AsStrided250,N/A,N/A,N/A,1763720952532302.220	,16.396,490932.125,0,0,N/A,N/A,N/A,N/A,N/A,N/A,N/A,N/A
0,4294967295,1079,1,trans_TransData_55,N/A,N/A,N/A,1763720952532548.782	,115.125,230.167,0,0,N/A,N/A,N/A,N/A,N/A,N/A,N/A,N/A
0,4294967295,1080,1,AsStrided251,N/A,N/A,N/A,1763720952979113.845	,16.75,446449.938,0,0,N/A,N/A,N/A,N/A,N/A,N/A,N/A,N/A
0,4294967295,1082,1,trans_TransData_55,N/A,N/A,N/A,1763720952979370.866	,117.917,240.271,0,0,N/A,N/A,N/A,N/A,N/A,N/A,N/A,N/A
0,4294967295,1083,1,AsStrided252,N/A,N/A,N/A,1763720953473997.907	,16.167,494509.125,0,0,N/A,N/A,N/A,N/A,N/A,N/A,N/A,N/A
0,4294967295,1085,1,trans_TransData_55,N/A,N/A,N/A,1763720953474246.699	,91.938,232.625,0,0,N/A,N/A,N/A,N/A,N/A,N/A,N/A,N/A
0,4294967295,1086,1,AsStrided253,N/A,N/A,N/A,1763720953930353.386	,16.146,456014.75,0,0,N/A,N/A,N/A,N/A,N/A,N/A,N/A,N/A
0,4294967295,1088,1,trans_TransData_55,N/A,N/A,N/A,1763720953930620.741	,127.062,251.208,0,0,N/A,N/A,N/A,N/A,N/A,N/A,N/A,N/A
0,4294967295,1089,1,AsStrided254,N/A,N/A,N/A,1763720954382715.178	,16.5,451967.375,0,0,N/A,N/A,N/A,N/A,N/A,N/A,N/A,N/A
0,4294967295,1091,1,trans_TransData_55,N/A,N/A,N/A,1763720954382968.699	,96.667,237.021,0,0,N/A,N/A,N/A,N/A,N/A,N/A,N/A,N/A
0,4294967295,1092,1,AsStrided255,N/A,N/A,N/A,1763720954838289.762	,16.104,455224.396,0,0,N/A,N/A,N/A,N/A,N/A,N/A,N/A,N/A
0,4294967295,1094,1,trans_TransData_55,N/A,N/A,N/A,1763720954838874.449	,108.917,568.583,0,0,N/A,N/A,N/A,N/A,N/A,N/A,N/A,N/A
0,4294967295,1095,1,AsStrided256,N/A,N/A,N/A,1763720955318543.157	,16.125,479559.792,0,0,N/A,N/A,N/A,N/A,N/A,N/A,N/A,N/A
0,4294967295,1097,1,trans_TransData_55,N/A,N/A,N/A,1763720955318807.428	,107.521,248.146,0,0,N/A,N/A,N/A,N/A,N/A,N/A,N/A,N/A
0,4294967295,1098,1,AsStrided257,N/A,N/A,N/A,1763720955793277.012	,16.562,474362.062,0,0,N/A,N/A,N/A,N/A,N/A,N/A,N/A,N/A
0,4294967295,1100,1,trans_TransData_55,N/A,N/A,N/A,1763720955793526.782	,117.125,233.208,0,0,N/A,N/A,N/A,N/A,N/A,N/A,N/A,N/A
0,4294967295,1101,1,AsStrided258,N/A,N/A,N/A,1763720956236391.282	,16.458,442747.375,0,0,N/A,N/A,N/A,N/A,N/A,N/A,N/A,N/A
0,4294967295,1103,1,trans_TransData_55,N/A,N/A,N/A,1763720956236693.012	,106.333,285.271,0,0,N/A,N/A,N/A,N/A,N/A,N/A,N/A,N/A
0,4294967295,1104,1,AsStrided259,N/A,N/A,N/A,1763720956690108.970	,16.312,453309.625,0,0,N/A,N/A,N/A,N/A,N/A,N/A,N/A,N/A
0,4294967295,1106,1,trans_TransData_55,N/A,N/A,N/A,1763720956690348.886	,103.604,223.604,0,0,N/A,N/A,N/A,N/A,N/A,N/A,N/A,N/A
0,4294967295,1107,1,AsStrided260,N/A,N/A,N/A,1763720957152441.303	,16.396,461988.812,0,0,N/A,N/A,N/A,N/A,N/A,N/A,N/A,N/A
0,4294967295,1109,1,trans_TransData_55,N/A,N/A,N/A,1763720957152688.928	,81.688,231.229,0,0,N/A,N/A,N/A,N/A,N/A,N/A,N/A,N/A
0,4294967295,1110,1,AsStrided261,N/A,N/A,N/A,1763720957616296.782	,16.479,463526.167,0,0,N/A,N/A,N/A,N/A,N/A,N/A,N/A,N/A
0,4294967295,1112,1,trans_TransData_55,N/A,N/A,N/A,1763720957616530.012	,108.333,216.75,0,0,N/A,N/A,N/A,N/A,N/A,N/A,N/A,N/A
0,4294967295,1113,1,AsStrided262,N/A,N/A,N/A,1763720958079521.782	,16.917,462883.438,0,0,N/A,N/A,N/A,N/A,N/A,N/A,N/A,N/A
0,4294967295,1115,1,trans_TransData_55,N/A,N/A,N/A,1763720958079864.324	,98.938,325.625,0,0,N/A,N/A,N/A,N/A,N/A,N/A,N/A,N/A
0,4294967295,1116,1,AsStrided263,N/A,N/A,N/A,1763720958540939.095	,16.5,460975.833,0,0,N/A,N/A,N/A,N/A,N/A,N/A,N/A,N/A
0,4294967295,1118,1,trans_TransData_55,N/A,N/A,N/A,1763720958541202.012	,113.062,246.417,0,0,N/A,N/A,N/A,N/A,N/A,N/A,N/A,N/A
0,4294967295,1119,1,AsStrided264,N/A,N/A,N/A,1763720959000349.470	,16.5,459034.396,0,0,N/A,N/A,N/A,N/A,N/A,N/A,N/A,N/A
0,4294967295,1121,1,trans_TransData_55,N/A,N/A,N/A,1763720959000590.199	,111.458,224.229,0,0,N/A,N/A,N/A,N/A,N/A,N/A,N/A,N/A
0,4294967295,1122,1,AsStrided265,N/A,N/A,N/A,1763720959467320.012	,16.5,466618.354,0,0,N/A,N/A,N/A,N/A,N/A,N/A,N/A,N/A
0,4294967295,1124,1,trans_TransData_55,N/A,N/A,N/A,1763720959467643.574	,113.0,307.062,0,0,N/A,N/A,N/A,N/A,N/A,N/A,N/A,N/A
0,4294967295,1125,1,AsStrided266,N/A,N/A,N/A,1763720959939858.012	,16.521,472101.438,0,0,N/A,N/A,N/A,N/A,N/A,N/A,N/A,N/A
0,4294967295,1127,1,trans_TransData_55,N/A,N/A,N/A,1763720959940094.220	,95.646,219.688,0,0,N/A,N/A,N/A,N/A,N/A,N/A,N/A,N/A
0,4294967295,1128,1,AsStrided267,N/A,N/A,N/A,1763720960417743.428	,16.146,477553.562,0,0,N/A,N/A,N/A,N/A,N/A,N/A,N/A,N/A
0,4294967295,1130,1,trans_TransData_55,N/A,N/A,N/A,1763720960417983.366	,118.146,223.792,0,0,N/A,N/A,N/A,N/A,N/A,N/A,N/A,N/A
0,4294967295,1131,1,AsStrided268,N/A,N/A,N/A,1763720960863820.470	,16.812,445718.958,0,0,N/A,N/A,N/A,N/A,N/A,N/A,N/A,N/A
0,4294967295,1133,1,trans_TransData_55,N/A,N/A,N/A,1763720960864097.720	,96.729,260.438,0,0,N/A,N/A,N/A,N/A,N/A,N/A,N/A,N/A
0,4294967295,1134,1,AsStrided269,N/A,N/A,N/A,1763720961305046.491	,16.479,440852.042,0,0,N/A,N/A,N/A,N/A,N/A,N/A,N/A,N/A
0,4294967295,1136,1,trans_TransData_55,N/A,N/A,N/A,1763720961305316.803	,80.875,253.833,0,0,N/A,N/A,N/A,N/A,N/A,N/A,N/A,N/A
0,4294967295,1137,1,AsStrided270,N/A,N/A,N/A,1763720961743002.574	,16.417,437604.896,0,0,N/A,N/A,N/A,N/A,N/A,N/A,N/A,N/A
0,4294967295,1139,1,trans_TransData_55,N/A,N/A,N/A,1763720961744446.886	,104.521,1427.896,0,0,N/A,N/A,N/A,N/A,N/A,N/A,N/A,N/A
0,4294967295,1140,1,AsStrided271,N/A,N/A,N/A,1763720962200432.012	,16.438,455880.604,0,0,N/A,N/A,N/A,N/A,N/A,N/A,N/A,N/A
0,4294967295,1142,1,trans_TransData_55,N/A,N/A,N/A,1763720962203533.241	,86.562,3084.792,0,0,N/A,N/A,N/A,N/A,N/A,N/A,N/A,N/A
0,4294967295,1143,1,AsStrided272,N/A,N/A,N/A,1763720962659283.220	,16.333,455663.417,0,0,N/A,N/A,N/A,N/A,N/A,N/A,N/A,N/A
0,4294967295,1145,1,trans_TransData_55,N/A,N/A,N/A,1763720962659552.136	,95.521,252.583,0,0,N/A,N/A,N/A,N/A,N/A,N/A,N/A,N/A
0,4294967295,1146,1,AsStrided273,N/A,N/A,N/A,1763720963097579.491	,16.25,437931.833,0,0,N/A,N/A,N/A,N/A,N/A,N/A,N/A,N/A
0,4294967295,1148,1,trans_TransData_55,N/A,N/A,N/A,1763720963097858.241	,111.542,262.5,0,0,N/A,N/A,N/A,N/A,N/A,N/A,N/A,N/A
0,4294967295,1149,1,AsStrided274,N/A,N/A,N/A,1763720963595572.928	,16.833,497603.146,0,0,N/A,N/A,N/A,N/A,N/A,N/A,N/A,N/A
0,4294967295,1151,1,trans_TransData_55,N/A,N/A,N/A,1763720963595950.782	,81.708,361.021,0,0,N/A,N/A,N/A,N/A,N/A,N/A,N/A,N/A
0,4294967295,1152,1,AsStrided275,N/A,N/A,N/A,1763720964056777.803	,16.375,460745.312,0,0,N/A,N/A,N/A,N/A,N/A,N/A,N/A,N/A
0,4294967295,1154,1,trans_TransData_55,N/A,N/A,N/A,1763720964057018.532	,111.229,224.354,0,0,N/A,N/A,N/A,N/A,N/A,N/A,N/A,N/A
0,4294967295,1155,1,AsStrided276,N/A,N/A,N/A,1763720964501283.636	,16.438,444153.875,0,0,N/A,N/A,N/A,N/A,N/A,N/A,N/A,N/A
0,4294967295,1157,1,trans_TransData_55,N/A,N/A,N/A,1763720964501534.366	,109.896,234.292,0,0,N/A,N/A,N/A,N/A,N/A,N/A,N/A,N/A
0,4294967295,1158,1,AsStrided277,N/A,N/A,N/A,1763720964955846.366	,16.542,454202.104,0,0,N/A,N/A,N/A,N/A,N/A,N/A,N/A,N/A
0,4294967295,1160,1,trans_TransData_55,N/A,N/A,N/A,1763720964956117.116	,118.5,254.208,0,0,N/A,N/A,N/A,N/A,N/A,N/A,N/A,N/A
0,4294967295,1161,1,AsStrided278,N/A,N/A,N/A,1763720965437042.386	,16.604,480806.771,0,0,N/A,N/A,N/A,N/A,N/A,N/A,N/A,N/A
0,4294967295,1163,1,trans_TransData_55,N/A,N/A,N/A,1763720965437320.470	,107.208,261.479,0,0,N/A,N/A,N/A,N/A,N/A,N/A,N/A,N/A
0,4294967295,1164,1,AsStrided279,N/A,N/A,N/A,1763720965898708.407	,16.479,461280.729,0,0,N/A,N/A,N/A,N/A,N/A,N/A,N/A,N/A
0,4294967295,1166,1,trans_TransData_55,N/A,N/A,N/A,1763720965898956.136	,102.958,231.25,0,0,N/A,N/A,N/A,N/A,N/A,N/A,N/A,N/A
0,4294967295,1167,1,AsStrided280,N/A,N/A,N/A,1763720966372234.116	,16.292,473175.021,0,0,N/A,N/A,N/A,N/A,N/A,N/A,N/A,N/A
0,4294967295,1169,1,trans_TransData_55,N/A,N/A,N/A,1763720966372463.886	,114.188,213.479,0,0,N/A,N/A,N/A,N/A,N/A,N/A,N/A,N/A
0,4294967295,1170,1,AsStrided281,N/A,N/A,N/A,1763720966849996.470	,16.167,477418.396,0,0,N/A,N/A,N/A,N/A,N/A,N/A,N/A,N/A
0,4294967295,1172,1,trans_TransData_55,N/A,N/A,N/A,1763720966850264.741	,95.562,252.104,0,0,N/A,N/A,N/A,N/A,N/A,N/A,N/A,N/A
0,4294967295,1173,1,AsStrided282,N/A,N/A,N/A,1763720967333546.136	,16.292,483185.833,0,0,N/A,N/A,N/A,N/A,N/A,N/A,N/A,N/A
0,4294967295,1175,1,trans_TransData_55,N/A,N/A,N/A,1763720967333798.991	,97.125,236.562,0,0,N/A,N/A,N/A,N/A,N/A,N/A,N/A,N/A
0,4294967295,1176,1,AsStrided283,N/A,N/A,N/A,1763720967781072.907	,16.521,447176.792,0,0,N/A,N/A,N/A,N/A,N/A,N/A,N/A,N/A
0,4294967295,1178,1,trans_TransData_55,N/A,N/A,N/A,1763720967781329.428	,83.021,240.0,0,0,N/A,N/A,N/A,N/A,N/A,N/A,N/A,N/A
0,4294967295,1179,1,AsStrided284,N/A,N/A,N/A,1763720968232186.262	,16.417,450773.812,0,0,N/A,N/A,N/A,N/A,N/A,N/A,N/A,N/A
0,4294967295,1181,1,trans_TransData_55,N/A,N/A,N/A,1763720968232438.303	,103.146,235.625,0,0,N/A,N/A,N/A,N/A,N/A,N/A,N/A,N/A
0,4294967295,1182,1,AsStrided285,N/A,N/A,N/A,1763720968697295.262	,16.771,464753.812,0,0,N/A,N/A,N/A,N/A,N/A,N/A,N/A,N/A
0,4294967295,1184,1,trans_TransData_55,N/A,N/A,N/A,1763720968697560.803	,101.208,248.771,0,0,N/A,N/A,N/A,N/A,N/A,N/A,N/A,N/A
0,4294967295,1185,1,AsStrided286,N/A,N/A,N/A,1763720969156327.407	,17.146,458665.396,0,0,N/A,N/A,N/A,N/A,N/A,N/A,N/A,N/A
0,4294967295,1187,1,trans_TransData_55,N/A,N/A,N/A,1763720969159570.991	,81.375,3226.438,0,0,N/A,N/A,N/A,N/A,N/A,N/A,N/A,N/A
0,4294967295,1188,1,AsStrided287,N/A,N/A,N/A,1763720969637377.470	,16.812,477725.104,0,0,N/A,N/A,N/A,N/A,N/A,N/A,N/A,N/A
0,4294967295,1190,1,trans_TransData_55,N/A,N/A,N/A,1763720969637634.949	,99.271,240.667,0,0,N/A,N/A,N/A,N/A,N/A,N/A,N/A,N/A
0,4294967295,1191,1,AsStrided288,N/A,N/A,N/A,1763720970095805.803	,16.438,458071.583,0,0,N/A,N/A,N/A,N/A,N/A,N/A,N/A,N/A
0,4294967295,1193,1,trans_TransData_55,N/A,N/A,N/A,1763720970096059.449	,113.354,237.208,0,0,N/A,N/A,N/A,N/A,N/A,N/A,N/A,N/A
0,4294967295,1194,1,AsStrided289,N/A,N/A,N/A,1763720970548543.762	,16.5,452370.958,0,0,N/A,N/A,N/A,N/A,N/A,N/A,N/A,N/A
0,4294967295,1196,1,trans_TransData_55,N/A,N/A,N/A,1763720970548788.449	,101.979,228.188,0,0,N/A,N/A,N/A,N/A,N/A,N/A,N/A,N/A
0,4294967295,1197,1,AsStrided290,N/A,N/A,N/A,1763720971012833.262	,16.354,463942.833,0,0,N/A,N/A,N/A,N/A,N/A,N/A,N/A,N/A
0,4294967295,1199,1,trans_TransData_55,N/A,N/A,N/A,1763720971013091.428	,109.083,241.812,0,0,N/A,N/A,N/A,N/A,N/A,N/A,N/A,N/A
0,4294967295,1200,1,AsStrided291,N/A,N/A,N/A,1763720971484868.595	,16.583,471668.083,0,0,N/A,N/A,N/A,N/A,N/A,N/A,N/A,N/A
0,4294967295,1202,1,trans_TransData_55,N/A,N/A,N/A,1763720971485153.386	,123.312,268.208,0,0,N/A,N/A,N/A,N/A,N/A,N/A,N/A,N/A
0,4294967295,1203,1,AsStrided292,N/A,N/A,N/A,1763720971942108.491	,16.562,456831.792,0,0,N/A,N/A,N/A,N/A,N/A,N/A,N/A,N/A
0,4294967295,1205,1,trans_TransData_55,N/A,N/A,N/A,1763720971942358.991	,122.979,233.938,0,0,N/A,N/A,N/A,N/A,N/A,N/A,N/A,N/A
0,4294967295,1206,1,AsStrided293,N/A,N/A,N/A,1763720972384171.157	,16.688,441689.188,0,0,N/A,N/A,N/A,N/A,N/A,N/A,N/A,N/A
0,4294967295,1208,1,trans_TransData_55,N/A,N/A,N/A,1763720972384468.532	,96.896,280.688,0,0,N/A,N/A,N/A,N/A,N/A,N/A,N/A,N/A
0,4294967295,1209,1,AsStrided294,N/A,N/A,N/A,1763720972875771.616	,16.583,491206.188,0,0,N/A,N/A,N/A,N/A,N/A,N/A,N/A,N/A
0,4294967295,1211,1,trans_TransData_55,N/A,N/A,N/A,1763720972876019.136	,119.646,230.938,0,0,N/A,N/A,N/A,N/A,N/A,N/A,N/A,N/A
0,4294967295,1212,1,AsStrided295,N/A,N/A,N/A,1763720973363553.012	,16.521,487414.229,0,0,N/A,N/A,N/A,N/A,N/A,N/A,N/A,N/A
0,4294967295,1214,1,trans_TransData_55,N/A,N/A,N/A,1763720973363787.095	,110.479,217.562,0,0,N/A,N/A,N/A,N/A,N/A,N/A,N/A,N/A
0,4294967295,1215,1,AsStrided296,N/A,N/A,N/A,1763720973856137.720	,16.458,492240.146,0,0,N/A,N/A,N/A,N/A,N/A,N/A,N/A,N/A
0,4294967295,1217,1,trans_TransData_55,N/A,N/A,N/A,1763720973856425.616	,103.354,271.438,0,0,N/A,N/A,N/A,N/A,N/A,N/A,N/A,N/A
0,4294967295,1218,1,AsStrided297,N/A,N/A,N/A,1763720974332390.303	,16.438,475861.333,0,0,N/A,N/A,N/A,N/A,N/A,N/A,N/A,N/A
0,4294967295,1220,1,trans_TransData_55,N/A,N/A,N/A,1763720974332636.199	,97.625,229.458,0,0,N/A,N/A,N/A,N/A,N/A,N/A,N/A,N/A
0,4294967295,1221,1,AsStrided298,N/A,N/A,N/A,1763720974813464.803	,16.375,480730.979,0,0,N/A,N/A,N/A,N/A,N/A,N/A,N/A,N/A
0,4294967295,1223,1,trans_TransData_55,N/A,N/A,N/A,1763720974813714.762	,106.229,233.583,0,0,N/A,N/A,N/A,N/A,N/A,N/A,N/A,N/A
0,4294967295,1224,1,AsStrided299,N/A,N/A,N/A,1763720975280709.553	,16.5,466888.562,0,0,N/A,N/A,N/A,N/A,N/A,N/A,N/A,N/A
0,4294967295,1226,1,trans_TransData_55,N/A,N/A,N/A,1763720975280937.095	,93.729,211.042,0,0,N/A,N/A,N/A,N/A,N/A,N/A,N/A,N/A
0,4294967295,1227,1,AsStrided300,N/A,N/A,N/A,1763720975765928.386	,16.5,484897.562,0,0,N/A,N/A,N/A,N/A,N/A,N/A,N/A,N/A
0,4294967295,1229,1,trans_TransData_55,N/A,N/A,N/A,1763720975766163.907	,107.625,219.021,0,0,N/A,N/A,N/A,N/A,N/A,N/A,N/A,N/A
0,4294967295,1230,1,AsStrided301,N/A,N/A,N/A,1763720976221907.386	,16.396,455635.854,0,0,N/A,N/A,N/A,N/A,N/A,N/A,N/A,N/A
0,4294967295,1232,1,trans_TransData_55,N/A,N/A,N/A,1763720976222211.512	,100.25,287.729,0,0,N/A,N/A,N/A,N/A,N/A,N/A,N/A,N/A
0,4294967295,1233,1,AsStrided302,N/A,N/A,N/A,1763720976681233.512	,16.479,458921.75,0,0,N/A,N/A,N/A,N/A,N/A,N/A,N/A,N/A
0,4294967295,1235,1,trans_TransData_55,N/A,N/A,N/A,1763720976681499.782	,119.229,249.792,0,0,N/A,N/A,N/A,N/A,N/A,N/A,N/A,N/A
0,4294967295,1236,1,AsStrided303,N/A,N/A,N/A,1763720977141137.553	,16.604,459518.542,0,0,N/A,N/A,N/A,N/A,N/A,N/A,N/A,N/A
0,4294967295,1238,1,trans_TransData_55,N/A,N/A,N/A,1763720977141390.886	,105.604,236.729,0,0,N/A,N/A,N/A,N/A,N/A,N/A,N/A,N/A
0,4294967295,1239,1,AsStrided304,N/A,N/A,N/A,1763720977613833.824	,16.5,472337.333,0,0,N/A,N/A,N/A,N/A,N/A,N/A,N/A,N/A
0,4294967295,1241,1,trans_TransData_55,N/A,N/A,N/A,1763720977614073.636	,96.479,223.312,0,0,N/A,N/A,N/A,N/A,N/A,N/A,N/A,N/A
0,4294967295,1242,1,AsStrided305,N/A,N/A,N/A,1763720978088488.136	,16.5,474318.021,0,0,N/A,N/A,N/A,N/A,N/A,N/A,N/A,N/A
0,4294967295,1244,1,trans_TransData_55,N/A,N/A,N/A,1763720978088730.491	,104.458,225.854,0,0,N/A,N/A,N/A,N/A,N/A,N/A,N/A,N/A
0,4294967295,1245,1,AsStrided306,N/A,N/A,N/A,1763720978549391.928	,16.125,460556.979,0,0,N/A,N/A,N/A,N/A,N/A,N/A,N/A,N/A
0,4294967295,1247,1,trans_TransData_55,N/A,N/A,N/A,1763720978552601.220	,81.104,3193.167,0,0,N/A,N/A,N/A,N/A,N/A,N/A,N/A,N/A
0,4294967295,1248,1,AsStrided307,N/A,N/A,N/A,1763720979018984.803	,16.521,466302.479,0,0,N/A,N/A,N/A,N/A,N/A,N/A,N/A,N/A
0,4294967295,1250,1,trans_TransData_55,N/A,N/A,N/A,1763720979019232.553	,124.375,231.229,0,0,N/A,N/A,N/A,N/A,N/A,N/A,N/A,N/A
0,4294967295,1251,1,AsStrided308,N/A,N/A,N/A,1763720979461846.074	,16.521,442489.146,0,0,N/A,N/A,N/A,N/A,N/A,N/A,N/A,N/A
0,4294967295,1253,1,trans_TransData_55,N/A,N/A,N/A,1763720979462108.532	,107.042,245.938,0,0,N/A,N/A,N/A,N/A,N/A,N/A,N/A,N/A
0,4294967295,1254,1,AsStrided309,N/A,N/A,N/A,1763720979939774.512	,16.688,477558.938,0,0,N/A,N/A,N/A,N/A,N/A,N/A,N/A,N/A
0,4294967295,1256,1,trans_TransData_55,N/A,N/A,N/A,1763720979940023.241	,92.938,232.042,0,0,N/A,N/A,N/A,N/A,N/A,N/A,N/A,N/A
0,4294967295,1257,1,AsStrided310,N/A,N/A,N/A,1763720980413067.491	,16.271,472951.312,0,0,N/A,N/A,N/A,N/A,N/A,N/A,N/A,N/A
0,4294967295,1259,1,trans_TransData_55,N/A,N/A,N/A,1763720980413332.636	,95.5,248.875,0,0,N/A,N/A,N/A,N/A,N/A,N/A,N/A,N/A
0,4294967295,1260,1,AsStrided311,N/A,N/A,N/A,1763720980892856.303	,16.208,479428.167,0,0,N/A,N/A,N/A,N/A,N/A,N/A,N/A,N/A
0,4294967295,1262,1,trans_TransData_55,N/A,N/A,N/A,1763720980893101.741	,95.188,229.229,0,0,N/A,N/A,N/A,N/A,N/A,N/A,N/A,N/A
0,4294967295,1263,1,AsStrided312,N/A,N/A,N/A,1763720981376146.991	,16.125,482950.062,0,0,N/A,N/A,N/A,N/A,N/A,N/A,N/A,N/A
0,4294967295,1265,1,trans_TransData_55,N/A,N/A,N/A,1763720981376395.220	,112.292,232.104,0,0,N/A,N/A,N/A,N/A,N/A,N/A,N/A,N/A
0,4294967295,1266,1,AsStrided313,N/A,N/A,N/A,1763720981842454.532	,16.688,465947.021,0,0,N/A,N/A,N/A,N/A,N/A,N/A,N/A,N/A
0,4294967295,1268,1,trans_TransData_55,N/A,N/A,N/A,1763720981842721.512	,107.583,250.292,0,0,N/A,N/A,N/A,N/A,N/A,N/A,N/A,N/A
0,4294967295,1269,1,AsStrided314,N/A,N/A,N/A,1763720982299272.970	,16.792,456443.875,0,0,N/A,N/A,N/A,N/A,N/A,N/A,N/A,N/A
0,4294967295,1271,1,trans_TransData_55,N/A,N/A,N/A,1763720982299663.470	,109.771,373.708,0,0,N/A,N/A,N/A,N/A,N/A,N/A,N/A,N/A
0,4294967295,1272,1,AsStrided315,N/A,N/A,N/A,1763720982785893.512	,16.667,486120.271,0,0,N/A,N/A,N/A,N/A,N/A,N/A,N/A,N/A
0,4294967295,1274,1,trans_TransData_55,N/A,N/A,N/A,1763720982786287.241	,102.729,377.062,0,0,N/A,N/A,N/A,N/A,N/A,N/A,N/A,N/A
0,4294967295,1275,1,AsStrided316,N/A,N/A,N/A,1763720983247773.886	,16.354,461383.917,0,0,N/A,N/A,N/A,N/A,N/A,N/A,N/A,N/A
0,4294967295,1277,1,trans_TransData_55,N/A,N/A,N/A,1763720983248059.657	,108.167,269.417,0,0,N/A,N/A,N/A,N/A,N/A,N/A,N/A,N/A
0,4294967295,1278,1,AsStrided317,N/A,N/A,N/A,1763720983759504.636	,16.562,511336.812,0,0,N/A,N/A,N/A,N/A,N/A,N/A,N/A,N/A
0,4294967295,1280,1,trans_TransData_55,N/A,N/A,N/A,1763720983759743.157	,120.292,221.958,0,0,N/A,N/A,N/A,N/A,N/A,N/A,N/A,N/A
0,4294967295,1281,1,AsStrided318,N/A,N/A,N/A,1763720984227232.782	,16.146,467369.333,0,0,N/A,N/A,N/A,N/A,N/A,N/A,N/A,N/A
0,4294967295,1283,1,trans_TransData_55,N/A,N/A,N/A,1763720984227591.053	,93.125,342.125,0,0,N/A,N/A,N/A,N/A,N/A,N/A,N/A,N/A
0,4294967295,1284,1,AsStrided319,N/A,N/A,N/A,1763720984671190.616	,16.583,443506.438,0,0,N/A,N/A,N/A,N/A,N/A,N/A,N/A,N/A
0,4294967295,1286,1,trans_TransData_55,N/A,N/A,N/A,1763720984671592.491	,110.083,385.292,0,0,N/A,N/A,N/A,N/A,N/A,N/A,N/A,N/A
0,4294967295,1287,1,AsStrided320,N/A,N/A,N/A,1763720985132650.470	,16.188,460947.896,0,0,N/A,N/A,N/A,N/A,N/A,N/A,N/A,N/A
0,4294967295,1289,1,trans_TransData_55,N/A,N/A,N/A,1763720985132899.678	,93.062,233.021,0,0,N/A,N/A,N/A,N/A,N/A,N/A,N/A,N/A
0,4294967295,1290,1,AsStrided321,N/A,N/A,N/A,1763720985626381.262	,16.229,493388.521,0,0,N/A,N/A,N/A,N/A,N/A,N/A,N/A,N/A
0,4294967295,1292,1,trans_TransData_55,N/A,N/A,N/A,1763720985626670.324	,118.958,272.833,0,0,N/A,N/A,N/A,N/A,N/A,N/A,N/A,N/A
0,4294967295,1293,1,AsStrided322,N/A,N/A,N/A,1763720986100026.449	,16.5,473237.167,0,0,N/A,N/A,N/A,N/A,N/A,N/A,N/A,N/A
0,4294967295,1295,1,trans_TransData_55,N/A,N/A,N/A,1763720986100278.741	,79.875,235.792,0,0,N/A,N/A,N/A,N/A,N/A,N/A,N/A,N/A
0,4294967295,1296,1,AsStrided323,N/A,N/A,N/A,1763720986599174.720	,16.667,498816.104,0,0,N/A,N/A,N/A,N/A,N/A,N/A,N/A,N/A
0,4294967295,1298,1,trans_TransData_55,N/A,N/A,N/A,1763720986599461.636	,113.312,270.25,0,0,N/A,N/A,N/A,N/A,N/A,N/A,N/A,N/A
0,4294967295,1299,1,AsStrided324,N/A,N/A,N/A,1763720987082864.803	,16.5,483289.854,0,0,N/A,N/A,N/A,N/A,N/A,N/A,N/A,N/A
0,4294967295,1301,1,trans_TransData_55,N/A,N/A,N/A,1763720987083155.136	,95.688,273.833,0,0,N/A,N/A,N/A,N/A,N/A,N/A,N/A,N/A
0,4294967295,1302,1,AsStrided325,N/A,N/A,N/A,1763720987541518.324	,16.104,458267.5,0,0,N/A,N/A,N/A,N/A,N/A,N/A,N/A,N/A
0,4294967295,1304,1,trans_TransData_55,N/A,N/A,N/A,1763720987541799.824	,106.104,265.396,0,0,N/A,N/A,N/A,N/A,N/A,N/A,N/A,N/A
0,4294967295,1305,1,AsStrided326,N/A,N/A,N/A,1763720988028487.074	,16.646,486581.146,0,0,N/A,N/A,N/A,N/A,N/A,N/A,N/A,N/A
0,4294967295,1307,1,trans_TransData_55,N/A,N/A,N/A,1763720988028799.449	,89.438,295.729,0,0,N/A,N/A,N/A,N/A,N/A,N/A,N/A,N/A
0,4294967295,1308,1,AsStrided327,N/A,N/A,N/A,1763720988484531.032	,16.521,455642.146,0,0,N/A,N/A,N/A,N/A,N/A,N/A,N/A,N/A
0,4294967295,1310,1,trans_TransData_55,N/A,N/A,N/A,1763720988484785.282	,110.938,237.729,0,0,N/A,N/A,N/A,N/A,N/A,N/A,N/A,N/A
0,4294967295,1311,1,AsStrided328,N/A,N/A,N/A,1763720988942830.178	,16.542,457933.958,0,0,N/A,N/A,N/A,N/A,N/A,N/A,N/A,N/A
0,4294967295,1313,1,trans_TransData_55,N/A,N/A,N/A,1763720988946225.512	,111.396,3378.792,0,0,N/A,N/A,N/A,N/A,N/A,N/A,N/A,N/A
0,4294967295,1314,1,AsStrided329,N/A,N/A,N/A,1763720989422980.136	,16.083,476643.229,0,0,N/A,N/A,N/A,N/A,N/A,N/A,N/A,N/A
0,4294967295,1316,1,trans_TransData_55,N/A,N/A,N/A,1763720989424551.095	,85.688,1554.875,0,0,N/A,N/A,N/A,N/A,N/A,N/A,N/A,N/A
0,4294967295,1317,1,AsStrided330,N/A,N/A,N/A,1763720989882980.116	,16.646,458343.333,0,0,N/A,N/A,N/A,N/A,N/A,N/A,N/A,N/A
0,4294967295,1319,1,trans_TransData_55,N/A,N/A,N/A,1763720989883245.491	,95.271,248.729,0,0,N/A,N/A,N/A,N/A,N/A,N/A,N/A,N/A
0,4294967295,1320,1,AsStrided331,N/A,N/A,N/A,1763720990360254.262	,16.188,476913.5,0,0,N/A,N/A,N/A,N/A,N/A,N/A,N/A,N/A
0,4294967295,1322,1,trans_TransData_55,N/A,N/A,N/A,1763720990360536.136	,107.729,265.688,0,0,N/A,N/A,N/A,N/A,N/A,N/A,N/A,N/A
0,4294967295,1323,1,AsStrided332,N/A,N/A,N/A,1763720990819502.512	,16.438,458858.646,0,0,N/A,N/A,N/A,N/A,N/A,N/A,N/A,N/A
0,4294967295,1325,1,trans_TransData_55,N/A,N/A,N/A,1763720990819736.262	,129.688,217.312,0,0,N/A,N/A,N/A,N/A,N/A,N/A,N/A,N/A
0,4294967295,1326,1,AsStrided333,N/A,N/A,N/A,1763720991298991.491	,16.479,479125.542,0,0,N/A,N/A,N/A,N/A,N/A,N/A,N/A,N/A
0,4294967295,1328,1,trans_TransData_55,N/A,N/A,N/A,1763720991299264.824	,97.271,256.854,0,0,N/A,N/A,N/A,N/A,N/A,N/A,N/A,N/A
0,4294967295,1329,1,AsStrided334,N/A,N/A,N/A,1763720991759377.574	,16.271,460015.479,0,0,N/A,N/A,N/A,N/A,N/A,N/A,N/A,N/A
0,4294967295,1331,1,trans_TransData_55,N/A,N/A,N/A,1763720991759618.303	,98.167,224.458,0,0,N/A,N/A,N/A,N/A,N/A,N/A,N/A,N/A
0,4294967295,1332,1,AsStrided335,N/A,N/A,N/A,1763720992219546.782	,16.625,459830.312,0,0,N/A,N/A,N/A,N/A,N/A,N/A,N/A,N/A
0,4294967295,1334,1,trans_TransData_55,N/A,N/A,N/A,1763720992219795.032	,92.438,231.625,0,0,N/A,N/A,N/A,N/A,N/A,N/A,N/A,N/A
0,4294967295,1335,1,AsStrided336,N/A,N/A,N/A,1763720992698523.553	,16.312,478636.083,0,0,N/A,N/A,N/A,N/A,N/A,N/A,N/A,N/A
0,4294967295,1337,1,trans_TransData_55,N/A,N/A,N/A,1763720992698796.053	,99.521,256.188,0,0,N/A,N/A,N/A,N/A,N/A,N/A,N/A,N/A
0,4294967295,1338,1,AsStrided337,N/A,N/A,N/A,1763720993150822.157	,16.25,451926.583,0,0,N/A,N/A,N/A,N/A,N/A,N/A,N/A,N/A
0,4294967295,1340,1,trans_TransData_55,N/A,N/A,N/A,1763720993151565.157	,100.083,726.75,0,0,N/A,N/A,N/A,N/A,N/A,N/A,N/A,N/A
0,4294967295,1341,1,AsStrided338,N/A,N/A,N/A,1763720993631575.407	,16.438,479910.167,0,0,N/A,N/A,N/A,N/A,N/A,N/A,N/A,N/A
0,4294967295,1343,1,trans_TransData_55,N/A,N/A,N/A,1763720993631884.532	,95.667,292.688,0,0,N/A,N/A,N/A,N/A,N/A,N/A,N/A,N/A
0,4294967295,1344,1,AsStrided339,N/A,N/A,N/A,1763720994094595.095	,16.479,462614.896,0,0,N/A,N/A,N/A,N/A,N/A,N/A,N/A,N/A
0,4294967295,1346,1,trans_TransData_55,N/A,N/A,N/A,1763720994094839.532	,113.479,227.958,0,0,N/A,N/A,N/A,N/A,N/A,N/A,N/A,N/A
0,4294967295,1347,1,AsStrided340,N/A,N/A,N/A,1763720994557746.074	,16.458,462793.062,0,0,N/A,N/A,N/A,N/A,N/A,N/A,N/A,N/A
0,4294967295,1349,1,trans_TransData_55,N/A,N/A,N/A,1763720994558005.178	,97.792,242.646,0,0,N/A,N/A,N/A,N/A,N/A,N/A,N/A,N/A
0,4294967295,1350,1,AsStrided341,N/A,N/A,N/A,1763720995008236.282	,16.542,450133.312,0,0,N/A,N/A,N/A,N/A,N/A,N/A,N/A,N/A
0,4294967295,1352,1,trans_TransData_55,N/A,N/A,N/A,1763720995008489.824	,93.75,237.0,0,0,N/A,N/A,N/A,N/A,N/A,N/A,N/A,N/A
0,4294967295,1353,1,AsStrided342,N/A,N/A,N/A,1763720995492863.345	,16.479,484279.771,0,0,N/A,N/A,N/A,N/A,N/A,N/A,N/A,N/A
0,4294967295,1355,1,trans_TransData_55,N/A,N/A,N/A,1763720995493123.241	,97.562,243.417,0,0,N/A,N/A,N/A,N/A,N/A,N/A,N/A,N/A
0,4294967295,1356,1,AsStrided343,N/A,N/A,N/A,1763720995956427.907	,16.479,463207.104,0,0,N/A,N/A,N/A,N/A,N/A,N/A,N/A,N/A
0,4294967295,1358,1,trans_TransData_55,N/A,N/A,N/A,1763720995956677.762	,95.208,233.375,0,0,N/A,N/A,N/A,N/A,N/A,N/A,N/A,N/A
0,4294967295,1359,1,AsStrided344,N/A,N/A,N/A,1763720996445931.532	,16.417,489158.562,0,0,N/A,N/A,N/A,N/A,N/A,N/A,N/A,N/A
0,4294967295,1361,1,trans_TransData_55,N/A,N/A,N/A,1763720996446319.886	,109.792,371.938,0,0,N/A,N/A,N/A,N/A,N/A,N/A,N/A,N/A
0,4294967295,1362,1,AsStrided345,N/A,N/A,N/A,1763720996922941.262	,17.104,476511.583,0,0,N/A,N/A,N/A,N/A,N/A,N/A,N/A,N/A
0,4294967295,1364,1,trans_TransData_55,N/A,N/A,N/A,1763720996923246.220	,97.312,287.854,0,0,N/A,N/A,N/A,N/A,N/A,N/A,N/A,N/A
0,4294967295,1365,1,AsStrided346,N/A,N/A,N/A,1763720997378655.824	,16.208,455312.292,0,0,N/A,N/A,N/A,N/A,N/A,N/A,N/A,N/A
0,4294967295,1367,1,trans_TransData_55,N/A,N/A,N/A,1763720997378946.032	,125.542,274.0,0,0,N/A,N/A,N/A,N/A,N/A,N/A,N/A,N/A
0,4294967295,1368,1,AsStrided347,N/A,N/A,N/A,1763720997839583.470	,15.854,460511.896,0,0,N/A,N/A,N/A,N/A,N/A,N/A,N/A,N/A
0,4294967295,1370,1,trans_TransData_55,N/A,N/A,N/A,1763720997839834.512	,82.333,235.188,0,0,N/A,N/A,N/A,N/A,N/A,N/A,N/A,N/A
0,4294967295,1371,1,AsStrided348,N/A,N/A,N/A,1763720998330530.532	,16.083,490613.688,0,0,N/A,N/A,N/A,N/A,N/A,N/A,N/A,N/A
0,4294967295,1373,1,trans_TransData_55,N/A,N/A,N/A,1763720998330783.574	,121.812,236.958,0,0,N/A,N/A,N/A,N/A,N/A,N/A,N/A,N/A
0,4294967295,1374,1,AsStrided349,N/A,N/A,N/A,1763720998812844.699	,16.146,481939.312,0,0,N/A,N/A,N/A,N/A,N/A,N/A,N/A,N/A
0,4294967295,1376,1,trans_TransData_55,N/A,N/A,N/A,1763720998813076.532	,110.917,215.688,0,0,N/A,N/A,N/A,N/A,N/A,N/A,N/A,N/A
0,4294967295,1377,1,AsStrided350,N/A,N/A,N/A,1763720999285328.074	,16.292,472140.625,0,0,N/A,N/A,N/A,N/A,N/A,N/A,N/A,N/A
0,4294967295,1379,1,trans_TransData_55,N/A,N/A,N/A,1763720999285594.762	,109.375,250.396,0,0,N/A,N/A,N/A,N/A,N/A,N/A,N/A,N/A
0,4294967295,1380,1,AsStrided351,N/A,N/A,N/A,1763720999740280.512	,16.396,454576.375,0,0,N/A,N/A,N/A,N/A,N/A,N/A,N/A,N/A
0,4294967295,1382,1,trans_TransData_55,N/A,N/A,N/A,1763720999740548.220	,110.354,251.312,0,0,N/A,N/A,N/A,N/A,N/A,N/A,N/A,N/A
0,4294967295,1383,1,AsStrided352,N/A,N/A,N/A,1763721000201985.053	,16.208,461326.479,0,0,N/A,N/A,N/A,N/A,N/A,N/A,N/A,N/A
0,4294967295,1385,1,trans_TransData_55,N/A,N/A,N/A,1763721000202235.595	,111.188,234.333,0,0,N/A,N/A,N/A,N/A,N/A,N/A,N/A,N/A
0,4294967295,1386,1,AsStrided353,N/A,N/A,N/A,1763721000694598.407	,16.229,492251.625,0,0,N/A,N/A,N/A,N/A,N/A,N/A,N/A,N/A
0,4294967295,1388,1,trans_TransData_55,N/A,N/A,N/A,1763721000694845.636	,106.25,231.0,0,0,N/A,N/A,N/A,N/A,N/A,N/A,N/A,N/A
0,4294967295,1389,1,AsStrided354,N/A,N/A,N/A,1763721001165105.532	,16.312,470153.646,0,0,N/A,N/A,N/A,N/A,N/A,N/A,N/A,N/A
0,4294967295,1391,1,trans_TransData_55,N/A,N/A,N/A,1763721001165441.845	,105.458,320.0,0,0,N/A,N/A,N/A,N/A,N/A,N/A,N/A,N/A
0,4294967295,1392,1,AsStrided355,N/A,N/A,N/A,1763721001644785.616	,16.188,479238.312,0,0,N/A,N/A,N/A,N/A,N/A,N/A,N/A,N/A
0,4294967295,1394,1,trans_TransData_55,N/A,N/A,N/A,1763721001645023.491	,93.167,221.688,0,0,N/A,N/A,N/A,N/A,N/A,N/A,N/A,N/A
0,4294967295,1395,1,AsStrided356,N/A,N/A,N/A,1763721002134724.407	,16.104,489607.75,0,0,N/A,N/A,N/A,N/A,N/A,N/A,N/A,N/A
0,4294967295,1397,1,trans_TransData_55,N/A,N/A,N/A,1763721002135067.053	,130.792,326.542,0,0,N/A,N/A,N/A,N/A,N/A,N/A,N/A,N/A
0,4294967295,1398,1,AsStrided357,N/A,N/A,N/A,1763721002621832.491	,16.292,486634.646,0,0,N/A,N/A,N/A,N/A,N/A,N/A,N/A,N/A
0,4294967295,1400,1,trans_TransData_55,N/A,N/A,N/A,1763721002622084.512	,110.333,235.729,0,0,N/A,N/A,N/A,N/A,N/A,N/A,N/A,N/A
0,4294967295,1401,1,AsStrided358,N/A,N/A,N/A,1763721003097630.386	,16.042,475435.542,0,0,N/A,N/A,N/A,N/A,N/A,N/A,N/A,N/A
0,4294967295,1403,1,trans_TransData_55,N/A,N/A,N/A,1763721003097864.220	,104.583,217.792,0,0,N/A,N/A,N/A,N/A,N/A,N/A,N/A,N/A
0,4294967295,1404,1,AsStrided359,N/A,N/A,N/A,1763721003606048.991	,16.417,508080.188,0,0,N/A,N/A,N/A,N/A,N/A,N/A,N/A,N/A
0,4294967295,1406,1,trans_TransData_55,N/A,N/A,N/A,1763721003606278.241	,112.438,212.833,0,0,N/A,N/A,N/A,N/A,N/A,N/A,N/A,N/A
0,4294967295,1407,1,AsStrided360,N/A,N/A,N/A,1763721004079491.803	,16.146,473101.125,0,0,N/A,N/A,N/A,N/A,N/A,N/A,N/A,N/A
0,4294967295,1409,1,trans_TransData_55,N/A,N/A,N/A,1763721004079763.136	,100.938,255.188,0,0,N/A,N/A,N/A,N/A,N/A,N/A,N/A,N/A
0,4294967295,1410,1,AsStrided361,N/A,N/A,N/A,1763721004536387.720	,15.833,456523.646,0,0,N/A,N/A,N/A,N/A,N/A,N/A,N/A,N/A
0,4294967295,1412,1,trans_TransData_55,N/A,N/A,N/A,1763721004536663.928	,94.833,260.375,0,0,N/A,N/A,N/A,N/A,N/A,N/A,N/A,N/A
0,4294967295,1413,1,AsStrided362,N/A,N/A,N/A,1763721004985123.157	,16.417,448364.396,0,0,N/A,N/A,N/A,N/A,N/A,N/A,N/A,N/A
0,4294967295,1415,1,trans_TransData_55,N/A,N/A,N/A,1763721004985391.282	,125.417,251.708,0,0,N/A,N/A,N/A,N/A,N/A,N/A,N/A,N/A
0,4294967295,1416,1,AsStrided363,N/A,N/A,N/A,1763721005451910.407	,16.188,466393.708,0,0,N/A,N/A,N/A,N/A,N/A,N/A,N/A,N/A
0,4294967295,1418,1,trans_TransData_55,N/A,N/A,N/A,1763721005452169.136	,109.625,242.542,0,0,N/A,N/A,N/A,N/A,N/A,N/A,N/A,N/A
0,4294967295,1419,1,AsStrided364,N/A,N/A,N/A,1763721005893970.803	,16.229,441692.042,0,0,N/A,N/A,N/A,N/A,N/A,N/A,N/A,N/A
0,4294967295,1421,1,trans_TransData_55,N/A,N/A,N/A,1763721005894230.657	,127.792,243.625,0,0,N/A,N/A,N/A,N/A,N/A,N/A,N/A,N/A
0,4294967295,1422,1,AsStrided365,N/A,N/A,N/A,1763721006341273.762	,16.312,446915.312,0,0,N/A,N/A,N/A,N/A,N/A,N/A,N/A,N/A
0,4294967295,1424,1,trans_TransData_55,N/A,N/A,N/A,1763721006341502.907	,110.354,212.833,0,0,N/A,N/A,N/A,N/A,N/A,N/A,N/A,N/A
0,4294967295,1425,1,AsStrided366,N/A,N/A,N/A,1763721006810847.512	,16.292,469234.25,0,0,N/A,N/A,N/A,N/A,N/A,N/A,N/A,N/A
0,4294967295,1427,1,trans_TransData_55,N/A,N/A,N/A,1763721006811240.970	,114.771,377.167,0,0,N/A,N/A,N/A,N/A,N/A,N/A,N/A,N/A
0,4294967295,1428,1,AsStrided367,N/A,N/A,N/A,1763721007278875.512	,16.312,467519.771,0,0,N/A,N/A,N/A,N/A,N/A,N/A,N/A,N/A
0,4294967295,1430,1,trans_TransData_55,N/A,N/A,N/A,1763721007279235.178	,107.125,343.354,0,0,N/A,N/A,N/A,N/A,N/A,N/A,N/A,N/A
0,4294967295,1431,1,AsStrided368,N/A,N/A,N/A,1763721007767545.428	,16.125,488203.125,0,0,N/A,N/A,N/A,N/A,N/A,N/A,N/A,N/A
0,4294967295,1433,1,trans_TransData_55,N/A,N/A,N/A,1763721007767816.262	,122.354,254.708,0,0,N/A,N/A,N/A,N/A,N/A,N/A,N/A,N/A
0,4294967295,1434,1,AsStrided369,N/A,N/A,N/A,1763721008220464.095	,16.583,452525.479,0,0,N/A,N/A,N/A,N/A,N/A,N/A,N/A,N/A
0,4294967295,1436,1,trans_TransData_55,N/A,N/A,N/A,1763721008220709.907	,111.562,229.229,0,0,N/A,N/A,N/A,N/A,N/A,N/A,N/A,N/A
0,4294967295,1437,1,AsStrided370,N/A,N/A,N/A,1763721008706283.616	,16.688,485462.146,0,0,N/A,N/A,N/A,N/A,N/A,N/A,N/A,N/A
0,4294967295,1439,1,trans_TransData_55,N/A,N/A,N/A,1763721008706532.741	,115.271,232.438,0,0,N/A,N/A,N/A,N/A,N/A,N/A,N/A,N/A
0,4294967295,1440,1,AsStrided371,N/A,N/A,N/A,1763721009166591.282	,16.25,459943.271,0,0,N/A,N/A,N/A,N/A,N/A,N/A,N/A,N/A
0,4294967295,1442,1,trans_TransData_55,N/A,N/A,N/A,1763721009166851.991	,85.021,244.458,0,0,N/A,N/A,N/A,N/A,N/A,N/A,N/A,N/A
0,4294967295,1443,1,AsStrided372,N/A,N/A,N/A,1763721009621315.782	,16.396,454378.771,0,0,N/A,N/A,N/A,N/A,N/A,N/A,N/A,N/A
0,4294967295,1445,1,trans_TransData_55,N/A,N/A,N/A,1763721009621573.262	,93.667,241.083,0,0,N/A,N/A,N/A,N/A,N/A,N/A,N/A,N/A
0,4294967295,1446,1,AsStrided373,N/A,N/A,N/A,1763721010092617.386	,16.125,470950.458,0,0,N/A,N/A,N/A,N/A,N/A,N/A,N/A,N/A
0,4294967295,1448,1,trans_TransData_55,N/A,N/A,N/A,1763721010092861.491	,92.729,227.979,0,0,N/A,N/A,N/A,N/A,N/A,N/A,N/A,N/A
0,4294967295,1449,1,AsStrided374,N/A,N/A,N/A,1763721010559403.595	,16.271,466449.375,0,0,N/A,N/A,N/A,N/A,N/A,N/A,N/A,N/A
0,4294967295,1451,1,trans_TransData_55,N/A,N/A,N/A,1763721010559661.053	,102.292,241.188,0,0,N/A,N/A,N/A,N/A,N/A,N/A,N/A,N/A
0,4294967295,1452,1,AsStrided375,N/A,N/A,N/A,1763721011027608.845	,16.104,467845.5,0,0,N/A,N/A,N/A,N/A,N/A,N/A,N/A,N/A
0,4294967295,1454,1,trans_TransData_55,N/A,N/A,N/A,1763721011027865.053	,84.396,240.104,0,0,N/A,N/A,N/A,N/A,N/A,N/A,N/A,N/A
0,4294967295,1455,1,AsStrided376,N/A,N/A,N/A,1763721011488638.178	,16.292,460688.729,0,0,N/A,N/A,N/A,N/A,N/A,N/A,N/A,N/A
0,4294967295,1457,1,trans_TransData_55,N/A,N/A,N/A,1763721011488912.678	,82.833,258.208,0,0,N/A,N/A,N/A,N/A,N/A,N/A,N/A,N/A
0,4294967295,1458,1,AsStrided377,N/A,N/A,N/A,1763721011937321.136	,16.167,448325.625,0,0,N/A,N/A,N/A,N/A,N/A,N/A,N/A,N/A
0,4294967295,1460,1,trans_TransData_55,N/A,N/A,N/A,1763721011937565.282	,100.083,227.979,0,0,N/A,N/A,N/A,N/A,N/A,N/A,N/A,N/A
0,4294967295,1461,1,AsStrided378,N/A,N/A,N/A,1763721012420557.886	,16.396,482892.521,0,0,N/A,N/A,N/A,N/A,N/A,N/A,N/A,N/A
0,4294967295,1463,1,trans_TransData_55,N/A,N/A,N/A,1763721012420828.074	,112.0,253.792,0,0,N/A,N/A,N/A,N/A,N/A,N/A,N/A,N/A
0,4294967295,1464,1,AsStrided379,N/A,N/A,N/A,1763721012927585.512	,16.021,506645.438,0,0,N/A,N/A,N/A,N/A,N/A,N/A,N/A,N/A
0,4294967295,1466,1,trans_TransData_55,N/A,N/A,N/A,1763721012927841.824	,93.667,240.292,0,0,N/A,N/A,N/A,N/A,N/A,N/A,N/A,N/A
0,4294967295,1467,1,AsStrided380,N/A,N/A,N/A,1763721013386186.991	,15.979,458251.5,0,0,N/A,N/A,N/A,N/A,N/A,N/A,N/A,N/A
0,4294967295,1469,1,trans_TransData_55,N/A,N/A,N/A,1763721013386460.762	,107.604,257.792,0,0,N/A,N/A,N/A,N/A,N/A,N/A,N/A,N/A
0,4294967295,1470,1,AsStrided381,N/A,N/A,N/A,1763721013861190.970	,16.312,474622.604,0,0,N/A,N/A,N/A,N/A,N/A,N/A,N/A,N/A
0,4294967295,1472,1,trans_TransData_55,N/A,N/A,N/A,1763721013861450.220	,88.104,242.938,0,0,N/A,N/A,N/A,N/A,N/A,N/A,N/A,N/A
0,4294967295,1473,1,AsStrided382,N/A,N/A,N/A,1763721014320417.157	,16.458,458878.833,0,0,N/A,N/A,N/A,N/A,N/A,N/A,N/A,N/A
0,4294967295,1475,1,trans_TransData_55,N/A,N/A,N/A,1763721014320657.199	,104.708,223.583,0,0,N/A,N/A,N/A,N/A,N/A,N/A,N/A,N/A
0,4294967295,1476,1,AsStrided383,N/A,N/A,N/A,1763721014780745.470	,16.25,459983.562,0,0,N/A,N/A,N/A,N/A,N/A,N/A,N/A,N/A
0,4294967295,1478,1,trans_TransData_55,N/A,N/A,N/A,1763721014780969.136	,94.812,207.417,0,0,N/A,N/A,N/A,N/A,N/A,N/A,N/A,N/A
0,4294967295,1479,1,AsStrided384,N/A,N/A,N/A,1763721015261130.032	,16.271,480066.083,0,0,N/A,N/A,N/A,N/A,N/A,N/A,N/A,N/A
0,4294967295,1481,1,trans_TransData_55,N/A,N/A,N/A,1763721015261756.907	,89.938,610.604,0,0,N/A,N/A,N/A,N/A,N/A,N/A,N/A,N/A
0,4294967295,1482,1,AsStrided385,N/A,N/A,N/A,1763721015779608.512	,16.146,517761.667,0,0,N/A,N/A,N/A,N/A,N/A,N/A,N/A,N/A
0,4294967295,1484,1,trans_TransData_55,N/A,N/A,N/A,1763721015779841.762	,108.771,217.104,0,0,N/A,N/A,N/A,N/A,N/A,N/A,N/A,N/A
0,4294967295,1485,1,AsStrided386,N/A,N/A,N/A,1763721016252109.012	,16.083,472158.479,0,0,N/A,N/A,N/A,N/A,N/A,N/A,N/A,N/A
0,4294967295,1487,1,trans_TransData_55,N/A,N/A,N/A,1763721016252379.324	,121.125,254.229,0,0,N/A,N/A,N/A,N/A,N/A,N/A,N/A,N/A
0,4294967295,1488,1,AsStrided387,N/A,N/A,N/A,1763721016702987.345	,16.417,450486.896,0,0,N/A,N/A,N/A,N/A,N/A,N/A,N/A,N/A
0,4294967295,1490,1,trans_TransData_55,N/A,N/A,N/A,1763721016703269.074	,84.417,265.312,0,0,N/A,N/A,N/A,N/A,N/A,N/A,N/A,N/A
0,4294967295,1491,1,AsStrided388,N/A,N/A,N/A,1763721017169785.741	,16.333,466432.25,0,0,N/A,N/A,N/A,N/A,N/A,N/A,N/A,N/A
0,4294967295,1493,1,trans_TransData_55,N/A,N/A,N/A,1763721017170235.136	,109.125,433.062,0,0,N/A,N/A,N/A,N/A,N/A,N/A,N/A,N/A
0,4294967295,1494,1,AsStrided389,N/A,N/A,N/A,1763721017627191.303	,15.917,456847.042,0,0,N/A,N/A,N/A,N/A,N/A,N/A,N/A,N/A
0,4294967295,1496,1,trans_TransData_55,N/A,N/A,N/A,1763721017627562.116	,96.375,354.896,0,0,N/A,N/A,N/A,N/A,N/A,N/A,N/A,N/A
0,4294967295,1497,1,AsStrided390,N/A,N/A,N/A,1763721018099409.095	,15.917,471750.604,0,0,N/A,N/A,N/A,N/A,N/A,N/A,N/A,N/A
0,4294967295,1499,1,trans_TransData_55,N/A,N/A,N/A,1763721018099690.074	,104.417,265.062,0,0,N/A,N/A,N/A,N/A,N/A,N/A,N/A,N/A
0,4294967295,1500,1,AsStrided391,N/A,N/A,N/A,1763721018578508.407	,16.25,478713.917,0,0,N/A,N/A,N/A,N/A,N/A,N/A,N/A,N/A
0,4294967295,1502,1,trans_TransData_55,N/A,N/A,N/A,1763721018578806.532	,98.729,281.875,0,0,N/A,N/A,N/A,N/A,N/A,N/A,N/A,N/A
0,4294967295,1503,1,AsStrided392,N/A,N/A,N/A,1763721019044006.636	,16.062,465101.375,0,0,N/A,N/A,N/A,N/A,N/A,N/A,N/A,N/A
0,4294967295,1505,1,trans_TransData_55,N/A,N/A,N/A,1763721019044262.699	,95.875,240.0,0,0,N/A,N/A,N/A,N/A,N/A,N/A,N/A,N/A
0,4294967295,1506,1,AsStrided393,N/A,N/A,N/A,1763721019498875.095	,16.104,454516.521,0,0,N/A,N/A,N/A,N/A,N/A,N/A,N/A,N/A
0,4294967295,1508,1,trans_TransData_55,N/A,N/A,N/A,1763721019499229.303	,106.562,338.104,0,0,N/A,N/A,N/A,N/A,N/A,N/A,N/A,N/A
0,4294967295,1509,1,AsStrided394,N/A,N/A,N/A,1763721019976609.845	,16.333,477273.979,0,0,N/A,N/A,N/A,N/A,N/A,N/A,N/A,N/A
0,4294967295,1511,1,trans_TransData_55,N/A,N/A,N/A,1763721019976856.928	,113.708,230.75,0,0,N/A,N/A,N/A,N/A,N/A,N/A,N/A,N/A
0,4294967295,1512,1,AsStrided395,N/A,N/A,N/A,1763721020459017.970	,16.396,482047.333,0,0,N/A,N/A,N/A,N/A,N/A,N/A,N/A,N/A
0,4294967295,1514,1,trans_TransData_55,N/A,N/A,N/A,1763721020459193.470	,120.542,159.104,0,0,N/A,N/A,N/A,N/A,N/A,N/A,N/A,N/A
0,4294967295,1515,1,AsStrided396,N/A,N/A,N/A,1763721020918336.720	,16.375,459022.708,0,0,N/A,N/A,N/A,N/A,N/A,N/A,N/A,N/A
0,4294967295,1517,1,trans_TransData_55,N/A,N/A,N/A,1763721020918615.762	,118.688,262.667,0,0,N/A,N/A,N/A,N/A,N/A,N/A,N/A,N/A
0,4294967295,1518,1,AsStrided397,N/A,N/A,N/A,1763721021377933.762	,16.188,459199.312,0,0,N/A,N/A,N/A,N/A,N/A,N/A,N/A,N/A
0,4294967295,1520,1,trans_TransData_55,N/A,N/A,N/A,1763721021378155.657	,104.312,205.708,0,0,N/A,N/A,N/A,N/A,N/A,N/A,N/A,N/A
0,4294967295,1521,1,AsStrided398,N/A,N/A,N/A,1763721021898751.928	,16.438,520491.958,0,0,N/A,N/A,N/A,N/A,N/A,N/A,N/A,N/A
0,4294967295,1523,1,trans_TransData_55,N/A,N/A,N/A,1763721021899091.136	,120.062,322.771,0,0,N/A,N/A,N/A,N/A,N/A,N/A,N/A,N/A
0,4294967295,1524,1,AsStrided399,N/A,N/A,N/A,1763721022380016.907	,16.292,480805.708,0,0,N/A,N/A,N/A,N/A,N/A,N/A,N/A,N/A
0,4294967295,1526,1,trans_TransData_55,N/A,N/A,N/A,1763721022380256.553	,97.104,223.354,0,0,N/A,N/A,N/A,N/A,N/A,N/A,N/A,N/A
0,4294967295,1527,1,AsStrided400,N/A,N/A,N/A,1763721022847073.428	,16.208,466719.771,0,0,N/A,N/A,N/A,N/A,N/A,N/A,N/A,N/A
0,4294967295,1529,1,trans_TransData_55,N/A,N/A,N/A,1763721022847322.178	,115.25,232.542,0,0,N/A,N/A,N/A,N/A,N/A,N/A,N/A,N/A
0,4294967295,1530,1,AsStrided401,N/A,N/A,N/A,1763721023297041.178	,16.229,449603.75,0,0,N/A,N/A,N/A,N/A,N/A,N/A,N/A,N/A
0,4294967295,1532,1,trans_TransData_55,N/A,N/A,N/A,1763721023297321.220	,112.479,263.812,0,0,N/A,N/A,N/A,N/A,N/A,N/A,N/A,N/A
0,4294967295,1533,1,AsStrided402,N/A,N/A,N/A,1763721023808470.657	,15.854,511036.958,0,0,N/A,N/A,N/A,N/A,N/A,N/A,N/A,N/A
0,4294967295,1535,1,trans_TransData_55,N/A,N/A,N/A,1763721023808735.970	,125.354,249.458,0,0,N/A,N/A,N/A,N/A,N/A,N/A,N/A,N/A
0,4294967295,1536,1,AsStrided403,N/A,N/A,N/A,1763721024308110.907	,16.042,499249.583,0,0,N/A,N/A,N/A,N/A,N/A,N/A,N/A,N/A
0,4294967295,1538,1,trans_TransData_55,N/A,N/A,N/A,1763721024308402.053	,103.229,275.104,0,0,N/A,N/A,N/A,N/A,N/A,N/A,N/A,N/A
0,4294967295,1539,1,AsStrided404,N/A,N/A,N/A,1763721024777557.512	,16.354,469052.229,0,0,N/A,N/A,N/A,N/A,N/A,N/A,N/A,N/A
0,4294967295,1541,1,trans_TransData_55,N/A,N/A,N/A,1763721024777789.907	,110.854,216.042,0,0,N/A,N/A,N/A,N/A,N/A,N/A,N/A,N/A
0,4294967295,1542,1,AsStrided405,N/A,N/A,N/A,1763721025248700.241	,16.646,470799.479,0,0,N/A,N/A,N/A,N/A,N/A,N/A,N/A,N/A
0,4294967295,1544,1,trans_TransData_55,N/A,N/A,N/A,1763721025248950.428	,123.188,233.542,0,0,N/A,N/A,N/A,N/A,N/A,N/A,N/A,N/A
0,4294967295,1545,1,AsStrided406,N/A,N/A,N/A,1763721025696570.636	,16.104,447497.021,0,0,N/A,N/A,N/A,N/A,N/A,N/A,N/A,N/A
0,4294967295,1547,1,trans_TransData_55,N/A,N/A,N/A,1763721025696827.657	,103.708,240.917,0,0,N/A,N/A,N/A,N/A,N/A,N/A,N/A,N/A
0,4294967295,1548,1,AsStrided106,N/A,N/A,N/A,1763721025696931.449	,14.5,0.083,0,0,N/A,N/A,N/A,N/A,N/A,N/A,N/A,N/A
0,4294967295,1550,1,trans_TransData_55,N/A,N/A,N/A,1763721025696976.720	,98.0,30.771,0,0,N/A,N/A,N/A,N/A,N/A,N/A,N/A,N/A
0,4294967295,1551,1,AsStrided108,N/A,N/A,N/A,1763721025697074.803	,14.167,0.083,0,0,N/A,N/A,N/A,N/A,N/A,N/A,N/A,N/A
0,4294967295,1553,1,trans_TransData_55,N/A,N/A,N/A,1763721025697125.178	,123.229,36.208,0,0,N/A,N/A,N/A,N/A,N/A,N/A,N/A,N/A
0,4294967295,1554,1,AsStrided109,N/A,N/A,N/A,1763721025697248.491	,14.833,0.083,0,0,N/A,N/A,N/A,N/A,N/A,N/A,N/A,N/A
0,4294967295,1556,1,trans_TransData_55,N/A,N/A,N/A,1763721025697264.741	,80.958,1.417,0,0,N/A,N/A,N/A,N/A,N/A,N/A,N/A,N/A
0,4294967295,1557,1,AsStrided110,N/A,N/A,N/A,1763721025697345.782	,14.25,0.083,0,0,N/A,N/A,N/A,N/A,N/A,N/A,N/A,N/A
0,4294967295,1559,1,trans_TransData_55,N/A,N/A,N/A,1763721025697386.407	,109.479,26.375,0,0,N/A,N/A,N/A,N/A,N/A,N/A,N/A,N/A
0,4294967295,1560,1,AsStrided111,N/A,N/A,N/A,1763721025697495.949	,14.188,0.062,0,0,N/A,N/A,N/A,N/A,N/A,N/A,N/A,N/A
0,4294967295,1562,1,trans_TransData_55,N/A,N/A,N/A,1763721025697517.116	,119.958,6.979,0,0,N/A,N/A,N/A,N/A,N/A,N/A,N/A,N/A
0,4294967295,1563,1,AsStrided112,N/A,N/A,N/A,1763721025697637.136	,13.958,0.062,0,0,N/A,N/A,N/A,N/A,N/A,N/A,N/A,N/A
0,4294967295,1565,1,trans_TransData_55,N/A,N/A,N/A,1763721025697652.532	,124.146,1.438,0,0,N/A,N/A,N/A,N/A,N/A,N/A,N/A,N/A
0,4294967295,1566,1,AsStrided113,N/A,N/A,N/A,1763721025697776.762	,14.167,0.083,0,0,N/A,N/A,N/A,N/A,N/A,N/A,N/A,N/A
0,4294967295,1568,1,trans_TransData_55,N/A,N/A,N/A,1763721025697792.324	,114.771,1.396,0,0,N/A,N/A,N/A,N/A,N/A,N/A,N/A,N/A
0,4294967295,1569,1,AsStrided114,N/A,N/A,N/A,1763721025697907.157	,14.854,0.062,0,0,N/A,N/A,N/A,N/A,N/A,N/A,N/A,N/A
0,4294967295,1571,1,trans_TransData_55,N/A,N/A,N/A,1763721025697923.470	,113.354,1.458,0,0,N/A,N/A,N/A,N/A,N/A,N/A,N/A,N/A
0,4294967295,1572,1,AsStrided115,N/A,N/A,N/A,1763721025698036.907	,14.167,0.083,0,0,N/A,N/A,N/A,N/A,N/A,N/A,N/A,N/A
0,4294967295,1574,1,trans_TransData_55,N/A,N/A,N/A,1763721025698052.491	,88.792,1.417,0,0,N/A,N/A,N/A,N/A,N/A,N/A,N/A,N/A
0,4294967295,1575,1,AsStrided116,N/A,N/A,N/A,1763721025698141.366	,13.958,0.083,0,0,N/A,N/A,N/A,N/A,N/A,N/A,N/A,N/A
0,4294967295,1577,1,trans_TransData_55,N/A,N/A,N/A,1763721025698156.762	,104.5,1.438,0,0,N/A,N/A,N/A,N/A,N/A,N/A,N/A,N/A
0,4294967295,1578,1,AsStrided117,N/A,N/A,N/A,1763721025698261.345	,14.167,0.083,0,0,N/A,N/A,N/A,N/A,N/A,N/A,N/A,N/A
0,4294967295,1580,1,trans_TransData_55,N/A,N/A,N/A,1763721025698276.928	,79.438,1.417,0,0,N/A,N/A,N/A,N/A,N/A,N/A,N/A,N/A
0,4294967295,1581,1,AsStrided118,N/A,N/A,N/A,1763721025698356.449	,14.188,0.083,0,0,N/A,N/A,N/A,N/A,N/A,N/A,N/A,N/A
0,4294967295,1583,1,trans_TransData_55,N/A,N/A,N/A,1763721025698393.012	,84.771,22.375,0,0,N/A,N/A,N/A,N/A,N/A,N/A,N/A,N/A
0,4294967295,1584,1,AsStrided119,N/A,N/A,N/A,1763721025698477.845	,14.812,0.062,0,0,N/A,N/A,N/A,N/A,N/A,N/A,N/A,N/A
0,4294967295,1586,1,trans_TransData_55,N/A,N/A,N/A,1763721025698524.595	,110.229,31.938,0,0,N/A,N/A,N/A,N/A,N/A,N/A,N/A,N/A
0,4294967295,1587,1,AsStrided120,N/A,N/A,N/A,1763721025698634.907	,14.208,0.083,0,0,N/A,N/A,N/A,N/A,N/A,N/A,N/A,N/A
0,4294967295,1589,1,trans_TransData_55,N/A,N/A,N/A,1763721025698650.532	,95.396,1.417,0,0,N/A,N/A,N/A,N/A,N/A,N/A,N/A,N/A
0,4294967295,1590,1,AsStrided121,N/A,N/A,N/A,1763721025698746.012	,14.021,0.083,0,0,N/A,N/A,N/A,N/A,N/A,N/A,N/A,N/A
0,4294967295,1592,1,trans_TransData_55,N/A,N/A,N/A,1763721025698764.032	,127.75,4.0,0,0,N/A,N/A,N/A,N/A,N/A,N/A,N/A,N/A
0,4294967295,1593,1,AsStrided122,N/A,N/A,N/A,1763721025698891.866	,14.292,0.083,0,0,N/A,N/A,N/A,N/A,N/A,N/A,N/A,N/A
0,4294967295,1595,1,trans_TransData_55,N/A,N/A,N/A,1763721025698975.366	,109.042,69.208,0,0,N/A,N/A,N/A,N/A,N/A,N/A,N/A,N/A
0,4294967295,1596,1,AsStrided123,N/A,N/A,N/A,1763721025699084.470	,14.312,0.062,0,0,N/A,N/A,N/A,N/A,N/A,N/A,N/A,N/A
0,4294967295,1598,1,trans_TransData_55,N/A,N/A,N/A,1763721025699105.699	,87.521,6.917,0,0,N/A,N/A,N/A,N/A,N/A,N/A,N/A,N/A
0,4294967295,1599,1,AsStrided124,N/A,N/A,N/A,1763721025699193.282	,14.0,0.062,0,0,N/A,N/A,N/A,N/A,N/A,N/A,N/A,N/A
0,4294967295,1601,1,trans_TransData_55,N/A,N/A,N/A,1763721025699240.032	,94.146,32.75,0,0,N/A,N/A,N/A,N/A,N/A,N/A,N/A,N/A
0,4294967295,1602,1,AsStrided125,N/A,N/A,N/A,1763721025699334.241	,14.167,0.062,0,0,N/A,N/A,N/A,N/A,N/A,N/A,N/A,N/A
0,4294967295,1604,1,trans_TransData_55,N/A,N/A,N/A,1763721025699358.178	,112.417,9.771,0,0,N/A,N/A,N/A,N/A,N/A,N/A,N/A,N/A
0,4294967295,1605,1,AsStrided126,N/A,N/A,N/A,1763721025699470.657	,14.0,0.062,0,0,N/A,N/A,N/A,N/A,N/A,N/A,N/A,N/A
0,4294967295,1607,1,trans_TransData_55,N/A,N/A,N/A,1763721025699486.012	,99.0,1.354,0,0,N/A,N/A,N/A,N/A,N/A,N/A,N/A,N/A
0,4294967295,1608,1,AsStrided127,N/A,N/A,N/A,1763721025699585.074	,14.167,0.062,0,0,N/A,N/A,N/A,N/A,N/A,N/A,N/A,N/A
0,4294967295,1610,1,trans_TransData_55,N/A,N/A,N/A,1763721025699601.928	,78.667,2.688,0,0,N/A,N/A,N/A,N/A,N/A,N/A,N/A,N/A
0,4294967295,1611,1,AsStrided128,N/A,N/A,N/A,1763721025699680.678	,14.062,0.083,0,0,N/A,N/A,N/A,N/A,N/A,N/A,N/A,N/A
0,4294967295,1613,1,trans_TransData_55,N/A,N/A,N/A,1763721025699720.907	,100.417,26.167,0,0,N/A,N/A,N/A,N/A,N/A,N/A,N/A,N/A
0,4294967295,1614,1,AsStrided129,N/A,N/A,N/A,1763721025699821.386	,14.938,0.062,0,0,N/A,N/A,N/A,N/A,N/A,N/A,N/A,N/A
0,4294967295,1616,1,trans_TransData_55,N/A,N/A,N/A,1763721025699850.324	,109.562,14.0,0,0,N/A,N/A,N/A,N/A,N/A,N/A,N/A,N/A
0,4294967295,1617,1,AsStrided130,N/A,N/A,N/A,1763721025699959.949	,14.208,0.062,0,0,N/A,N/A,N/A,N/A,N/A,N/A,N/A,N/A
0,4294967295,1619,1,trans_TransData_55,N/A,N/A,N/A,1763721025699975.512	,98.021,1.354,0,0,N/A,N/A,N/A,N/A,N/A,N/A,N/A,N/A
0,4294967295,1620,1,AsStrided131,N/A,N/A,N/A,1763721025700073.616	,13.958,0.083,0,0,N/A,N/A,N/A,N/A,N/A,N/A,N/A,N/A
0,4294967295,1622,1,trans_TransData_55,N/A,N/A,N/A,1763721025700088.970	,118.271,1.396,0,0,N/A,N/A,N/A,N/A,N/A,N/A,N/A,N/A
0,4294967295,1623,1,AsStrided132,N/A,N/A,N/A,1763721025700207.324	,14.146,0.083,0,0,N/A,N/A,N/A,N/A,N/A,N/A,N/A,N/A
0,4294967295,1625,1,trans_TransData_55,N/A,N/A,N/A,1763721025700222.907	,110.833,1.438,0,0,N/A,N/A,N/A,N/A,N/A,N/A,N/A,N/A
0,4294967295,1626,1,AsStrided133,N/A,N/A,N/A,1763721025700333.824	,14.146,0.083,0,0,N/A,N/A,N/A,N/A,N/A,N/A,N/A,N/A
0,4294967295,1628,1,trans_TransData_55,N/A,N/A,N/A,1763721025700349.366	,100.396,1.396,0,0,N/A,N/A,N/A,N/A,N/A,N/A,N/A,N/A
0,4294967295,1629,1,AsStrided134,N/A,N/A,N/A,1763721025700449.845	,15.0,0.083,0,0,N/A,N/A,N/A,N/A,N/A,N/A,N/A,N/A
0,4294967295,1631,1,trans_TransData_55,N/A,N/A,N/A,1763721025700466.282	,95.729,1.438,0,0,N/A,N/A,N/A,N/A,N/A,N/A,N/A,N/A
0,4294967295,1632,1,AsStrided135,N/A,N/A,N/A,1763721025700562.074	,13.958,0.062,0,0,N/A,N/A,N/A,N/A,N/A,N/A,N/A,N/A
0,4294967295,1634,1,trans_TransData_55,N/A,N/A,N/A,1763721025700581.241	,97.625,5.208,0,0,N/A,N/A,N/A,N/A,N/A,N/A,N/A,N/A
0,4294967295,1635,1,AsStrided136,N/A,N/A,N/A,1763721025700678.928	,14.188,0.062,0,0,N/A,N/A,N/A,N/A,N/A,N/A,N/A,N/A
0,4294967295,1637,1,trans_TransData_55,N/A,N/A,N/A,1763721025700813.136	,112.438,120.021,0,0,N/A,N/A,N/A,N/A,N/A,N/A,N/A,N/A
0,4294967295,1638,1,AsStrided137,N/A,N/A,N/A,1763721025700925.657	,14.521,0.083,0,0,N/A,N/A,N/A,N/A,N/A,N/A,N/A,N/A
0,4294967295,1640,1,trans_TransData_55,N/A,N/A,N/A,1763721025700948.991	,108.75,8.812,0,0,N/A,N/A,N/A,N/A,N/A,N/A,N/A,N/A
0,4294967295,1641,1,AsStrided138,N/A,N/A,N/A,1763721025701057.824	,14.042,0.083,0,0,N/A,N/A,N/A,N/A,N/A,N/A,N/A,N/A
0,4294967295,1643,1,trans_TransData_55,N/A,N/A,N/A,1763721025701073.241	,80.875,1.375,0,0,N/A,N/A,N/A,N/A,N/A,N/A,N/A,N/A
0,4294967295,1644,1,AsStrided139,N/A,N/A,N/A,1763721025701154.178	,14.188,0.062,0,0,N/A,N/A,N/A,N/A,N/A,N/A,N/A,N/A
0,4294967295,1646,1,trans_TransData_55,N/A,N/A,N/A,1763721025701204.220	,117.75,35.854,0,0,N/A,N/A,N/A,N/A,N/A,N/A,N/A,N/A
0,4294967295,1647,1,AsStrided140,N/A,N/A,N/A,1763721025701322.032	,13.958,0.062,0,0,N/A,N/A,N/A,N/A,N/A,N/A,N/A,N/A
0,4294967295,1649,1,trans_TransData_55,N/A,N/A,N/A,1763721025701337.428	,92.479,1.438,0,0,N/A,N/A,N/A,N/A,N/A,N/A,N/A,N/A
0,4294967295,1650,1,AsStrided141,N/A,N/A,N/A,1763721025701429.991	,14.167,0.083,0,0,N/A,N/A,N/A,N/A,N/A,N/A,N/A,N/A
0,4294967295,1652,1,trans_TransData_55,N/A,N/A,N/A,1763721025701445.553	,107.667,1.396,0,0,N/A,N/A,N/A,N/A,N/A,N/A,N/A,N/A
0,4294967295,1653,1,AsStrided142,N/A,N/A,N/A,1763721025701553.282	,13.958,0.062,0,0,N/A,N/A,N/A,N/A,N/A,N/A,N/A,N/A
0,4294967295,1655,1,trans_TransData_55,N/A,N/A,N/A,1763721025701568.678	,92.688,1.438,0,0,N/A,N/A,N/A,N/A,N/A,N/A,N/A,N/A
0,4294967295,1656,1,AsStrided143,N/A,N/A,N/A,1763721025701661.449	,14.167,0.083,0,0,N/A,N/A,N/A,N/A,N/A,N/A,N/A,N/A
0,4294967295,1658,1,trans_TransData_55,N/A,N/A,N/A,1763721025701679.407	,104.208,3.792,0,0,N/A,N/A,N/A,N/A,N/A,N/A,N/A,N/A
0,4294967295,1659,1,AsStrided144,N/A,N/A,N/A,1763721025701783.699	,14.167,0.083,0,0,N/A,N/A,N/A,N/A,N/A,N/A,N/A,N/A
0,4294967295,1661,1,trans_TransData_55,N/A,N/A,N/A,1763721025701802.553	,95.521,4.688,0,0,N/A,N/A,N/A,N/A,N/A,N/A,N/A,N/A
0,4294967295,1662,1,AsStrided145,N/A,N/A,N/A,1763721025701898.136	,13.979,0.062,0,0,N/A,N/A,N/A,N/A,N/A,N/A,N/A,N/A
0,4294967295,1664,1,trans_TransData_55,N/A,N/A,N/A,1763721025703203.553	,88.583,1291.438,0,0,N/A,N/A,N/A,N/A,N/A,N/A,N/A,N/A
0,4294967295,1665,1,AsStrided146,N/A,N/A,N/A,1763721025703309.699	,14.604,17.562,0,0,N/A,N/A,N/A,N/A,N/A,N/A,N/A,N/A
0,4294967295,1667,1,trans_TransData_55,N/A,N/A,N/A,1763721025703410.762	,88.354,86.458,0,0,N/A,N/A,N/A,N/A,N/A,N/A,N/A,N/A
0,4294967295,1668,1,AsStrided147,N/A,N/A,N/A,1763721025703499.199	,13.979,0.083,0,0,N/A,N/A,N/A,N/A,N/A,N/A,N/A,N/A
0,4294967295,1670,1,trans_TransData_55,N/A,N/A,N/A,1763721025703543.866	,94.062,30.688,0,0,N/A,N/A,N/A,N/A,N/A,N/A,N/A,N/A
0,4294967295,1671,1,AsStrided148,N/A,N/A,N/A,1763721025703637.991	,14.208,0.062,0,0,N/A,N/A,N/A,N/A,N/A,N/A,N/A,N/A
0,4294967295,1673,1,trans_TransData_55,N/A,N/A,N/A,1763721025703664.178	,90.708,11.979,0,0,N/A,N/A,N/A,N/A,N/A,N/A,N/A,N/A
0,4294967295,1674,1,AsStrided149,N/A,N/A,N/A,1763721025703754.949	,14.167,0.062,0,0,N/A,N/A,N/A,N/A,N/A,N/A,N/A,N/A
0,4294967295,1676,1,trans_TransData_55,N/A,N/A,N/A,1763721025703797.136	,98.229,28.021,0,0,N/A,N/A,N/A,N/A,N/A,N/A,N/A,N/A
0,4294967295,1677,1,AsStrided150,N/A,N/A,N/A,1763721025703895.449	,13.979,0.083,0,0,N/A,N/A,N/A,N/A,N/A,N/A,N/A,N/A
0,4294967295,1679,1,trans_TransData_55,N/A,N/A,N/A,1763721025703918.991	,79.042,9.562,0,0,N/A,N/A,N/A,N/A,N/A,N/A,N/A,N/A
0,4294967295,1680,1,AsStrided151,N/A,N/A,N/A,1763721025703998.095	,14.542,0.062,0,0,N/A,N/A,N/A,N/A,N/A,N/A,N/A,N/A
0,4294967295,1682,1,trans_TransData_55,N/A,N/A,N/A,1763721025704049.428	,79.708,36.792,0,0,N/A,N/A,N/A,N/A,N/A,N/A,N/A,N/A
0,4294967295,1683,1,AsStrided152,N/A,N/A,N/A,1763721025704129.199	,14.562,0.062,0,0,N/A,N/A,N/A,N/A,N/A,N/A,N/A,N/A
0,4294967295,1685,1,trans_TransData_55,N/A,N/A,N/A,1763721025704185.074	,103.458,41.312,0,0,N/A,N/A,N/A,N/A,N/A,N/A,N/A,N/A
0,4294967295,1686,1,AsStrided153,N/A,N/A,N/A,1763721025704288.616	,14.167,0.083,0,0,N/A,N/A,N/A,N/A,N/A,N/A,N/A,N/A
0,4294967295,1688,1,trans_TransData_55,N/A,N/A,N/A,1763721025704309.616	,110.208,6.833,0,0,N/A,N/A,N/A,N/A,N/A,N/A,N/A,N/A
0,4294967295,1689,1,AsStrided154,N/A,N/A,N/A,1763721025704419.907	,13.938,0.083,0,0,N/A,N/A,N/A,N/A,N/A,N/A,N/A,N/A
0,4294967295,1691,1,trans_TransData_55,N/A,N/A,N/A,1763721025704438.782	,95.021,4.938,0,0,N/A,N/A,N/A,N/A,N/A,N/A,N/A,N/A
0,4294967295,1692,1,AsStrided155,N/A,N/A,N/A,1763721025704533.866	,14.438,0.062,0,0,N/A,N/A,N/A,N/A,N/A,N/A,N/A,N/A
0,4294967295,1694,1,trans_TransData_55,N/A,N/A,N/A,1763721025704567.282	,79.958,18.979,0,0,N/A,N/A,N/A,N/A,N/A,N/A,N/A,N/A
0,4294967295,1695,1,AsStrided156,N/A,N/A,N/A,1763721025704647.324	,14.333,0.083,0,0,N/A,N/A,N/A,N/A,N/A,N/A,N/A,N/A
0,4294967295,1697,1,trans_TransData_55,N/A,N/A,N/A,1763721025704698.262	,94.417,36.604,0,0,N/A,N/A,N/A,N/A,N/A,N/A,N/A,N/A
0,4294967295,1698,1,AsStrided157,N/A,N/A,N/A,1763721025704792.762	,14.0,0.083,0,0,N/A,N/A,N/A,N/A,N/A,N/A,N/A,N/A
0,4294967295,1700,1,trans_TransData_55,N/A,N/A,N/A,1763721025704830.699	,92.396,23.938,0,0,N/A,N/A,N/A,N/A,N/A,N/A,N/A,N/A
0,4294967295,1701,1,AsStrided158,N/A,N/A,N/A,1763721025704923.157	,14.188,0.062,0,0,N/A,N/A,N/A,N/A,N/A,N/A,N/A,N/A
0,4294967295,1703,1,trans_TransData_55,N/A,N/A,N/A,1763721025704982.845	,108.021,45.5,0,0,N/A,N/A,N/A,N/A,N/A,N/A,N/A,N/A
0,4294967295,1704,1,AsStrided159,N/A,N/A,N/A,1763721025705090.928	,14.312,0.062,0,0,N/A,N/A,N/A,N/A,N/A,N/A,N/A,N/A
0,4294967295,1706,1,trans_TransData_55,N/A,N/A,N/A,1763721025705121.720	,80.396,16.479,0,0,N/A,N/A,N/A,N/A,N/A,N/A,N/A,N/A
0,4294967295,1707,1,AsStrided160,N/A,N/A,N/A,1763721025705202.199	,14.167,0.083,0,0,N/A,N/A,N/A,N/A,N/A,N/A,N/A,N/A
0,4294967295,1709,1,trans_TransData_55,N/A,N/A,N/A,1763721025705246.678	,117.125,30.312,0,0,N/A,N/A,N/A,N/A,N/A,N/A,N/A,N/A
0,4294967295,1710,1,AsStrided161,N/A,N/A,N/A,1763721025705434.366	,13.958,70.562,0,0,N/A,N/A,N/A,N/A,N/A,N/A,N/A,N/A
0,4294967295,1712,1,trans_TransData_55,N/A,N/A,N/A,1763721025705529.512	,79.25,81.188,0,0,N/A,N/A,N/A,N/A,N/A,N/A,N/A,N/A
0,4294967295,1713,1,AsStrided162,N/A,N/A,N/A,1763721025705608.845	,14.271,0.083,0,0,N/A,N/A,N/A,N/A,N/A,N/A,N/A,N/A
0,4294967295,1715,1,trans_TransData_55,N/A,N/A,N/A,1763721025705665.095	,94.604,41.979,0,0,N/A,N/A,N/A,N/A,N/A,N/A,N/A,N/A
0,4294967295,1716,1,AsStrided163,N/A,N/A,N/A,1763721025705759.782	,14.333,0.083,0,0,N/A,N/A,N/A,N/A,N/A,N/A,N/A,N/A
0,4294967295,1718,1,trans_TransData_55,N/A,N/A,N/A,1763721025705786.491	,93.042,12.375,0,0,N/A,N/A,N/A,N/A,N/A,N/A,N/A,N/A
0,4294967295,1719,1,AsStrided164,N/A,N/A,N/A,1763721025705879.616	,14.083,0.083,0,0,N/A,N/A,N/A,N/A,N/A,N/A,N/A,N/A
0,4294967295,1721,1,trans_TransData_55,N/A,N/A,N/A,1763721025705914.407	,108.521,20.708,0,0,N/A,N/A,N/A,N/A,N/A,N/A,N/A,N/A
0,4294967295,1722,1,AsStrided165,N/A,N/A,N/A,1763721025706022.991	,14.333,0.062,0,0,N/A,N/A,N/A,N/A,N/A,N/A,N/A,N/A
0,4294967295,1724,1,trans_TransData_55,N/A,N/A,N/A,1763721025706041.053	,117.188,3.729,0,0,N/A,N/A,N/A,N/A,N/A,N/A,N/A,N/A
0,4294967295,1725,1,AsStrided166,N/A,N/A,N/A,1763721025706158.303	,14.167,0.062,0,0,N/A,N/A,N/A,N/A,N/A,N/A,N/A,N/A
0,4294967295,1727,1,trans_TransData_55,N/A,N/A,N/A,1763721025706173.782	,103.979,1.312,0,0,N/A,N/A,N/A,N/A,N/A,N/A,N/A,N/A
0,4294967295,1728,1,AsStrided167,N/A,N/A,N/A,1763721025706277.824	,14.188,0.062,0,0,N/A,N/A,N/A,N/A,N/A,N/A,N/A,N/A
0,4294967295,1730,1,trans_TransData_55,N/A,N/A,N/A,1763721025706295.178	,117.812,3.167,0,0,N/A,N/A,N/A,N/A,N/A,N/A,N/A,N/A
0,4294967295,1731,1,AsStrided168,N/A,N/A,N/A,1763721025706413.053	,14.354,0.062,0,0,N/A,N/A,N/A,N/A,N/A,N/A,N/A,N/A
0,4294967295,1733,1,trans_TransData_55,N/A,N/A,N/A,1763721025706428.720	,119.229,1.312,0,0,N/A,N/A,N/A,N/A,N/A,N/A,N/A,N/A
0,4294967295,1734,1,AsStrided169,N/A,N/A,N/A,1763721025706548.012	,14.042,0.062,0,0,N/A,N/A,N/A,N/A,N/A,N/A,N/A,N/A
0,4294967295,1736,1,trans_TransData_55,N/A,N/A,N/A,1763721025706577.720	,113.083,15.667,0,0,N/A,N/A,N/A,N/A,N/A,N/A,N/A,N/A
0,4294967295,1737,1,AsStrided170,N/A,N/A,N/A,1763721025706690.886	,14.167,0.083,0,0,N/A,N/A,N/A,N/A,N/A,N/A,N/A,N/A
0,4294967295,1739,1,trans_TransData_55,N/A,N/A,N/A,1763721025706706.282	,92.542,1.229,0,0,N/A,N/A,N/A,N/A,N/A,N/A,N/A,N/A
0,4294967295,1740,1,AsStrided171,N/A,N/A,N/A,1763721025706798.907	,14.354,0.083,0,0,N/A,N/A,N/A,N/A,N/A,N/A,N/A,N/A
0,4294967295,1742,1,trans_TransData_55,N/A,N/A,N/A,1763721025706879.470	,90.708,66.208,0,0,N/A,N/A,N/A,N/A,N/A,N/A,N/A,N/A
0,4294967295,1743,1,AsStrided172,N/A,N/A,N/A,1763721025706970.241	,14.188,0.062,0,0,N/A,N/A,N/A,N/A,N/A,N/A,N/A,N/A
0,4294967295,1745,1,trans_TransData_55,N/A,N/A,N/A,1763721025707024.241	,97.542,39.812,0,0,N/A,N/A,N/A,N/A,N/A,N/A,N/A,N/A
0,4294967295,1746,1,AsStrided173,N/A,N/A,N/A,1763721025707121.845	,14.062,0.062,0,0,N/A,N/A,N/A,N/A,N/A,N/A,N/A,N/A
0,4294967295,1748,1,trans_TransData_55,N/A,N/A,N/A,1763721025707152.470	,88.771,16.562,0,0,N/A,N/A,N/A,N/A,N/A,N/A,N/A,N/A
0,4294967295,1749,1,AsStrided174,N/A,N/A,N/A,1763721025707241.324	,14.271,0.083,0,0,N/A,N/A,N/A,N/A,N/A,N/A,N/A,N/A
0,4294967295,1751,1,trans_TransData_55,N/A,N/A,N/A,1763721025707284.178	,92.812,28.583,0,0,N/A,N/A,N/A,N/A,N/A,N/A,N/A,N/A
0,4294967295,1752,1,AsStrided175,N/A,N/A,N/A,1763721025707377.074	,14.188,0.083,0,0,N/A,N/A,N/A,N/A,N/A,N/A,N/A,N/A
0,4294967295,1754,1,trans_TransData_55,N/A,N/A,N/A,1763721025707409.866	,79.688,18.604,0,0,N/A,N/A,N/A,N/A,N/A,N/A,N/A,N/A
0,4294967295,1755,1,AsStrided176,N/A,N/A,N/A,1763721025707489.636	,13.958,0.083,0,0,N/A,N/A,N/A,N/A,N/A,N/A,N/A,N/A
0,4294967295,1757,1,trans_TransData_55,N/A,N/A,N/A,1763721025707522.303	,97.188,18.708,0,0,N/A,N/A,N/A,N/A,N/A,N/A,N/A,N/A
0,4294967295,1758,1,AsStrided177,N/A,N/A,N/A,1763721025707755.262	,14.917,135.771,0,0,N/A,N/A,N/A,N/A,N/A,N/A,N/A,N/A
0,4294967295,1760,1,trans_TransData_55,N/A,N/A,N/A,1763721025707839.741	,95.042,69.562,0,0,N/A,N/A,N/A,N/A,N/A,N/A,N/A,N/A
0,4294967295,1761,1,AsStrided178,N/A,N/A,N/A,1763721025707934.866	,14.25,0.083,0,0,N/A,N/A,N/A,N/A,N/A,N/A,N/A,N/A
0,4294967295,1763,1,trans_TransData_55,N/A,N/A,N/A,1763721025707962.262	,91.896,13.146,0,0,N/A,N/A,N/A,N/A,N/A,N/A,N/A,N/A
0,4294967295,1764,1,AsStrided179,N/A,N/A,N/A,1763721025708054.220	,14.188,0.062,0,0,N/A,N/A,N/A,N/A,N/A,N/A,N/A,N/A
0,4294967295,1766,1,trans_TransData_55,N/A,N/A,N/A,1763721025709546.636	,95.729,1478.229,0,0,N/A,N/A,N/A,N/A,N/A,N/A,N/A,N/A
0,4294967295,1767,1,AsStrided180,N/A,N/A,N/A,1763721025709642.449	,14.062,0.083,0,0,N/A,N/A,N/A,N/A,N/A,N/A,N/A,N/A
0,4294967295,1769,1,trans_TransData_55,N/A,N/A,N/A,1763721025709717.282	,95.438,60.771,0,0,N/A,N/A,N/A,N/A,N/A,N/A,N/A,N/A
0,4294967295,1770,1,AsStrided181,N/A,N/A,N/A,1763721025709812.803	,14.208,0.083,0,0,N/A,N/A,N/A,N/A,N/A,N/A,N/A,N/A
0,4294967295,1772,1,trans_TransData_55,N/A,N/A,N/A,1763721025709847.720	,100.646,20.708,0,0,N/A,N/A,N/A,N/A,N/A,N/A,N/A,N/A
0,4294967295,1773,1,AsStrided182,N/A,N/A,N/A,1763721025709948.449	,14.229,0.083,0,0,N/A,N/A,N/A,N/A,N/A,N/A,N/A,N/A
0,4294967295,1775,1,trans_TransData_55,N/A,N/A,N/A,1763721025709988.386	,91.396,25.708,0,0,N/A,N/A,N/A,N/A,N/A,N/A,N/A,N/A
0,4294967295,1776,1,AsStrided183,N/A,N/A,N/A,1763721025710079.845	,14.0,0.062,0,0,N/A,N/A,N/A,N/A,N/A,N/A,N/A,N/A
0,4294967295,1778,1,trans_TransData_55,N/A,N/A,N/A,1763721025710115.991	,105.333,22.146,0,0,N/A,N/A,N/A,N/A,N/A,N/A,N/A,N/A
0,4294967295,1779,1,AsStrided184,N/A,N/A,N/A,1763721025710221.407	,14.5,0.083,0,0,N/A,N/A,N/A,N/A,N/A,N/A,N/A,N/A
0,4294967295,1781,1,trans_TransData_55,N/A,N/A,N/A,1763721025710251.012	,94.125,15.104,0,0,N/A,N/A,N/A,N/A,N/A,N/A,N/A,N/A
0,4294967295,1782,1,AsStrided185,N/A,N/A,N/A,1763721025710345.220	,14.083,0.083,0,0,N/A,N/A,N/A,N/A,N/A,N/A,N/A,N/A
0,4294967295,1784,1,trans_TransData_55,N/A,N/A,N/A,1763721025710382.095	,79.688,22.792,0,0,N/A,N/A,N/A,N/A,N/A,N/A,N/A,N/A
0,4294967295,1785,1,AsStrided186,N/A,N/A,N/A,1763721025710461.866	,14.417,0.083,0,0,N/A,N/A,N/A,N/A,N/A,N/A,N/A,N/A
0,4294967295,1787,1,trans_TransData_55,N/A,N/A,N/A,1763721025710507.574	,109.188,31.292,0,0,N/A,N/A,N/A,N/A,N/A,N/A,N/A,N/A
0,4294967295,1788,1,AsStrided187,N/A,N/A,N/A,1763721025710715.199	,14.771,98.438,0,0,N/A,N/A,N/A,N/A,N/A,N/A,N/A,N/A
0,4294967295,1790,1,trans_TransData_55,N/A,N/A,N/A,1763721025710839.532	,95.875,109.562,0,0,N/A,N/A,N/A,N/A,N/A,N/A,N/A,N/A
0,4294967295,1791,1,AsStrided188,N/A,N/A,N/A,1763721025711151.574	,14.0,216.167,0,0,N/A,N/A,N/A,N/A,N/A,N/A,N/A,N/A
0,4294967295,1793,1,trans_TransData_55,N/A,N/A,N/A,1763721025711270.470	,90.125,104.896,0,0,N/A,N/A,N/A,N/A,N/A,N/A,N/A,N/A
0,4294967295,1794,1,AsStrided189,N/A,N/A,N/A,1763721025711360.657	,14.667,0.062,0,0,N/A,N/A,N/A,N/A,N/A,N/A,N/A,N/A
0,4294967295,1796,1,trans_TransData_55,N/A,N/A,N/A,1763721025711448.824	,82.458,73.5,0,0,N/A,N/A,N/A,N/A,N/A,N/A,N/A,N/A
0,4294967295,1797,1,AsStrided190,N/A,N/A,N/A,1763721025711531.345	,14.083,0.062,0,0,N/A,N/A,N/A,N/A,N/A,N/A,N/A,N/A
0,4294967295,1799,1,trans_TransData_55,N/A,N/A,N/A,1763721025711603.512	,79.583,58.083,0,0,N/A,N/A,N/A,N/A,N/A,N/A,N/A,N/A
0,4294967295,1800,1,AsStrided191,N/A,N/A,N/A,1763721025711683.178	,14.375,0.083,0,0,N/A,N/A,N/A,N/A,N/A,N/A,N/A,N/A
0,4294967295,1802,1,trans_TransData_55,N/A,N/A,N/A,1763721025711735.157	,90.292,37.604,0,0,N/A,N/A,N/A,N/A,N/A,N/A,N/A,N/A
0,4294967295,1803,1,AsStrided192,N/A,N/A,N/A,1763721025711841.845	,14.062,16.396,0,0,N/A,N/A,N/A,N/A,N/A,N/A,N/A,N/A
0,4294967295,1805,1,trans_TransData_55,N/A,N/A,N/A,1763721025711948.262	,98.438,92.354,0,0,N/A,N/A,N/A,N/A,N/A,N/A,N/A,N/A
0,4294967295,1806,1,AsStrided193,N/A,N/A,N/A,1763721025712046.782	,14.5,0.083,0,0,N/A,N/A,N/A,N/A,N/A,N/A,N/A,N/A
0,4294967295,1808,1,trans_TransData_55,N/A,N/A,N/A,1763721025712087.886	,109.667,26.604,0,0,N/A,N/A,N/A,N/A,N/A,N/A,N/A,N/A
0,4294967295,1809,1,AsStrided194,N/A,N/A,N/A,1763721025712197.616	,14.271,0.062,0,0,N/A,N/A,N/A,N/A,N/A,N/A,N/A,N/A
0,4294967295,1811,1,trans_TransData_55,N/A,N/A,N/A,1763721025712213.241	,104.333,1.354,0,0,N/A,N/A,N/A,N/A,N/A,N/A,N/A,N/A
0,4294967295,1812,1,AsStrided195,N/A,N/A,N/A,1763721025712317.657	,14.167,0.083,0,0,N/A,N/A,N/A,N/A,N/A,N/A,N/A,N/A
0,4294967295,1814,1,trans_TransData_55,N/A,N/A,N/A,1763721025712338.553	,95.854,6.729,0,0,N/A,N/A,N/A,N/A,N/A,N/A,N/A,N/A
0,4294967295,1815,1,AsStrided196,N/A,N/A,N/A,1763721025712434.470	,14.167,0.062,0,0,N/A,N/A,N/A,N/A,N/A,N/A,N/A,N/A
0,4294967295,1817,1,trans_TransData_55,N/A,N/A,N/A,1763721025712483.074	,110.479,34.438,0,0,N/A,N/A,N/A,N/A,N/A,N/A,N/A,N/A
0,4294967295,1818,1,AsStrided197,N/A,N/A,N/A,1763721025712593.616	,14.167,0.062,0,0,N/A,N/A,N/A,N/A,N/A,N/A,N/A,N/A
0,4294967295,1820,1,trans_TransData_55,N/A,N/A,N/A,1763721025712616.762	,103.479,8.979,0,0,N/A,N/A,N/A,N/A,N/A,N/A,N/A,N/A
0,4294967295,1821,1,AsStrided198,N/A,N/A,N/A,1763721025712720.324	,14.188,0.083,0,0,N/A,N/A,N/A,N/A,N/A,N/A,N/A,N/A
0,4294967295,1823,1,trans_TransData_55,N/A,N/A,N/A,1763721025712738.095	,93.438,3.583,0,0,N/A,N/A,N/A,N/A,N/A,N/A,N/A,N/A
0,4294967295,1824,1,AsStrided199,N/A,N/A,N/A,1763721025712831.616	,14.021,0.083,0,0,N/A,N/A,N/A,N/A,N/A,N/A,N/A,N/A
0,4294967295,1826,1,trans_TransData_55,N/A,N/A,N/A,1763721025712865.866	,109.479,20.229,0,0,N/A,N/A,N/A,N/A,N/A,N/A,N/A,N/A
0,4294967295,1827,1,AsStrided200,N/A,N/A,N/A,1763721025712975.407	,14.5,0.062,0,0,N/A,N/A,N/A,N/A,N/A,N/A,N/A,N/A
0,4294967295,1829,1,trans_TransData_55,N/A,N/A,N/A,1763721025712991.345	,93.542,1.438,0,0,N/A,N/A,N/A,N/A,N/A,N/A,N/A,N/A
0,4294967295,1830,1,AsStrided201,N/A,N/A,N/A,1763721025713084.949	,14.188,0.062,0,0,N/A,N/A,N/A,N/A,N/A,N/A,N/A,N/A
0,4294967295,1832,1,trans_TransData_55,N/A,N/A,N/A,1763721025713107.845	,79.854,8.708,0,0,N/A,N/A,N/A,N/A,N/A,N/A,N/A,N/A
0,4294967295,1833,1,AsStrided202,N/A,N/A,N/A,1763721025713187.782	,13.979,0.083,0,0,N/A,N/A,N/A,N/A,N/A,N/A,N/A,N/A
0,4294967295,1835,1,trans_TransData_55,N/A,N/A,N/A,1763721025713237.574	,94.146,35.812,0,0,N/A,N/A,N/A,N/A,N/A,N/A,N/A,N/A
0,4294967295,1836,1,AsStrided203,N/A,N/A,N/A,1763721025713331.803	,14.271,0.083,0,0,N/A,N/A,N/A,N/A,N/A,N/A,N/A,N/A
0,4294967295,1838,1,trans_TransData_55,N/A,N/A,N/A,1763721025713366.678	,89.896,20.604,0,0,N/A,N/A,N/A,N/A,N/A,N/A,N/A,N/A
0,4294967295,1839,1,AsStrided204,N/A,N/A,N/A,1763721025713456.657	,14.125,0.083,0,0,N/A,N/A,N/A,N/A,N/A,N/A,N/A,N/A
0,4294967295,1841,1,trans_TransData_55,N/A,N/A,N/A,1763721025713489.407	,97.604,18.625,0,0,N/A,N/A,N/A,N/A,N/A,N/A,N/A,N/A
0,4294967295,1842,1,AsStrided205,N/A,N/A,N/A,1763721025713587.095	,14.375,0.083,0,0,N/A,N/A,N/A,N/A,N/A,N/A,N/A,N/A
0,4294967295,1844,1,trans_TransData_55,N/A,N/A,N/A,1763721025713610.157	,110.396,8.688,0,0,N/A,N/A,N/A,N/A,N/A,N/A,N/A,N/A
0,4294967295,1845,1,AsStrided206,N/A,N/A,N/A,1763721025713720.636	,13.979,0.083,0,0,N/A,N/A,N/A,N/A,N/A,N/A,N/A,N/A
0,4294967295,1847,1,trans_TransData_55,N/A,N/A,N/A,1763721025713735.970	,97.062,1.354,0,0,N/A,N/A,N/A,N/A,N/A,N/A,N/A,N/A
0,4294967295,1848,1,AsStrided207,N/A,N/A,N/A,1763721025714196.012	,14.292,362.979,0,0,N/A,N/A,N/A,N/A,N/A,N/A,N/A,N/A
0,4294967295,1850,1,trans_TransData_55,N/A,N/A,N/A,1763721025714350.053	,112.229,139.75,0,0,N/A,N/A,N/A,N/A,N/A,N/A,N/A,N/A
0,4294967295,1851,1,AsStrided208,N/A,N/A,N/A,1763721025714462.345	,15.146,0.062,0,0,N/A,N/A,N/A,N/A,N/A,N/A,N/A,N/A
0,4294967295,1853,1,trans_TransData_55,N/A,N/A,N/A,1763721025716000.345	,88.667,1522.854,0,0,N/A,N/A,N/A,N/A,N/A,N/A,N/A,N/A
0,4294967295,1854,1,AsStrided209,N/A,N/A,N/A,1763721025716089.095	,14.896,0.083,0,0,N/A,N/A,N/A,N/A,N/A,N/A,N/A,N/A
0,4294967295,1856,1,trans_TransData_55,N/A,N/A,N/A,1763721025716192.449	,85.062,88.458,0,0,N/A,N/A,N/A,N/A,N/A,N/A,N/A,N/A
0,4294967295,1857,1,AsStrided210,N/A,N/A,N/A,1763721025716357.720	,14.354,80.208,0,0,N/A,N/A,N/A,N/A,N/A,N/A,N/A,N/A
0,4294967295,1859,1,trans_TransData_55,N/A,N/A,N/A,1763721025716454.303	,124.333,82.229,0,0,N/A,N/A,N/A,N/A,N/A,N/A,N/A,N/A
0,4294967295,1860,1,AsStrided211,N/A,N/A,N/A,1763721025716578.720	,14.0,0.083,0,0,N/A,N/A,N/A,N/A,N/A,N/A,N/A,N/A
0,4294967295,1862,1,trans_TransData_55,N/A,N/A,N/A,1763721025716594.136	,86.854,1.417,0,0,N/A,N/A,N/A,N/A,N/A,N/A,N/A,N/A
0,4294967295,1863,1,AsStrided212,N/A,N/A,N/A,1763721025716681.074	,14.208,0.083,0,0,N/A,N/A,N/A,N/A,N/A,N/A,N/A,N/A
0,4294967295,1865,1,trans_TransData_55,N/A,N/A,N/A,1763721025717380.720	,97.979,685.438,0,0,N/A,N/A,N/A,N/A,N/A,N/A,N/A,N/A
0,4294967295,1866,1,AsStrided213,N/A,N/A,N/A,1763721025717478.762	,14.458,0.062,0,0,N/A,N/A,N/A,N/A,N/A,N/A,N/A,N/A
0,4294967295,1868,1,trans_TransData_55,N/A,N/A,N/A,1763721025717534.616	,91.083,41.396,0,0,N/A,N/A,N/A,N/A,N/A,N/A,N/A,N/A
0,4294967295,1869,1,AsStrided214,N/A,N/A,N/A,1763721025717625.762	,14.125,0.062,0,0,N/A,N/A,N/A,N/A,N/A,N/A,N/A,N/A
0,4294967295,1871,1,trans_TransData_55,N/A,N/A,N/A,1763721025717692.949	,92.5,53.062,0,0,N/A,N/A,N/A,N/A,N/A,N/A,N/A,N/A
0,4294967295,1872,1,AsStrided215,N/A,N/A,N/A,1763721025717785.532	,14.833,0.083,0,0,N/A,N/A,N/A,N/A,N/A,N/A,N/A,N/A
0,4294967295,1874,1,trans_TransData_55,N/A,N/A,N/A,1763721025717827.866	,78.812,27.5,0,0,N/A,N/A,N/A,N/A,N/A,N/A,N/A,N/A
0,4294967295,1875,1,AsStrided216,N/A,N/A,N/A,1763721025717906.762	,15.062,0.083,0,0,N/A,N/A,N/A,N/A,N/A,N/A,N/A,N/A
0,4294967295,1877,1,trans_TransData_55,N/A,N/A,N/A,1763721025717956.470	,86.646,34.646,0,0,N/A,N/A,N/A,N/A,N/A,N/A,N/A,N/A
0,4294967295,1878,1,AsStrided217,N/A,N/A,N/A,1763721025718043.199	,14.312,0.083,0,0,N/A,N/A,N/A,N/A,N/A,N/A,N/A,N/A
0,4294967295,1880,1,trans_TransData_55,N/A,N/A,N/A,1763721025718097.199	,94.396,39.688,0,0,N/A,N/A,N/A,N/A,N/A,N/A,N/A,N/A
0,4294967295,1881,1,AsStrided218,N/A,N/A,N/A,1763721025718191.678	,14.0,0.083,0,0,N/A,N/A,N/A,N/A,N/A,N/A,N/A,N/A
0,4294967295,1883,1,trans_TransData_55,N/A,N/A,N/A,1763721025718219.345	,119.583,13.667,0,0,N/A,N/A,N/A,N/A,N/A,N/A,N/A,N/A
0,4294967295,1884,1,AsStrided219,N/A,N/A,N/A,1763721025718339.012	,14.167,0.083,0,0,N/A,N/A,N/A,N/A,N/A,N/A,N/A,N/A
0,4294967295,1886,1,trans_TransData_55,N/A,N/A,N/A,1763721025718354.512	,80.479,1.333,0,0,N/A,N/A,N/A,N/A,N/A,N/A,N/A,N/A
0,4294967295,1887,1,AsStrided220,N/A,N/A,N/A,1763721025718435.074	,14.208,0.083,0,0,N/A,N/A,N/A,N/A,N/A,N/A,N/A,N/A
0,4294967295,1889,1,trans_TransData_55,N/A,N/A,N/A,1763721025718464.657	,105.646,15.375,0,0,N/A,N/A,N/A,N/A,N/A,N/A,N/A,N/A
0,4294967295,1890,1,AsStrided221,N/A,N/A,N/A,1763721025718570.366	,13.958,0.062,0,0,N/A,N/A,N/A,N/A,N/A,N/A,N/A,N/A
0,4294967295,1892,1,trans_TransData_55,N/A,N/A,N/A,1763721025718585.720	,94.792,1.396,0,0,N/A,N/A,N/A,N/A,N/A,N/A,N/A,N/A
0,4294967295,1893,1,AsStrided222,N/A,N/A,N/A,1763721025718680.574	,14.333,0.062,0,0,N/A,N/A,N/A,N/A,N/A,N/A,N/A,N/A
0,4294967295,1895,1,trans_TransData_55,N/A,N/A,N/A,1763721025718709.407	,113.667,14.5,0,0,N/A,N/A,N/A,N/A,N/A,N/A,N/A,N/A
0,4294967295,1896,1,AsStrided223,N/A,N/A,N/A,1763721025718823.136	,14.458,0.062,0,0,N/A,N/A,N/A,N/A,N/A,N/A,N/A,N/A
0,4294967295,1898,1,trans_TransData_55,N/A,N/A,N/A,1763721025718850.366	,109.354,12.771,0,0,N/A,N/A,N/A,N/A,N/A,N/A,N/A,N/A
0,4294967295,1899,1,AsStrided224,N/A,N/A,N/A,1763721025718961.157	,14.438,1.438,0,0,N/A,N/A,N/A,N/A,N/A,N/A,N/A,N/A
0,4294967295,1901,1,trans_TransData_55,N/A,N/A,N/A,1763721025719035.762	,98.458,60.167,0,0,N/A,N/A,N/A,N/A,N/A,N/A,N/A,N/A
0,4294967295,1902,1,AsStrided225,N/A,N/A,N/A,1763721025719134.282	,14.625,0.062,0,0,N/A,N/A,N/A,N/A,N/A,N/A,N/A,N/A
0,4294967295,1904,1,trans_TransData_55,N/A,N/A,N/A,1763721025719158.491	,114.604,9.583,0,0,N/A,N/A,N/A,N/A,N/A,N/A,N/A,N/A
0,4294967295,1905,1,AsStrided226,N/A,N/A,N/A,1763721025719273.178	,14.167,0.083,0,0,N/A,N/A,N/A,N/A,N/A,N/A,N/A,N/A
0,4294967295,1907,1,trans_TransData_55,N/A,N/A,N/A,1763721025719288.720	,123.188,1.375,0,0,N/A,N/A,N/A,N/A,N/A,N/A,N/A,N/A
0,4294967295,1908,1,AsStrided227,N/A,N/A,N/A,1763721025719411.970	,14.167,0.062,0,0,N/A,N/A,N/A,N/A,N/A,N/A,N/A,N/A
0,4294967295,1910,1,trans_TransData_55,N/A,N/A,N/A,1763721025719427.491	,101.333,1.354,0,0,N/A,N/A,N/A,N/A,N/A,N/A,N/A,N/A
0,4294967295,1911,1,AsStrided228,N/A,N/A,N/A,1763721025719528.907	,13.958,0.083,0,0,N/A,N/A,N/A,N/A,N/A,N/A,N/A,N/A
0,4294967295,1913,1,trans_TransData_55,N/A,N/A,N/A,1763721025719544.199	,110.604,1.333,0,0,N/A,N/A,N/A,N/A,N/A,N/A,N/A,N/A
0,4294967295,1914,1,AsStrided229,N/A,N/A,N/A,1763721025719654.866	,14.542,0.062,0,0,N/A,N/A,N/A,N/A,N/A,N/A,N/A,N/A
0,4294967295,1916,1,trans_TransData_55,N/A,N/A,N/A,1763721025719670.866	,116.75,1.458,0,0,N/A,N/A,N/A,N/A,N/A,N/A,N/A,N/A
0,4294967295,1917,1,AsStrided230,N/A,N/A,N/A,1763721025719787.678	,14.167,0.062,0,0,N/A,N/A,N/A,N/A,N/A,N/A,N/A,N/A
0,4294967295,1919,1,trans_TransData_55,N/A,N/A,N/A,1763721025719803.220	,81.229,1.375,0,0,N/A,N/A,N/A,N/A,N/A,N/A,N/A,N/A
0,4294967295,1920,1,AsStrided231,N/A,N/A,N/A,1763721025719884.532	,14.042,0.083,0,0,N/A,N/A,N/A,N/A,N/A,N/A,N/A,N/A
0,4294967295,1922,1,trans_TransData_55,N/A,N/A,N/A,1763721025719899.991	,102.188,1.417,0,0,N/A,N/A,N/A,N/A,N/A,N/A,N/A,N/A
0,4294967295,1923,1,AsStrided232,N/A,N/A,N/A,1763721025720002.241	,14.188,0.062,0,0,N/A,N/A,N/A,N/A,N/A,N/A,N/A,N/A
0,4294967295,1925,1,trans_TransData_55,N/A,N/A,N/A,1763721025720017.845	,92.875,1.417,0,0,N/A,N/A,N/A,N/A,N/A,N/A,N/A,N/A
0,4294967295,1926,1,AsStrided233,N/A,N/A,N/A,1763721025720110.782	,14.042,0.062,0,0,N/A,N/A,N/A,N/A,N/A,N/A,N/A,N/A
0,4294967295,1928,1,trans_TransData_55,N/A,N/A,N/A,1763721025720130.928	,126.604,6.104,0,0,N/A,N/A,N/A,N/A,N/A,N/A,N/A,N/A
0,4294967295,1929,1,AsStrided234,N/A,N/A,N/A,1763721025720257.616	,14.188,0.083,0,0,N/A,N/A,N/A,N/A,N/A,N/A,N/A,N/A
0,4294967295,1931,1,trans_TransData_55,N/A,N/A,N/A,1763721025720336.428	,120.958,64.625,0,0,N/A,N/A,N/A,N/A,N/A,N/A,N/A,N/A
0,4294967295,1932,1,AsStrided235,N/A,N/A,N/A,1763721025720457.470	,14.312,0.083,0,0,N/A,N/A,N/A,N/A,N/A,N/A,N/A,N/A
0,4294967295,1934,1,trans_TransData_55,N/A,N/A,N/A,1763721025720473.136	,111.292,1.354,0,0,N/A,N/A,N/A,N/A,N/A,N/A,N/A,N/A
0,4294967295,1935,1,AsStrided236,N/A,N/A,N/A,1763721025720680.949	,13.979,96.521,0,0,N/A,N/A,N/A,N/A,N/A,N/A,N/A,N/A
0,4294967295,1937,1,trans_TransData_55,N/A,N/A,N/A,1763721025720789.178	,110.062,94.25,0,0,N/A,N/A,N/A,N/A,N/A,N/A,N/A,N/A
0,4294967295,1938,1,AsStrided237,N/A,N/A,N/A,1763721025720899.303	,14.188,0.062,0,0,N/A,N/A,N/A,N/A,N/A,N/A,N/A,N/A
0,4294967295,1940,1,trans_TransData_55,N/A,N/A,N/A,1763721025720956.720	,93.938,43.229,0,0,N/A,N/A,N/A,N/A,N/A,N/A,N/A,N/A
0,4294967295,1941,1,AsStrided238,N/A,N/A,N/A,1763721025721050.741	,14.667,0.083,0,0,N/A,N/A,N/A,N/A,N/A,N/A,N/A,N/A
0,4294967295,1943,1,trans_TransData_55,N/A,N/A,N/A,1763721025721078.512	,112.125,13.104,0,0,N/A,N/A,N/A,N/A,N/A,N/A,N/A,N/A
0,4294967295,1944,1,AsStrided239,N/A,N/A,N/A,1763721025721190.699	,14.271,0.062,0,0,N/A,N/A,N/A,N/A,N/A,N/A,N/A,N/A
0,4294967295,1946,1,trans_TransData_55,N/A,N/A,N/A,1763721025721212.657	,110.854,7.688,0,0,N/A,N/A,N/A,N/A,N/A,N/A,N/A,N/A
0,4294967295,1947,1,AsStrided240,N/A,N/A,N/A,1763721025721323.595	,13.979,0.083,0,0,N/A,N/A,N/A,N/A,N/A,N/A,N/A,N/A
0,4294967295,1949,1,trans_TransData_55,N/A,N/A,N/A,1763721025721338.949	,114.521,1.375,0,0,N/A,N/A,N/A,N/A,N/A,N/A,N/A,N/A
0,4294967295,1950,1,AsStrided241,N/A,N/A,N/A,1763721025721816.512	,14.708,363.042,0,0,N/A,N/A,N/A,N/A,N/A,N/A,N/A,N/A
0,4294967295,1952,1,trans_TransData_55,N/A,N/A,N/A,1763721025722647.803	,126.625,816.583,0,0,N/A,N/A,N/A,N/A,N/A,N/A,N/A,N/A
0,4294967295,1953,1,AsStrided242,N/A,N/A,N/A,1763721025722774.512	,15.646,0.083,0,0,N/A,N/A,N/A,N/A,N/A,N/A,N/A,N/A
0,4294967295,1955,1,trans_TransData_55,N/A,N/A,N/A,1763721025722972.595	,126.104,182.438,0,0,N/A,N/A,N/A,N/A,N/A,N/A,N/A,N/A
0,4294967295,1956,1,AsStrided243,N/A,N/A,N/A,1763721025723098.782	,15.146,0.083,0,0,N/A,N/A,N/A,N/A,N/A,N/A,N/A,N/A
0,4294967295,1958,1,trans_TransData_55,N/A,N/A,N/A,1763721025723118.449	,110.875,4.521,0,0,N/A,N/A,N/A,N/A,N/A,N/A,N/A,N/A
0,4294967295,1959,1,AsStrided244,N/A,N/A,N/A,1763721025723229.407	,14.271,0.083,0,0,N/A,N/A,N/A,N/A,N/A,N/A,N/A,N/A
0,4294967295,1961,1,trans_TransData_55,N/A,N/A,N/A,1763721025723253.595	,94.021,9.917,0,0,N/A,N/A,N/A,N/A,N/A,N/A,N/A,N/A
0,4294967295,1962,1,AsStrided245,N/A,N/A,N/A,1763721025723347.699	,14.667,0.083,0,0,N/A,N/A,N/A,N/A,N/A,N/A,N/A,N/A
0,4294967295,1964,1,trans_TransData_55,N/A,N/A,N/A,1763721025723379.928	,120.875,17.562,0,0,N/A,N/A,N/A,N/A,N/A,N/A,N/A,N/A
0,4294967295,1965,1,AsStrided246,N/A,N/A,N/A,1763721025723500.886	,14.333,0.083,0,0,N/A,N/A,N/A,N/A,N/A,N/A,N/A,N/A
0,4294967295,1967,1,trans_TransData_55,N/A,N/A,N/A,1763721025723516.657	,97.583,1.438,0,0,N/A,N/A,N/A,N/A,N/A,N/A,N/A,N/A
0,4294967295,1968,1,AsStrided247,N/A,N/A,N/A,1763721025723614.303	,14.062,0.062,0,0,N/A,N/A,N/A,N/A,N/A,N/A,N/A,N/A
0,4294967295,1970,1,trans_TransData_55,N/A,N/A,N/A,1763721025723638.282	,97.146,9.917,0,0,N/A,N/A,N/A,N/A,N/A,N/A,N/A,N/A
0,4294967295,1971,1,AsStrided248,N/A,N/A,N/A,1763721025723735.491	,14.396,0.062,0,0,N/A,N/A,N/A,N/A,N/A,N/A,N/A,N/A
0,4294967295,1973,1,trans_TransData_55,N/A,N/A,N/A,1763721025723759.866	,113.208,9.979,0,0,N/A,N/A,N/A,N/A,N/A,N/A,N/A,N/A
0,4294967295,1974,1,AsStrided249,N/A,N/A,N/A,1763721025723873.136	,14.229,0.062,0,0,N/A,N/A,N/A,N/A,N/A,N/A,N/A,N/A
0,4294967295,1976,1,trans_TransData_55,N/A,N/A,N/A,1763721025724181.386	,91.979,294.021,0,0,N/A,N/A,N/A,N/A,N/A,N/A,N/A,N/A
0,4294967295,1977,1,AsStrided250,N/A,N/A,N/A,1763721025724286.886	,14.271,13.521,0,0,N/A,N/A,N/A,N/A,N/A,N/A,N/A,N/A
0,4294967295,1979,1,trans_TransData_55,N/A,N/A,N/A,1763721025724820.699	,106.875,519.542,0,0,N/A,N/A,N/A,N/A,N/A,N/A,N/A,N/A
0,4294967295,1980,1,AsStrided251,N/A,N/A,N/A,1763721025724928.595	,14.396,1.021,0,0,N/A,N/A,N/A,N/A,N/A,N/A,N/A,N/A
0,4294967295,1982,1,trans_TransData_55,N/A,N/A,N/A,1763721025725038.282	,100.292,95.292,0,0,N/A,N/A,N/A,N/A,N/A,N/A,N/A,N/A
0,4294967295,1983,1,AsStrided252,N/A,N/A,N/A,1763721025725138.657	,14.396,0.083,0,0,N/A,N/A,N/A,N/A,N/A,N/A,N/A,N/A
0,4294967295,1985,1,trans_TransData_55,N/A,N/A,N/A,1763721025725217.616	,123.25,64.562,0,0,N/A,N/A,N/A,N/A,N/A,N/A,N/A,N/A
0,4294967295,1986,1,AsStrided253,N/A,N/A,N/A,1763721025725340.949	,14.312,0.083,0,0,N/A,N/A,N/A,N/A,N/A,N/A,N/A,N/A
0,4294967295,1988,1,trans_TransData_55,N/A,N/A,N/A,1763721025725356.657	,116.562,1.396,0,0,N/A,N/A,N/A,N/A,N/A,N/A,N/A,N/A
0,4294967295,1989,1,AsStrided254,N/A,N/A,N/A,1763721025725473.303	,14.271,0.083,0,0,N/A,N/A,N/A,N/A,N/A,N/A,N/A,N/A
0,4294967295,1991,1,trans_TransData_55,N/A,N/A,N/A,1763721025725488.928	,106.875,1.354,0,0,N/A,N/A,N/A,N/A,N/A,N/A,N/A,N/A
0,4294967295,1992,1,AsStrided255,N/A,N/A,N/A,1763721025725595.886	,14.042,0.083,0,0,N/A,N/A,N/A,N/A,N/A,N/A,N/A,N/A
0,4294967295,1994,1,trans_TransData_55,N/A,N/A,N/A,1763721025725611.262	,83.854,1.333,0,0,N/A,N/A,N/A,N/A,N/A,N/A,N/A,N/A
0,4294967295,1995,1,AsStrided256,N/A,N/A,N/A,1763721025725695.199	,14.229,0.083,0,0,N/A,N/A,N/A,N/A,N/A,N/A,N/A,N/A
0,4294967295,1997,1,trans_TransData_55,N/A,N/A,N/A,1763721025725722.053	,112.083,12.625,0,0,N/A,N/A,N/A,N/A,N/A,N/A,N/A,N/A
0,4294967295,1998,1,AsStrided257,N/A,N/A,N/A,1763721025725834.220	,14.167,0.083,0,0,N/A,N/A,N/A,N/A,N/A,N/A,N/A,N/A
0,4294967295,2000,1,trans_TransData_55,N/A,N/A,N/A,1763721025725849.699	,109.521,1.312,0,0,N/A,N/A,N/A,N/A,N/A,N/A,N/A,N/A
0,4294967295,2001,1,AsStrided258,N/A,N/A,N/A,1763721025725959.303	,14.167,0.083,0,0,N/A,N/A,N/A,N/A,N/A,N/A,N/A,N/A
0,4294967295,2003,1,trans_TransData_55,N/A,N/A,N/A,1763721025725974.824	,103.521,1.354,0,0,N/A,N/A,N/A,N/A,N/A,N/A,N/A,N/A
0,4294967295,2004,1,AsStrided259,N/A,N/A,N/A,1763721025726078.428	,13.958,0.083,0,0,N/A,N/A,N/A,N/A,N/A,N/A,N/A,N/A
0,4294967295,2006,1,trans_TransData_55,N/A,N/A,N/A,1763721025726095.991	,111.375,3.604,0,0,N/A,N/A,N/A,N/A,N/A,N/A,N/A,N/A
0,4294967295,2007,1,AsStrided260,N/A,N/A,N/A,1763721025726207.449	,14.229,0.083,0,0,N/A,N/A,N/A,N/A,N/A,N/A,N/A,N/A
0,4294967295,2009,1,trans_TransData_55,N/A,N/A,N/A,1763721025726223.032	,100.062,1.354,0,0,N/A,N/A,N/A,N/A,N/A,N/A,N/A,N/A
0,4294967295,2010,1,AsStrided261,N/A,N/A,N/A,1763721025726323.178	,14.396,0.083,0,0,N/A,N/A,N/A,N/A,N/A,N/A,N/A,N/A
0,4294967295,2012,1,trans_TransData_55,N/A,N/A,N/A,1763721025726338.970	,88.229,1.396,0,0,N/A,N/A,N/A,N/A,N/A,N/A,N/A,N/A
0,4294967295,2013,1,AsStrided262,N/A,N/A,N/A,1763721025726427.282	,14.812,0.083,0,0,N/A,N/A,N/A,N/A,N/A,N/A,N/A,N/A
0,4294967295,2015,1,trans_TransData_55,N/A,N/A,N/A,1763721025726474.032	,108.208,31.938,0,0,N/A,N/A,N/A,N/A,N/A,N/A,N/A,N/A
0,4294967295,2016,1,AsStrided263,N/A,N/A,N/A,1763721025726582.303	,14.146,0.062,0,0,N/A,N/A,N/A,N/A,N/A,N/A,N/A,N/A
0,4294967295,2018,1,trans_TransData_55,N/A,N/A,N/A,1763721025726597.782	,115.083,1.333,0,0,N/A,N/A,N/A,N/A,N/A,N/A,N/A,N/A
0,4294967295,2019,1,AsStrided264,N/A,N/A,N/A,1763721025726712.949	,14.25,0.083,0,0,N/A,N/A,N/A,N/A,N/A,N/A,N/A,N/A
0,4294967295,2021,1,trans_TransData_55,N/A,N/A,N/A,1763721025726728.532	,90.875,1.333,0,0,N/A,N/A,N/A,N/A,N/A,N/A,N/A,N/A
0,4294967295,2022,1,AsStrided265,N/A,N/A,N/A,1763721025726819.491	,14.229,0.083,0,0,N/A,N/A,N/A,N/A,N/A,N/A,N/A,N/A
0,4294967295,2024,1,trans_TransData_55,N/A,N/A,N/A,1763721025726962.282	,110.979,128.562,0,0,N/A,N/A,N/A,N/A,N/A,N/A,N/A,N/A
0,4294967295,2025,1,AsStrided266,N/A,N/A,N/A,1763721025727073.324	,14.146,0.062,0,0,N/A,N/A,N/A,N/A,N/A,N/A,N/A,N/A
0,4294967295,2027,1,trans_TransData_55,N/A,N/A,N/A,1763721025727088.907	,110.667,1.438,0,0,N/A,N/A,N/A,N/A,N/A,N/A,N/A,N/A
0,4294967295,2028,1,AsStrided267,N/A,N/A,N/A,1763721025727199.636	,14.875,0.062,0,0,N/A,N/A,N/A,N/A,N/A,N/A,N/A,N/A
0,4294967295,2030,1,trans_TransData_55,N/A,N/A,N/A,1763721025727215.907	,101.167,1.396,0,0,N/A,N/A,N/A,N/A,N/A,N/A,N/A,N/A
0,4294967295,2031,1,AsStrided268,N/A,N/A,N/A,1763721025727317.157	,14.146,0.083,0,0,N/A,N/A,N/A,N/A,N/A,N/A,N/A,N/A
0,4294967295,2033,1,trans_TransData_55,N/A,N/A,N/A,1763721025727332.720	,92.042,1.417,0,0,N/A,N/A,N/A,N/A,N/A,N/A,N/A,N/A
0,4294967295,2034,1,AsStrided269,N/A,N/A,N/A,1763721025727424.845	,13.979,0.083,0,0,N/A,N/A,N/A,N/A,N/A,N/A,N/A,N/A
0,4294967295,2036,1,trans_TransData_55,N/A,N/A,N/A,1763721025727459.824	,108.667,21.0,0,0,N/A,N/A,N/A,N/A,N/A,N/A,N/A,N/A
0,4294967295,2037,1,AsStrided270,N/A,N/A,N/A,1763721025727568.553	,14.229,0.062,0,0,N/A,N/A,N/A,N/A,N/A,N/A,N/A,N/A
0,4294967295,2039,1,trans_TransData_55,N/A,N/A,N/A,1763721025727584.199	,105.75,1.417,0,0,N/A,N/A,N/A,N/A,N/A,N/A,N/A,N/A
0,4294967295,2040,1,AsStrided271,N/A,N/A,N/A,1763721025727690.012	,13.958,0.062,0,0,N/A,N/A,N/A,N/A,N/A,N/A,N/A,N/A
0,4294967295,2042,1,trans_TransData_55,N/A,N/A,N/A,1763721025727707.824	,97.083,3.854,0,0,N/A,N/A,N/A,N/A,N/A,N/A,N/A,N/A
0,4294967295,2043,1,AsStrided272,N/A,N/A,N/A,1763721025727804.970	,15.021,0.062,0,0,N/A,N/A,N/A,N/A,N/A,N/A,N/A,N/A
0,4294967295,2045,1,trans_TransData_55,N/A,N/A,N/A,1763721025727839.657	,107.667,19.667,0,0,N/A,N/A,N/A,N/A,N/A,N/A,N/A,N/A
0,4294967295,2046,1,AsStrided273,N/A,N/A,N/A,1763721025727947.407	,14.167,0.083,0,0,N/A,N/A,N/A,N/A,N/A,N/A,N/A,N/A
0,4294967295,2048,1,trans_TransData_55,N/A,N/A,N/A,1763721025727963.762	,95.667,2.188,0,0,N/A,N/A,N/A,N/A,N/A,N/A,N/A,N/A
0,4294967295,2049,1,AsStrided274,N/A,N/A,N/A,1763721025728059.491	,14.021,0.062,0,0,N/A,N/A,N/A,N/A,N/A,N/A,N/A,N/A
0,4294967295,2051,1,trans_TransData_55,N/A,N/A,N/A,1763721025728095.199	,112.021,21.688,0,0,N/A,N/A,N/A,N/A,N/A,N/A,N/A,N/A
0,4294967295,2052,1,AsStrided275,N/A,N/A,N/A,1763721025728207.303	,14.229,0.083,0,0,N/A,N/A,N/A,N/A,N/A,N/A,N/A,N/A
0,4294967295,2054,1,trans_TransData_55,N/A,N/A,N/A,1763721025728222.866	,93.208,1.333,0,0,N/A,N/A,N/A,N/A,N/A,N/A,N/A,N/A
0,4294967295,2055,1,AsStrided276,N/A,N/A,N/A,1763721025728316.157	,14.042,0.083,0,0,N/A,N/A,N/A,N/A,N/A,N/A,N/A,N/A
0,4294967295,2057,1,trans_TransData_55,N/A,N/A,N/A,1763721025728337.220	,119.812,7.021,0,0,N/A,N/A,N/A,N/A,N/A,N/A,N/A,N/A
0,4294967295,2058,1,AsStrided277,N/A,N/A,N/A,1763721025728457.095	,14.229,0.062,0,0,N/A,N/A,N/A,N/A,N/A,N/A,N/A,N/A
0,4294967295,2060,1,trans_TransData_55,N/A,N/A,N/A,1763721025728472.720	,94.979,1.396,0,0,N/A,N/A,N/A,N/A,N/A,N/A,N/A,N/A
0,4294967295,2061,1,AsStrided278,N/A,N/A,N/A,1763721025728567.762	,13.979,0.062,0,0,N/A,N/A,N/A,N/A,N/A,N/A,N/A,N/A
0,4294967295,2063,1,trans_TransData_55,N/A,N/A,N/A,1763721025728583.178	,101.062,1.438,0,0,N/A,N/A,N/A,N/A,N/A,N/A,N/A,N/A
0,4294967295,2064,1,AsStrided279,N/A,N/A,N/A,1763721025728684.324	,14.417,0.083,0,0,N/A,N/A,N/A,N/A,N/A,N/A,N/A,N/A
0,4294967295,2066,1,trans_TransData_55,N/A,N/A,N/A,1763721025728703.324	,106.417,4.583,0,0,N/A,N/A,N/A,N/A,N/A,N/A,N/A,N/A
0,4294967295,2067,1,AsStrided280,N/A,N/A,N/A,1763721025728809.824	,14.25,0.083,0,0,N/A,N/A,N/A,N/A,N/A,N/A,N/A,N/A
0,4294967295,2069,1,trans_TransData_55,N/A,N/A,N/A,1763721025728826.303	,95.292,2.229,0,0,N/A,N/A,N/A,N/A,N/A,N/A,N/A,N/A
0,4294967295,2070,1,AsStrided281,N/A,N/A,N/A,1763721025728921.678	,14.021,0.083,0,0,N/A,N/A,N/A,N/A,N/A,N/A,N/A,N/A
0,4294967295,2072,1,trans_TransData_55,N/A,N/A,N/A,1763721025728949.136	,95.333,13.438,0,0,N/A,N/A,N/A,N/A,N/A,N/A,N/A,N/A
0,4294967295,2073,1,AsStrided282,N/A,N/A,N/A,1763721025729044.553	,14.792,0.083,0,0,N/A,N/A,N/A,N/A,N/A,N/A,N/A,N/A
0,4294967295,2075,1,trans_TransData_55,N/A,N/A,N/A,1763721025729091.553	,96.312,32.208,0,0,N/A,N/A,N/A,N/A,N/A,N/A,N/A,N/A
0,4294967295,2076,1,AsStrided283,N/A,N/A,N/A,1763721025729187.949	,14.125,0.083,0,0,N/A,N/A,N/A,N/A,N/A,N/A,N/A,N/A
0,4294967295,2078,1,trans_TransData_55,N/A,N/A,N/A,1763721025729215.720	,95.208,13.646,0,0,N/A,N/A,N/A,N/A,N/A,N/A,N/A,N/A
0,4294967295,2079,1,AsStrided284,N/A,N/A,N/A,1763721025729310.991	,14.188,0.062,0,0,N/A,N/A,N/A,N/A,N/A,N/A,N/A,N/A
0,4294967295,2081,1,trans_TransData_55,N/A,N/A,N/A,1763721025729333.782	,99.896,8.604,0,0,N/A,N/A,N/A,N/A,N/A,N/A,N/A,N/A
0,4294967295,2082,1,AsStrided285,N/A,N/A,N/A,1763721025729433.762	,14.083,0.083,0,0,N/A,N/A,N/A,N/A,N/A,N/A,N/A,N/A
0,4294967295,2084,1,trans_TransData_55,N/A,N/A,N/A,1763721025729462.928	,97.625,15.083,0,0,N/A,N/A,N/A,N/A,N/A,N/A,N/A,N/A
0,4294967295,2085,1,AsStrided286,N/A,N/A,N/A,1763721025729560.616	,14.167,0.062,0,0,N/A,N/A,N/A,N/A,N/A,N/A,N/A,N/A
0,4294967295,2087,1,trans_TransData_55,N/A,N/A,N/A,1763721025729579.032	,96.146,4.25,0,0,N/A,N/A,N/A,N/A,N/A,N/A,N/A,N/A
0,4294967295,2088,1,AsStrided287,N/A,N/A,N/A,1763721025729675.262	,14.271,0.083,0,0,N/A,N/A,N/A,N/A,N/A,N/A,N/A,N/A
0,4294967295,2090,1,trans_TransData_55,N/A,N/A,N/A,1763721025729706.386	,118.479,16.854,0,0,N/A,N/A,N/A,N/A,N/A,N/A,N/A,N/A
0,4294967295,2091,1,AsStrided288,N/A,N/A,N/A,1763721025729824.949	,14.021,0.083,0,0,N/A,N/A,N/A,N/A,N/A,N/A,N/A,N/A
0,4294967295,2093,1,trans_TransData_55,N/A,N/A,N/A,1763721025729840.199	,95.625,1.229,0,0,N/A,N/A,N/A,N/A,N/A,N/A,N/A,N/A
0,4294967295,2094,1,AsStrided289,N/A,N/A,N/A,1763721025729935.886	,14.333,0.062,0,0,N/A,N/A,N/A,N/A,N/A,N/A,N/A,N/A
0,4294967295,2096,1,trans_TransData_55,N/A,N/A,N/A,1763721025729951.553	,98.562,1.333,0,0,N/A,N/A,N/A,N/A,N/A,N/A,N/A,N/A
0,4294967295,2097,1,AsStrided290,N/A,N/A,N/A,1763721025730050.178	,14.083,0.062,0,0,N/A,N/A,N/A,N/A,N/A,N/A,N/A,N/A
0,4294967295,2099,1,trans_TransData_55,N/A,N/A,N/A,1763721025730065.512	,95.812,1.25,0,0,N/A,N/A,N/A,N/A,N/A,N/A,N/A,N/A
0,4294967295,2100,1,AsStrided291,N/A,N/A,N/A,1763721025730161.407	,14.292,0.083,0,0,N/A,N/A,N/A,N/A,N/A,N/A,N/A,N/A
0,4294967295,2102,1,trans_TransData_55,N/A,N/A,N/A,1763721025730187.928	,99.688,12.229,0,0,N/A,N/A,N/A,N/A,N/A,N/A,N/A,N/A
0,4294967295,2103,1,AsStrided292,N/A,N/A,N/A,1763721025730287.678	,13.938,0.062,0,0,N/A,N/A,N/A,N/A,N/A,N/A,N/A,N/A
0,4294967295,2105,1,trans_TransData_55,N/A,N/A,N/A,1763721025730312.053	,122.625,10.438,0,0,N/A,N/A,N/A,N/A,N/A,N/A,N/A,N/A
0,4294967295,2106,1,AsStrided293,N/A,N/A,N/A,1763721025730434.762	,14.312,0.083,0,0,N/A,N/A,N/A,N/A,N/A,N/A,N/A,N/A
0,4294967295,2108,1,trans_TransData_55,N/A,N/A,N/A,1763721025730450.386	,80.958,1.312,0,0,N/A,N/A,N/A,N/A,N/A,N/A,N/A,N/A
0,4294967295,2109,1,AsStrided294,N/A,N/A,N/A,1763721025730531.428	,14.458,0.083,0,0,N/A,N/A,N/A,N/A,N/A,N/A,N/A,N/A
0,4294967295,2111,1,trans_TransData_55,N/A,N/A,N/A,1763721025730547.116	,83.312,1.229,0,0,N/A,N/A,N/A,N/A,N/A,N/A,N/A,N/A
0,4294967295,2112,1,AsStrided295,N/A,N/A,N/A,1763721025730630.491	,14.938,0.062,0,0,N/A,N/A,N/A,N/A,N/A,N/A,N/A,N/A
0,4294967295,2114,1,trans_TransData_55,N/A,N/A,N/A,1763721025730683.324	,80.062,37.896,0,0,N/A,N/A,N/A,N/A,N/A,N/A,N/A,N/A
0,4294967295,2115,1,AsStrided296,N/A,N/A,N/A,1763721025730763.449	,14.458,0.062,0,0,N/A,N/A,N/A,N/A,N/A,N/A,N/A,N/A
0,4294967295,2117,1,trans_TransData_55,N/A,N/A,N/A,1763721025730808.886	,108.708,30.979,0,0,N/A,N/A,N/A,N/A,N/A,N/A,N/A,N/A
0,4294967295,2118,1,AsStrided297,N/A,N/A,N/A,1763721025730960.324	,14.521,42.729,0,0,N/A,N/A,N/A,N/A,N/A,N/A,N/A,N/A
0,4294967295,2120,1,trans_TransData_55,N/A,N/A,N/A,1763721025731015.970	,126.875,41.125,0,0,N/A,N/A,N/A,N/A,N/A,N/A,N/A,N/A
0,4294967295,2121,1,AsStrided298,N/A,N/A,N/A,1763721025731142.907	,14.167,0.062,0,0,N/A,N/A,N/A,N/A,N/A,N/A,N/A,N/A
0,4294967295,2123,1,trans_TransData_55,N/A,N/A,N/A,1763721025731158.303	,112.146,1.229,0,0,N/A,N/A,N/A,N/A,N/A,N/A,N/A,N/A
0,4294967295,2124,1,AsStrided299,N/A,N/A,N/A,1763721025731270.512	,14.229,0.062,0,0,N/A,N/A,N/A,N/A,N/A,N/A,N/A,N/A
0,4294967295,2126,1,trans_TransData_55,N/A,N/A,N/A,1763721025731285.949	,111.667,1.208,0,0,N/A,N/A,N/A,N/A,N/A,N/A,N/A,N/A
0,4294967295,2127,1,AsStrided300,N/A,N/A,N/A,1763721025731397.678	,14.146,0.062,0,0,N/A,N/A,N/A,N/A,N/A,N/A,N/A,N/A
0,4294967295,2129,1,trans_TransData_55,N/A,N/A,N/A,1763721025731413.053	,93.021,1.229,0,0,N/A,N/A,N/A,N/A,N/A,N/A,N/A,N/A
0,4294967295,2130,1,AsStrided301,N/A,N/A,N/A,1763721025731506.157	,14.167,0.083,0,0,N/A,N/A,N/A,N/A,N/A,N/A,N/A,N/A
0,4294967295,2132,1,trans_TransData_55,N/A,N/A,N/A,1763721025731521.636	,94.542,1.312,0,0,N/A,N/A,N/A,N/A,N/A,N/A,N/A,N/A
0,4294967295,2133,1,AsStrided302,N/A,N/A,N/A,1763721025731616.262	,14.667,0.083,0,0,N/A,N/A,N/A,N/A,N/A,N/A,N/A,N/A
0,4294967295,2135,1,trans_TransData_55,N/A,N/A,N/A,1763721025731632.157	,94.438,1.229,0,0,N/A,N/A,N/A,N/A,N/A,N/A,N/A,N/A
0,4294967295,2136,1,AsStrided303,N/A,N/A,N/A,1763721025731726.678	,14.292,0.083,0,0,N/A,N/A,N/A,N/A,N/A,N/A,N/A,N/A
0,4294967295,2138,1,trans_TransData_55,N/A,N/A,N/A,1763721025731743.720	,114.021,2.75,0,0,N/A,N/A,N/A,N/A,N/A,N/A,N/A,N/A
0,4294967295,2139,1,AsStrided304,N/A,N/A,N/A,1763721025731857.824	,13.875,0.083,0,0,N/A,N/A,N/A,N/A,N/A,N/A,N/A,N/A
0,4294967295,2141,1,trans_TransData_55,N/A,N/A,N/A,1763721025731872.928	,97.458,1.229,0,0,N/A,N/A,N/A,N/A,N/A,N/A,N/A,N/A
0,4294967295,2142,1,AsStrided305,N/A,N/A,N/A,1763721025731970.470	,14.292,0.083,0,0,N/A,N/A,N/A,N/A,N/A,N/A,N/A,N/A
0,4294967295,2144,1,trans_TransData_55,N/A,N/A,N/A,1763721025731986.032	,108.979,1.271,0,0,N/A,N/A,N/A,N/A,N/A,N/A,N/A,N/A
0,4294967295,2145,1,AsStrided306,N/A,N/A,N/A,1763721025732095.095	,14.167,0.083,0,0,N/A,N/A,N/A,N/A,N/A,N/A,N/A,N/A
0,4294967295,2147,1,trans_TransData_55,N/A,N/A,N/A,1763721025732110.491	,119.083,1.229,0,0,N/A,N/A,N/A,N/A,N/A,N/A,N/A,N/A
0,4294967295,2148,1,AsStrided307,N/A,N/A,N/A,1763721025732229.636	,13.958,0.062,0,0,N/A,N/A,N/A,N/A,N/A,N/A,N/A,N/A
0,4294967295,2150,1,trans_TransData_55,N/A,N/A,N/A,1763721025732244.803	,102.729,1.208,0,0,N/A,N/A,N/A,N/A,N/A,N/A,N/A,N/A
0,4294967295,2151,1,AsStrided308,N/A,N/A,N/A,1763721025732347.616	,14.188,0.083,0,0,N/A,N/A,N/A,N/A,N/A,N/A,N/A,N/A
0,4294967295,2153,1,trans_TransData_55,N/A,N/A,N/A,1763721025732363.032	,92.021,1.229,0,0,N/A,N/A,N/A,N/A,N/A,N/A,N/A,N/A
0,4294967295,2154,1,AsStrided309,N/A,N/A,N/A,1763721025732455.116	,14.25,0.062,0,0,N/A,N/A,N/A,N/A,N/A,N/A,N/A,N/A
0,4294967295,2156,1,trans_TransData_55,N/A,N/A,N/A,1763721025732475.220	,110.896,5.854,0,0,N/A,N/A,N/A,N/A,N/A,N/A,N/A,N/A
0,4294967295,2157,1,AsStrided310,N/A,N/A,N/A,1763721025732586.199	,14.958,0.083,0,0,N/A,N/A,N/A,N/A,N/A,N/A,N/A,N/A
0,4294967295,2159,1,trans_TransData_55,N/A,N/A,N/A,1763721025732607.116	,112.125,5.958,0,0,N/A,N/A,N/A,N/A,N/A,N/A,N/A,N/A
0,4294967295,2160,1,AsStrided311,N/A,N/A,N/A,1763721025732719.324	,13.938,0.083,0,0,N/A,N/A,N/A,N/A,N/A,N/A,N/A,N/A
0,4294967295,2162,1,trans_TransData_55,N/A,N/A,N/A,1763721025732734.532	,86.875,1.271,0,0,N/A,N/A,N/A,N/A,N/A,N/A,N/A,N/A
0,4294967295,2163,1,AsStrided312,N/A,N/A,N/A,1763721025732821.470	,14.292,0.062,0,0,N/A,N/A,N/A,N/A,N/A,N/A,N/A,N/A
0,4294967295,2165,1,trans_TransData_55,N/A,N/A,N/A,1763721025732858.866	,97.292,23.104,0,0,N/A,N/A,N/A,N/A,N/A,N/A,N/A,N/A
0,4294967295,2166,1,AsStrided313,N/A,N/A,N/A,1763721025732956.241	,14.229,0.083,0,0,N/A,N/A,N/A,N/A,N/A,N/A,N/A,N/A
0,4294967295,2168,1,trans_TransData_55,N/A,N/A,N/A,1763721025732978.991	,86.646,8.521,0,0,N/A,N/A,N/A,N/A,N/A,N/A,N/A,N/A
0,4294967295,2169,1,AsStrided314,N/A,N/A,N/A,1763721025733065.720	,13.958,0.083,0,0,N/A,N/A,N/A,N/A,N/A,N/A,N/A,N/A
0,4294967295,2171,1,trans_TransData_55,N/A,N/A,N/A,1763721025733095.282	,101.021,15.604,0,0,N/A,N/A,N/A,N/A,N/A,N/A,N/A,N/A
0,4294967295,2172,1,AsStrided315,N/A,N/A,N/A,1763721025733196.386	,15.125,0.083,0,0,N/A,N/A,N/A,N/A,N/A,N/A,N/A,N/A
0,4294967295,2174,1,trans_TransData_55,N/A,N/A,N/A,1763721025733227.491	,95.729,15.979,0,0,N/A,N/A,N/A,N/A,N/A,N/A,N/A,N/A
0,4294967295,2175,1,AsStrided316,N/A,N/A,N/A,1763721025733323.282	,14.062,0.062,0,0,N/A,N/A,N/A,N/A,N/A,N/A,N/A,N/A
0,4294967295,2177,1,trans_TransData_55,N/A,N/A,N/A,1763721025733519.699	,99.75,182.354,0,0,N/A,N/A,N/A,N/A,N/A,N/A,N/A,N/A
0,4294967295,2178,1,AsStrided317,N/A,N/A,N/A,1763721025733619.532	,14.167,0.083,0,0,N/A,N/A,N/A,N/A,N/A,N/A,N/A,N/A
0,4294967295,2180,1,trans_TransData_55,N/A,N/A,N/A,1763721025733647.386	,97.083,13.688,0,0,N/A,N/A,N/A,N/A,N/A,N/A,N/A,N/A
0,4294967295,2181,1,AsStrided318,N/A,N/A,N/A,1763721025733744.553	,14.167,0.083,0,0,N/A,N/A,N/A,N/A,N/A,N/A,N/A,N/A
0,4294967295,2183,1,trans_TransData_55,N/A,N/A,N/A,1763721025733764.970	,113.417,6.25,0,0,N/A,N/A,N/A,N/A,N/A,N/A,N/A,N/A
0,4294967295,2184,1,AsStrided319,N/A,N/A,N/A,1763721025733878.470	,14.125,0.083,0,0,N/A,N/A,N/A,N/A,N/A,N/A,N/A,N/A
0,4294967295,2186,1,trans_TransData_55,N/A,N/A,N/A,1763721025733893.803	,95.667,1.208,0,0,N/A,N/A,N/A,N/A,N/A,N/A,N/A,N/A
0,4294967295,2187,1,AsStrided320,N/A,N/A,N/A,1763721025733989.532	,14.333,0.062,0,0,N/A,N/A,N/A,N/A,N/A,N/A,N/A,N/A
0,4294967295,2189,1,trans_TransData_55,N/A,N/A,N/A,1763721025734006.574	,110.375,2.708,0,0,N/A,N/A,N/A,N/A,N/A,N/A,N/A,N/A
0,4294967295,2190,1,AsStrided321,N/A,N/A,N/A,1763721025734117.012	,14.167,0.062,0,0,N/A,N/A,N/A,N/A,N/A,N/A,N/A,N/A
0,4294967295,2192,1,trans_TransData_55,N/A,N/A,N/A,1763721025734132.449	,94.062,1.271,0,0,N/A,N/A,N/A,N/A,N/A,N/A,N/A,N/A
0,4294967295,2193,1,AsStrided322,N/A,N/A,N/A,1763721025734226.574	,14.167,0.062,0,0,N/A,N/A,N/A,N/A,N/A,N/A,N/A,N/A
0,4294967295,2195,1,trans_TransData_55,N/A,N/A,N/A,1763721025734245.241	,112.583,4.5,0,0,N/A,N/A,N/A,N/A,N/A,N/A,N/A,N/A
0,4294967295,2196,1,AsStrided323,N/A,N/A,N/A,1763721025734357.907	,14.167,0.083,0,0,N/A,N/A,N/A,N/A,N/A,N/A,N/A,N/A
0,4294967295,2198,1,trans_TransData_55,N/A,N/A,N/A,1763721025734378.657	,96.667,6.583,0,0,N/A,N/A,N/A,N/A,N/A,N/A,N/A,N/A
0,4294967295,2199,1,AsStrided324,N/A,N/A,N/A,1763721025734475.386	,14.417,0.062,0,0,N/A,N/A,N/A,N/A,N/A,N/A,N/A,N/A
0,4294967295,2201,1,trans_TransData_55,N/A,N/A,N/A,1763721025734496.053	,95.396,6.25,0,0,N/A,N/A,N/A,N/A,N/A,N/A,N/A,N/A
0,4294967295,2202,1,AsStrided325,N/A,N/A,N/A,1763721025734591.532	,14.271,0.083,0,0,N/A,N/A,N/A,N/A,N/A,N/A,N/A,N/A
0,4294967295,2204,1,trans_TransData_55,N/A,N/A,N/A,1763721025734635.824	,105.583,30.021,0,0,N/A,N/A,N/A,N/A,N/A,N/A,N/A,N/A
0,4294967295,2205,1,AsStrided326,N/A,N/A,N/A,1763721025734741.491	,14.042,0.083,0,0,N/A,N/A,N/A,N/A,N/A,N/A,N/A,N/A
0,4294967295,2207,1,trans_TransData_55,N/A,N/A,N/A,1763721025734759.282	,94.271,3.75,0,0,N/A,N/A,N/A,N/A,N/A,N/A,N/A,N/A
0,4294967295,2208,1,AsStrided327,N/A,N/A,N/A,1763721025734853.616	,14.458,0.062,0,0,N/A,N/A,N/A,N/A,N/A,N/A,N/A,N/A
0,4294967295,2210,1,trans_TransData_55,N/A,N/A,N/A,1763721025734964.095	,120.021,96.021,0,0,N/A,N/A,N/A,N/A,N/A,N/A,N/A,N/A
0,4294967295,2211,1,AsStrided328,N/A,N/A,N/A,1763721025735084.199	,14.458,0.083,0,0,N/A,N/A,N/A,N/A,N/A,N/A,N/A,N/A
0,4294967295,2213,1,trans_TransData_55,N/A,N/A,N/A,1763721025735099.886	,99.917,1.229,0,0,N/A,N/A,N/A,N/A,N/A,N/A,N/A,N/A
0,4294967295,2214,1,AsStrided329,N/A,N/A,N/A,1763721025735199.886	,14.167,0.083,0,0,N/A,N/A,N/A,N/A,N/A,N/A,N/A,N/A
0,4294967295,2216,1,trans_TransData_55,N/A,N/A,N/A,1763721025735215.262	,113.812,1.208,0,0,N/A,N/A,N/A,N/A,N/A,N/A,N/A,N/A
0,4294967295,2217,1,AsStrided330,N/A,N/A,N/A,1763721025735329.136	,13.979,0.062,0,0,N/A,N/A,N/A,N/A,N/A,N/A,N/A,N/A
0,4294967295,2219,1,trans_TransData_55,N/A,N/A,N/A,1763721025735344.345	,78.792,1.229,0,0,N/A,N/A,N/A,N/A,N/A,N/A,N/A,N/A
0,4294967295,2220,1,AsStrided331,N/A,N/A,N/A,1763721025735423.199	,14.188,0.062,0,0,N/A,N/A,N/A,N/A,N/A,N/A,N/A,N/A
0,4294967295,2222,1,trans_TransData_55,N/A,N/A,N/A,1763721025735438.699	,102.667,1.312,0,0,N/A,N/A,N/A,N/A,N/A,N/A,N/A,N/A
0,4294967295,2223,1,AsStrided332,N/A,N/A,N/A,1763721025735541.428	,14.292,0.062,0,0,N/A,N/A,N/A,N/A,N/A,N/A,N/A,N/A
0,4294967295,2225,1,trans_TransData_55,N/A,N/A,N/A,1763721025735562.220	,107.667,6.5,0,0,N/A,N/A,N/A,N/A,N/A,N/A,N/A,N/A
0,4294967295,2226,1,AsStrided333,N/A,N/A,N/A,1763721025735669.970	,13.958,0.083,0,0,N/A,N/A,N/A,N/A,N/A,N/A,N/A,N/A
0,4294967295,2228,1,trans_TransData_55,N/A,N/A,N/A,1763721025735685.241	,114.292,1.312,0,0,N/A,N/A,N/A,N/A,N/A,N/A,N/A,N/A
0,4294967295,2229,1,AsStrided334,N/A,N/A,N/A,1763721025735799.616	,14.167,0.083,0,0,N/A,N/A,N/A,N/A,N/A,N/A,N/A,N/A
0,4294967295,2231,1,trans_TransData_55,N/A,N/A,N/A,1763721025735815.095	,104.708,1.312,0,0,N/A,N/A,N/A,N/A,N/A,N/A,N/A,N/A
0,4294967295,2232,1,AsStrided335,N/A,N/A,N/A,1763721025735919.886	,14.062,0.083,0,0,N/A,N/A,N/A,N/A,N/A,N/A,N/A,N/A
0,4294967295,2234,1,trans_TransData_55,N/A,N/A,N/A,1763721025735935.262	,104.958,1.312,0,0,N/A,N/A,N/A,N/A,N/A,N/A,N/A,N/A
0,4294967295,2235,1,AsStrided336,N/A,N/A,N/A,1763721025736040.282	,14.333,0.062,0,0,N/A,N/A,N/A,N/A,N/A,N/A,N/A,N/A
0,4294967295,2237,1,trans_TransData_55,N/A,N/A,N/A,1763721025736055.824	,95.521,1.208,0,0,N/A,N/A,N/A,N/A,N/A,N/A,N/A,N/A
0,4294967295,2238,1,AsStrided337,N/A,N/A,N/A,1763721025736151.428	,14.312,0.083,0,0,N/A,N/A,N/A,N/A,N/A,N/A,N/A,N/A
0,4294967295,2240,1,trans_TransData_55,N/A,N/A,N/A,1763721025736332.803	,80.062,167.062,0,0,N/A,N/A,N/A,N/A,N/A,N/A,N/A,N/A
0,4294967295,2241,1,AsStrided338,N/A,N/A,N/A,1763721025736412.949	,14.0,0.083,0,0,N/A,N/A,N/A,N/A,N/A,N/A,N/A,N/A
0,4294967295,2243,1,trans_TransData_55,N/A,N/A,N/A,1763721025736457.907	,108.583,30.958,0,0,N/A,N/A,N/A,N/A,N/A,N/A,N/A,N/A
0,4294967295,2244,1,AsStrided339,N/A,N/A,N/A,1763721025736566.574	,14.354,0.083,0,0,N/A,N/A,N/A,N/A,N/A,N/A,N/A,N/A
0,4294967295,2246,1,trans_TransData_55,N/A,N/A,N/A,1763721025736582.241	,111.229,1.312,0,0,N/A,N/A,N/A,N/A,N/A,N/A,N/A,N/A
0,4294967295,2247,1,AsStrided340,N/A,N/A,N/A,1763721025736693.532	,14.125,0.062,0,0,N/A,N/A,N/A,N/A,N/A,N/A,N/A,N/A
0,4294967295,2249,1,trans_TransData_55,N/A,N/A,N/A,1763721025736708.886	,97.167,1.229,0,0,N/A,N/A,N/A,N/A,N/A,N/A,N/A,N/A
0,4294967295,2250,1,AsStrided341,N/A,N/A,N/A,1763721025736806.116	,14.25,0.062,0,0,N/A,N/A,N/A,N/A,N/A,N/A,N/A,N/A
0,4294967295,2252,1,trans_TransData_55,N/A,N/A,N/A,1763721025736821.553	,95.479,1.188,0,0,N/A,N/A,N/A,N/A,N/A,N/A,N/A,N/A
0,4294967295,2253,1,AsStrided342,N/A,N/A,N/A,1763721025736917.095	,14.271,0.062,0,0,N/A,N/A,N/A,N/A,N/A,N/A,N/A,N/A
0,4294967295,2255,1,trans_TransData_55,N/A,N/A,N/A,1763721025736940.470	,94.125,9.104,0,0,N/A,N/A,N/A,N/A,N/A,N/A,N/A,N/A
0,4294967295,2256,1,AsStrided343,N/A,N/A,N/A,1763721025737034.657	,14.167,0.062,0,0,N/A,N/A,N/A,N/A,N/A,N/A,N/A,N/A
0,4294967295,2258,1,trans_TransData_55,N/A,N/A,N/A,1763721025737061.386	,86.333,12.562,0,0,N/A,N/A,N/A,N/A,N/A,N/A,N/A,N/A
0,4294967295,2259,1,AsStrided344,N/A,N/A,N/A,1763721025737147.782	,14.188,0.062,0,0,N/A,N/A,N/A,N/A,N/A,N/A,N/A,N/A
0,4294967295,2261,1,trans_TransData_55,N/A,N/A,N/A,1763721025737179.386	,88.667,17.417,0,0,N/A,N/A,N/A,N/A,N/A,N/A,N/A,N/A
0,4294967295,2262,1,AsStrided345,N/A,N/A,N/A,1763721025737268.136	,13.958,0.083,0,0,N/A,N/A,N/A,N/A,N/A,N/A,N/A,N/A
0,4294967295,2264,1,trans_TransData_55,N/A,N/A,N/A,1763721025737306.595	,94.729,24.5,0,0,N/A,N/A,N/A,N/A,N/A,N/A,N/A,N/A
0,4294967295,2265,1,AsStrided346,N/A,N/A,N/A,1763721025737401.386	,14.188,0.062,0,0,N/A,N/A,N/A,N/A,N/A,N/A,N/A,N/A
0,4294967295,2267,1,trans_TransData_55,N/A,N/A,N/A,1763721025737422.636	,116.292,7.062,0,0,N/A,N/A,N/A,N/A,N/A,N/A,N/A,N/A
0,4294967295,2268,1,AsStrided347,N/A,N/A,N/A,1763721025737538.991	,14.417,0.062,0,0,N/A,N/A,N/A,N/A,N/A,N/A,N/A,N/A
0,4294967295,2270,1,trans_TransData_55,N/A,N/A,N/A,1763721025737554.678	,103.021,1.271,0,0,N/A,N/A,N/A,N/A,N/A,N/A,N/A,N/A
0,4294967295,2271,1,AsStrided348,N/A,N/A,N/A,1763721025737657.782	,14.458,0.083,0,0,N/A,N/A,N/A,N/A,N/A,N/A,N/A,N/A
0,4294967295,2273,1,trans_TransData_55,N/A,N/A,N/A,1763721025737673.553	,108.25,1.312,0,0,N/A,N/A,N/A,N/A,N/A,N/A,N/A,N/A
0,4294967295,2274,1,AsStrided349,N/A,N/A,N/A,1763721025737781.886	,13.938,0.083,0,0,N/A,N/A,N/A,N/A,N/A,N/A,N/A,N/A
0,4294967295,2276,1,trans_TransData_55,N/A,N/A,N/A,1763721025737797.095	,92.583,1.271,0,0,N/A,N/A,N/A,N/A,N/A,N/A,N/A,N/A
0,4294967295,2277,1,AsStrided350,N/A,N/A,N/A,1763721025737889.762	,14.271,0.083,0,0,N/A,N/A,N/A,N/A,N/A,N/A,N/A,N/A
0,4294967295,2279,1,trans_TransData_55,N/A,N/A,N/A,1763721025737905.262	,121.125,1.229,0,0,N/A,N/A,N/A,N/A,N/A,N/A,N/A,N/A
0,4294967295,2280,1,AsStrided351,N/A,N/A,N/A,1763721025738026.470	,14.354,0.083,0,0,N/A,N/A,N/A,N/A,N/A,N/A,N/A,N/A
0,4294967295,2282,1,trans_TransData_55,N/A,N/A,N/A,1763721025738042.095	,127.125,1.271,0,0,N/A,N/A,N/A,N/A,N/A,N/A,N/A,N/A
0,4294967295,2283,1,AsStrided352,N/A,N/A,N/A,1763721025738169.282	,14.062,0.062,0,0,N/A,N/A,N/A,N/A,N/A,N/A,N/A,N/A
0,4294967295,2285,1,trans_TransData_55,N/A,N/A,N/A,1763721025738184.574	,110.25,1.229,0,0,N/A,N/A,N/A,N/A,N/A,N/A,N/A,N/A
0,4294967295,2286,1,AsStrided353,N/A,N/A,N/A,1763721025738294.886	,14.25,0.062,0,0,N/A,N/A,N/A,N/A,N/A,N/A,N/A,N/A
0,4294967295,2288,1,trans_TransData_55,N/A,N/A,N/A,1763721025738310.345	,112.292,1.208,0,0,N/A,N/A,N/A,N/A,N/A,N/A,N/A,N/A
0,4294967295,2289,1,AsStrided354,N/A,N/A,N/A,1763721025738422.720	,14.062,0.083,0,0,N/A,N/A,N/A,N/A,N/A,N/A,N/A,N/A
0,4294967295,2291,1,trans_TransData_55,N/A,N/A,N/A,1763721025738438.012	,97.646,1.229,0,0,N/A,N/A,N/A,N/A,N/A,N/A,N/A,N/A
0,4294967295,2292,1,AsStrided355,N/A,N/A,N/A,1763721025738535.741	,14.812,0.083,0,0,N/A,N/A,N/A,N/A,N/A,N/A,N/A,N/A
0,4294967295,2294,1,trans_TransData_55,N/A,N/A,N/A,1763721025738551.824	,108.333,1.271,0,0,N/A,N/A,N/A,N/A,N/A,N/A,N/A,N/A
0,4294967295,2295,1,AsStrided356,N/A,N/A,N/A,1763721025738660.241	,14.979,0.083,0,0,N/A,N/A,N/A,N/A,N/A,N/A,N/A,N/A
0,4294967295,2297,1,trans_TransData_55,N/A,N/A,N/A,1763721025738676.449	,95.688,1.229,0,0,N/A,N/A,N/A,N/A,N/A,N/A,N/A,N/A
0,4294967295,2298,1,AsStrided357,N/A,N/A,N/A,1763721025738772.220	,14.958,0.083,0,0,N/A,N/A,N/A,N/A,N/A,N/A,N/A,N/A
0,4294967295,2300,1,trans_TransData_55,N/A,N/A,N/A,1763721025738788.366	,102.75,1.188,0,0,N/A,N/A,N/A,N/A,N/A,N/A,N/A,N/A
0,4294967295,2301,1,AsStrided358,N/A,N/A,N/A,1763721025738891.199	,14.167,0.083,0,0,N/A,N/A,N/A,N/A,N/A,N/A,N/A,N/A
0,4294967295,2303,1,trans_TransData_55,N/A,N/A,N/A,1763721025738970.886	,112.896,65.521,0,0,N/A,N/A,N/A,N/A,N/A,N/A,N/A,N/A
0,4294967295,2304,1,AsStrided359,N/A,N/A,N/A,1763721025739177.762	,13.958,93.979,0,0,N/A,N/A,N/A,N/A,N/A,N/A,N/A,N/A
0,4294967295,2306,1,trans_TransData_55,N/A,N/A,N/A,1763721025739257.012	,96.562,65.292,0,0,N/A,N/A,N/A,N/A,N/A,N/A,N/A,N/A
0,4294967295,2307,1,AsStrided360,N/A,N/A,N/A,1763721025739353.636	,14.417,0.062,0,0,N/A,N/A,N/A,N/A,N/A,N/A,N/A,N/A
0,4294967295,2309,1,trans_TransData_55,N/A,N/A,N/A,1763721025739385.116	,113.583,17.062,0,0,N/A,N/A,N/A,N/A,N/A,N/A,N/A,N/A
0,4294967295,2310,1,AsStrided361,N/A,N/A,N/A,1763721025739498.762	,14.042,0.062,0,0,N/A,N/A,N/A,N/A,N/A,N/A,N/A,N/A
0,4294967295,2312,1,trans_TransData_55,N/A,N/A,N/A,1763721025739514.012	,98.396,1.208,0,0,N/A,N/A,N/A,N/A,N/A,N/A,N/A,N/A
0,4294967295,2313,1,AsStrided362,N/A,N/A,N/A,1763721025739612.491	,14.271,0.083,0,0,N/A,N/A,N/A,N/A,N/A,N/A,N/A,N/A
0,4294967295,2315,1,trans_TransData_55,N/A,N/A,N/A,1763721025739627.991	,89.417,1.229,0,0,N/A,N/A,N/A,N/A,N/A,N/A,N/A,N/A
0,4294967295,2316,1,AsStrided363,N/A,N/A,N/A,1763721025739717.470	,14.521,0.062,0,0,N/A,N/A,N/A,N/A,N/A,N/A,N/A,N/A
0,4294967295,2318,1,trans_TransData_55,N/A,N/A,N/A,1763721025739743.324	,125.271,11.333,0,0,N/A,N/A,N/A,N/A,N/A,N/A,N/A,N/A
0,4294967295,2319,1,AsStrided364,N/A,N/A,N/A,1763721025739868.678	,14.229,0.083,0,0,N/A,N/A,N/A,N/A,N/A,N/A,N/A,N/A
0,4294967295,2321,1,trans_TransData_55,N/A,N/A,N/A,1763721025739884.220	,114.75,1.312,0,0,N/A,N/A,N/A,N/A,N/A,N/A,N/A,N/A
0,4294967295,2322,1,AsStrided365,N/A,N/A,N/A,1763721025739999.032	,14.979,0.062,0,0,N/A,N/A,N/A,N/A,N/A,N/A,N/A,N/A
0,4294967295,2324,1,trans_TransData_55,N/A,N/A,N/A,1763721025740015.324	,103.688,1.312,0,0,N/A,N/A,N/A,N/A,N/A,N/A,N/A,N/A
0,4294967295,2325,1,AsStrided366,N/A,N/A,N/A,1763721025740119.095	,14.542,0.083,0,0,N/A,N/A,N/A,N/A,N/A,N/A,N/A,N/A
0,4294967295,2327,1,trans_TransData_55,N/A,N/A,N/A,1763721025740134.886	,93.062,1.25,0,0,N/A,N/A,N/A,N/A,N/A,N/A,N/A,N/A
0,4294967295,2328,1,AsStrided367,N/A,N/A,N/A,1763721025740228.032	,14.604,0.083,0,0,N/A,N/A,N/A,N/A,N/A,N/A,N/A,N/A
0,4294967295,2330,1,trans_TransData_55,N/A,N/A,N/A,1763721025740243.949	,79.875,1.312,0,0,N/A,N/A,N/A,N/A,N/A,N/A,N/A,N/A
0,4294967295,2331,1,AsStrided368,N/A,N/A,N/A,1763721025740323.907	,14.062,0.083,0,0,N/A,N/A,N/A,N/A,N/A,N/A,N/A,N/A
0,4294967295,2333,1,trans_TransData_55,N/A,N/A,N/A,1763721025740341.886	,111.292,3.917,0,0,N/A,N/A,N/A,N/A,N/A,N/A,N/A,N/A
0,4294967295,2334,1,AsStrided369,N/A,N/A,N/A,1763721025740453.241	,14.188,0.062,0,0,N/A,N/A,N/A,N/A,N/A,N/A,N/A,N/A
0,4294967295,2336,1,trans_TransData_55,N/A,N/A,N/A,1763721025740468.699	,107.375,1.271,0,0,N/A,N/A,N/A,N/A,N/A,N/A,N/A,N/A
0,4294967295,2337,1,AsStrided370,N/A,N/A,N/A,1763721025740576.136	,14.667,0.062,0,0,N/A,N/A,N/A,N/A,N/A,N/A,N/A,N/A
0,4294967295,2339,1,trans_TransData_55,N/A,N/A,N/A,1763721025740592.116	,111.042,1.312,0,0,N/A,N/A,N/A,N/A,N/A,N/A,N/A,N/A
0,4294967295,2340,1,AsStrided371,N/A,N/A,N/A,1763721025740703.241	,13.958,0.083,0,0,N/A,N/A,N/A,N/A,N/A,N/A,N/A,N/A
0,4294967295,2342,1,trans_TransData_55,N/A,N/A,N/A,1763721025740718.512	,111.958,1.312,0,0,N/A,N/A,N/A,N/A,N/A,N/A,N/A,N/A
0,4294967295,2343,1,AsStrided372,N/A,N/A,N/A,1763721025740830.553	,14.167,0.083,0,0,N/A,N/A,N/A,N/A,N/A,N/A,N/A,N/A
0,4294967295,2345,1,trans_TransData_55,N/A,N/A,N/A,1763721025740846.032	,92.75,1.312,0,0,N/A,N/A,N/A,N/A,N/A,N/A,N/A,N/A
0,4294967295,2346,1,AsStrided373,N/A,N/A,N/A,1763721025740938.866	,14.354,0.083,0,0,N/A,N/A,N/A,N/A,N/A,N/A,N/A,N/A
0,4294967295,2348,1,trans_TransData_55,N/A,N/A,N/A,1763721025740982.657	,87.646,29.438,0,0,N/A,N/A,N/A,N/A,N/A,N/A,N/A,N/A
0,4294967295,2349,1,AsStrided374,N/A,N/A,N/A,1763721025741070.366	,14.312,0.062,0,0,N/A,N/A,N/A,N/A,N/A,N/A,N/A,N/A
0,4294967295,2351,1,trans_TransData_55,N/A,N/A,N/A,1763721025741106.262	,120.375,21.583,0,0,N/A,N/A,N/A,N/A,N/A,N/A,N/A,N/A
0,4294967295,2352,1,AsStrided375,N/A,N/A,N/A,1763721025741226.720	,14.833,0.083,0,0,N/A,N/A,N/A,N/A,N/A,N/A,N/A,N/A
0,4294967295,2354,1,trans_TransData_55,N/A,N/A,N/A,1763721025741242.866	,95.979,1.312,0,0,N/A,N/A,N/A,N/A,N/A,N/A,N/A,N/A
0,4294967295,2355,1,AsStrided376,N/A,N/A,N/A,1763721025741338.928	,14.292,0.083,0,0,N/A,N/A,N/A,N/A,N/A,N/A,N/A,N/A
0,4294967295,2357,1,trans_TransData_55,N/A,N/A,N/A,1763721025741358.470	,112.833,5.25,0,0,N/A,N/A,N/A,N/A,N/A,N/A,N/A,N/A
0,4294967295,2358,1,AsStrided377,N/A,N/A,N/A,1763721025741471.386	,14.188,0.083,0,0,N/A,N/A,N/A,N/A,N/A,N/A,N/A,N/A
0,4294967295,2360,1,trans_TransData_55,N/A,N/A,N/A,1763721025741486.782	,93.5,1.208,0,0,N/A,N/A,N/A,N/A,N/A,N/A,N/A,N/A
0,4294967295,2361,1,AsStrided378,N/A,N/A,N/A,1763721025741580.366	,14.25,0.083,0,0,N/A,N/A,N/A,N/A,N/A,N/A,N/A,N/A
0,4294967295,2363,1,trans_TransData_55,N/A,N/A,N/A,1763721025741603.532	,104.208,8.917,0,0,N/A,N/A,N/A,N/A,N/A,N/A,N/A,N/A
0,4294967295,2364,1,AsStrided379,N/A,N/A,N/A,1763721025741707.824	,14.75,0.083,0,0,N/A,N/A,N/A,N/A,N/A,N/A,N/A,N/A
0,4294967295,2366,1,trans_TransData_55,N/A,N/A,N/A,1763721025741725.178	,122.146,2.604,0,0,N/A,N/A,N/A,N/A,N/A,N/A,N/A,N/A
0,4294967295,2367,1,AsStrided380,N/A,N/A,N/A,1763721025741847.407	,14.229,0.083,0,0,N/A,N/A,N/A,N/A,N/A,N/A,N/A,N/A
0,4294967295,2369,1,trans_TransData_55,N/A,N/A,N/A,1763721025741998.636	,96.833,137.0,0,0,N/A,N/A,N/A,N/A,N/A,N/A,N/A,N/A
0,4294967295,2370,1,AsStrided381,N/A,N/A,N/A,1763721025742095.553	,14.25,0.083,0,0,N/A,N/A,N/A,N/A,N/A,N/A,N/A,N/A
0,4294967295,2372,1,trans_TransData_55,N/A,N/A,N/A,1763721025742115.345	,97.562,5.542,0,0,N/A,N/A,N/A,N/A,N/A,N/A,N/A,N/A
0,4294967295,2373,1,AsStrided382,N/A,N/A,N/A,1763721025742212.970	,14.562,0.062,0,0,N/A,N/A,N/A,N/A,N/A,N/A,N/A,N/A
0,4294967295,2375,1,trans_TransData_55,N/A,N/A,N/A,1763721025742236.553	,109.188,9.021,0,0,N/A,N/A,N/A,N/A,N/A,N/A,N/A,N/A
0,4294967295,2376,1,AsStrided383,N/A,N/A,N/A,1763721025742345.803	,14.292,0.062,0,0,N/A,N/A,N/A,N/A,N/A,N/A,N/A,N/A
0,4294967295,2378,1,trans_TransData_55,N/A,N/A,N/A,1763721025742361.407	,91.542,1.312,0,0,N/A,N/A,N/A,N/A,N/A,N/A,N/A,N/A
0,4294967295,2379,1,AsStrided384,N/A,N/A,N/A,1763721025742453.032	,14.333,0.083,0,0,N/A,N/A,N/A,N/A,N/A,N/A,N/A,N/A
0,4294967295,2381,1,trans_TransData_55,N/A,N/A,N/A,1763721025742471.636	,102.146,4.271,0,0,N/A,N/A,N/A,N/A,N/A,N/A,N/A,N/A
0,4294967295,2382,1,AsStrided385,N/A,N/A,N/A,1763721025742573.845	,14.896,0.062,0,0,N/A,N/A,N/A,N/A,N/A,N/A,N/A,N/A
0,4294967295,2384,1,trans_TransData_55,N/A,N/A,N/A,1763721025742603.636	,95.896,14.896,0,0,N/A,N/A,N/A,N/A,N/A,N/A,N/A,N/A
0,4294967295,2385,1,AsStrided386,N/A,N/A,N/A,1763721025742699.616	,14.542,0.083,0,0,N/A,N/A,N/A,N/A,N/A,N/A,N/A,N/A
0,4294967295,2387,1,trans_TransData_55,N/A,N/A,N/A,1763721025742721.032	,119.188,6.875,0,0,N/A,N/A,N/A,N/A,N/A,N/A,N/A,N/A
0,4294967295,2388,1,AsStrided387,N/A,N/A,N/A,1763721025742840.303	,13.979,0.083,0,0,N/A,N/A,N/A,N/A,N/A,N/A,N/A,N/A
0,4294967295,2390,1,trans_TransData_55,N/A,N/A,N/A,1763721025742936.116	,87.875,81.833,0,0,N/A,N/A,N/A,N/A,N/A,N/A,N/A,N/A
0,4294967295,2391,1,AsStrided388,N/A,N/A,N/A,1763721025743024.074	,14.271,0.083,0,0,N/A,N/A,N/A,N/A,N/A,N/A,N/A,N/A
0,4294967295,2393,1,trans_TransData_55,N/A,N/A,N/A,1763721025743065.345	,78.604,27.0,0,0,N/A,N/A,N/A,N/A,N/A,N/A,N/A,N/A
0,4294967295,2394,1,AsStrided389,N/A,N/A,N/A,1763721025743144.032	,14.354,0.083,0,0,N/A,N/A,N/A,N/A,N/A,N/A,N/A,N/A
0,4294967295,2396,1,trans_TransData_55,N/A,N/A,N/A,1763721025743192.803	,95.292,34.417,0,0,N/A,N/A,N/A,N/A,N/A,N/A,N/A,N/A
0,4294967295,2397,1,AsStrided390,N/A,N/A,N/A,1763721025743288.178	,14.0,0.083,0,0,N/A,N/A,N/A,N/A,N/A,N/A,N/A,N/A
0,4294967295,2399,1,trans_TransData_55,N/A,N/A,N/A,1763721025743319.262	,78.562,17.083,0,0,N/A,N/A,N/A,N/A,N/A,N/A,N/A,N/A
0,4294967295,2400,1,AsStrided391,N/A,N/A,N/A,1763721025743397.886	,14.375,0.062,0,0,N/A,N/A,N/A,N/A,N/A,N/A,N/A,N/A
0,4294967295,2402,1,trans_TransData_55,N/A,N/A,N/A,1763721025743445.866	,82.0,33.604,0,0,N/A,N/A,N/A,N/A,N/A,N/A,N/A,N/A
0,4294967295,2403,1,AsStrided392,N/A,N/A,N/A,1763721025743527.949	,14.354,0.083,0,0,N/A,N/A,N/A,N/A,N/A,N/A,N/A,N/A
0,4294967295,2405,1,trans_TransData_55,N/A,N/A,N/A,1763721025743568.949	,81.083,26.646,0,0,N/A,N/A,N/A,N/A,N/A,N/A,N/A,N/A
0,4294967295,2406,1,AsStrided393,N/A,N/A,N/A,1763721025743650.116	,14.229,0.083,0,0,N/A,N/A,N/A,N/A,N/A,N/A,N/A,N/A
0,4294967295,2408,1,trans_TransData_55,N/A,N/A,N/A,1763721025743689.907	,83.771,25.562,0,0,N/A,N/A,N/A,N/A,N/A,N/A,N/A,N/A
0,4294967295,2409,1,AsStrided394,N/A,N/A,N/A,1763721025743773.762	,13.958,0.083,0,0,N/A,N/A,N/A,N/A,N/A,N/A,N/A,N/A
0,4294967295,2411,1,trans_TransData_55,N/A,N/A,N/A,1763721025743814.241	,91.896,26.521,0,0,N/A,N/A,N/A,N/A,N/A,N/A,N/A,N/A
0,4294967295,2412,1,AsStrided395,N/A,N/A,N/A,1763721025743906.220	,14.771,0.083,0,0,N/A,N/A,N/A,N/A,N/A,N/A,N/A,N/A
0,4294967295,2414,1,trans_TransData_55,N/A,N/A,N/A,1763721025743948.095	,87.75,27.104,0,0,N/A,N/A,N/A,N/A,N/A,N/A,N/A,N/A
0,4294967295,2415,1,AsStrided396,N/A,N/A,N/A,1763721025744035.907	,14.625,0.062,0,0,N/A,N/A,N/A,N/A,N/A,N/A,N/A,N/A
0,4294967295,2417,1,trans_TransData_55,N/A,N/A,N/A,1763721025744074.803	,79.438,24.271,0,0,N/A,N/A,N/A,N/A,N/A,N/A,N/A,N/A
0,4294967295,2418,1,AsStrided397,N/A,N/A,N/A,1763721025744154.303	,14.208,0.062,0,0,N/A,N/A,N/A,N/A,N/A,N/A,N/A,N/A
0,4294967295,2420,1,trans_TransData_55,N/A,N/A,N/A,1763721025744214.053	,91.458,45.542,0,0,N/A,N/A,N/A,N/A,N/A,N/A,N/A,N/A
0,4294967295,2421,1,AsStrided398,N/A,N/A,N/A,1763721025744305.595	,14.5,0.083,0,0,N/A,N/A,N/A,N/A,N/A,N/A,N/A,N/A
0,4294967295,2423,1,trans_TransData_55,N/A,N/A,N/A,1763721025744341.741	,108.125,21.646,0,0,N/A,N/A,N/A,N/A,N/A,N/A,N/A,N/A
0,4294967295,2424,1,AsStrided399,N/A,N/A,N/A,1763721025744449.949	,13.979,0.083,0,0,N/A,N/A,N/A,N/A,N/A,N/A,N/A,N/A
0,4294967295,2426,1,trans_TransData_55,N/A,N/A,N/A,1763721025744465.241	,81.229,1.312,0,0,N/A,N/A,N/A,N/A,N/A,N/A,N/A,N/A
0,4294967295,2427,1,AsStrided400,N/A,N/A,N/A,1763721025744546.553	,14.312,0.083,0,0,N/A,N/A,N/A,N/A,N/A,N/A,N/A,N/A
0,4294967295,2429,1,trans_TransData_55,N/A,N/A,N/A,1763721025744597.595	,85.667,36.729,0,0,N/A,N/A,N/A,N/A,N/A,N/A,N/A,N/A
0,4294967295,2430,1,AsStrided401,N/A,N/A,N/A,1763721025744683.324	,14.417,0.062,0,0,N/A,N/A,N/A,N/A,N/A,N/A,N/A,N/A
0,4294967295,2432,1,trans_TransData_55,N/A,N/A,N/A,1763721025745987.866	,95.625,1290.125,0,0,N/A,N/A,N/A,N/A,N/A,N/A,N/A,N/A
0,4294967295,2433,1,AsStrided402,N/A,N/A,N/A,1763721025746116.053	,15.396,32.562,0,0,N/A,N/A,N/A,N/A,N/A,N/A,N/A,N/A
0,4294967295,2435,1,trans_TransData_55,N/A,N/A,N/A,1763721025746232.282	,89.854,100.833,0,0,N/A,N/A,N/A,N/A,N/A,N/A,N/A,N/A
0,4294967295,2436,1,AsStrided403,N/A,N/A,N/A,1763721025750415.220	,16.042,4093.083,0,0,N/A,N/A,N/A,N/A,N/A,N/A,N/A,N/A
0,4294967295,2438,1,trans_TransData_55,N/A,N/A,N/A,1763721025750674.678	,84.292,243.417,0,0,N/A,N/A,N/A,N/A,N/A,N/A,N/A,N/A
0,4294967295,2439,1,AsStrided404,N/A,N/A,N/A,1763721025750759.032	,14.417,0.062,0,0,N/A,N/A,N/A,N/A,N/A,N/A,N/A,N/A
0,4294967295,2441,1,trans_TransData_55,N/A,N/A,N/A,1763721025750815.512	,86.792,42.062,0,0,N/A,N/A,N/A,N/A,N/A,N/A,N/A,N/A
0,4294967295,2442,1,AsStrided405,N/A,N/A,N/A,1763721025751061.095	,14.583,158.792,0,0,N/A,N/A,N/A,N/A,N/A,N/A,N/A,N/A
0,4294967295,2444,1,trans_TransData_55,N/A,N/A,N/A,1763721025751173.491	,99.542,97.812,0,0,N/A,N/A,N/A,N/A,N/A,N/A,N/A,N/A
0,4294967295,2445,1,AsStrided406,N/A,N/A,N/A,1763721025751273.095	,14.146,0.062,0,0,N/A,N/A,N/A,N/A,N/A,N/A,N/A,N/A
0,4294967295,2447,1,Pack407/Pack00,N/A,N/A,N/A,1763721029692663.532	,13.938,3941376.292,0,0,N/A,N/A,N/A,N/A,N/A,N/A,N/A,N/A
0,4294967295,2448,1,Pack407/Pack10,N/A,N/A,N/A,1763721029692800.324	,11.396,122.854,0,0,N/A,N/A,N/A,N/A,N/A,N/A,N/A,N/A
0,4294967295,2449,1,Pack407/Pack20,N/A,N/A,N/A,1763721029692908.366	,11.0,96.646,0,0,N/A,N/A,N/A,N/A,N/A,N/A,N/A,N/A
0,4294967295,2450,1,Pack407/Pack30,N/A,N/A,N/A,1763721029692988.928	,13.042,69.562,0,0,N/A,N/A,N/A,N/A,N/A,N/A,N/A,N/A
0,4294967295,2451,1,Pack407/Pack40,N/A,N/A,N/A,1763721029693121.366	,11.188,119.396,0,0,N/A,N/A,N/A,N/A,N/A,N/A,N/A,N/A
0,4294967295,2452,1,Pack407/Pack50,N/A,N/A,N/A,1763721029693205.866	,13.479,73.312,0,0,N/A,N/A,N/A,N/A,N/A,N/A,N/A,N/A
0,4294967295,2453,1,Pack407/Pack60,N/A,N/A,N/A,1763721029693285.512	,14.833,66.167,0,0,N/A,N/A,N/A,N/A,N/A,N/A,N/A,N/A
0,4294967295,2454,1,Pack407/Pack70,N/A,N/A,N/A,1763721029693383.678	,14.167,83.333,0,0,N/A,N/A,N/A,N/A,N/A,N/A,N/A,N/A
0,4294967295,2455,1,Pack407/Pack80,N/A,N/A,N/A,1763721029693463.449	,14.083,65.604,0,0,N/A,N/A,N/A,N/A,N/A,N/A,N/A,N/A
0,4294967295,2456,1,Pack407/Pack90,N/A,N/A,N/A,1763721029693524.720	,8.812,47.188,0,0,N/A,N/A,N/A,N/A,N/A,N/A,N/A,N/A
0,4294967295,2457,1,Pack407/PackBase_node0,N/A,N/A,N/A,1763721029693576.116	,39.583,42.583,0,0,N/A,N/A,N/A,N/A,N/A,N/A,N/A,N/A
0,4294967295,2458,1,AsStrided106,N/A,N/A,N/A,1763721029693757.074	,37.792,141.375,0,0,N/A,N/A,N/A,N/A,N/A,N/A,N/A,N/A
0,4294967295,2460,1,AsStrided108,N/A,N/A,N/A,1763721029693938.116	,14.438,143.25,0,0,N/A,N/A,N/A,N/A,N/A,N/A,N/A,N/A
0,4294967295,2462,1,AsStrided109,N/A,N/A,N/A,1763721029694078.657	,13.979,126.104,0,0,N/A,N/A,N/A,N/A,N/A,N/A,N/A,N/A
0,4294967295,2464,1,AsStrided110,N/A,N/A,N/A,1763721029694186.532	,14.375,93.896,0,0,N/A,N/A,N/A,N/A,N/A,N/A,N/A,N/A
0,4294967295,2466,1,AsStrided111,N/A,N/A,N/A,1763721029694285.762	,14.375,84.854,0,0,N/A,N/A,N/A,N/A,N/A,N/A,N/A,N/A
0,4294967295,2468,1,AsStrided112,N/A,N/A,N/A,1763721029694388.824	,13.938,88.688,0,0,N/A,N/A,N/A,N/A,N/A,N/A,N/A,N/A
0,4294967295,2470,1,AsStrided113,N/A,N/A,N/A,1763721029694481.970	,14.146,79.208,0,0,N/A,N/A,N/A,N/A,N/A,N/A,N/A,N/A
0,4294967295,2472,1,AsStrided114,N/A,N/A,N/A,1763721029694578.282	,14.208,82.167,0,0,N/A,N/A,N/A,N/A,N/A,N/A,N/A,N/A
0,4294967295,2474,1,AsStrided115,N/A,N/A,N/A,1763721029694675.032	,14.396,82.542,0,0,N/A,N/A,N/A,N/A,N/A,N/A,N/A,N/A
0,4294967295,2476,1,AsStrided116,N/A,N/A,N/A,1763721029694841.866	,14.042,152.438,0,0,N/A,N/A,N/A,N/A,N/A,N/A,N/A,N/A
0,4294967295,2478,1,AsStrided117,N/A,N/A,N/A,1763721029694891.928	,14.208,36.021,0,0,N/A,N/A,N/A,N/A,N/A,N/A,N/A,N/A
0,4294967295,2480,1,AsStrided118,N/A,N/A,N/A,1763721029695025.512	,14.146,119.375,0,0,N/A,N/A,N/A,N/A,N/A,N/A,N/A,N/A
0,4294967295,2482,1,AsStrided119,N/A,N/A,N/A,1763721029695119.845	,14.271,80.188,0,0,N/A,N/A,N/A,N/A,N/A,N/A,N/A,N/A
0,4294967295,2484,1,AsStrided120,N/A,N/A,N/A,1763721029695217.928	,14.188,83.812,0,0,N/A,N/A,N/A,N/A,N/A,N/A,N/A,N/A
0,4294967295,2486,1,AsStrided121,N/A,N/A,N/A,1763721029695310.136	,13.958,78.021,0,0,N/A,N/A,N/A,N/A,N/A,N/A,N/A,N/A
0,4294967295,2488,1,AsStrided122,N/A,N/A,N/A,1763721029695405.616	,14.167,81.521,0,0,N/A,N/A,N/A,N/A,N/A,N/A,N/A,N/A
0,4294967295,2490,1,AsStrided123,N/A,N/A,N/A,1763721029695503.428	,14.417,83.646,0,0,N/A,N/A,N/A,N/A,N/A,N/A,N/A,N/A
0,4294967295,2492,1,AsStrided124,N/A,N/A,N/A,1763721029695600.970	,14.292,83.125,0,0,N/A,N/A,N/A,N/A,N/A,N/A,N/A,N/A
0,4294967295,2494,1,AsStrided125,N/A,N/A,N/A,1763721029695709.345	,14.562,94.083,0,0,N/A,N/A,N/A,N/A,N/A,N/A,N/A,N/A
0,4294967295,2496,1,AsStrided126,N/A,N/A,N/A,1763721029695966.595	,13.979,242.688,0,0,N/A,N/A,N/A,N/A,N/A,N/A,N/A,N/A
0,4294967295,2498,1,AsStrided127,N/A,N/A,N/A,1763721029696081.866	,14.479,101.292,0,0,N/A,N/A,N/A,N/A,N/A,N/A,N/A,N/A
0,4294967295,2500,1,AsStrided128,N/A,N/A,N/A,1763721029696177.991	,14.083,81.646,0,0,N/A,N/A,N/A,N/A,N/A,N/A,N/A,N/A
0,4294967295,2502,1,AsStrided129,N/A,N/A,N/A,1763721029696617.720	,14.208,425.646,0,0,N/A,N/A,N/A,N/A,N/A,N/A,N/A,N/A
0,4294967295,2504,1,AsStrided130,N/A,N/A,N/A,1763721029696728.345	,14.562,96.417,0,0,N/A,N/A,N/A,N/A,N/A,N/A,N/A,N/A
0,4294967295,2506,1,AsStrided131,N/A,N/A,N/A,1763721029696830.762	,14.271,87.854,0,0,N/A,N/A,N/A,N/A,N/A,N/A,N/A,N/A
0,4294967295,2508,1,AsStrided132,N/A,N/A,N/A,1763721029696928.136	,14.312,83.104,0,0,N/A,N/A,N/A,N/A,N/A,N/A,N/A,N/A
0,4294967295,2510,1,AsStrided133,N/A,N/A,N/A,1763721029697020.636	,14.167,78.188,0,0,N/A,N/A,N/A,N/A,N/A,N/A,N/A,N/A
0,4294967295,2512,1,AsStrided134,N/A,N/A,N/A,1763721029697128.345	,14.229,93.542,0,0,N/A,N/A,N/A,N/A,N/A,N/A,N/A,N/A
0,4294967295,2514,1,AsStrided135,N/A,N/A,N/A,1763721029697234.074	,14.021,91.5,0,0,N/A,N/A,N/A,N/A,N/A,N/A,N/A,N/A
0,4294967295,2516,1,AsStrided136,N/A,N/A,N/A,1763721029697329.970	,14.167,81.875,0,0,N/A,N/A,N/A,N/A,N/A,N/A,N/A,N/A
0,4294967295,2518,1,AsStrided137,N/A,N/A,N/A,1763721029697748.449	,14.146,404.312,0,0,N/A,N/A,N/A,N/A,N/A,N/A,N/A,N/A
0,4294967295,2520,1,AsStrided138,N/A,N/A,N/A,1763721029697885.595	,13.917,123.0,0,0,N/A,N/A,N/A,N/A,N/A,N/A,N/A,N/A
0,4294967295,2522,1,AsStrided139,N/A,N/A,N/A,1763721029698000.282	,15.062,100.771,0,0,N/A,N/A,N/A,N/A,N/A,N/A,N/A,N/A
0,4294967295,2524,1,AsStrided140,N/A,N/A,N/A,1763721029698087.970	,13.896,72.625,0,0,N/A,N/A,N/A,N/A,N/A,N/A,N/A,N/A
0,4294967295,2526,1,AsStrided141,N/A,N/A,N/A,1763721029698178.574	,14.167,76.708,0,0,N/A,N/A,N/A,N/A,N/A,N/A,N/A,N/A
0,4294967295,2528,1,AsStrided142,N/A,N/A,N/A,1763721029698274.866	,13.958,82.125,0,0,N/A,N/A,N/A,N/A,N/A,N/A,N/A,N/A
0,4294967295,2530,1,AsStrided143,N/A,N/A,N/A,1763721029698363.949	,14.208,75.125,0,0,N/A,N/A,N/A,N/A,N/A,N/A,N/A,N/A
0,4294967295,2532,1,AsStrided144,N/A,N/A,N/A,1763721029698833.116	,14.396,454.958,0,0,N/A,N/A,N/A,N/A,N/A,N/A,N/A,N/A
0,4294967295,2534,1,AsStrided145,N/A,N/A,N/A,1763721029698945.491	,13.938,97.979,0,0,N/A,N/A,N/A,N/A,N/A,N/A,N/A,N/A
0,4294967295,2536,1,AsStrided146,N/A,N/A,N/A,1763721029699056.824	,14.917,97.396,0,0,N/A,N/A,N/A,N/A,N/A,N/A,N/A,N/A
0,4294967295,2538,1,AsStrided147,N/A,N/A,N/A,1763721029699152.324	,14.104,80.583,0,0,N/A,N/A,N/A,N/A,N/A,N/A,N/A,N/A
0,4294967295,2540,1,AsStrided148,N/A,N/A,N/A,1763721029699383.762	,14.104,217.333,0,0,N/A,N/A,N/A,N/A,N/A,N/A,N/A,N/A
0,4294967295,2542,1,AsStrided149,N/A,N/A,N/A,1763721029699491.678	,14.083,93.812,0,0,N/A,N/A,N/A,N/A,N/A,N/A,N/A,N/A
0,4294967295,2544,1,AsStrided150,N/A,N/A,N/A,1763721029699900.428	,13.896,394.667,0,0,N/A,N/A,N/A,N/A,N/A,N/A,N/A,N/A
0,4294967295,2546,1,AsStrided151,N/A,N/A,N/A,1763721029700004.136	,14.479,89.812,0,0,N/A,N/A,N/A,N/A,N/A,N/A,N/A,N/A
0,4294967295,2548,1,AsStrided152,N/A,N/A,N/A,1763721029700100.720	,14.271,82.104,0,0,N/A,N/A,N/A,N/A,N/A,N/A,N/A,N/A
0,4294967295,2550,1,AsStrided153,N/A,N/A,N/A,1763721029700205.345	,14.125,90.354,0,0,N/A,N/A,N/A,N/A,N/A,N/A,N/A,N/A
0,4294967295,2552,1,AsStrided154,N/A,N/A,N/A,1763721029700314.053	,14.812,94.583,0,0,N/A,N/A,N/A,N/A,N/A,N/A,N/A,N/A
0,4294967295,2554,1,AsStrided155,N/A,N/A,N/A,1763721029700408.636	,14.229,79.771,0,0,N/A,N/A,N/A,N/A,N/A,N/A,N/A,N/A
0,4294967295,2556,1,AsStrided156,N/A,N/A,N/A,1763721029700506.803	,14.104,83.938,0,0,N/A,N/A,N/A,N/A,N/A,N/A,N/A,N/A
0,4294967295,2558,1,AsStrided157,N/A,N/A,N/A,1763721029700723.262	,13.896,202.354,0,0,N/A,N/A,N/A,N/A,N/A,N/A,N/A,N/A
0,4294967295,2560,1,AsStrided158,N/A,N/A,N/A,1763721029701186.657	,14.125,449.5,0,0,N/A,N/A,N/A,N/A,N/A,N/A,N/A,N/A
0,4294967295,2562,1,AsStrided159,N/A,N/A,N/A,1763721029701301.032	,14.208,100.25,0,0,N/A,N/A,N/A,N/A,N/A,N/A,N/A,N/A
0,4294967295,2564,1,AsStrided160,N/A,N/A,N/A,1763721029701399.803	,14.104,84.562,0,0,N/A,N/A,N/A,N/A,N/A,N/A,N/A,N/A
0,4294967295,2566,1,AsStrided161,N/A,N/A,N/A,1763721029701504.949	,13.917,91.042,0,0,N/A,N/A,N/A,N/A,N/A,N/A,N/A,N/A
0,4294967295,2568,1,AsStrided162,N/A,N/A,N/A,1763721029701594.199	,14.208,75.333,0,0,N/A,N/A,N/A,N/A,N/A,N/A,N/A,N/A
0,4294967295,2570,1,AsStrided163,N/A,N/A,N/A,1763721029701813.678	,14.146,205.271,0,0,N/A,N/A,N/A,N/A,N/A,N/A,N/A,N/A
0,4294967295,2572,1,AsStrided164,N/A,N/A,N/A,1763721029702108.866	,13.958,281.042,0,0,N/A,N/A,N/A,N/A,N/A,N/A,N/A,N/A
0,4294967295,2574,1,AsStrided165,N/A,N/A,N/A,1763721029702228.095	,14.104,105.271,0,0,N/A,N/A,N/A,N/A,N/A,N/A,N/A,N/A
0,4294967295,2576,1,AsStrided166,N/A,N/A,N/A,1763721029702321.262	,14.021,79.062,0,0,N/A,N/A,N/A,N/A,N/A,N/A,N/A,N/A
0,4294967295,2578,1,AsStrided167,N/A,N/A,N/A,1763721029702412.657	,14.125,77.375,0,0,N/A,N/A,N/A,N/A,N/A,N/A,N/A,N/A
0,4294967295,2580,1,AsStrided168,N/A,N/A,N/A,1763721029702499.553	,14.208,72.771,0,0,N/A,N/A,N/A,N/A,N/A,N/A,N/A,N/A
0,4294967295,2582,1,AsStrided169,N/A,N/A,N/A,1763721029702602.095	,14.833,88.333,0,0,N/A,N/A,N/A,N/A,N/A,N/A,N/A,N/A
0,4294967295,2584,1,AsStrided170,N/A,N/A,N/A,1763721029702829.866	,14.167,212.938,0,0,N/A,N/A,N/A,N/A,N/A,N/A,N/A,N/A
0,4294967295,2586,1,AsStrided171,N/A,N/A,N/A,1763721029702942.345	,14.146,98.312,0,0,N/A,N/A,N/A,N/A,N/A,N/A,N/A,N/A
0,4294967295,2588,1,AsStrided172,N/A,N/A,N/A,1763721029703229.116	,14.229,272.625,0,0,N/A,N/A,N/A,N/A,N/A,N/A,N/A,N/A
0,4294967295,2590,1,AsStrided173,N/A,N/A,N/A,1763721029703482.428	,14.146,239.083,0,0,N/A,N/A,N/A,N/A,N/A,N/A,N/A,N/A
0,4294967295,2592,1,AsStrided174,N/A,N/A,N/A,1763721029703586.428	,14.188,89.854,0,0,N/A,N/A,N/A,N/A,N/A,N/A,N/A,N/A
0,4294967295,2594,1,AsStrided175,N/A,N/A,N/A,1763721029703684.241	,14.188,83.625,0,0,N/A,N/A,N/A,N/A,N/A,N/A,N/A,N/A
0,4294967295,2596,1,AsStrided176,N/A,N/A,N/A,1763721029703916.886	,14.188,218.458,0,0,N/A,N/A,N/A,N/A,N/A,N/A,N/A,N/A
0,4294967295,2598,1,AsStrided177,N/A,N/A,N/A,1763721029704044.886	,14.292,113.812,0,0,N/A,N/A,N/A,N/A,N/A,N/A,N/A,N/A
0,4294967295,2600,1,AsStrided178,N/A,N/A,N/A,1763721029704310.512	,14.312,251.333,0,0,N/A,N/A,N/A,N/A,N/A,N/A,N/A,N/A
0,4294967295,2602,1,AsStrided179,N/A,N/A,N/A,1763721029704437.449	,14.188,112.625,0,0,N/A,N/A,N/A,N/A,N/A,N/A,N/A,N/A
0,4294967295,2604,1,AsStrided180,N/A,N/A,N/A,1763721029704540.053	,13.917,88.417,0,0,N/A,N/A,N/A,N/A,N/A,N/A,N/A,N/A
0,4294967295,2606,1,AsStrided181,N/A,N/A,N/A,1763721029704636.532	,14.312,82.562,0,0,N/A,N/A,N/A,N/A,N/A,N/A,N/A,N/A
0,4294967295,2608,1,AsStrided182,N/A,N/A,N/A,1763721029704734.553	,14.167,83.708,0,0,N/A,N/A,N/A,N/A,N/A,N/A,N/A,N/A
0,4294967295,2610,1,AsStrided183,N/A,N/A,N/A,1763721029704830.324	,14.021,81.604,0,0,N/A,N/A,N/A,N/A,N/A,N/A,N/A,N/A
0,4294967295,2612,1,AsStrided184,N/A,N/A,N/A,1763721029705089.803	,14.104,245.458,0,0,N/A,N/A,N/A,N/A,N/A,N/A,N/A,N/A
0,4294967295,2614,1,AsStrided185,N/A,N/A,N/A,1763721029705195.449	,13.979,91.542,0,0,N/A,N/A,N/A,N/A,N/A,N/A,N/A,N/A
0,4294967295,2616,1,AsStrided186,N/A,N/A,N/A,1763721029705500.449	,14.104,291.021,0,0,N/A,N/A,N/A,N/A,N/A,N/A,N/A,N/A
0,4294967295,2618,1,AsStrided187,N/A,N/A,N/A,1763721029705617.032	,14.438,102.479,0,0,N/A,N/A,N/A,N/A,N/A,N/A,N/A,N/A
0,4294967295,2620,1,AsStrided188,N/A,N/A,N/A,1763721029705766.741	,14.167,135.271,0,0,N/A,N/A,N/A,N/A,N/A,N/A,N/A,N/A
0,4294967295,2622,1,AsStrided189,N/A,N/A,N/A,1763721029705820.428	,14.167,39.521,0,0,N/A,N/A,N/A,N/A,N/A,N/A,N/A,N/A
0,4294967295,2624,1,AsStrided190,N/A,N/A,N/A,1763721029706223.199	,14.021,388.604,0,0,N/A,N/A,N/A,N/A,N/A,N/A,N/A,N/A
0,4294967295,2626,1,AsStrided191,N/A,N/A,N/A,1763721029706517.136	,14.229,279.917,0,0,N/A,N/A,N/A,N/A,N/A,N/A,N/A,N/A
0,4294967295,2628,1,AsStrided192,N/A,N/A,N/A,1763721029706648.428	,14.583,117.062,0,0,N/A,N/A,N/A,N/A,N/A,N/A,N/A,N/A
0,4294967295,2630,1,AsStrided193,N/A,N/A,N/A,1763721029706759.032	,14.167,96.021,0,0,N/A,N/A,N/A,N/A,N/A,N/A,N/A,N/A
0,4294967295,2632,1,AsStrided194,N/A,N/A,N/A,1763721029706870.741	,14.25,97.542,0,0,N/A,N/A,N/A,N/A,N/A,N/A,N/A,N/A
0,4294967295,2634,1,AsStrided195,N/A,N/A,N/A,1763721029706973.553	,13.917,88.562,0,0,N/A,N/A,N/A,N/A,N/A,N/A,N/A,N/A
0,4294967295,2636,1,AsStrided196,N/A,N/A,N/A,1763721029707075.136	,14.146,87.667,0,0,N/A,N/A,N/A,N/A,N/A,N/A,N/A,N/A
0,4294967295,2638,1,AsStrided197,N/A,N/A,N/A,1763721029707184.470	,14.875,95.188,0,0,N/A,N/A,N/A,N/A,N/A,N/A,N/A,N/A
0,4294967295,2640,1,AsStrided198,N/A,N/A,N/A,1763721029707260.366	,14.354,61.021,0,0,N/A,N/A,N/A,N/A,N/A,N/A,N/A,N/A
0,4294967295,2642,1,AsStrided199,N/A,N/A,N/A,1763721029707355.407	,14.0,80.688,0,0,N/A,N/A,N/A,N/A,N/A,N/A,N/A,N/A
0,4294967295,2644,1,AsStrided200,N/A,N/A,N/A,1763721029707444.657	,14.125,75.25,0,0,N/A,N/A,N/A,N/A,N/A,N/A,N/A,N/A
0,4294967295,2646,1,AsStrided201,N/A,N/A,N/A,1763721029707538.782	,14.354,80.0,0,0,N/A,N/A,N/A,N/A,N/A,N/A,N/A,N/A
0,4294967295,2648,1,AsStrided202,N/A,N/A,N/A,1763721029707634.699	,13.958,81.562,0,0,N/A,N/A,N/A,N/A,N/A,N/A,N/A,N/A
0,4294967295,2650,1,AsStrided203,N/A,N/A,N/A,1763721029707741.262	,14.125,92.604,0,0,N/A,N/A,N/A,N/A,N/A,N/A,N/A,N/A
0,4294967295,2652,1,AsStrided204,N/A,N/A,N/A,1763721029708113.532	,13.917,358.146,0,0,N/A,N/A,N/A,N/A,N/A,N/A,N/A,N/A
0,4294967295,2654,1,AsStrided205,N/A,N/A,N/A,1763721029708244.803	,14.125,117.354,0,0,N/A,N/A,N/A,N/A,N/A,N/A,N/A,N/A
0,4294967295,2656,1,AsStrided206,N/A,N/A,N/A,1763721029708352.741	,13.896,93.812,0,0,N/A,N/A,N/A,N/A,N/A,N/A,N/A,N/A
0,4294967295,2658,1,AsStrided207,N/A,N/A,N/A,1763721029708452.886	,14.25,86.25,0,0,N/A,N/A,N/A,N/A,N/A,N/A,N/A,N/A
0,4294967295,2660,1,AsStrided208,N/A,N/A,N/A,1763721029708547.241	,14.146,80.104,0,0,N/A,N/A,N/A,N/A,N/A,N/A,N/A,N/A
0,4294967295,2662,1,AsStrided209,N/A,N/A,N/A,1763721029708639.970	,13.917,78.583,0,0,N/A,N/A,N/A,N/A,N/A,N/A,N/A,N/A
0,4294967295,2664,1,AsStrided210,N/A,N/A,N/A,1763721029708734.595	,14.146,80.708,0,0,N/A,N/A,N/A,N/A,N/A,N/A,N/A,N/A
0,4294967295,2666,1,AsStrided211,N/A,N/A,N/A,1763721029708830.762	,13.938,82.021,0,0,N/A,N/A,N/A,N/A,N/A,N/A,N/A,N/A
0,4294967295,2668,1,AsStrided212,N/A,N/A,N/A,1763721029709122.616	,14.229,277.917,0,0,N/A,N/A,N/A,N/A,N/A,N/A,N/A,N/A
0,4294967295,2670,1,AsStrided213,N/A,N/A,N/A,1763721029709253.366	,14.312,116.521,0,0,N/A,N/A,N/A,N/A,N/A,N/A,N/A,N/A
0,4294967295,2672,1,AsStrided214,N/A,N/A,N/A,1763721029709365.157	,14.167,97.479,0,0,N/A,N/A,N/A,N/A,N/A,N/A,N/A,N/A
0,4294967295,2674,1,AsStrided215,N/A,N/A,N/A,1763721029709464.386	,14.25,85.062,0,0,N/A,N/A,N/A,N/A,N/A,N/A,N/A,N/A
0,4294967295,2676,1,AsStrided216,N/A,N/A,N/A,1763721029709563.512	,14.292,84.875,0,0,N/A,N/A,N/A,N/A,N/A,N/A,N/A,N/A
0,4294967295,2678,1,AsStrided217,N/A,N/A,N/A,1763721029709658.032	,14.188,80.229,0,0,N/A,N/A,N/A,N/A,N/A,N/A,N/A,N/A
0,4294967295,2680,1,AsStrided218,N/A,N/A,N/A,1763721029709754.532	,14.104,82.312,0,0,N/A,N/A,N/A,N/A,N/A,N/A,N/A,N/A
0,4294967295,2682,1,AsStrided219,N/A,N/A,N/A,1763721029709851.428	,14.125,82.792,0,0,N/A,N/A,N/A,N/A,N/A,N/A,N/A,N/A
0,4294967295,2684,1,AsStrided220,N/A,N/A,N/A,1763721029709952.845	,14.125,87.292,0,0,N/A,N/A,N/A,N/A,N/A,N/A,N/A,N/A
0,4294967295,2686,1,AsStrided221,N/A,N/A,N/A,1763721029710267.928	,13.917,300.958,0,0,N/A,N/A,N/A,N/A,N/A,N/A,N/A,N/A
0,4294967295,2688,1,AsStrided222,N/A,N/A,N/A,1763721029710562.303	,14.312,280.458,0,0,N/A,N/A,N/A,N/A,N/A,N/A,N/A,N/A
0,4294967295,2690,1,AsStrided223,N/A,N/A,N/A,1763721029710668.199	,14.229,91.583,0,0,N/A,N/A,N/A,N/A,N/A,N/A,N/A,N/A
0,4294967295,2692,1,AsStrided224,N/A,N/A,N/A,1763721029710765.949	,14.396,83.521,0,0,N/A,N/A,N/A,N/A,N/A,N/A,N/A,N/A
0,4294967295,2694,1,AsStrided225,N/A,N/A,N/A,1763721029710916.491	,14.938,136.146,0,0,N/A,N/A,N/A,N/A,N/A,N/A,N/A,N/A
0,4294967295,2696,1,AsStrided226,N/A,N/A,N/A,1763721029710985.574	,13.896,54.146,0,0,N/A,N/A,N/A,N/A,N/A,N/A,N/A,N/A
0,4294967295,2698,1,AsStrided227,N/A,N/A,N/A,1763721029711085.178	,14.229,85.708,0,0,N/A,N/A,N/A,N/A,N/A,N/A,N/A,N/A
0,4294967295,2700,1,AsStrided228,N/A,N/A,N/A,1763721029711174.553	,14.104,75.146,0,0,N/A,N/A,N/A,N/A,N/A,N/A,N/A,N/A
0,4294967295,2702,1,AsStrided229,N/A,N/A,N/A,1763721029711674.095	,14.104,485.438,0,0,N/A,N/A,N/A,N/A,N/A,N/A,N/A,N/A
0,4294967295,2704,1,AsStrided230,N/A,N/A,N/A,1763721029711811.386	,14.229,123.188,0,0,N/A,N/A,N/A,N/A,N/A,N/A,N/A,N/A
0,4294967295,2706,1,AsStrided231,N/A,N/A,N/A,1763721029711907.470	,13.917,81.854,0,0,N/A,N/A,N/A,N/A,N/A,N/A,N/A,N/A
0,4294967295,2708,1,AsStrided232,N/A,N/A,N/A,1763721029711999.220	,14.125,77.833,0,0,N/A,N/A,N/A,N/A,N/A,N/A,N/A,N/A
0,4294967295,2710,1,AsStrided233,N/A,N/A,N/A,1763721029712118.053	,14.771,104.708,0,0,N/A,N/A,N/A,N/A,N/A,N/A,N/A,N/A
0,4294967295,2712,1,AsStrided234,N/A,N/A,N/A,1763721029712206.720	,14.125,73.896,0,0,N/A,N/A,N/A,N/A,N/A,N/A,N/A,N/A
0,4294967295,2714,1,AsStrided235,N/A,N/A,N/A,1763721029712299.574	,14.167,78.729,0,0,N/A,N/A,N/A,N/A,N/A,N/A,N/A,N/A
0,4294967295,2716,1,AsStrided236,N/A,N/A,N/A,1763721029712393.095	,13.938,79.354,0,0,N/A,N/A,N/A,N/A,N/A,N/A,N/A,N/A
0,4294967295,2718,1,AsStrided237,N/A,N/A,N/A,1763721029712495.866	,14.167,88.833,0,0,N/A,N/A,N/A,N/A,N/A,N/A,N/A,N/A
0,4294967295,2720,1,AsStrided238,N/A,N/A,N/A,1763721029712584.282	,14.396,74.25,0,0,N/A,N/A,N/A,N/A,N/A,N/A,N/A,N/A
0,4294967295,2722,1,AsStrided239,N/A,N/A,N/A,1763721029712674.136	,14.229,75.458,0,0,N/A,N/A,N/A,N/A,N/A,N/A,N/A,N/A
0,4294967295,2724,1,AsStrided240,N/A,N/A,N/A,1763721029713090.991	,13.896,402.625,0,0,N/A,N/A,N/A,N/A,N/A,N/A,N/A,N/A
0,4294967295,2726,1,AsStrided241,N/A,N/A,N/A,1763721029713189.366	,14.292,84.479,0,0,N/A,N/A,N/A,N/A,N/A,N/A,N/A,N/A
0,4294967295,2728,1,AsStrided242,N/A,N/A,N/A,1763721029713281.636	,14.146,77.979,0,0,N/A,N/A,N/A,N/A,N/A,N/A,N/A,N/A
0,4294967295,2730,1,AsStrided243,N/A,N/A,N/A,1763721029713377.178	,14.0,81.396,0,0,N/A,N/A,N/A,N/A,N/A,N/A,N/A,N/A
0,4294967295,2732,1,AsStrided244,N/A,N/A,N/A,1763721029713481.657	,14.167,90.479,0,0,N/A,N/A,N/A,N/A,N/A,N/A,N/A,N/A
0,4294967295,2734,1,AsStrided245,N/A,N/A,N/A,1763721029713568.616	,14.104,72.792,0,0,N/A,N/A,N/A,N/A,N/A,N/A,N/A,N/A
0,4294967295,2736,1,AsStrided246,N/A,N/A,N/A,1763721029713662.636	,14.125,79.917,0,0,N/A,N/A,N/A,N/A,N/A,N/A,N/A,N/A
0,4294967295,2738,1,AsStrided247,N/A,N/A,N/A,1763721029713759.116	,14.0,82.354,0,0,N/A,N/A,N/A,N/A,N/A,N/A,N/A,N/A
0,4294967295,2740,1,AsStrided248,N/A,N/A,N/A,1763721029714141.678	,14.646,368.562,0,0,N/A,N/A,N/A,N/A,N/A,N/A,N/A,N/A
0,4294967295,2742,1,AsStrided249,N/A,N/A,N/A,1763721029714254.032	,14.229,97.708,0,0,N/A,N/A,N/A,N/A,N/A,N/A,N/A,N/A
0,4294967295,2744,1,AsStrided250,N/A,N/A,N/A,1763721029714344.282	,14.0,76.021,0,0,N/A,N/A,N/A,N/A,N/A,N/A,N/A,N/A
0,4294967295,2746,1,AsStrided251,N/A,N/A,N/A,1763721029714437.678	,14.458,79.396,0,0,N/A,N/A,N/A,N/A,N/A,N/A,N/A,N/A
0,4294967295,2748,1,AsStrided252,N/A,N/A,N/A,1763721029714549.116	,14.229,96.979,0,0,N/A,N/A,N/A,N/A,N/A,N/A,N/A,N/A
0,4294967295,2750,1,AsStrided253,N/A,N/A,N/A,1763721029714636.970	,14.229,73.625,0,0,N/A,N/A,N/A,N/A,N/A,N/A,N/A,N/A
0,4294967295,2752,1,AsStrided254,N/A,N/A,N/A,1763721029715011.803	,14.458,360.604,0,0,N/A,N/A,N/A,N/A,N/A,N/A,N/A,N/A
0,4294967295,2754,1,AsStrided255,N/A,N/A,N/A,1763721029715068.262	,14.271,42.0,0,0,N/A,N/A,N/A,N/A,N/A,N/A,N/A,N/A
0,4294967295,2756,1,AsStrided256,N/A,N/A,N/A,1763721029715166.907	,14.583,84.375,0,0,N/A,N/A,N/A,N/A,N/A,N/A,N/A,N/A
0,4294967295,2758,1,AsStrided257,N/A,N/A,N/A,1763721029715261.866	,14.25,80.375,0,0,N/A,N/A,N/A,N/A,N/A,N/A,N/A,N/A
0,4294967295,2760,1,AsStrided258,N/A,N/A,N/A,1763721029715356.991	,14.208,80.875,0,0,N/A,N/A,N/A,N/A,N/A,N/A,N/A,N/A
0,4294967295,2762,1,AsStrided259,N/A,N/A,N/A,1763721029715462.241	,15.0,91.042,0,0,N/A,N/A,N/A,N/A,N/A,N/A,N/A,N/A
0,4294967295,2764,1,AsStrided260,N/A,N/A,N/A,1763721029715555.345	,14.125,78.104,0,0,N/A,N/A,N/A,N/A,N/A,N/A,N/A,N/A
0,4294967295,2766,1,AsStrided261,N/A,N/A,N/A,1763721029715648.386	,14.104,78.917,0,0,N/A,N/A,N/A,N/A,N/A,N/A,N/A,N/A
0,4294967295,2768,1,AsStrided262,N/A,N/A,N/A,1763721029715741.553	,13.917,79.062,0,0,N/A,N/A,N/A,N/A,N/A,N/A,N/A,N/A
0,4294967295,2770,1,AsStrided263,N/A,N/A,N/A,1763721029716165.678	,14.167,410.208,0,0,N/A,N/A,N/A,N/A,N/A,N/A,N/A,N/A
0,4294967295,2772,1,AsStrided264,N/A,N/A,N/A,1763721029716301.366	,14.104,121.521,0,0,N/A,N/A,N/A,N/A,N/A,N/A,N/A,N/A
0,4294967295,2774,1,AsStrided265,N/A,N/A,N/A,1763721029716399.574	,14.292,84.104,0,0,N/A,N/A,N/A,N/A,N/A,N/A,N/A,N/A
0,4294967295,2776,1,AsStrided266,N/A,N/A,N/A,1763721029716497.407	,14.0,83.542,0,0,N/A,N/A,N/A,N/A,N/A,N/A,N/A,N/A
0,4294967295,2778,1,AsStrided267,N/A,N/A,N/A,1763721029716613.449	,14.833,102.042,0,0,N/A,N/A,N/A,N/A,N/A,N/A,N/A,N/A
0,4294967295,2780,1,AsStrided268,N/A,N/A,N/A,1763721029716702.262	,14.125,73.979,0,0,N/A,N/A,N/A,N/A,N/A,N/A,N/A,N/A
0,4294967295,2782,1,AsStrided269,N/A,N/A,N/A,1763721029716792.074	,13.875,75.688,0,0,N/A,N/A,N/A,N/A,N/A,N/A,N/A,N/A
0,4294967295,2784,1,AsStrided270,N/A,N/A,N/A,1763721029716903.616	,14.25,97.667,0,0,N/A,N/A,N/A,N/A,N/A,N/A,N/A,N/A
0,4294967295,2786,1,AsStrided271,N/A,N/A,N/A,1763721029717266.991	,13.979,349.125,0,0,N/A,N/A,N/A,N/A,N/A,N/A,N/A,N/A
0,4294967295,2788,1,AsStrided272,N/A,N/A,N/A,1763721029717390.178	,14.521,109.208,0,0,N/A,N/A,N/A,N/A,N/A,N/A,N/A,N/A
0,4294967295,2790,1,AsStrided273,N/A,N/A,N/A,1763721029717488.782	,14.417,84.083,0,0,N/A,N/A,N/A,N/A,N/A,N/A,N/A,N/A
0,4294967295,2792,1,AsStrided274,N/A,N/A,N/A,1763721029717602.949	,14.958,99.75,0,0,N/A,N/A,N/A,N/A,N/A,N/A,N/A,N/A
0,4294967295,2794,1,AsStrided275,N/A,N/A,N/A,1763721029717707.491	,14.312,89.583,0,0,N/A,N/A,N/A,N/A,N/A,N/A,N/A,N/A
0,4294967295,2796,1,AsStrided276,N/A,N/A,N/A,1763721029717801.157	,14.146,79.354,0,0,N/A,N/A,N/A,N/A,N/A,N/A,N/A,N/A
0,4294967295,2798,1,AsStrided277,N/A,N/A,N/A,1763721029717894.512	,14.312,79.208,0,0,N/A,N/A,N/A,N/A,N/A,N/A,N/A,N/A
0,4294967295,2800,1,AsStrided278,N/A,N/A,N/A,1763721029717999.386	,13.979,90.562,0,0,N/A,N/A,N/A,N/A,N/A,N/A,N/A,N/A
0,4294967295,2802,1,AsStrided279,N/A,N/A,N/A,1763721029718373.991	,14.688,360.625,0,0,N/A,N/A,N/A,N/A,N/A,N/A,N/A,N/A
0,4294967295,2804,1,AsStrided280,N/A,N/A,N/A,1763721029718503.136	,14.188,114.458,0,0,N/A,N/A,N/A,N/A,N/A,N/A,N/A,N/A
0,4294967295,2806,1,AsStrided281,N/A,N/A,N/A,1763721029718612.741	,14.375,95.417,0,0,N/A,N/A,N/A,N/A,N/A,N/A,N/A,N/A
0,4294967295,2808,1,AsStrided282,N/A,N/A,N/A,1763721029718722.991	,15.0,95.875,0,0,N/A,N/A,N/A,N/A,N/A,N/A,N/A,N/A
0,4294967295,2810,1,AsStrided283,N/A,N/A,N/A,1763721029718854.866	,14.292,116.875,0,0,N/A,N/A,N/A,N/A,N/A,N/A,N/A,N/A
0,4294967295,2812,1,AsStrided284,N/A,N/A,N/A,1763721029719001.803	,14.417,132.646,0,0,N/A,N/A,N/A,N/A,N/A,N/A,N/A,N/A
0,4294967295,2814,1,AsStrided285,N/A,N/A,N/A,1763721029719029.886	,13.917,13.667,0,0,N/A,N/A,N/A,N/A,N/A,N/A,N/A,N/A
0,4294967295,2816,1,AsStrided286,N/A,N/A,N/A,1763721029719284.366	,14.375,240.562,0,0,N/A,N/A,N/A,N/A,N/A,N/A,N/A,N/A
0,4294967295,2818,1,AsStrided287,N/A,N/A,N/A,1763721029719388.241	,14.333,89.5,0,0,N/A,N/A,N/A,N/A,N/A,N/A,N/A,N/A
0,4294967295,2820,1,AsStrided288,N/A,N/A,N/A,1763721029719797.470	,13.917,394.896,0,0,N/A,N/A,N/A,N/A,N/A,N/A,N/A,N/A
0,4294967295,2822,1,AsStrided289,N/A,N/A,N/A,1763721029719915.345	,14.167,103.958,0,0,N/A,N/A,N/A,N/A,N/A,N/A,N/A,N/A
0,4294967295,2824,1,AsStrided290,N/A,N/A,N/A,1763721029720007.886	,13.958,78.375,0,0,N/A,N/A,N/A,N/A,N/A,N/A,N/A,N/A
0,4294967295,2826,1,AsStrided291,N/A,N/A,N/A,1763721029720101.949	,14.146,80.104,0,0,N/A,N/A,N/A,N/A,N/A,N/A,N/A,N/A
0,4294967295,2828,1,AsStrided292,N/A,N/A,N/A,1763721029720192.636	,13.938,76.542,0,0,N/A,N/A,N/A,N/A,N/A,N/A,N/A,N/A
0,4294967295,2830,1,AsStrided293,N/A,N/A,N/A,1763721029720289.157	,14.208,82.583,0,0,N/A,N/A,N/A,N/A,N/A,N/A,N/A,N/A
0,4294967295,2832,1,AsStrided294,N/A,N/A,N/A,1763721029720387.574	,14.292,84.208,0,0,N/A,N/A,N/A,N/A,N/A,N/A,N/A,N/A
0,4294967295,2834,1,AsStrided295,N/A,N/A,N/A,1763721029720473.178	,14.125,71.312,0,0,N/A,N/A,N/A,N/A,N/A,N/A,N/A,N/A
0,4294967295,2836,1,AsStrided296,N/A,N/A,N/A,1763721029720565.928	,14.271,78.625,0,0,N/A,N/A,N/A,N/A,N/A,N/A,N/A,N/A
0,4294967295,2838,1,AsStrided297,N/A,N/A,N/A,1763721029720662.032	,14.188,81.833,0,0,N/A,N/A,N/A,N/A,N/A,N/A,N/A,N/A
0,4294967295,2840,1,AsStrided298,N/A,N/A,N/A,1763721029720752.886	,14.125,76.667,0,0,N/A,N/A,N/A,N/A,N/A,N/A,N/A,N/A
0,4294967295,2842,1,AsStrided299,N/A,N/A,N/A,1763721029720842.741	,14.292,75.729,0,0,N/A,N/A,N/A,N/A,N/A,N/A,N/A,N/A
0,4294967295,2844,1,AsStrided300,N/A,N/A,N/A,1763721029720934.782	,14.146,77.75,0,0,N/A,N/A,N/A,N/A,N/A,N/A,N/A,N/A
0,4294967295,2846,1,AsStrided301,N/A,N/A,N/A,1763721029721037.595	,14.125,88.667,0,0,N/A,N/A,N/A,N/A,N/A,N/A,N/A,N/A
0,4294967295,2848,1,AsStrided302,N/A,N/A,N/A,1763721029721126.095	,14.521,74.375,0,0,N/A,N/A,N/A,N/A,N/A,N/A,N/A,N/A
0,4294967295,2850,1,AsStrided303,N/A,N/A,N/A,1763721029721220.949	,14.25,80.333,0,0,N/A,N/A,N/A,N/A,N/A,N/A,N/A,N/A
0,4294967295,2852,1,AsStrided304,N/A,N/A,N/A,1763721029721329.866	,14.438,94.667,0,0,N/A,N/A,N/A,N/A,N/A,N/A,N/A,N/A
0,4294967295,2854,1,AsStrided305,N/A,N/A,N/A,1763721029721419.803	,14.271,75.5,0,0,N/A,N/A,N/A,N/A,N/A,N/A,N/A,N/A
0,4294967295,2856,1,AsStrided306,N/A,N/A,N/A,1763721029721508.824	,14.125,74.75,0,0,N/A,N/A,N/A,N/A,N/A,N/A,N/A,N/A
0,4294967295,2858,1,AsStrided307,N/A,N/A,N/A,1763721029721602.386	,14.375,79.438,0,0,N/A,N/A,N/A,N/A,N/A,N/A,N/A,N/A
0,4294967295,2860,1,AsStrided308,N/A,N/A,N/A,1763721029721697.282	,14.479,80.521,0,0,N/A,N/A,N/A,N/A,N/A,N/A,N/A,N/A
0,4294967295,2862,1,AsStrided309,N/A,N/A,N/A,1763721029722240.241	,14.125,528.479,0,0,N/A,N/A,N/A,N/A,N/A,N/A,N/A,N/A
0,4294967295,2864,1,AsStrided310,N/A,N/A,N/A,1763721029722363.991	,14.333,109.625,0,0,N/A,N/A,N/A,N/A,N/A,N/A,N/A,N/A
0,4294967295,2866,1,AsStrided311,N/A,N/A,N/A,1763721029722456.136	,13.917,77.812,0,0,N/A,N/A,N/A,N/A,N/A,N/A,N/A,N/A
0,4294967295,2868,1,AsStrided312,N/A,N/A,N/A,1763721029722554.574	,14.146,84.521,0,0,N/A,N/A,N/A,N/A,N/A,N/A,N/A,N/A
0,4294967295,2870,1,AsStrided313,N/A,N/A,N/A,1763721029722645.720	,14.229,77.0,0,0,N/A,N/A,N/A,N/A,N/A,N/A,N/A,N/A
0,4294967295,2872,1,AsStrided314,N/A,N/A,N/A,1763721029722732.303	,14.042,72.354,0,0,N/A,N/A,N/A,N/A,N/A,N/A,N/A,N/A
0,4294967295,2874,1,AsStrided315,N/A,N/A,N/A,1763721029722846.366	,14.417,100.021,0,0,N/A,N/A,N/A,N/A,N/A,N/A,N/A,N/A
0,4294967295,2876,1,AsStrided316,N/A,N/A,N/A,1763721029723289.345	,13.917,428.562,0,0,N/A,N/A,N/A,N/A,N/A,N/A,N/A,N/A
0,4294967295,2878,1,AsStrided317,N/A,N/A,N/A,1763721029723411.803	,14.229,108.542,0,0,N/A,N/A,N/A,N/A,N/A,N/A,N/A,N/A
0,4294967295,2880,1,AsStrided318,N/A,N/A,N/A,1763721029723672.886	,14.146,246.854,0,0,N/A,N/A,N/A,N/A,N/A,N/A,N/A,N/A
0,4294967295,2882,1,AsStrided319,N/A,N/A,N/A,1763721029723780.824	,14.479,93.792,0,0,N/A,N/A,N/A,N/A,N/A,N/A,N/A,N/A
0,4294967295,2884,1,AsStrided320,N/A,N/A,N/A,1763721029723872.574	,14.208,77.271,0,0,N/A,N/A,N/A,N/A,N/A,N/A,N/A,N/A
0,4294967295,2886,1,AsStrided321,N/A,N/A,N/A,1763721029724082.678	,14.625,195.896,0,0,N/A,N/A,N/A,N/A,N/A,N/A,N/A,N/A
0,4294967295,2888,1,AsStrided322,N/A,N/A,N/A,1763721029724194.595	,14.229,97.292,0,0,N/A,N/A,N/A,N/A,N/A,N/A,N/A,N/A
0,4294967295,2890,1,AsStrided323,N/A,N/A,N/A,1763721029724434.699	,13.917,225.875,0,0,N/A,N/A,N/A,N/A,N/A,N/A,N/A,N/A
0,4294967295,2892,1,AsStrided324,N/A,N/A,N/A,1763721029724530.116	,14.438,81.5,0,0,N/A,N/A,N/A,N/A,N/A,N/A,N/A,N/A
0,4294967295,2894,1,AsStrided325,N/A,N/A,N/A,1763721029724616.074	,14.458,71.521,0,0,N/A,N/A,N/A,N/A,N/A,N/A,N/A,N/A
0,4294967295,2896,1,AsStrided326,N/A,N/A,N/A,1763721029724703.136	,13.938,72.604,0,0,N/A,N/A,N/A,N/A,N/A,N/A,N/A,N/A
0,4294967295,2898,1,AsStrided327,N/A,N/A,N/A,1763721029724808.032	,14.208,90.958,0,0,N/A,N/A,N/A,N/A,N/A,N/A,N/A,N/A
0,4294967295,2900,1,AsStrided328,N/A,N/A,N/A,1763721029724897.470	,14.167,75.229,0,0,N/A,N/A,N/A,N/A,N/A,N/A,N/A,N/A
0,4294967295,2902,1,AsStrided329,N/A,N/A,N/A,1763721029724985.928	,14.146,74.292,0,0,N/A,N/A,N/A,N/A,N/A,N/A,N/A,N/A
0,4294967295,2904,1,AsStrided330,N/A,N/A,N/A,1763721029725272.866	,14.396,272.792,0,0,N/A,N/A,N/A,N/A,N/A,N/A,N/A,N/A
0,4294967295,2906,1,AsStrided331,N/A,N/A,N/A,1763721029725387.845	,14.229,100.583,0,0,N/A,N/A,N/A,N/A,N/A,N/A,N/A,N/A
0,4294967295,2908,1,AsStrided332,N/A,N/A,N/A,1763721029725703.574	,14.25,301.5,0,0,N/A,N/A,N/A,N/A,N/A,N/A,N/A,N/A
0,4294967295,2910,1,AsStrided333,N/A,N/A,N/A,1763721029725830.595	,13.917,112.771,0,0,N/A,N/A,N/A,N/A,N/A,N/A,N/A,N/A
0,4294967295,2912,1,AsStrided334,N/A,N/A,N/A,1763721029725936.949	,14.292,92.438,0,0,N/A,N/A,N/A,N/A,N/A,N/A,N/A,N/A
0,4294967295,2914,1,AsStrided335,N/A,N/A,N/A,1763721029726026.678	,14.458,75.438,0,0,N/A,N/A,N/A,N/A,N/A,N/A,N/A,N/A
0,4294967295,2916,1,AsStrided336,N/A,N/A,N/A,1763721029726275.657	,14.958,234.521,0,0,N/A,N/A,N/A,N/A,N/A,N/A,N/A,N/A
0,4294967295,2918,1,AsStrided337,N/A,N/A,N/A,1763721029726408.574	,14.333,117.958,0,0,N/A,N/A,N/A,N/A,N/A,N/A,N/A,N/A
0,4294967295,2920,1,AsStrided338,N/A,N/A,N/A,1763721029726524.136	,14.938,101.229,0,0,N/A,N/A,N/A,N/A,N/A,N/A,N/A,N/A
0,4294967295,2922,1,AsStrided339,N/A,N/A,N/A,1763721029726861.199	,14.146,322.125,0,0,N/A,N/A,N/A,N/A,N/A,N/A,N/A,N/A
0,4294967295,2924,1,AsStrided340,N/A,N/A,N/A,1763721029726968.970	,14.208,93.625,0,0,N/A,N/A,N/A,N/A,N/A,N/A,N/A,N/A
0,4294967295,2926,1,AsStrided341,N/A,N/A,N/A,1763721029727067.553	,14.375,84.375,0,0,N/A,N/A,N/A,N/A,N/A,N/A,N/A,N/A
0,4294967295,2928,1,AsStrided342,N/A,N/A,N/A,1763721029727168.553	,13.917,86.625,0,0,N/A,N/A,N/A,N/A,N/A,N/A,N/A,N/A
0,4294967295,2930,1,AsStrided343,N/A,N/A,N/A,1763721029727485.907	,14.333,303.438,0,0,N/A,N/A,N/A,N/A,N/A,N/A,N/A,N/A
0,4294967295,2932,1,AsStrided344,N/A,N/A,N/A,1763721029727588.491	,14.25,88.25,0,0,N/A,N/A,N/A,N/A,N/A,N/A,N/A,N/A
0,4294967295,2934,1,AsStrided345,N/A,N/A,N/A,1763721029727866.428	,14.083,263.688,0,0,N/A,N/A,N/A,N/A,N/A,N/A,N/A,N/A
0,4294967295,2936,1,AsStrided346,N/A,N/A,N/A,1763721029727994.762	,14.979,114.25,0,0,N/A,N/A,N/A,N/A,N/A,N/A,N/A,N/A
0,4294967295,2938,1,AsStrided347,N/A,N/A,N/A,1763721029728091.657	,14.208,81.917,0,0,N/A,N/A,N/A,N/A,N/A,N/A,N/A,N/A
0,4294967295,2940,1,AsStrided348,N/A,N/A,N/A,1763721029728187.345	,14.375,81.479,0,0,N/A,N/A,N/A,N/A,N/A,N/A,N/A,N/A
0,4294967295,2942,1,AsStrided349,N/A,N/A,N/A,1763721029728284.095	,13.917,82.375,0,0,N/A,N/A,N/A,N/A,N/A,N/A,N/A,N/A
0,4294967295,2944,1,AsStrided350,N/A,N/A,N/A,1763721029728762.178	,14.333,464.167,0,0,N/A,N/A,N/A,N/A,N/A,N/A,N/A,N/A
0,4294967295,2946,1,AsStrided351,N/A,N/A,N/A,1763721029729077.928	,14.125,301.417,0,0,N/A,N/A,N/A,N/A,N/A,N/A,N/A,N/A
0,4294967295,2948,1,AsStrided352,N/A,N/A,N/A,1763721029729179.449	,13.938,87.396,0,0,N/A,N/A,N/A,N/A,N/A,N/A,N/A,N/A
0,4294967295,2950,1,AsStrided353,N/A,N/A,N/A,1763721029729287.324	,14.417,93.938,0,0,N/A,N/A,N/A,N/A,N/A,N/A,N/A,N/A
0,4294967295,2952,1,AsStrided354,N/A,N/A,N/A,1763721029729386.136	,14.104,84.396,0,0,N/A,N/A,N/A,N/A,N/A,N/A,N/A,N/A
0,4294967295,2954,1,AsStrided355,N/A,N/A,N/A,1763721029729482.762	,14.229,82.521,0,0,N/A,N/A,N/A,N/A,N/A,N/A,N/A,N/A
0,4294967295,2956,1,AsStrided356,N/A,N/A,N/A,1763721029729574.032	,14.083,77.042,0,0,N/A,N/A,N/A,N/A,N/A,N/A,N/A,N/A
0,4294967295,2958,1,AsStrided357,N/A,N/A,N/A,1763721029729666.720	,14.229,78.604,0,0,N/A,N/A,N/A,N/A,N/A,N/A,N/A,N/A
0,4294967295,2960,1,AsStrided358,N/A,N/A,N/A,1763721029729758.199	,14.542,77.25,0,0,N/A,N/A,N/A,N/A,N/A,N/A,N/A,N/A
0,4294967295,2962,1,AsStrided359,N/A,N/A,N/A,1763721029729853.657	,14.021,80.917,0,0,N/A,N/A,N/A,N/A,N/A,N/A,N/A,N/A
0,4294967295,2964,1,AsStrided360,N/A,N/A,N/A,1763721029729945.199	,14.438,77.521,0,0,N/A,N/A,N/A,N/A,N/A,N/A,N/A,N/A
0,4294967295,2966,1,AsStrided361,N/A,N/A,N/A,1763721029730046.532	,13.938,86.896,0,0,N/A,N/A,N/A,N/A,N/A,N/A,N/A,N/A
0,4294967295,2968,1,AsStrided362,N/A,N/A,N/A,1763721029730142.678	,14.312,82.208,0,0,N/A,N/A,N/A,N/A,N/A,N/A,N/A,N/A
0,4294967295,2970,1,AsStrided363,N/A,N/A,N/A,1763721029730231.928	,14.312,74.938,0,0,N/A,N/A,N/A,N/A,N/A,N/A,N/A,N/A
0,4294967295,2972,1,AsStrided364,N/A,N/A,N/A,1763721029730323.157	,14.021,76.917,0,0,N/A,N/A,N/A,N/A,N/A,N/A,N/A,N/A
0,4294967295,2974,1,AsStrided365,N/A,N/A,N/A,1763721029730419.282	,14.146,82.104,0,0,N/A,N/A,N/A,N/A,N/A,N/A,N/A,N/A
0,4294967295,2976,1,AsStrided366,N/A,N/A,N/A,1763721029730506.282	,14.146,72.854,0,0,N/A,N/A,N/A,N/A,N/A,N/A,N/A,N/A
0,4294967295,2978,1,AsStrided367,N/A,N/A,N/A,1763721029730592.574	,14.188,72.146,0,0,N/A,N/A,N/A,N/A,N/A,N/A,N/A,N/A
0,4294967295,2980,1,AsStrided368,N/A,N/A,N/A,1763721029731071.574	,14.042,464.812,0,0,N/A,N/A,N/A,N/A,N/A,N/A,N/A,N/A
0,4294967295,2982,1,AsStrided369,N/A,N/A,N/A,1763721029731190.741	,14.312,105.125,0,0,N/A,N/A,N/A,N/A,N/A,N/A,N/A,N/A
0,4294967295,2984,1,AsStrided370,N/A,N/A,N/A,1763721029731283.470	,14.25,78.417,0,0,N/A,N/A,N/A,N/A,N/A,N/A,N/A,N/A
0,4294967295,2986,1,AsStrided371,N/A,N/A,N/A,1763721029731372.678	,13.938,74.958,0,0,N/A,N/A,N/A,N/A,N/A,N/A,N/A,N/A
0,4294967295,2988,1,AsStrided372,N/A,N/A,N/A,1763721029731467.782	,14.25,81.167,0,0,N/A,N/A,N/A,N/A,N/A,N/A,N/A,N/A
0,4294967295,2990,1,AsStrided373,N/A,N/A,N/A,1763721029731553.970	,14.25,71.938,0,0,N/A,N/A,N/A,N/A,N/A,N/A,N/A,N/A
0,4294967295,2992,1,AsStrided374,N/A,N/A,N/A,1763721029731641.991	,14.146,73.771,0,0,N/A,N/A,N/A,N/A,N/A,N/A,N/A,N/A
0,4294967295,2994,1,AsStrided375,N/A,N/A,N/A,1763721029731969.157	,14.042,313.021,0,0,N/A,N/A,N/A,N/A,N/A,N/A,N/A,N/A
0,4294967295,2996,1,AsStrided376,N/A,N/A,N/A,1763721029732109.220	,14.229,126.021,0,0,N/A,N/A,N/A,N/A,N/A,N/A,N/A,N/A
0,4294967295,2998,1,AsStrided377,N/A,N/A,N/A,1763721029732206.303	,14.125,82.854,0,0,N/A,N/A,N/A,N/A,N/A,N/A,N/A,N/A
0,4294967295,3000,1,AsStrided378,N/A,N/A,N/A,1763721029732294.678	,13.917,74.25,0,0,N/A,N/A,N/A,N/A,N/A,N/A,N/A,N/A
0,4294967295,3002,1,AsStrided379,N/A,N/A,N/A,1763721029732384.949	,14.188,76.354,0,0,N/A,N/A,N/A,N/A,N/A,N/A,N/A,N/A
0,4294967295,3004,1,AsStrided380,N/A,N/A,N/A,1763721029732482.512	,13.979,83.375,0,0,N/A,N/A,N/A,N/A,N/A,N/A,N/A,N/A
0,4294967295,3006,1,AsStrided381,N/A,N/A,N/A,1763721029732565.636	,14.125,69.146,0,0,N/A,N/A,N/A,N/A,N/A,N/A,N/A,N/A
0,4294967295,3008,1,AsStrided382,N/A,N/A,N/A,1763721029733022.532	,14.375,442.771,0,0,N/A,N/A,N/A,N/A,N/A,N/A,N/A,N/A
0,4294967295,3010,1,AsStrided383,N/A,N/A,N/A,1763721029733174.262	,13.917,137.354,0,0,N/A,N/A,N/A,N/A,N/A,N/A,N/A,N/A
0,4294967295,3012,1,AsStrided384,N/A,N/A,N/A,1763721029733272.616	,14.146,84.438,0,0,N/A,N/A,N/A,N/A,N/A,N/A,N/A,N/A
0,4294967295,3014,1,AsStrided385,N/A,N/A,N/A,1763721029733364.553	,14.25,77.792,0,0,N/A,N/A,N/A,N/A,N/A,N/A,N/A,N/A
0,4294967295,3016,1,AsStrided386,N/A,N/A,N/A,1763721029733457.366	,14.208,78.562,0,0,N/A,N/A,N/A,N/A,N/A,N/A,N/A,N/A
0,4294967295,3018,1,AsStrided387,N/A,N/A,N/A,1763721029733562.720	,13.938,91.146,0,0,N/A,N/A,N/A,N/A,N/A,N/A,N/A,N/A
0,4294967295,3020,1,AsStrided388,N/A,N/A,N/A,1763721029733653.928	,14.146,77.271,0,0,N/A,N/A,N/A,N/A,N/A,N/A,N/A,N/A
0,4294967295,3022,1,AsStrided389,N/A,N/A,N/A,1763721029733742.991	,14.125,74.917,0,0,N/A,N/A,N/A,N/A,N/A,N/A,N/A,N/A
0,4294967295,3024,1,AsStrided390,N/A,N/A,N/A,1763721029733832.720	,13.938,75.604,0,0,N/A,N/A,N/A,N/A,N/A,N/A,N/A,N/A
0,4294967295,3026,1,AsStrided391,N/A,N/A,N/A,1763721029733930.324	,14.188,83.667,0,0,N/A,N/A,N/A,N/A,N/A,N/A,N/A,N/A
0,4294967295,3028,1,AsStrided392,N/A,N/A,N/A,1763721029734288.220	,14.229,343.708,0,0,N/A,N/A,N/A,N/A,N/A,N/A,N/A,N/A
0,4294967295,3030,1,AsStrided393,N/A,N/A,N/A,1763721029734422.386	,14.208,119.938,0,0,N/A,N/A,N/A,N/A,N/A,N/A,N/A,N/A
0,4294967295,3032,1,AsStrided394,N/A,N/A,N/A,1763721029734520.512	,14.042,83.917,0,0,N/A,N/A,N/A,N/A,N/A,N/A,N/A,N/A
0,4294967295,3034,1,AsStrided395,N/A,N/A,N/A,1763721029734630.303	,14.896,95.75,0,0,N/A,N/A,N/A,N/A,N/A,N/A,N/A,N/A
0,4294967295,3036,1,AsStrided396,N/A,N/A,N/A,1763721029734721.657	,14.271,76.458,0,0,N/A,N/A,N/A,N/A,N/A,N/A,N/A,N/A
0,4294967295,3038,1,AsStrided397,N/A,N/A,N/A,1763721029734844.053	,14.021,108.125,0,0,N/A,N/A,N/A,N/A,N/A,N/A,N/A,N/A
0,4294967295,3040,1,AsStrided398,N/A,N/A,N/A,1763721029735018.428	,14.271,160.354,0,0,N/A,N/A,N/A,N/A,N/A,N/A,N/A,N/A
0,4294967295,3042,1,AsStrided399,N/A,N/A,N/A,1763721029735034.136	,13.938,1.438,0,0,N/A,N/A,N/A,N/A,N/A,N/A,N/A,N/A
0,4294967295,3044,1,AsStrided400,N/A,N/A,N/A,1763721029735125.157	,14.896,77.083,0,0,N/A,N/A,N/A,N/A,N/A,N/A,N/A,N/A
0,4294967295,3046,1,AsStrided401,N/A,N/A,N/A,1763721029735593.574	,14.188,453.521,0,0,N/A,N/A,N/A,N/A,N/A,N/A,N/A,N/A
0,4294967295,3048,1,AsStrided402,N/A,N/A,N/A,1763721029735739.157	,14.125,131.396,0,0,N/A,N/A,N/A,N/A,N/A,N/A,N/A,N/A
0,4294967295,3050,1,AsStrided403,N/A,N/A,N/A,1763721029735841.678	,14.167,88.396,0,0,N/A,N/A,N/A,N/A,N/A,N/A,N/A,N/A
0,4294967295,3052,1,AsStrided404,N/A,N/A,N/A,1763721029735935.262	,14.042,79.417,0,0,N/A,N/A,N/A,N/A,N/A,N/A,N/A,N/A
0,4294967295,3054,1,AsStrided405,N/A,N/A,N/A,1763721029736020.136	,14.25,70.833,0,0,N/A,N/A,N/A,N/A,N/A,N/A,N/A,N/A
0,4294967295,3056,1,AsStrided406,N/A,N/A,N/A,1763721029736119.636	,13.958,85.25,0,0,N/A,N/A,N/A,N/A,N/A,N/A,N/A,N/A
0,4294967295,3058,1,AsStrided106,N/A,N/A,N/A,1763721029736211.907	,20.125,78.312,0,0,N/A,N/A,N/A,N/A,N/A,N/A,N/A,N/A
0,4294967295,3060,1,AsStrided108,N/A,N/A,N/A,1763721029736589.532	,14.021,357.5,0,0,N/A,N/A,N/A,N/A,N/A,N/A,N/A,N/A
0,4294967295,3062,1,AsStrided109,N/A,N/A,N/A,1763721029736720.095	,13.938,116.542,0,0,N/A,N/A,N/A,N/A,N/A,N/A,N/A,N/A
0,4294967295,3064,1,AsStrided110,N/A,N/A,N/A,1763721029736832.574	,13.917,98.542,0,0,N/A,N/A,N/A,N/A,N/A,N/A,N/A,N/A
0,4294967295,3066,1,AsStrided111,N/A,N/A,N/A,1763721029736924.782	,13.958,78.292,0,0,N/A,N/A,N/A,N/A,N/A,N/A,N/A,N/A
0,4294967295,3068,1,AsStrided112,N/A,N/A,N/A,1763721029737016.532	,13.896,77.792,0,0,N/A,N/A,N/A,N/A,N/A,N/A,N/A,N/A
0,4294967295,3070,1,AsStrided113,N/A,N/A,N/A,1763721029737111.636	,13.875,81.208,0,0,N/A,N/A,N/A,N/A,N/A,N/A,N/A,N/A
0,4294967295,3072,1,AsStrided114,N/A,N/A,N/A,1763721029737346.262	,13.979,220.75,0,0,N/A,N/A,N/A,N/A,N/A,N/A,N/A,N/A
0,4294967295,3074,1,AsStrided115,N/A,N/A,N/A,1763721029737718.012	,14.021,357.771,0,0,N/A,N/A,N/A,N/A,N/A,N/A,N/A,N/A
0,4294967295,3076,1,AsStrided116,N/A,N/A,N/A,1763721029737827.866	,13.875,95.833,0,0,N/A,N/A,N/A,N/A,N/A,N/A,N/A,N/A
0,4294967295,3078,1,AsStrided117,N/A,N/A,N/A,1763721029737930.136	,13.875,88.396,0,0,N/A,N/A,N/A,N/A,N/A,N/A,N/A,N/A
0,4294967295,3080,1,AsStrided118,N/A,N/A,N/A,1763721029738020.907	,13.875,76.896,0,0,N/A,N/A,N/A,N/A,N/A,N/A,N/A,N/A
0,4294967295,3082,1,AsStrided119,N/A,N/A,N/A,1763721029738111.636	,14.167,76.854,0,0,N/A,N/A,N/A,N/A,N/A,N/A,N/A,N/A
0,4294967295,3084,1,AsStrided120,N/A,N/A,N/A,1763721029738201.157	,13.875,75.354,0,0,N/A,N/A,N/A,N/A,N/A,N/A,N/A,N/A
0,4294967295,3086,1,AsStrided121,N/A,N/A,N/A,1763721029738296.741	,13.875,81.708,0,0,N/A,N/A,N/A,N/A,N/A,N/A,N/A,N/A
0,4294967295,3088,1,AsStrided122,N/A,N/A,N/A,1763721029738386.136	,13.875,75.521,0,0,N/A,N/A,N/A,N/A,N/A,N/A,N/A,N/A
0,4294967295,3090,1,AsStrided123,N/A,N/A,N/A,1763721029738731.136	,14.042,331.125,0,0,N/A,N/A,N/A,N/A,N/A,N/A,N/A,N/A
0,4294967295,3092,1,AsStrided124,N/A,N/A,N/A,1763721029738914.074	,13.896,168.896,0,0,N/A,N/A,N/A,N/A,N/A,N/A,N/A,N/A
0,4294967295,3094,1,AsStrided125,N/A,N/A,N/A,1763721029739055.886	,13.875,127.917,0,0,N/A,N/A,N/A,N/A,N/A,N/A,N/A,N/A
0,4294967295,3096,1,AsStrided126,N/A,N/A,N/A,1763721029739155.074	,13.854,85.312,0,0,N/A,N/A,N/A,N/A,N/A,N/A,N/A,N/A
0,4294967295,3098,1,AsStrided127,N/A,N/A,N/A,1763721029739254.470	,13.917,85.542,0,0,N/A,N/A,N/A,N/A,N/A,N/A,N/A,N/A
0,4294967295,3100,1,AsStrided128,N/A,N/A,N/A,1763721029739346.512	,13.896,78.125,0,0,N/A,N/A,N/A,N/A,N/A,N/A,N/A,N/A
0,4294967295,3102,1,AsStrided129,N/A,N/A,N/A,1763721029739435.491	,13.854,75.083,0,0,N/A,N/A,N/A,N/A,N/A,N/A,N/A,N/A
0,4294967295,3104,1,AsStrided130,N/A,N/A,N/A,1763721029739765.220	,13.938,315.875,0,0,N/A,N/A,N/A,N/A,N/A,N/A,N/A,N/A
0,4294967295,3106,1,AsStrided131,N/A,N/A,N/A,1763721029739901.741	,14.146,122.583,0,0,N/A,N/A,N/A,N/A,N/A,N/A,N/A,N/A
0,4294967295,3108,1,AsStrided132,N/A,N/A,N/A,1763721029740012.803	,13.875,96.917,0,0,N/A,N/A,N/A,N/A,N/A,N/A,N/A,N/A
0,4294967295,3110,1,AsStrided133,N/A,N/A,N/A,1763721029740106.491	,13.875,79.812,0,0,N/A,N/A,N/A,N/A,N/A,N/A,N/A,N/A
0,4294967295,3112,1,AsStrided134,N/A,N/A,N/A,1763721029740196.324	,13.875,75.958,0,0,N/A,N/A,N/A,N/A,N/A,N/A,N/A,N/A
0,4294967295,3114,1,AsStrided135,N/A,N/A,N/A,1763721029740293.032	,13.896,82.833,0,0,N/A,N/A,N/A,N/A,N/A,N/A,N/A,N/A
0,4294967295,3116,1,AsStrided136,N/A,N/A,N/A,1763721029740403.741	,13.896,96.812,0,0,N/A,N/A,N/A,N/A,N/A,N/A,N/A,N/A
0,4294967295,3118,1,AsStrided137,N/A,N/A,N/A,1763721029740947.803	,14.083,530.167,0,0,N/A,N/A,N/A,N/A,N/A,N/A,N/A,N/A
0,4294967295,3120,1,AsStrided138,N/A,N/A,N/A,1763721029741060.678	,13.917,98.792,0,0,N/A,N/A,N/A,N/A,N/A,N/A,N/A,N/A
0,4294967295,3122,1,AsStrided139,N/A,N/A,N/A,1763721029741150.970	,13.896,76.375,0,0,N/A,N/A,N/A,N/A,N/A,N/A,N/A,N/A
0,4294967295,3124,1,AsStrided140,N/A,N/A,N/A,1763721029741249.636	,13.854,84.771,0,0,N/A,N/A,N/A,N/A,N/A,N/A,N/A,N/A
0,4294967295,3126,1,AsStrided141,N/A,N/A,N/A,1763721029741340.178	,13.896,76.688,0,0,N/A,N/A,N/A,N/A,N/A,N/A,N/A,N/A
0,4294967295,3128,1,AsStrided142,N/A,N/A,N/A,1763721029741426.303	,13.875,72.229,0,0,N/A,N/A,N/A,N/A,N/A,N/A,N/A,N/A
0,4294967295,3130,1,AsStrided143,N/A,N/A,N/A,1763721029741515.428	,13.958,75.25,0,0,N/A,N/A,N/A,N/A,N/A,N/A,N/A,N/A
0,4294967295,3132,1,AsStrided144,N/A,N/A,N/A,1763721029741616.512	,13.896,87.125,0,0,N/A,N/A,N/A,N/A,N/A,N/A,N/A,N/A
0,4294967295,3134,1,AsStrided145,N/A,N/A,N/A,1763721029741908.241	,13.979,277.833,0,0,N/A,N/A,N/A,N/A,N/A,N/A,N/A,N/A
0,4294967295,3136,1,AsStrided146,N/A,N/A,N/A,1763721029742204.824	,13.917,282.604,0,0,N/A,N/A,N/A,N/A,N/A,N/A,N/A,N/A
0,4294967295,3138,1,AsStrided147,N/A,N/A,N/A,1763721029742319.491	,13.938,100.75,0,0,N/A,N/A,N/A,N/A,N/A,N/A,N/A,N/A
0,4294967295,3140,1,AsStrided148,N/A,N/A,N/A,1763721029742409.282	,14.021,75.854,0,0,N/A,N/A,N/A,N/A,N/A,N/A,N/A,N/A
0,4294967295,3142,1,AsStrided149,N/A,N/A,N/A,1763721029742694.136	,14.021,270.833,0,0,N/A,N/A,N/A,N/A,N/A,N/A,N/A,N/A
0,4294967295,3144,1,AsStrided150,N/A,N/A,N/A,1763721029743060.949	,13.917,352.792,0,0,N/A,N/A,N/A,N/A,N/A,N/A,N/A,N/A
0,4294967295,3146,1,AsStrided151,N/A,N/A,N/A,1763721029743199.907	,14.312,125.042,0,0,N/A,N/A,N/A,N/A,N/A,N/A,N/A,N/A
0,4294967295,3148,1,AsStrided152,N/A,N/A,N/A,1763721029743299.949	,13.875,85.729,0,0,N/A,N/A,N/A,N/A,N/A,N/A,N/A,N/A
0,4294967295,3150,1,AsStrided153,N/A,N/A,N/A,1763721029743390.949	,13.854,77.125,0,0,N/A,N/A,N/A,N/A,N/A,N/A,N/A,N/A
0,4294967295,3152,1,AsStrided154,N/A,N/A,N/A,1763721029743486.616	,13.896,81.812,0,0,N/A,N/A,N/A,N/A,N/A,N/A,N/A,N/A
0,4294967295,3154,1,AsStrided155,N/A,N/A,N/A,1763721029743592.678	,13.896,92.167,0,0,N/A,N/A,N/A,N/A,N/A,N/A,N/A,N/A
0,4294967295,3156,1,AsStrided156,N/A,N/A,N/A,1763721029743677.616	,13.958,71.042,0,0,N/A,N/A,N/A,N/A,N/A,N/A,N/A,N/A
0,4294967295,3158,1,AsStrided157,N/A,N/A,N/A,1763721029743764.616	,13.875,73.042,0,0,N/A,N/A,N/A,N/A,N/A,N/A,N/A,N/A
0,4294967295,3160,1,AsStrided158,N/A,N/A,N/A,1763721029743854.886	,14.021,76.396,0,0,N/A,N/A,N/A,N/A,N/A,N/A,N/A,N/A
0,4294967295,3162,1,AsStrided159,N/A,N/A,N/A,1763721029744148.324	,14.042,279.417,0,0,N/A,N/A,N/A,N/A,N/A,N/A,N/A,N/A
0,4294967295,3164,1,AsStrided160,N/A,N/A,N/A,1763721029744282.991	,14.083,120.625,0,0,N/A,N/A,N/A,N/A,N/A,N/A,N/A,N/A
0,4294967295,3166,1,AsStrided161,N/A,N/A,N/A,1763721029744389.574	,13.875,92.5,0,0,N/A,N/A,N/A,N/A,N/A,N/A,N/A,N/A
0,4294967295,3168,1,AsStrided162,N/A,N/A,N/A,1763721029744487.032	,13.979,83.583,0,0,N/A,N/A,N/A,N/A,N/A,N/A,N/A,N/A
0,4294967295,3170,1,AsStrided163,N/A,N/A,N/A,1763721029744578.824	,13.854,77.812,0,0,N/A,N/A,N/A,N/A,N/A,N/A,N/A,N/A
0,4294967295,3172,1,AsStrided164,N/A,N/A,N/A,1763721029744674.241	,14.229,81.562,0,0,N/A,N/A,N/A,N/A,N/A,N/A,N/A,N/A
0,4294967295,3174,1,AsStrided165,N/A,N/A,N/A,1763721029744761.782	,14.021,73.312,0,0,N/A,N/A,N/A,N/A,N/A,N/A,N/A,N/A
0,4294967295,3176,1,AsStrided166,N/A,N/A,N/A,1763721029744865.762	,13.875,89.958,0,0,N/A,N/A,N/A,N/A,N/A,N/A,N/A,N/A
0,4294967295,3178,1,AsStrided167,N/A,N/A,N/A,1763721029744958.303	,13.979,78.667,0,0,N/A,N/A,N/A,N/A,N/A,N/A,N/A,N/A
0,4294967295,3180,1,AsStrided168,N/A,N/A,N/A,1763721029745047.991	,13.958,75.708,0,0,N/A,N/A,N/A,N/A,N/A,N/A,N/A,N/A
0,4294967295,3182,1,AsStrided169,N/A,N/A,N/A,1763721029745412.636	,14.021,350.688,0,0,N/A,N/A,N/A,N/A,N/A,N/A,N/A,N/A
0,4294967295,3184,1,AsStrided170,N/A,N/A,N/A,1763721029745709.636	,14.0,282.979,0,0,N/A,N/A,N/A,N/A,N/A,N/A,N/A,N/A
0,4294967295,3186,1,AsStrided171,N/A,N/A,N/A,1763721029745834.803	,13.854,111.167,0,0,N/A,N/A,N/A,N/A,N/A,N/A,N/A,N/A
0,4294967295,3188,1,AsStrided172,N/A,N/A,N/A,1763721029745928.532	,13.917,79.875,0,0,N/A,N/A,N/A,N/A,N/A,N/A,N/A,N/A
0,4294967295,3190,1,AsStrided173,N/A,N/A,N/A,1763721029746021.407	,13.875,78.958,0,0,N/A,N/A,N/A,N/A,N/A,N/A,N/A,N/A
0,4294967295,3192,1,AsStrided174,N/A,N/A,N/A,1763721029746119.449	,13.875,84.167,0,0,N/A,N/A,N/A,N/A,N/A,N/A,N/A,N/A
0,4294967295,3194,1,AsStrided175,N/A,N/A,N/A,1763721029746394.636	,14.083,261.312,0,0,N/A,N/A,N/A,N/A,N/A,N/A,N/A,N/A
0,4294967295,3196,1,AsStrided176,N/A,N/A,N/A,1763721029746520.512	,14.021,111.792,0,0,N/A,N/A,N/A,N/A,N/A,N/A,N/A,N/A
0,4294967295,3198,1,AsStrided177,N/A,N/A,N/A,1763721029746625.699	,13.958,91.167,0,0,N/A,N/A,N/A,N/A,N/A,N/A,N/A,N/A
0,4294967295,3200,1,AsStrided178,N/A,N/A,N/A,1763721029746914.282	,14.062,274.625,0,0,N/A,N/A,N/A,N/A,N/A,N/A,N/A,N/A
0,4294967295,3202,1,AsStrided179,N/A,N/A,N/A,1763721029746995.616	,13.917,67.271,0,0,N/A,N/A,N/A,N/A,N/A,N/A,N/A,N/A
0,4294967295,3204,1,AsStrided180,N/A,N/A,N/A,1763721029747449.407	,13.896,439.875,0,0,N/A,N/A,N/A,N/A,N/A,N/A,N/A,N/A
0,4294967295,3206,1,AsStrided181,N/A,N/A,N/A,1763721029747587.866	,13.854,124.562,0,0,N/A,N/A,N/A,N/A,N/A,N/A,N/A,N/A
0,4294967295,3208,1,AsStrided182,N/A,N/A,N/A,1763721029747682.428	,13.875,80.708,0,0,N/A,N/A,N/A,N/A,N/A,N/A,N/A,N/A
0,4294967295,3210,1,AsStrided183,N/A,N/A,N/A,1763721029747775.886	,13.958,79.583,0,0,N/A,N/A,N/A,N/A,N/A,N/A,N/A,N/A
0,4294967295,3212,1,AsStrided184,N/A,N/A,N/A,1763721029747867.345	,13.896,77.5,0,0,N/A,N/A,N/A,N/A,N/A,N/A,N/A,N/A
0,4294967295,3214,1,AsStrided185,N/A,N/A,N/A,1763721029747965.074	,13.938,83.833,0,0,N/A,N/A,N/A,N/A,N/A,N/A,N/A,N/A
0,4294967295,3216,1,AsStrided186,N/A,N/A,N/A,1763721029748055.512	,13.938,76.5,0,0,N/A,N/A,N/A,N/A,N/A,N/A,N/A,N/A
0,4294967295,3218,1,AsStrided187,N/A,N/A,N/A,1763721029748259.303	,13.833,189.854,0,0,N/A,N/A,N/A,N/A,N/A,N/A,N/A,N/A
0,4294967295,3220,1,AsStrided188,N/A,N/A,N/A,1763721029748519.324	,13.979,246.188,0,0,N/A,N/A,N/A,N/A,N/A,N/A,N/A,N/A
0,4294967295,3222,1,AsStrided189,N/A,N/A,N/A,1763721029748655.636	,13.896,122.333,0,0,N/A,N/A,N/A,N/A,N/A,N/A,N/A,N/A
0,4294967295,3224,1,AsStrided190,N/A,N/A,N/A,1763721029748752.220	,13.958,82.688,0,0,N/A,N/A,N/A,N/A,N/A,N/A,N/A,N/A
0,4294967295,3226,1,AsStrided191,N/A,N/A,N/A,1763721029748843.470	,13.958,77.292,0,0,N/A,N/A,N/A,N/A,N/A,N/A,N/A,N/A
0,4294967295,3228,1,AsStrided192,N/A,N/A,N/A,1763721029748934.532	,13.958,77.104,0,0,N/A,N/A,N/A,N/A,N/A,N/A,N/A,N/A
0,4294967295,3230,1,AsStrided193,N/A,N/A,N/A,1763721029749031.282	,13.854,82.792,0,0,N/A,N/A,N/A,N/A,N/A,N/A,N/A,N/A
0,4294967295,3232,1,AsStrided194,N/A,N/A,N/A,1763721029749116.012	,13.958,70.875,0,0,N/A,N/A,N/A,N/A,N/A,N/A,N/A,N/A
0,4294967295,3234,1,AsStrided195,N/A,N/A,N/A,1763721029749203.803	,13.979,73.833,0,0,N/A,N/A,N/A,N/A,N/A,N/A,N/A,N/A
0,4294967295,3236,1,AsStrided196,N/A,N/A,N/A,1763721029749298.928	,13.854,81.146,0,0,N/A,N/A,N/A,N/A,N/A,N/A,N/A,N/A
0,4294967295,3238,1,AsStrided197,N/A,N/A,N/A,1763721029749390.386	,14.021,77.604,0,0,N/A,N/A,N/A,N/A,N/A,N/A,N/A,N/A
0,4294967295,3240,1,AsStrided198,N/A,N/A,N/A,1763721029749800.032	,13.958,395.625,0,0,N/A,N/A,N/A,N/A,N/A,N/A,N/A,N/A
0,4294967295,3242,1,AsStrided199,N/A,N/A,N/A,1763721029749910.532	,13.875,96.542,0,0,N/A,N/A,N/A,N/A,N/A,N/A,N/A,N/A
0,4294967295,3244,1,AsStrided200,N/A,N/A,N/A,1763721029750029.157	,13.958,104.75,0,0,N/A,N/A,N/A,N/A,N/A,N/A,N/A,N/A
0,4294967295,3246,1,AsStrided201,N/A,N/A,N/A,1763721029750104.886	,14.562,61.771,0,0,N/A,N/A,N/A,N/A,N/A,N/A,N/A,N/A
0,4294967295,3248,1,AsStrided202,N/A,N/A,N/A,1763721029750202.762	,13.979,83.312,0,0,N/A,N/A,N/A,N/A,N/A,N/A,N/A,N/A
0,4294967295,3250,1,AsStrided203,N/A,N/A,N/A,1763721029750293.970	,13.875,77.229,0,0,N/A,N/A,N/A,N/A,N/A,N/A,N/A,N/A
0,4294967295,3252,1,AsStrided204,N/A,N/A,N/A,1763721029750387.512	,14.0,79.667,0,0,N/A,N/A,N/A,N/A,N/A,N/A,N/A,N/A
0,4294967295,3254,1,AsStrided205,N/A,N/A,N/A,1763721029750482.553	,13.854,81.042,0,0,N/A,N/A,N/A,N/A,N/A,N/A,N/A,N/A
0,4294967295,3256,1,AsStrided206,N/A,N/A,N/A,1763721029750568.720	,13.958,72.312,0,0,N/A,N/A,N/A,N/A,N/A,N/A,N/A,N/A
0,4294967295,3258,1,AsStrided207,N/A,N/A,N/A,1763721029751000.824	,13.917,418.146,0,0,N/A,N/A,N/A,N/A,N/A,N/A,N/A,N/A
0,4294967295,3260,1,AsStrided208,N/A,N/A,N/A,1763721029751113.470	,13.917,98.729,0,0,N/A,N/A,N/A,N/A,N/A,N/A,N/A,N/A
0,4294967295,3262,1,AsStrided209,N/A,N/A,N/A,1763721029751213.220	,13.938,85.833,0,0,N/A,N/A,N/A,N/A,N/A,N/A,N/A,N/A
0,4294967295,3264,1,AsStrided210,N/A,N/A,N/A,1763721029751456.949	,13.896,229.792,0,0,N/A,N/A,N/A,N/A,N/A,N/A,N/A,N/A
0,4294967295,3266,1,AsStrided211,N/A,N/A,N/A,1763721029751561.741	,14.542,90.896,0,0,N/A,N/A,N/A,N/A,N/A,N/A,N/A,N/A
0,4294967295,3268,1,AsStrided212,N/A,N/A,N/A,1763721029751651.241	,14.021,74.958,0,0,N/A,N/A,N/A,N/A,N/A,N/A,N/A,N/A
0,4294967295,3270,1,AsStrided213,N/A,N/A,N/A,1763721029751924.012	,14.0,258.75,0,0,N/A,N/A,N/A,N/A,N/A,N/A,N/A,N/A
0,4294967295,3272,1,AsStrided214,N/A,N/A,N/A,1763721029752156.845	,13.958,218.833,0,0,N/A,N/A,N/A,N/A,N/A,N/A,N/A,N/A
0,4294967295,3274,1,AsStrided215,N/A,N/A,N/A,1763721029752271.636	,13.938,100.833,0,0,N/A,N/A,N/A,N/A,N/A,N/A,N/A,N/A
0,4294967295,3276,1,AsStrided216,N/A,N/A,N/A,1763721029752364.553	,13.958,78.979,0,0,N/A,N/A,N/A,N/A,N/A,N/A,N/A,N/A
0,4294967295,3278,1,AsStrided217,N/A,N/A,N/A,1763721029752452.303	,14.042,73.792,0,0,N/A,N/A,N/A,N/A,N/A,N/A,N/A,N/A
0,4294967295,3280,1,AsStrided218,N/A,N/A,N/A,1763721029752539.116	,13.854,72.771,0,0,N/A,N/A,N/A,N/A,N/A,N/A,N/A,N/A
0,4294967295,3282,1,AsStrided219,N/A,N/A,N/A,1763721029752636.157	,13.958,83.188,0,0,N/A,N/A,N/A,N/A,N/A,N/A,N/A,N/A
0,4294967295,3284,1,AsStrided220,N/A,N/A,N/A,1763721029752723.949	,13.833,73.833,0,0,N/A,N/A,N/A,N/A,N/A,N/A,N/A,N/A
0,4294967295,3286,1,AsStrided221,N/A,N/A,N/A,1763721029752809.886	,13.958,72.104,0,0,N/A,N/A,N/A,N/A,N/A,N/A,N/A,N/A
0,4294967295,3288,1,AsStrided222,N/A,N/A,N/A,1763721029753161.407	,13.854,337.562,0,0,N/A,N/A,N/A,N/A,N/A,N/A,N/A,N/A
0,4294967295,3290,1,AsStrided223,N/A,N/A,N/A,1763721029753295.928	,13.979,120.667,0,0,N/A,N/A,N/A,N/A,N/A,N/A,N/A,N/A
0,4294967295,3292,1,AsStrided224,N/A,N/A,N/A,1763721029753389.803	,13.958,79.896,0,0,N/A,N/A,N/A,N/A,N/A,N/A,N/A,N/A
0,4294967295,3294,1,AsStrided225,N/A,N/A,N/A,1763721029753481.032	,13.875,77.271,0,0,N/A,N/A,N/A,N/A,N/A,N/A,N/A,N/A
0,4294967295,3296,1,AsStrided226,N/A,N/A,N/A,1763721029753574.928	,13.938,80.021,0,0,N/A,N/A,N/A,N/A,N/A,N/A,N/A,N/A
0,4294967295,3298,1,AsStrided227,N/A,N/A,N/A,1763721029753665.803	,14.042,76.938,0,0,N/A,N/A,N/A,N/A,N/A,N/A,N/A,N/A
0,4294967295,3300,1,AsStrided228,N/A,N/A,N/A,1763721029753754.324	,13.938,74.479,0,0,N/A,N/A,N/A,N/A,N/A,N/A,N/A,N/A
0,4294967295,3302,1,AsStrided229,N/A,N/A,N/A,1763721029753839.678	,14.062,71.417,0,0,N/A,N/A,N/A,N/A,N/A,N/A,N/A,N/A
0,4294967295,3304,1,AsStrided230,N/A,N/A,N/A,1763721029753933.262	,14.292,79.521,0,0,N/A,N/A,N/A,N/A,N/A,N/A,N/A,N/A
0,4294967295,3306,1,AsStrided231,N/A,N/A,N/A,1763721029754324.824	,13.979,377.271,0,0,N/A,N/A,N/A,N/A,N/A,N/A,N/A,N/A
0,4294967295,3308,1,AsStrided232,N/A,N/A,N/A,1763721029754427.095	,13.979,88.292,0,0,N/A,N/A,N/A,N/A,N/A,N/A,N/A,N/A
0,4294967295,3310,1,AsStrided233,N/A,N/A,N/A,1763721029754517.636	,13.979,76.562,0,0,N/A,N/A,N/A,N/A,N/A,N/A,N/A,N/A
0,4294967295,3312,1,AsStrided234,N/A,N/A,N/A,1763721029754618.699	,14.0,87.083,0,0,N/A,N/A,N/A,N/A,N/A,N/A,N/A,N/A
0,4294967295,3314,1,AsStrided235,N/A,N/A,N/A,1763721029754711.699	,14.146,79.0,0,0,N/A,N/A,N/A,N/A,N/A,N/A,N/A,N/A
0,4294967295,3316,1,AsStrided236,N/A,N/A,N/A,1763721029754859.678	,13.979,133.833,0,0,N/A,N/A,N/A,N/A,N/A,N/A,N/A,N/A
0,4294967295,3318,1,AsStrided237,N/A,N/A,N/A,1763721029755013.512	,13.938,139.854,0,0,N/A,N/A,N/A,N/A,N/A,N/A,N/A,N/A
0,4294967295,3320,1,AsStrided238,N/A,N/A,N/A,1763721029755028.720	,14.062,1.271,0,0,N/A,N/A,N/A,N/A,N/A,N/A,N/A,N/A
0,4294967295,3322,1,AsStrided239,N/A,N/A,N/A,1763721029755423.657	,14.083,380.875,0,0,N/A,N/A,N/A,N/A,N/A,N/A,N/A,N/A
0,4294967295,3324,1,AsStrided240,N/A,N/A,N/A,1763721029755552.616	,14.208,114.875,0,0,N/A,N/A,N/A,N/A,N/A,N/A,N/A,N/A
0,4294967295,3326,1,AsStrided241,N/A,N/A,N/A,1763721029755662.303	,13.854,95.479,0,0,N/A,N/A,N/A,N/A,N/A,N/A,N/A,N/A
0,4294967295,3328,1,AsStrided242,N/A,N/A,N/A,1763721029755910.407	,14.062,234.25,0,0,N/A,N/A,N/A,N/A,N/A,N/A,N/A,N/A
0,4294967295,3330,1,AsStrided243,N/A,N/A,N/A,1763721029756009.053	,13.875,84.583,0,0,N/A,N/A,N/A,N/A,N/A,N/A,N/A,N/A
0,4294967295,3332,1,AsStrided244,N/A,N/A,N/A,1763721029756101.282	,14.021,78.354,0,0,N/A,N/A,N/A,N/A,N/A,N/A,N/A,N/A
0,4294967295,3334,1,AsStrided245,N/A,N/A,N/A,1763721029756385.449	,14.083,270.146,0,0,N/A,N/A,N/A,N/A,N/A,N/A,N/A,N/A
0,4294967295,3336,1,AsStrided246,N/A,N/A,N/A,1763721029756660.116	,14.229,260.583,0,0,N/A,N/A,N/A,N/A,N/A,N/A,N/A,N/A
0,4294967295,3338,1,AsStrided247,N/A,N/A,N/A,1763721029756761.866	,13.875,87.521,0,0,N/A,N/A,N/A,N/A,N/A,N/A,N/A,N/A
0,4294967295,3340,1,AsStrided248,N/A,N/A,N/A,1763721029756855.324	,13.938,79.583,0,0,N/A,N/A,N/A,N/A,N/A,N/A,N/A,N/A
0,4294967295,3342,1,AsStrided249,N/A,N/A,N/A,1763721029756963.595	,13.958,94.333,0,0,N/A,N/A,N/A,N/A,N/A,N/A,N/A,N/A
0,4294967295,3344,1,AsStrided250,N/A,N/A,N/A,1763721029757058.512	,13.896,80.958,0,0,N/A,N/A,N/A,N/A,N/A,N/A,N/A,N/A
0,4294967295,3346,1,AsStrided251,N/A,N/A,N/A,1763721029757151.636	,13.896,79.229,0,0,N/A,N/A,N/A,N/A,N/A,N/A,N/A,N/A
0,4294967295,3348,1,AsStrided252,N/A,N/A,N/A,1763721029757242.741	,13.958,77.208,0,0,N/A,N/A,N/A,N/A,N/A,N/A,N/A,N/A
0,4294967295,3350,1,AsStrided253,N/A,N/A,N/A,1763721029757763.136	,13.958,506.438,0,0,N/A,N/A,N/A,N/A,N/A,N/A,N/A,N/A
0,4294967295,3352,1,AsStrided254,N/A,N/A,N/A,1763721029757873.095	,13.854,96.0,0,0,N/A,N/A,N/A,N/A,N/A,N/A,N/A,N/A
0,4294967295,3354,1,AsStrided255,N/A,N/A,N/A,1763721029757969.074	,13.958,82.125,0,0,N/A,N/A,N/A,N/A,N/A,N/A,N/A,N/A
0,4294967295,3356,1,AsStrided256,N/A,N/A,N/A,1763721029758059.991	,13.875,76.958,0,0,N/A,N/A,N/A,N/A,N/A,N/A,N/A,N/A
0,4294967295,3358,1,AsStrided257,N/A,N/A,N/A,1763721029758164.095	,13.917,90.229,0,0,N/A,N/A,N/A,N/A,N/A,N/A,N/A,N/A
0,4294967295,3360,1,AsStrided258,N/A,N/A,N/A,1763721029758255.741	,13.958,77.729,0,0,N/A,N/A,N/A,N/A,N/A,N/A,N/A,N/A
0,4294967295,3362,1,AsStrided259,N/A,N/A,N/A,1763721029758348.324	,13.917,78.625,0,0,N/A,N/A,N/A,N/A,N/A,N/A,N/A,N/A
0,4294967295,3364,1,AsStrided260,N/A,N/A,N/A,1763721029761318.407	,14.5,2956.167,0,0,N/A,N/A,N/A,N/A,N/A,N/A,N/A,N/A
0,4294967295,3366,1,AsStrided261,N/A,N/A,N/A,1763721029761546.303	,14.208,213.396,0,0,N/A,N/A,N/A,N/A,N/A,N/A,N/A,N/A
0,4294967295,3368,1,AsStrided262,N/A,N/A,N/A,1763721029761650.782	,14.062,90.271,0,0,N/A,N/A,N/A,N/A,N/A,N/A,N/A,N/A
0,4294967295,3370,1,AsStrided263,N/A,N/A,N/A,1763721029761748.762	,13.875,83.917,0,0,N/A,N/A,N/A,N/A,N/A,N/A,N/A,N/A
0,4294967295,3372,1,AsStrided264,N/A,N/A,N/A,1763721029762066.282	,13.979,303.646,0,0,N/A,N/A,N/A,N/A,N/A,N/A,N/A,N/A
0,4294967295,3374,1,AsStrided265,N/A,N/A,N/A,1763721029762197.386	,13.979,117.125,0,0,N/A,N/A,N/A,N/A,N/A,N/A,N/A,N/A
0,4294967295,3376,1,AsStrided266,N/A,N/A,N/A,1763721029762476.803	,14.0,265.438,0,0,N/A,N/A,N/A,N/A,N/A,N/A,N/A,N/A
0,4294967295,3378,1,AsStrided267,N/A,N/A,N/A,1763721029762605.157	,13.958,114.354,0,0,N/A,N/A,N/A,N/A,N/A,N/A,N/A,N/A
0,4294967295,3380,1,AsStrided268,N/A,N/A,N/A,1763721029762720.136	,13.979,101.021,0,0,N/A,N/A,N/A,N/A,N/A,N/A,N/A,N/A
0,4294967295,3382,1,AsStrided269,N/A,N/A,N/A,1763721029762854.553	,13.979,120.438,0,0,N/A,N/A,N/A,N/A,N/A,N/A,N/A,N/A
0,4294967295,3384,1,AsStrided270,N/A,N/A,N/A,1763721029763015.303	,14.188,146.771,0,0,N/A,N/A,N/A,N/A,N/A,N/A,N/A,N/A
0,4294967295,3386,1,AsStrided271,N/A,N/A,N/A,1763721029763274.262	,13.979,244.771,0,0,N/A,N/A,N/A,N/A,N/A,N/A,N/A,N/A
0,4294967295,3388,1,AsStrided272,N/A,N/A,N/A,1763721029763392.553	,13.854,104.312,0,0,N/A,N/A,N/A,N/A,N/A,N/A,N/A,N/A
0,4294967295,3390,1,AsStrided273,N/A,N/A,N/A,1763721029763492.532	,14.0,86.125,0,0,N/A,N/A,N/A,N/A,N/A,N/A,N/A,N/A
0,4294967295,3392,1,AsStrided274,N/A,N/A,N/A,1763721029763755.907	,14.104,249.375,0,0,N/A,N/A,N/A,N/A,N/A,N/A,N/A,N/A
0,4294967295,3394,1,AsStrided275,N/A,N/A,N/A,1763721029763866.991	,13.875,96.979,0,0,N/A,N/A,N/A,N/A,N/A,N/A,N/A,N/A
0,4294967295,3396,1,AsStrided276,N/A,N/A,N/A,1763721029763965.428	,14.125,84.562,0,0,N/A,N/A,N/A,N/A,N/A,N/A,N/A,N/A
0,4294967295,3398,1,AsStrided277,N/A,N/A,N/A,1763721029764062.386	,13.938,82.833,0,0,N/A,N/A,N/A,N/A,N/A,N/A,N/A,N/A
0,4294967295,3400,1,AsStrided278,N/A,N/A,N/A,1763721029764149.241	,13.979,72.917,0,0,N/A,N/A,N/A,N/A,N/A,N/A,N/A,N/A
0,4294967295,3402,1,AsStrided279,N/A,N/A,N/A,1763721029764243.907	,13.854,80.688,0,0,N/A,N/A,N/A,N/A,N/A,N/A,N/A,N/A
0,4294967295,3404,1,AsStrided280,N/A,N/A,N/A,1763721029764333.345	,13.958,75.583,0,0,N/A,N/A,N/A,N/A,N/A,N/A,N/A,N/A
0,4294967295,3406,1,AsStrided281,N/A,N/A,N/A,1763721029764421.678	,13.938,74.375,0,0,N/A,N/A,N/A,N/A,N/A,N/A,N/A,N/A
0,4294967295,3408,1,AsStrided282,N/A,N/A,N/A,1763721029764509.366	,13.958,73.75,0,0,N/A,N/A,N/A,N/A,N/A,N/A,N/A,N/A
0,4294967295,3410,1,AsStrided283,N/A,N/A,N/A,1763721029764942.970	,13.958,419.646,0,0,N/A,N/A,N/A,N/A,N/A,N/A,N/A,N/A
0,4294967295,3412,1,AsStrided284,N/A,N/A,N/A,1763721029765041.699	,13.958,84.771,0,0,N/A,N/A,N/A,N/A,N/A,N/A,N/A,N/A
0,4294967295,3414,1,AsStrided285,N/A,N/A,N/A,1763721029765132.157	,14.021,76.5,0,0,N/A,N/A,N/A,N/A,N/A,N/A,N/A,N/A
0,4294967295,3416,1,AsStrided286,N/A,N/A,N/A,1763721029765218.157	,13.854,71.979,0,0,N/A,N/A,N/A,N/A,N/A,N/A,N/A,N/A
0,4294967295,3418,1,AsStrided287,N/A,N/A,N/A,1763721029765313.012	,13.854,81.0,0,0,N/A,N/A,N/A,N/A,N/A,N/A,N/A,N/A
0,4294967295,3420,1,AsStrided288,N/A,N/A,N/A,1763721029765402.095	,13.854,75.229,0,0,N/A,N/A,N/A,N/A,N/A,N/A,N/A,N/A
0,4294967295,3422,1,AsStrided289,N/A,N/A,N/A,1763721029765490.428	,13.938,74.479,0,0,N/A,N/A,N/A,N/A,N/A,N/A,N/A,N/A
0,4294967295,3424,1,AsStrided290,N/A,N/A,N/A,1763721029765582.782	,13.958,78.417,0,0,N/A,N/A,N/A,N/A,N/A,N/A,N/A,N/A
0,4294967295,3426,1,AsStrided291,N/A,N/A,N/A,1763721029765944.262	,13.917,347.521,0,0,N/A,N/A,N/A,N/A,N/A,N/A,N/A,N/A
0,4294967295,3428,1,AsStrided292,N/A,N/A,N/A,1763721029766049.636	,13.979,91.458,0,0,N/A,N/A,N/A,N/A,N/A,N/A,N/A,N/A
0,4294967295,3430,1,AsStrided293,N/A,N/A,N/A,1763721029766138.532	,13.854,74.917,0,0,N/A,N/A,N/A,N/A,N/A,N/A,N/A,N/A
0,4294967295,3432,1,AsStrided294,N/A,N/A,N/A,1763721029766235.866	,13.958,83.479,0,0,N/A,N/A,N/A,N/A,N/A,N/A,N/A,N/A
0,4294967295,3434,1,AsStrided295,N/A,N/A,N/A,1763721029766325.678	,13.854,75.854,0,0,N/A,N/A,N/A,N/A,N/A,N/A,N/A,N/A
0,4294967295,3436,1,AsStrided296,N/A,N/A,N/A,1763721029766413.928	,13.875,74.396,0,0,N/A,N/A,N/A,N/A,N/A,N/A,N/A,N/A
0,4294967295,3438,1,AsStrided297,N/A,N/A,N/A,1763721029766501.616	,13.875,73.812,0,0,N/A,N/A,N/A,N/A,N/A,N/A,N/A,N/A
0,4294967295,3440,1,AsStrided298,N/A,N/A,N/A,1763721029766597.095	,13.854,81.604,0,0,N/A,N/A,N/A,N/A,N/A,N/A,N/A,N/A
0,4294967295,3442,1,AsStrided299,N/A,N/A,N/A,1763721029766688.886	,13.854,77.938,0,0,N/A,N/A,N/A,N/A,N/A,N/A,N/A,N/A
0,4294967295,3444,1,AsStrided300,N/A,N/A,N/A,1763721029767058.074	,13.854,355.333,0,0,N/A,N/A,N/A,N/A,N/A,N/A,N/A,N/A
0,4294967295,3446,1,AsStrided301,N/A,N/A,N/A,1763721029767159.636	,13.833,87.708,0,0,N/A,N/A,N/A,N/A,N/A,N/A,N/A,N/A
0,4294967295,3448,1,AsStrided302,N/A,N/A,N/A,1763721029767260.845	,13.938,87.375,0,0,N/A,N/A,N/A,N/A,N/A,N/A,N/A,N/A
0,4294967295,3450,1,AsStrided303,N/A,N/A,N/A,1763721029767348.949	,13.938,74.167,0,0,N/A,N/A,N/A,N/A,N/A,N/A,N/A,N/A
0,4294967295,3452,1,AsStrided304,N/A,N/A,N/A,1763721029767440.886	,13.958,78.0,0,0,N/A,N/A,N/A,N/A,N/A,N/A,N/A,N/A
0,4294967295,3454,1,AsStrided305,N/A,N/A,N/A,1763721029767543.241	,13.833,88.396,0,0,N/A,N/A,N/A,N/A,N/A,N/A,N/A,N/A
0,4294967295,3456,1,AsStrided306,N/A,N/A,N/A,1763721029767794.970	,14.042,237.896,0,0,N/A,N/A,N/A,N/A,N/A,N/A,N/A,N/A
0,4294967295,3458,1,AsStrided307,N/A,N/A,N/A,1763721029768153.574	,13.854,344.562,0,0,N/A,N/A,N/A,N/A,N/A,N/A,N/A,N/A
0,4294967295,3460,1,AsStrided308,N/A,N/A,N/A,1763721029768287.491	,13.938,120.062,0,0,N/A,N/A,N/A,N/A,N/A,N/A,N/A,N/A
0,4294967295,3462,1,AsStrided309,N/A,N/A,N/A,1763721029768396.803	,13.854,95.375,0,0,N/A,N/A,N/A,N/A,N/A,N/A,N/A,N/A
0,4294967295,3464,1,AsStrided310,N/A,N/A,N/A,1763721029768486.678	,13.833,76.021,0,0,N/A,N/A,N/A,N/A,N/A,N/A,N/A,N/A
0,4294967295,3466,1,AsStrided311,N/A,N/A,N/A,1763721029768569.886	,13.875,69.375,0,0,N/A,N/A,N/A,N/A,N/A,N/A,N/A,N/A
0,4294967295,3468,1,AsStrided312,N/A,N/A,N/A,1763721029768654.324	,14.104,70.562,0,0,N/A,N/A,N/A,N/A,N/A,N/A,N/A,N/A
0,4294967295,3470,1,AsStrided313,N/A,N/A,N/A,1763721029768746.866	,13.833,78.438,0,0,N/A,N/A,N/A,N/A,N/A,N/A,N/A,N/A
0,4294967295,3472,1,AsStrided314,N/A,N/A,N/A,1763721029768835.428	,13.875,74.729,0,0,N/A,N/A,N/A,N/A,N/A,N/A,N/A,N/A
0,4294967295,3474,1,AsStrided315,N/A,N/A,N/A,1763721029768927.512	,13.958,78.208,0,0,N/A,N/A,N/A,N/A,N/A,N/A,N/A,N/A
0,4294967295,3476,1,AsStrided316,N/A,N/A,N/A,1763721029769015.116	,13.979,73.646,0,0,N/A,N/A,N/A,N/A,N/A,N/A,N/A,N/A
0,4294967295,3478,1,AsStrided317,N/A,N/A,N/A,1763721029769418.136	,13.875,389.042,0,0,N/A,N/A,N/A,N/A,N/A,N/A,N/A,N/A
0,4294967295,3480,1,AsStrided318,N/A,N/A,N/A,1763721029769531.741	,14.167,99.729,0,0,N/A,N/A,N/A,N/A,N/A,N/A,N/A,N/A
0,4294967295,3482,1,AsStrided319,N/A,N/A,N/A,1763721029769625.886	,13.833,79.979,0,0,N/A,N/A,N/A,N/A,N/A,N/A,N/A,N/A
0,4294967295,3484,1,AsStrided320,N/A,N/A,N/A,1763721029769716.470	,13.917,76.75,0,0,N/A,N/A,N/A,N/A,N/A,N/A,N/A,N/A
0,4294967295,3486,1,AsStrided321,N/A,N/A,N/A,1763721029769811.262	,14.042,80.875,0,0,N/A,N/A,N/A,N/A,N/A,N/A,N/A,N/A
0,4294967295,3488,1,AsStrided322,N/A,N/A,N/A,1763721029769905.136	,14.104,79.833,0,0,N/A,N/A,N/A,N/A,N/A,N/A,N/A,N/A
0,4294967295,3490,1,AsStrided323,N/A,N/A,N/A,1763721029769995.803	,13.833,76.562,0,0,N/A,N/A,N/A,N/A,N/A,N/A,N/A,N/A
0,4294967295,3492,1,AsStrided324,N/A,N/A,N/A,1763721029770095.782	,14.083,86.146,0,0,N/A,N/A,N/A,N/A,N/A,N/A,N/A,N/A
0,4294967295,3494,1,AsStrided325,N/A,N/A,N/A,1763721029770422.657	,14.083,312.792,0,0,N/A,N/A,N/A,N/A,N/A,N/A,N/A,N/A
0,4294967295,3496,1,AsStrided326,N/A,N/A,N/A,1763721029770562.282	,14.021,125.542,0,0,N/A,N/A,N/A,N/A,N/A,N/A,N/A,N/A
0,4294967295,3498,1,AsStrided327,N/A,N/A,N/A,1763721029770663.991	,13.979,87.688,0,0,N/A,N/A,N/A,N/A,N/A,N/A,N/A,N/A
0,4294967295,3500,1,AsStrided328,N/A,N/A,N/A,1763721029770762.866	,14.083,84.896,0,0,N/A,N/A,N/A,N/A,N/A,N/A,N/A,N/A
0,4294967295,3502,1,AsStrided329,N/A,N/A,N/A,1763721029770872.136	,13.854,95.188,0,0,N/A,N/A,N/A,N/A,N/A,N/A,N/A,N/A
0,4294967295,3504,1,AsStrided330,N/A,N/A,N/A,1763721029771026.386	,14.021,140.396,0,0,N/A,N/A,N/A,N/A,N/A,N/A,N/A,N/A
0,4294967295,3506,1,AsStrided331,N/A,N/A,N/A,1763721029771058.991	,13.979,18.583,0,0,N/A,N/A,N/A,N/A,N/A,N/A,N/A,N/A
0,4294967295,3508,1,AsStrided332,N/A,N/A,N/A,1763721029771162.428	,13.979,89.458,0,0,N/A,N/A,N/A,N/A,N/A,N/A,N/A,N/A
0,4294967295,3510,1,AsStrided333,N/A,N/A,N/A,1763721029771255.970	,13.875,79.562,0,0,N/A,N/A,N/A,N/A,N/A,N/A,N/A,N/A
0,4294967295,3512,1,AsStrided334,N/A,N/A,N/A,1763721029771342.470	,13.792,72.625,0,0,N/A,N/A,N/A,N/A,N/A,N/A,N/A,N/A
0,4294967295,3514,1,AsStrided335,N/A,N/A,N/A,1763721029771759.741	,13.875,403.479,0,0,N/A,N/A,N/A,N/A,N/A,N/A,N/A,N/A
0,4294967295,3516,1,AsStrided336,N/A,N/A,N/A,1763721029771887.095	,13.958,113.479,0,0,N/A,N/A,N/A,N/A,N/A,N/A,N/A,N/A
0,4294967295,3518,1,AsStrided337,N/A,N/A,N/A,1763721029771981.678	,15.292,80.625,0,0,N/A,N/A,N/A,N/A,N/A,N/A,N/A,N/A
0,4294967295,3520,1,AsStrided338,N/A,N/A,N/A,1763721029772244.470	,13.958,247.5,0,0,N/A,N/A,N/A,N/A,N/A,N/A,N/A,N/A
0,4294967295,3522,1,AsStrided339,N/A,N/A,N/A,1763721029772356.178	,14.0,97.75,0,0,N/A,N/A,N/A,N/A,N/A,N/A,N/A,N/A
0,4294967295,3524,1,AsStrided340,N/A,N/A,N/A,1763721029772446.595	,14.125,76.417,0,0,N/A,N/A,N/A,N/A,N/A,N/A,N/A,N/A
0,4294967295,3526,1,AsStrided341,N/A,N/A,N/A,1763721029772540.282	,13.958,79.562,0,0,N/A,N/A,N/A,N/A,N/A,N/A,N/A,N/A
0,4294967295,3528,1,AsStrided342,N/A,N/A,N/A,1763721029772626.824	,13.958,72.583,0,0,N/A,N/A,N/A,N/A,N/A,N/A,N/A,N/A
0,4294967295,3530,1,AsStrided343,N/A,N/A,N/A,1763721029772722.532	,14.125,81.75,0,0,N/A,N/A,N/A,N/A,N/A,N/A,N/A,N/A
0,4294967295,3532,1,AsStrided344,N/A,N/A,N/A,1763721029772818.053	,14.062,81.396,0,0,N/A,N/A,N/A,N/A,N/A,N/A,N/A,N/A
0,4294967295,3534,1,AsStrided345,N/A,N/A,N/A,1763721029772912.574	,14.062,80.458,0,0,N/A,N/A,N/A,N/A,N/A,N/A,N/A,N/A
0,4294967295,3536,1,AsStrided346,N/A,N/A,N/A,1763721029773008.803	,13.958,82.167,0,0,N/A,N/A,N/A,N/A,N/A,N/A,N/A,N/A
0,4294967295,3538,1,AsStrided347,N/A,N/A,N/A,1763721029773106.053	,13.875,83.292,0,0,N/A,N/A,N/A,N/A,N/A,N/A,N/A,N/A
0,4294967295,3540,1,AsStrided348,N/A,N/A,N/A,1763721029773199.345	,14.042,79.417,0,0,N/A,N/A,N/A,N/A,N/A,N/A,N/A,N/A
0,4294967295,3542,1,AsStrided349,N/A,N/A,N/A,1763721029773293.262	,14.042,79.875,0,0,N/A,N/A,N/A,N/A,N/A,N/A,N/A,N/A
0,4294967295,3544,1,AsStrided350,N/A,N/A,N/A,1763721029773386.595	,14.083,79.292,0,0,N/A,N/A,N/A,N/A,N/A,N/A,N/A,N/A
0,4294967295,3546,1,AsStrided351,N/A,N/A,N/A,1763721029773483.136	,13.958,82.458,0,0,N/A,N/A,N/A,N/A,N/A,N/A,N/A,N/A
0,4294967295,3548,1,AsStrided352,N/A,N/A,N/A,1763721029773571.241	,14.021,74.146,0,0,N/A,N/A,N/A,N/A,N/A,N/A,N/A,N/A
0,4294967295,3550,1,AsStrided353,N/A,N/A,N/A,1763721029773663.574	,13.979,78.312,0,0,N/A,N/A,N/A,N/A,N/A,N/A,N/A,N/A
0,4294967295,3552,1,AsStrided354,N/A,N/A,N/A,1763721029773758.616	,13.875,81.062,0,0,N/A,N/A,N/A,N/A,N/A,N/A,N/A,N/A
0,4294967295,3554,1,AsStrided355,N/A,N/A,N/A,1763721029773845.803	,14.021,73.312,0,0,N/A,N/A,N/A,N/A,N/A,N/A,N/A,N/A
0,4294967295,3556,1,AsStrided356,N/A,N/A,N/A,1763721029774246.699	,14.0,386.875,0,0,N/A,N/A,N/A,N/A,N/A,N/A,N/A,N/A
0,4294967295,3558,1,AsStrided357,N/A,N/A,N/A,1763721029774387.616	,13.917,126.917,0,0,N/A,N/A,N/A,N/A,N/A,N/A,N/A,N/A
0,4294967295,3560,1,AsStrided358,N/A,N/A,N/A,1763721029774493.949	,13.917,92.417,0,0,N/A,N/A,N/A,N/A,N/A,N/A,N/A,N/A
0,4294967295,3562,1,AsStrided359,N/A,N/A,N/A,1763721029774586.157	,13.875,78.292,0,0,N/A,N/A,N/A,N/A,N/A,N/A,N/A,N/A
0,4294967295,3564,1,AsStrided360,N/A,N/A,N/A,1763721029774671.199	,13.854,71.167,0,0,N/A,N/A,N/A,N/A,N/A,N/A,N/A,N/A
0,4294967295,3566,1,AsStrided361,N/A,N/A,N/A,1763721029774753.095	,13.938,68.042,0,0,N/A,N/A,N/A,N/A,N/A,N/A,N/A,N/A
0,4294967295,3568,1,AsStrided362,N/A,N/A,N/A,1763721029774914.866	,13.896,147.833,0,0,N/A,N/A,N/A,N/A,N/A,N/A,N/A,N/A
0,4294967295,3570,1,AsStrided363,N/A,N/A,N/A,1763721029775010.595	,13.854,81.833,0,0,N/A,N/A,N/A,N/A,N/A,N/A,N/A,N/A
0,4294967295,3572,1,AsStrided364,N/A,N/A,N/A,1763721029775087.324	,13.958,62.875,0,0,N/A,N/A,N/A,N/A,N/A,N/A,N/A,N/A
0,4294967295,3574,1,AsStrided365,N/A,N/A,N/A,1763721029775175.762	,14.042,74.479,0,0,N/A,N/A,N/A,N/A,N/A,N/A,N/A,N/A
0,4294967295,3576,1,AsStrided366,N/A,N/A,N/A,1763721029775271.595	,14.062,81.792,0,0,N/A,N/A,N/A,N/A,N/A,N/A,N/A,N/A
0,4294967295,3578,1,AsStrided367,N/A,N/A,N/A,1763721029775361.803	,14.333,76.146,0,0,N/A,N/A,N/A,N/A,N/A,N/A,N/A,N/A
0,4294967295,3580,1,AsStrided368,N/A,N/A,N/A,1763721029775449.407	,13.938,73.271,0,0,N/A,N/A,N/A,N/A,N/A,N/A,N/A,N/A
0,4294967295,3582,1,AsStrided369,N/A,N/A,N/A,1763721029775548.595	,13.958,85.25,0,0,N/A,N/A,N/A,N/A,N/A,N/A,N/A,N/A
0,4294967295,3584,1,AsStrided370,N/A,N/A,N/A,1763721029776086.678	,14.333,524.125,0,0,N/A,N/A,N/A,N/A,N/A,N/A,N/A,N/A
0,4294967295,3586,1,AsStrided371,N/A,N/A,N/A,1763721029776233.199	,14.0,132.188,0,0,N/A,N/A,N/A,N/A,N/A,N/A,N/A,N/A
0,4294967295,3588,1,AsStrided372,N/A,N/A,N/A,1763721029776328.886	,14.021,81.688,0,0,N/A,N/A,N/A,N/A,N/A,N/A,N/A,N/A
0,4294967295,3590,1,AsStrided373,N/A,N/A,N/A,1763721029776444.470	,13.854,101.562,0,0,N/A,N/A,N/A,N/A,N/A,N/A,N/A,N/A
0,4294967295,3592,1,AsStrided374,N/A,N/A,N/A,1763721029776534.803	,14.125,76.479,0,0,N/A,N/A,N/A,N/A,N/A,N/A,N/A,N/A
0,4294967295,3594,1,AsStrided375,N/A,N/A,N/A,1763721029776621.470	,13.979,72.542,0,0,N/A,N/A,N/A,N/A,N/A,N/A,N/A,N/A
0,4294967295,3596,1,AsStrided376,N/A,N/A,N/A,1763721029776706.136	,13.958,70.688,0,0,N/A,N/A,N/A,N/A,N/A,N/A,N/A,N/A
0,4294967295,3598,1,AsStrided377,N/A,N/A,N/A,1763721029776802.532	,13.896,82.438,0,0,N/A,N/A,N/A,N/A,N/A,N/A,N/A,N/A
0,4294967295,3600,1,AsStrided378,N/A,N/A,N/A,1763721029776890.303	,13.938,73.875,0,0,N/A,N/A,N/A,N/A,N/A,N/A,N/A,N/A
0,4294967295,3602,1,AsStrided379,N/A,N/A,N/A,1763721029776981.720	,14.0,77.479,0,0,N/A,N/A,N/A,N/A,N/A,N/A,N/A,N/A
0,4294967295,3604,1,AsStrided380,N/A,N/A,N/A,1763721029777069.032	,13.958,73.312,0,0,N/A,N/A,N/A,N/A,N/A,N/A,N/A,N/A
0,4294967295,3606,1,AsStrided381,N/A,N/A,N/A,1763721029777351.595	,13.875,268.604,0,0,N/A,N/A,N/A,N/A,N/A,N/A,N/A,N/A
0,4294967295,3608,1,AsStrided382,N/A,N/A,N/A,1763721029777481.407	,14.146,115.938,0,0,N/A,N/A,N/A,N/A,N/A,N/A,N/A,N/A
0,4294967295,3610,1,AsStrided383,N/A,N/A,N/A,1763721029777579.262	,13.958,83.708,0,0,N/A,N/A,N/A,N/A,N/A,N/A,N/A,N/A
0,4294967295,3612,1,AsStrided384,N/A,N/A,N/A,1763721029777670.428	,13.854,77.208,0,0,N/A,N/A,N/A,N/A,N/A,N/A,N/A,N/A
0,4294967295,3614,1,AsStrided385,N/A,N/A,N/A,1763721029777772.824	,13.833,88.542,0,0,N/A,N/A,N/A,N/A,N/A,N/A,N/A,N/A
0,4294967295,3616,1,AsStrided386,N/A,N/A,N/A,1763721029777859.949	,14.25,73.292,0,0,N/A,N/A,N/A,N/A,N/A,N/A,N/A,N/A
0,4294967295,3618,1,AsStrided387,N/A,N/A,N/A,1763721029777949.116	,13.854,74.917,0,0,N/A,N/A,N/A,N/A,N/A,N/A,N/A,N/A
0,4294967295,3620,1,AsStrided388,N/A,N/A,N/A,1763721029778046.262	,13.958,83.292,0,0,N/A,N/A,N/A,N/A,N/A,N/A,N/A,N/A
0,4294967295,3622,1,AsStrided389,N/A,N/A,N/A,1763721029778132.866	,14.25,72.646,0,0,N/A,N/A,N/A,N/A,N/A,N/A,N/A,N/A
0,4294967295,3624,1,AsStrided390,N/A,N/A,N/A,1763721029778221.449	,13.958,74.333,0,0,N/A,N/A,N/A,N/A,N/A,N/A,N/A,N/A
0,4294967295,3626,1,AsStrided391,N/A,N/A,N/A,1763721029778533.970	,13.958,298.562,0,0,N/A,N/A,N/A,N/A,N/A,N/A,N/A,N/A
0,4294967295,3628,1,AsStrided392,N/A,N/A,N/A,1763721029778650.553	,13.854,102.625,0,0,N/A,N/A,N/A,N/A,N/A,N/A,N/A,N/A
0,4294967295,3630,1,AsStrided393,N/A,N/A,N/A,1763721029778741.762	,14.188,77.354,0,0,N/A,N/A,N/A,N/A,N/A,N/A,N/A,N/A
0,4294967295,3632,1,AsStrided394,N/A,N/A,N/A,1763721029778860.741	,13.979,104.792,0,0,N/A,N/A,N/A,N/A,N/A,N/A,N/A,N/A
0,4294967295,3634,1,AsStrided395,N/A,N/A,N/A,1763721029779003.032	,13.875,128.312,0,0,N/A,N/A,N/A,N/A,N/A,N/A,N/A,N/A
0,4294967295,3636,1,AsStrided396,N/A,N/A,N/A,1763721029779060.803	,13.958,43.896,0,0,N/A,N/A,N/A,N/A,N/A,N/A,N/A,N/A
0,4294967295,3638,1,AsStrided397,N/A,N/A,N/A,1763721029779151.616	,13.958,76.854,0,0,N/A,N/A,N/A,N/A,N/A,N/A,N/A,N/A
0,4294967295,3640,1,AsStrided398,N/A,N/A,N/A,1763721029779239.720	,13.958,74.146,0,0,N/A,N/A,N/A,N/A,N/A,N/A,N/A,N/A
0,4294967295,3642,1,AsStrided399,N/A,N/A,N/A,1763721029779329.532	,13.938,75.854,0,0,N/A,N/A,N/A,N/A,N/A,N/A,N/A,N/A
0,4294967295,3644,1,AsStrided400,N/A,N/A,N/A,1763721029779428.512	,13.979,85.042,0,0,N/A,N/A,N/A,N/A,N/A,N/A,N/A,N/A
0,4294967295,3646,1,AsStrided401,N/A,N/A,N/A,1763721029779515.991	,13.896,73.5,0,0,N/A,N/A,N/A,N/A,N/A,N/A,N/A,N/A
0,4294967295,3648,1,AsStrided402,N/A,N/A,N/A,1763721029780011.095	,14.104,481.208,0,0,N/A,N/A,N/A,N/A,N/A,N/A,N/A,N/A
0,4294967295,3650,1,AsStrided403,N/A,N/A,N/A,1763721029780167.157	,13.958,141.958,0,0,N/A,N/A,N/A,N/A,N/A,N/A,N/A,N/A
0,4294967295,3652,1,AsStrided404,N/A,N/A,N/A,1763721029780262.970	,13.958,81.854,0,0,N/A,N/A,N/A,N/A,N/A,N/A,N/A,N/A
0,4294967295,3654,1,AsStrided405,N/A,N/A,N/A,1763721029780353.574	,13.875,76.646,0,0,N/A,N/A,N/A,N/A,N/A,N/A,N/A,N/A
0,4294967295,3656,1,AsStrided406,N/A,N/A,N/A,1763721029780441.116	,13.854,73.667,0,0,N/A,N/A,N/A,N/A,N/A,N/A,N/A,N/A
0,4294967295,3658,1,Pack407/Pack00,N/A,N/A,N/A,1763721029781740.157	,10.875,1285.188,0,0,N/A,N/A,N/A,N/A,N/A,N/A,N/A,N/A
0,4294967295,3659,1,Pack407/Pack10,N/A,N/A,N/A,1763721029781856.303	,10.75,105.271,0,0,N/A,N/A,N/A,N/A,N/A,N/A,N/A,N/A
0,4294967295,3660,1,Pack407/Pack20,N/A,N/A,N/A,1763721029781933.616	,10.417,66.562,0,0,N/A,N/A,N/A,N/A,N/A,N/A,N/A,N/A
0,4294967295,3661,1,Pack407/Pack30,N/A,N/A,N/A,1763721029782009.136	,10.375,65.104,0,0,N/A,N/A,N/A,N/A,N/A,N/A,N/A,N/A
0,4294967295,3662,1,Pack407/Pack40,N/A,N/A,N/A,1763721029782083.595	,10.104,64.083,0,0,N/A,N/A,N/A,N/A,N/A,N/A,N/A,N/A
0,4294967295,3663,1,Pack407/Pack50,N/A,N/A,N/A,1763721029782448.074	,10.167,354.375,0,0,N/A,N/A,N/A,N/A,N/A,N/A,N/A,N/A
0,4294967295,3664,1,Pack407/Pack60,N/A,N/A,N/A,1763721029782530.782	,11.562,72.542,0,0,N/A,N/A,N/A,N/A,N/A,N/A,N/A,N/A
0,4294967295,3665,1,Pack407/Pack70,N/A,N/A,N/A,1763721029782618.512	,14.646,76.167,0,0,N/A,N/A,N/A,N/A,N/A,N/A,N/A,N/A
0,4294967295,3666,1,Pack407/Pack80,N/A,N/A,N/A,1763721029782689.262	,10.521,56.104,0,0,N/A,N/A,N/A,N/A,N/A,N/A,N/A,N/A
0,4294967295,3667,1,Pack407/Pack90,N/A,N/A,N/A,1763721029782756.136	,6.375,56.354,0,0,N/A,N/A,N/A,N/A,N/A,N/A,N/A,N/A
0,4294967295,3668,1,Pack407/PackBase_node0,N/A,N/A,N/A,1763721029782896.386	,39.542,133.875,0,0,N/A,N/A,N/A,N/A,N/A,N/A,N/A,N/A
0,4294967295,3669,1,Add408,N/A,N/A,N/A,1763721030261396.845	,48.854,478460.917,0,0,N/A,N/A,N/A,N/A,N/A,N/A,N/A,N/A
0,4294967295,3670,1,MatMul409,N/A,N/A,N/A,1763721030794486.491	,187.104,533040.792,0,0,N/A,N/A,N/A,N/A,N/A,N/A,N/A,N/A
0,4294967295,3671,1,MatMul409,N/A,N/A,N/A,1763721030794847.824	,174.417,174.229,0,0,N/A,N/A,N/A,N/A,N/A,N/A,N/A,N/A
0,4294967295,3672,1,MatMul409,N/A,N/A,N/A,1763721030795022.324	,261.271,0.083,0,0,N/A,N/A,N/A,N/A,N/A,N/A,N/A,N/A
0,4294967295,3673,1,Transpose410,N/A,N/A,N/A,1763721031255905.303	,77.0,460621.708,0,0,N/A,N/A,N/A,N/A,N/A,N/A,N/A,N/A
0,4294967295,3674,1,Mul411,N/A,N/A,N/A,1763721031735510.407	,36.729,479528.104,0,0,N/A,N/A,N/A,N/A,N/A,N/A,N/A,N/A
0,4294967295,3675,1,Transpose412,N/A,N/A,N/A,1763721032192294.741	,213.542,456747.604,0,0,N/A,N/A,N/A,N/A,N/A,N/A,N/A,N/A
0,4294967295,3676,1,BatchMatMul413,N/A,N/A,N/A,1763721032697351.220	,2674.625,504842.938,0,0,N/A,N/A,N/A,N/A,N/A,N/A,N/A,N/A
0,4294967295,3677,1,SoftmaxV2414,N/A,N/A,N/A,1763721033842551.032	,1925.854,1142525.188,0,0,N/A,N/A,N/A,N/A,N/A,N/A,N/A,N/A
0,4294967295,3678,1,Transpose410,N/A,N/A,N/A,1763721033844477.178	,118.458,0.292,0,0,N/A,N/A,N/A,N/A,N/A,N/A,N/A,N/A
0,4294967295,3679,1,BatchMatMul415,N/A,N/A,N/A,1763721034308903.907	,1414.479,464308.271,0,0,N/A,N/A,N/A,N/A,N/A,N/A,N/A,N/A
0,4294967295,3680,1,Transpose416,N/A,N/A,N/A,1763721034763648.886	,104.271,453330.5,0,0,N/A,N/A,N/A,N/A,N/A,N/A,N/A,N/A
0,4294967295,3681,1,MatMul409,N/A,N/A,N/A,1763721034763879.324	,170.062,126.167,0,0,N/A,N/A,N/A,N/A,N/A,N/A,N/A,N/A
0,4294967295,3682,1,ReduceMean417,N/A,N/A,N/A,1763721035238548.762	,733.604,474499.375,0,0,N/A,N/A,N/A,N/A,N/A,N/A,N/A,N/A
0,4294967295,3683,1,Add408,N/A,N/A,N/A,1763721035239282.428	,94.667,0.062,0,0,N/A,N/A,N/A,N/A,N/A,N/A,N/A,N/A
0,4294967295,3684,1,LayerNorm418,N/A,N/A,N/A,1763721035739214.991	,229.604,499837.896,0,0,N/A,N/A,N/A,N/A,N/A,N/A,N/A,N/A
0,4294967295,3685,1,MatMul419,N/A,N/A,N/A,1763721036237586.324	,1475.938,498141.729,0,0,N/A,N/A,N/A,N/A,N/A,N/A,N/A,N/A
0,4294967295,3686,1,Relu420,N/A,N/A,N/A,1763721036694044.512	,377.438,454982.25,0,0,N/A,N/A,N/A,N/A,N/A,N/A,N/A,N/A
0,4294967295,3687,1,MatMul421,N/A,N/A,N/A,1763721037181153.303	,1595.875,486731.354,0,0,N/A,N/A,N/A,N/A,N/A,N/A,N/A,N/A
0,4294967295,3688,1,Add408,N/A,N/A,N/A,1763721037182749.262	,87.042,0.083,0,0,N/A,N/A,N/A,N/A,N/A,N/A,N/A,N/A
0,4294967295,3689,1,LayerNorm418,N/A,N/A,N/A,1763721037182836.386	,228.333,0.083,0,0,N/A,N/A,N/A,N/A,N/A,N/A,N/A,N/A
0,4294967295,3690,1,Add408,N/A,N/A,N/A,1763721037183064.782	,67.188,0.062,0,0,N/A,N/A,N/A,N/A,N/A,N/A,N/A,N/A
0,4294967295,3691,1,MatMul409,N/A,N/A,N/A,1763721037183132.053	,168.438,0.083,0,0,N/A,N/A,N/A,N/A,N/A,N/A,N/A,N/A
0,4294967295,3692,1,MatMul409,N/A,N/A,N/A,1763721037183300.574	,176.604,0.083,0,0,N/A,N/A,N/A,N/A,N/A,N/A,N/A,N/A
0,4294967295,3693,1,MatMul409,N/A,N/A,N/A,1763721037183477.262	,257.104,0.083,0,0,N/A,N/A,N/A,N/A,N/A,N/A,N/A,N/A
0,4294967295,3694,1,Transpose410,N/A,N/A,N/A,1763721037183734.449	,76.0,0.083,0,0,N/A,N/A,N/A,N/A,N/A,N/A,N/A,N/A
0,4294967295,3695,1,Mul411,N/A,N/A,N/A,1763721037183810.512	,35.292,0.062,0,0,N/A,N/A,N/A,N/A,N/A,N/A,N/A,N/A
0,4294967295,3696,1,Transpose412,N/A,N/A,N/A,1763721037183845.886	,202.083,0.083,0,0,N/A,N/A,N/A,N/A,N/A,N/A,N/A,N/A
0,4294967295,3697,1,BatchMatMul413,N/A,N/A,N/A,1763721037184048.032	,2716.438,0.062,0,0,N/A,N/A,N/A,N/A,N/A,N/A,N/A,N/A
0,4294967295,3698,1,SoftmaxV2414,N/A,N/A,N/A,1763721037186764.553	,1950.167,0.083,0,0,N/A,N/A,N/A,N/A,N/A,N/A,N/A,N/A
0,4294967295,3699,1,Transpose410,N/A,N/A,N/A,1763721037188715.012	,123.75,0.292,0,0,N/A,N/A,N/A,N/A,N/A,N/A,N/A,N/A
0,4294967295,3700,1,BatchMatMul415,N/A,N/A,N/A,1763721037188838.845	,1306.562,0.083,0,0,N/A,N/A,N/A,N/A,N/A,N/A,N/A,N/A
0,4294967295,3701,1,Transpose416,N/A,N/A,N/A,1763721037190145.470	,105.812,0.062,0,0,N/A,N/A,N/A,N/A,N/A,N/A,N/A,N/A
0,4294967295,3702,1,MatMul409,N/A,N/A,N/A,1763721037190251.345	,171.167,0.062,0,0,N/A,N/A,N/A,N/A,N/A,N/A,N/A,N/A
0,4294967295,3703,1,ReduceMean417,N/A,N/A,N/A,1763721037190422.595	,785.562,0.083,0,0,N/A,N/A,N/A,N/A,N/A,N/A,N/A,N/A
0,4294967295,3704,1,Add408,N/A,N/A,N/A,1763721037191208.241	,105.146,0.083,0,0,N/A,N/A,N/A,N/A,N/A,N/A,N/A,N/A
0,4294967295,3705,1,LayerNorm418,N/A,N/A,N/A,1763721037191313.470	,228.208,0.083,0,0,N/A,N/A,N/A,N/A,N/A,N/A,N/A,N/A
0,4294967295,3706,1,MatMul419,N/A,N/A,N/A,1763721037191541.762	,1611.833,0.083,0,0,N/A,N/A,N/A,N/A,N/A,N/A,N/A,N/A
0,4294967295,3707,1,Relu420,N/A,N/A,N/A,1763721037193153.678	,386.312,0.083,0,0,N/A,N/A,N/A,N/A,N/A,N/A,N/A,N/A
0,4294967295,3708,1,MatMul421,N/A,N/A,N/A,1763721037193540.053	,1637.604,0.062,0,0,N/A,N/A,N/A,N/A,N/A,N/A,N/A,N/A
0,4294967295,3709,1,Add408,N/A,N/A,N/A,1763721037195177.720	,84.771,0.062,0,0,N/A,N/A,N/A,N/A,N/A,N/A,N/A,N/A
0,4294967295,3710,1,LayerNorm418,N/A,N/A,N/A,1763721037195262.574	,227.854,0.083,0,0,N/A,N/A,N/A,N/A,N/A,N/A,N/A,N/A
0,4294967295,3711,1,Add408,N/A,N/A,N/A,1763721037195490.491	,64.938,0.062,0,0,N/A,N/A,N/A,N/A,N/A,N/A,N/A,N/A
0,4294967295,3712,1,MatMul409,N/A,N/A,N/A,1763721037195555.512	,167.854,0.083,0,0,N/A,N/A,N/A,N/A,N/A,N/A,N/A,N/A
0,4294967295,3713,1,MatMul409,N/A,N/A,N/A,1763721037195723.428	,182.5,0.062,0,0,N/A,N/A,N/A,N/A,N/A,N/A,N/A,N/A
0,4294967295,3714,1,MatMul409,N/A,N/A,N/A,1763721037195905.991	,249.271,0.062,0,0,N/A,N/A,N/A,N/A,N/A,N/A,N/A,N/A
0,4294967295,3715,1,Transpose410,N/A,N/A,N/A,1763721037196155.345	,73.875,0.083,0,0,N/A,N/A,N/A,N/A,N/A,N/A,N/A,N/A
0,4294967295,3716,1,Mul411,N/A,N/A,N/A,1763721037196229.282	,34.75,0.062,0,0,N/A,N/A,N/A,N/A,N/A,N/A,N/A,N/A
0,4294967295,3717,1,Transpose412,N/A,N/A,N/A,1763721037196264.095	,235.229,0.062,0,0,N/A,N/A,N/A,N/A,N/A,N/A,N/A,N/A
0,4294967295,3718,1,BatchMatMul413,N/A,N/A,N/A,1763721037196499.407	,2700.188,0.083,0,0,N/A,N/A,N/A,N/A,N/A,N/A,N/A,N/A
0,4294967295,3719,1,SoftmaxV2414,N/A,N/A,N/A,1763721037199199.678	,1920.396,0.083,0,0,N/A,N/A,N/A,N/A,N/A,N/A,N/A,N/A
0,4294967295,3720,1,Transpose410,N/A,N/A,N/A,1763721037201120.345	,118.5,0.271,0,0,N/A,N/A,N/A,N/A,N/A,N/A,N/A,N/A
0,4294967295,3721,1,BatchMatMul415,N/A,N/A,N/A,1763721037201238.928	,1436.146,0.083,0,0,N/A,N/A,N/A,N/A,N/A,N/A,N/A,N/A
0,4294967295,3722,1,Transpose416,N/A,N/A,N/A,1763721037202675.136	,104.833,0.062,0,0,N/A,N/A,N/A,N/A,N/A,N/A,N/A,N/A
0,4294967295,3723,1,MatMul409,N/A,N/A,N/A,1763721037202780.032	,173.771,0.062,0,0,N/A,N/A,N/A,N/A,N/A,N/A,N/A,N/A
0,4294967295,3724,1,ReduceMean417,N/A,N/A,N/A,1763721037202953.886	,723.417,0.083,0,0,N/A,N/A,N/A,N/A,N/A,N/A,N/A,N/A
0,4294967295,3725,1,Add408,N/A,N/A,N/A,1763721037203677.366	,96.229,0.062,0,0,N/A,N/A,N/A,N/A,N/A,N/A,N/A,N/A
0,4294967295,3726,1,LayerNorm418,N/A,N/A,N/A,1763721037203773.678	,227.75,0.083,0,0,N/A,N/A,N/A,N/A,N/A,N/A,N/A,N/A
0,4294967295,3727,1,MatMul419,N/A,N/A,N/A,1763721037204001.512	,1477.146,0.083,0,0,N/A,N/A,N/A,N/A,N/A,N/A,N/A,N/A
0,4294967295,3728,1,Relu420,N/A,N/A,N/A,1763721037205478.741	,390.396,0.083,0,0,N/A,N/A,N/A,N/A,N/A,N/A,N/A,N/A
0,4294967295,3729,1,MatMul421,N/A,N/A,N/A,1763721037205869.199	,1647.354,0.062,0,0,N/A,N/A,N/A,N/A,N/A,N/A,N/A,N/A
0,4294967295,3730,1,Add408,N/A,N/A,N/A,1763721037207516.616	,85.938,0.062,0,0,N/A,N/A,N/A,N/A,N/A,N/A,N/A,N/A
0,4294967295,3731,1,LayerNorm418,N/A,N/A,N/A,1763721037207602.636	,227.646,0.083,0,0,N/A,N/A,N/A,N/A,N/A,N/A,N/A,N/A
0,4294967295,3732,1,Add408,N/A,N/A,N/A,1763721037207830.366	,65.75,0.083,0,0,N/A,N/A,N/A,N/A,N/A,N/A,N/A,N/A
0,4294967295,3733,1,MatMul409,N/A,N/A,N/A,1763721037207896.199	,171.583,0.083,0,0,N/A,N/A,N/A,N/A,N/A,N/A,N/A,N/A
0,4294967295,3734,1,MatMul409,N/A,N/A,N/A,1763721037208067.866	,185.0,0.083,0,0,N/A,N/A,N/A,N/A,N/A,N/A,N/A,N/A
0,4294967295,3735,1,MatMul409,N/A,N/A,N/A,1763721037208252.928	,258.021,0.062,0,0,N/A,N/A,N/A,N/A,N/A,N/A,N/A,N/A
0,4294967295,3736,1,Transpose410,N/A,N/A,N/A,1763721037208511.032	,72.583,0.083,0,0,N/A,N/A,N/A,N/A,N/A,N/A,N/A,N/A
0,4294967295,3737,1,Mul411,N/A,N/A,N/A,1763721037208583.699	,34.771,0.083,0,0,N/A,N/A,N/A,N/A,N/A,N/A,N/A,N/A
0,4294967295,3738,1,Transpose412,N/A,N/A,N/A,1763721037208618.553	,208.771,0.083,0,0,N/A,N/A,N/A,N/A,N/A,N/A,N/A,N/A
0,4294967295,3739,1,BatchMatMul413,N/A,N/A,N/A,1763721037208827.407	,2686.521,0.083,0,0,N/A,N/A,N/A,N/A,N/A,N/A,N/A,N/A
0,4294967295,3740,1,SoftmaxV2414,N/A,N/A,N/A,1763721037211514.012	,1908.042,0.083,0,0,N/A,N/A,N/A,N/A,N/A,N/A,N/A,N/A
0,4294967295,3741,1,Transpose410,N/A,N/A,N/A,1763721037213422.345	,124.167,0.292,0,0,N/A,N/A,N/A,N/A,N/A,N/A,N/A,N/A
0,4294967295,3742,1,BatchMatMul415,N/A,N/A,N/A,1763721037213546.595	,1260.458,0.083,0,0,N/A,N/A,N/A,N/A,N/A,N/A,N/A,N/A
0,4294967295,3743,1,Transpose416,N/A,N/A,N/A,1763721037214807.116	,106.479,0.062,0,0,N/A,N/A,N/A,N/A,N/A,N/A,N/A,N/A
0,4294967295,3744,1,MatMul409,N/A,N/A,N/A,1763721037214913.678	,173.625,0.083,0,0,N/A,N/A,N/A,N/A,N/A,N/A,N/A,N/A
0,4294967295,3745,1,ReduceMean417,N/A,N/A,N/A,1763721037215087.386	,728.167,0.083,0,0,N/A,N/A,N/A,N/A,N/A,N/A,N/A,N/A
0,4294967295,3746,1,Add408,N/A,N/A,N/A,1763721037215815.636	,98.646,0.083,0,0,N/A,N/A,N/A,N/A,N/A,N/A,N/A,N/A
0,4294967295,3747,1,LayerNorm418,N/A,N/A,N/A,1763721037215914.366	,227.688,0.083,0,0,N/A,N/A,N/A,N/A,N/A,N/A,N/A,N/A
0,4294967295,3748,1,MatMul419,N/A,N/A,N/A,1763721037216142.136	,1561.771,0.083,0,0,N/A,N/A,N/A,N/A,N/A,N/A,N/A,N/A
0,4294967295,3749,1,Relu420,N/A,N/A,N/A,1763721037217703.991	,392.625,0.083,0,0,N/A,N/A,N/A,N/A,N/A,N/A,N/A,N/A
0,4294967295,3750,1,MatMul421,N/A,N/A,N/A,1763721037218096.678	,1639.896,0.062,0,0,N/A,N/A,N/A,N/A,N/A,N/A,N/A,N/A
0,4294967295,3751,1,Add408,N/A,N/A,N/A,1763721037219736.657	,86.229,0.083,0,0,N/A,N/A,N/A,N/A,N/A,N/A,N/A,N/A
0,4294967295,3752,1,LayerNorm418,N/A,N/A,N/A,1763721037219822.949	,227.896,0.062,0,0,N/A,N/A,N/A,N/A,N/A,N/A,N/A,N/A
0,4294967295,3753,1,ZerosLike422,N/A,N/A,N/A,1763721037675212.928	,7.0,455162.083,0,0,N/A,N/A,N/A,N/A,N/A,N/A,N/A,N/A
0,4294967295,3754,1,Add423,N/A,N/A,N/A,1763721038177121.199	,14.938,501901.271,0,0,N/A,N/A,N/A,N/A,N/A,N/A,N/A,N/A
0,4294967295,3755,1,MatMul424,N/A,N/A,N/A,1763721038684336.803	,53.979,507200.667,0,0,N/A,N/A,N/A,N/A,N/A,N/A,N/A,N/A
0,4294967295,3756,1,MatMul424,N/A,N/A,N/A,1763721038684508.220	,54.438,117.438,0,0,N/A,N/A,N/A,N/A,N/A,N/A,N/A,N/A
0,4294967295,3757,1,MatMul424,N/A,N/A,N/A,1763721038684577.407	,56.562,14.75,0,0,N/A,N/A,N/A,N/A,N/A,N/A,N/A,N/A
0,4294967295,3758,1,Transpose425,N/A,N/A,N/A,1763721039180816.136	,18.396,496182.167,0,0,N/A,N/A,N/A,N/A,N/A,N/A,N/A,N/A
0,4294967295,3759,1,Mul426,N/A,N/A,N/A,1763721039656686.136	,9.312,475851.604,0,0,N/A,N/A,N/A,N/A,N/A,N/A,N/A,N/A
0,4294967295,3760,1,Transpose427,N/A,N/A,N/A,1763721040137319.845	,58.938,480624.396,0,0,N/A,N/A,N/A,N/A,N/A,N/A,N/A,N/A
0,4294967295,3761,1,BatchMatMul428,N/A,N/A,N/A,1763721040632792.136	,25.854,495413.354,0,0,N/A,N/A,N/A,N/A,N/A,N/A,N/A,N/A
0,4294967295,3762,1,SoftmaxV2429,N/A,N/A,N/A,1763721041545830.824	,119.125,913012.833,0,0,N/A,N/A,N/A,N/A,N/A,N/A,N/A,N/A
0,4294967295,3763,1,Transpose425,N/A,N/A,N/A,1763721041546369.449	,16.792,419.5,0,0,N/A,N/A,N/A,N/A,N/A,N/A,N/A,N/A
0,4294967295,3764,1,BatchMatMul430,N/A,N/A,N/A,1763721042056892.095	,30.979,510505.854,0,0,N/A,N/A,N/A,N/A,N/A,N/A,N/A,N/A
0,4294967295,3765,1,Transpose431,N/A,N/A,N/A,1763721042534854.512	,22.333,477931.438,0,0,N/A,N/A,N/A,N/A,N/A,N/A,N/A,N/A
0,4294967295,3766,1,MatMul424,N/A,N/A,N/A,1763721042535087.512	,73.271,210.667,0,0,N/A,N/A,N/A,N/A,N/A,N/A,N/A,N/A
0,4294967295,3767,1,ReduceMean432,N/A,N/A,N/A,1763721043019739.012	,16.375,484578.229,0,0,N/A,N/A,N/A,N/A,N/A,N/A,N/A,N/A
0,4294967295,3768,1,Add423,N/A,N/A,N/A,1763721043019917.282	,12.104,161.896,0,0,N/A,N/A,N/A,N/A,N/A,N/A,N/A,N/A
0,4294967295,3769,1,LayerNorm433,N/A,N/A,N/A,1763721043540908.595	,36.208,520979.208,0,0,N/A,N/A,N/A,N/A,N/A,N/A,N/A,N/A
0,4294967295,3770,1,Add423,N/A,N/A,N/A,1763721043541093.303	,11.583,148.5,0,0,N/A,N/A,N/A,N/A,N/A,N/A,N/A,N/A
0,4294967295,3771,1,Add408,N/A,N/A,N/A,1763721043541169.970	,104.729,65.083,0,0,N/A,N/A,N/A,N/A,N/A,N/A,N/A,N/A
0,4294967295,3772,1,MatMul424,N/A,N/A,N/A,1763721043541297.803	,61.271,23.104,0,0,N/A,N/A,N/A,N/A,N/A,N/A,N/A,N/A
0,4294967295,3773,1,MatMul409,N/A,N/A,N/A,1763721043541419.386	,174.458,60.312,0,0,N/A,N/A,N/A,N/A,N/A,N/A,N/A,N/A
0,4294967295,3774,1,MatMul409,N/A,N/A,N/A,1763721043541593.907	,219.208,0.062,0,0,N/A,N/A,N/A,N/A,N/A,N/A,N/A,N/A
0,4294967295,3775,1,Transpose425,N/A,N/A,N/A,1763721043541813.178	,17.229,0.062,0,0,N/A,N/A,N/A,N/A,N/A,N/A,N/A,N/A
0,4294967295,3776,1,Mul426,N/A,N/A,N/A,1763721043541830.491	,7.458,0.083,0,0,N/A,N/A,N/A,N/A,N/A,N/A,N/A,N/A
0,4294967295,3777,1,Transpose412,N/A,N/A,N/A,1763721043541865.241	,213.5,27.292,0,0,N/A,N/A,N/A,N/A,N/A,N/A,N/A,N/A
0,4294967295,3778,1,BatchMatMul434,N/A,N/A,N/A,1763721044055713.782	,416.146,513635.042,0,0,N/A,N/A,N/A,N/A,N/A,N/A,N/A,N/A
0,4294967295,3779,1,SoftmaxV2435,N/A,N/A,N/A,1763721044953852.116	,285.729,897722.188,0,0,N/A,N/A,N/A,N/A,N/A,N/A,N/A,N/A
0,4294967295,3780,1,Transpose410,N/A,N/A,N/A,1763721044954138.136	,74.104,0.292,0,0,N/A,N/A,N/A,N/A,N/A,N/A,N/A,N/A
0,4294967295,3781,1,BatchMatMul436,N/A,N/A,N/A,1763721045449859.157	,75.438,495646.917,0,0,N/A,N/A,N/A,N/A,N/A,N/A,N/A,N/A
0,4294967295,3782,1,Transpose431,N/A,N/A,N/A,1763721045450037.032	,20.354,102.438,0,0,N/A,N/A,N/A,N/A,N/A,N/A,N/A,N/A
0,4294967295,3783,1,MatMul424,N/A,N/A,N/A,1763721045450380.407	,67.896,323.021,0,0,N/A,N/A,N/A,N/A,N/A,N/A,N/A,N/A
0,4294967295,3784,1,ReduceMean437,N/A,N/A,N/A,1763721045932094.928	,79.729,481646.625,0,0,N/A,N/A,N/A,N/A,N/A,N/A,N/A,N/A
0,4294967295,3785,1,Add423,N/A,N/A,N/A,1763721045932260.762	,15.417,86.104,0,0,N/A,N/A,N/A,N/A,N/A,N/A,N/A,N/A
0,4294967295,3786,1,LayerNorm433,N/A,N/A,N/A,1763721045932351.803	,34.646,75.625,0,0,N/A,N/A,N/A,N/A,N/A,N/A,N/A,N/A
0,4294967295,3787,1,MatMul438,N/A,N/A,N/A,1763721046428844.303	,489.542,496457.854,0,0,N/A,N/A,N/A,N/A,N/A,N/A,N/A,N/A
0,4294967295,3788,1,Relu439,N/A,N/A,N/A,1763721046882358.803	,37.021,453024.958,0,0,N/A,N/A,N/A,N/A,N/A,N/A,N/A,N/A
0,4294967295,3789,1,MatMul440,N/A,N/A,N/A,1763721047380175.491	,339.312,497779.667,0,0,N/A,N/A,N/A,N/A,N/A,N/A,N/A,N/A
0,4294967295,3790,1,Add423,N/A,N/A,N/A,1763721047380514.886	,15.708,0.083,0,0,N/A,N/A,N/A,N/A,N/A,N/A,N/A,N/A
0,4294967295,3791,1,LayerNorm433,N/A,N/A,N/A,1763721047380530.657	,34.104,0.062,0,0,N/A,N/A,N/A,N/A,N/A,N/A,N/A,N/A
0,4294967295,3792,1,LayerNorm433,N/A,N/A,N/A,1763721047380576.574	,33.5,11.812,0,0,N/A,N/A,N/A,N/A,N/A,N/A,N/A,N/A
0,4294967295,3793,1,MatMul441,N/A,N/A,N/A,1763721047878619.199	,8.646,498009.125,0,0,N/A,N/A,N/A,N/A,N/A,N/A,N/A,N/A
0,4294967295,3794,1,Abs15,N/A,N/A,N/A,1763721047878764.762	,2.917,136.917,0,0,N/A,N/A,N/A,N/A,N/A,N/A,N/A,N/A
0,4294967295,3795,1,Equal16,N/A,N/A,N/A,1763721047878832.428	,2.625,64.75,0,0,N/A,N/A,N/A,N/A,N/A,N/A,N/A,N/A
0,4294967295,3796,1,ReduceAny17,N/A,N/A,N/A,1763721047878940.053	,3.396,105.0,0,0,N/A,N/A,N/A,N/A,N/A,N/A,N/A,N/A
0,4294967295,3797,1,Abs15,N/A,N/A,N/A,1763721047879902.553	,1.958,959.104,0,0,N/A,N/A,N/A,N/A,N/A,N/A,N/A,N/A
0,4294967295,3798,1,Equal16,N/A,N/A,N/A,1763721047879974.866	,2.292,70.354,0,0,N/A,N/A,N/A,N/A,N/A,N/A,N/A,N/A
0,4294967295,3799,1,ReduceAny17,N/A,N/A,N/A,1763721047880033.116	,1.938,55.958,0,0,N/A,N/A,N/A,N/A,N/A,N/A,N/A,N/A
0,4294967295,3800,1,Mul442,N/A,N/A,N/A,1763721048373524.428	,4.167,493489.375,0,0,N/A,N/A,N/A,N/A,N/A,N/A,N/A,N/A
0,4294967295,3801,1,Add443,N/A,N/A,N/A,1763721048853515.407	,4.229,479986.812,0,0,N/A,N/A,N/A,N/A,N/A,N/A,N/A,N/A
