Device_id,kernel_name,kernel_type,stream_id,task_id,task_time(us),task_start(us),task_stop(us)
0,Abs15,KERNEL_AIVEC,1,44,3.791,1763720841332106.657	,1763720841332110.448	
0,Equal16,KERNEL_AIVEC,1,45,4.541,1763720841808340.511	,1763720841808345.052	
0,ReduceAny17,KERNEL_AIVEC,1,46,3.958,1763720842254081.469	,1763720842254085.427	
0,Abs15,KERNEL_AIVEC,1,47,2.833,1763720842255077.053	,1763720842255079.886	
0,Equal16,KERNEL_AIVEC,1,48,2.645,1763720842255170.365	,1763720842255173.010	
0,ReduceAny17,KERNEL_AIVEC,1,49,1.937,1763720842255252.199	,1763720842255254.136	
0,Cast18,KERNEL_AIVEC,1,50,3.937,1763720842738818.886	,1763720842738822.823	
0,Sub19,KERNEL_AIVEC,1,51,3.666,1763720843215657.699	,1763720843215661.365	
0,Add20,KERNEL_AIVEC,1,52,4.104,1763720843692847.969	,1763720843692852.073	
0,Cast18,KERNEL_AIVEC,1,53,2.166,1763720843693023.094	,1763720843693025.260	
0,RealDiv21,KERNEL_AIVEC,1,54,4.02,1763720844174972.969	,1763720844174976.989	
0,Abs22,KERNEL_AIVEC,1,55,3.875,1763720844620840.740	,1763720844620844.615	
0,Equal23,KERNEL_AIVEC,1,56,4.395,1763720845085567.803	,1763720845085572.198	
0,ReduceAny24,KERNEL_AIVEC,1,57,4.02,1763720845535907.240	,1763720845535911.260	
0,Abs22,KERNEL_AIVEC,1,58,2.229,1763720845536492.136	,1763720845536494.365	
0,Equal23,KERNEL_AIVEC,1,59,2.854,1763720845536618.428	,1763720845536621.282	
0,ReduceAny24,KERNEL_AIVEC,1,60,2.104,1763720845536891.449	,1763720845536893.553	
0,Cast25,KERNEL_AIVEC,1,61,3.77,1763720846008020.219	,1763720846008023.989	
0,Sub26,KERNEL_AIVEC,1,62,472.937,1763720846476714.074	,1763720846477187.011	
0,Add27,KERNEL_AIVEC,1,63,3.625,1763720846957330.449	,1763720846957334.074	
0,Cast25,KERNEL_AIVEC,1,64,2.208,1763720846957487.615	,1763720846957489.823	
0,RealDiv28,KERNEL_AIVEC,1,65,420.604,1763720847415083.115	,1763720847415503.719	
0,Abs22,KERNEL_AIVEC,1,66,2.479,1763720847415503.803	,1763720847415506.282	
0,Equal23,KERNEL_AIVEC,1,67,2.937,1763720847415506.344	,1763720847415509.281	
0,ReduceAny24,KERNEL_AIVEC,1,68,2.27,1763720847415525.824	,1763720847415528.094	
0,Abs22,KERNEL_AIVEC,1,69,2.02,1763720847416248.094	,1763720847416250.114	
0,Equal23,KERNEL_AIVEC,1,70,2.25,1763720847416314.740	,1763720847416316.990	
0,ReduceAny24,KERNEL_AIVEC,1,71,2.0,1763720847416369.844	,1763720847416371.844	
0,Cast25,KERNEL_AIVEC,1,72,2.229,1763720847416669.990	,1763720847416672.219	
0,Sub26,KERNEL_AIVEC,1,73,447.541,1763720847416737.469	,1763720847417185.010	
0,Add27,KERNEL_AIVEC,1,74,2.437,1763720847417185.074	,1763720847417187.511	
0,Cast25,KERNEL_AIVEC,1,75,2.02,1763720847417187.574	,1763720847417189.594	
0,RealDiv28,KERNEL_AIVEC,1,76,426.5,1763720847417189.678	,1763720847417616.178	
0,trans_Cast_12,KERNEL_AIVEC,1,77,7.833,1763720848196207.636	,1763720848196215.469	
0,trans_Cast_13,KERNEL_AIVEC,1,78,2.583,1763720848196258.594	,1763720848196261.177	
0,MatMul29,KERNEL_AICORE,1,79,9.208,1763720848196295.303	,1763720848196304.511	
0,trans_Cast_14,KERNEL_AIVEC,1,80,2.395,1763720848196320.136	,1763720848196322.531	
0,trans_Cast_15,KERNEL_AIVEC,1,81,5.083,1763720848760423.303	,1763720848760428.386	
0,trans_Cast_16,KERNEL_AIVEC,1,82,2.645,1763720848760490.053	,1763720848760492.698	
0,MatMul30,KERNEL_AICORE,1,83,10.708,1763720848760524.407	,1763720848760535.115	
0,trans_Cast_17,KERNEL_AIVEC,1,84,2.479,1763720848760555.532	,1763720848760558.011	
0,Cast31,KERNEL_AIVEC,1,85,381.229,1763720849252168.990	,1763720849252550.219	
0,trans_TransData_18,KERNEL_AIVEC,1,86,598.645,1763720849782056.074	,1763720849782654.719	
0,Conv2D32,KERNEL_AICORE,1,87,3678.104,1763720849782654.782	,1763720849786332.886	
0,Add33,KERNEL_AIVEC,1,88,3.687,1763720850282203.157	,1763720850282206.844	
0,Rsqrt34,KERNEL_AIVEC,1,89,3.812,1763720850754919.907	,1763720850754923.719	
0,Mul35,KERNEL_AIVEC,1,90,4.229,1763720851215392.594	,1763720851215396.823	
0,Mul35,KERNEL_AIVEC,1,91,2.0,1763720851215533.553	,1763720851215535.553	
0,Sub36,KERNEL_AIVEC,1,92,3.812,1763720851687094.532	,1763720851687098.344	
0,trans_TransData_19,KERNEL_AIVEC,1,93,3.812,1763720852201206.261	,1763720852201210.073	
0,Mul37,KERNEL_AIVEC,1,94,1043.27,1763720852201296.324	,1763720852202339.594	
0,trans_TransData_20,KERNEL_AIVEC,1,95,3.729,1763720852712173.615	,1763720852712177.344	
0,Add38,KERNEL_AIVEC,1,96,1106.416,1763720852712270.678	,1763720852713377.094	
0,Relu39,KERNEL_AIVEC,1,97,1160.625,1763720853160750.782	,1763720853161911.407	
0,MaxPoolWithArgmaxV140,KERNEL_AIVEC,1,98,2575.916,1763720853615204.969	,1763720853617780.885	
0,Conv2D41,KERNEL_AICORE,1,99,559.125,1763720854103385.907	,1763720854103945.032	
0,Add33,KERNEL_AIVEC,1,100,2.916,1763720854103945.094	,1763720854103948.010	
0,Rsqrt34,KERNEL_AIVEC,1,101,2.354,1763720854103948.074	,1763720854103950.428	
0,Mul35,KERNEL_AIVEC,1,102,2.666,1763720854103950.490	,1763720854103953.156	
0,Mul35,KERNEL_AIVEC,1,103,2.083,1763720854103953.240	,1763720854103955.323	
0,Sub36,KERNEL_AIVEC,1,104,2.395,1763720854103955.407	,1763720854103957.802	
0,trans_TransData_21,KERNEL_AIVEC,1,105,4.02,1763720854604063.803	,1763720854604067.823	
0,Mul42,KERNEL_AIVEC,1,106,189.666,1763720854604117.386	,1763720854604307.052	
0,trans_TransData_22,KERNEL_AIVEC,1,107,4.0,1763720855100853.990	,1763720855100857.990	
0,Add43,KERNEL_AIVEC,1,108,133.312,1763720855100906.324	,1763720855101039.636	
0,Relu44,KERNEL_AIVEC,1,109,130.104,1763720855576818.261	,1763720855576948.365	
0,Conv2D41,KERNEL_AICORE,1,110,407.02,1763720855577023.803	,1763720855577430.823	
0,Add33,KERNEL_AIVEC,1,111,2.604,1763720855577430.886	,1763720855577433.490	
0,Rsqrt34,KERNEL_AIVEC,1,112,2.437,1763720855577433.574	,1763720855577436.011	
0,Mul35,KERNEL_AIVEC,1,113,2.52,1763720855577436.094	,1763720855577438.614	
0,Mul35,KERNEL_AIVEC,1,114,2.083,1763720855577438.699	,1763720855577440.782	
0,Sub36,KERNEL_AIVEC,1,115,2.375,1763720855577440.865	,1763720855577443.240	
0,trans_TransData_21,KERNEL_AIVEC,1,116,2.291,1763720855577443.303	,1763720855577445.594	
0,Mul42,KERNEL_AIVEC,1,117,135.208,1763720855577453.719	,1763720855577588.927	
0,trans_TransData_22,KERNEL_AIVEC,1,118,2.187,1763720855577588.990	,1763720855577591.177	
0,Add43,KERNEL_AIVEC,1,119,133.479,1763720855577591.261	,1763720855577724.740	
0,Add45,KERNEL_AIVEC,1,120,377.02,1763720856036188.990	,1763720856036566.010	
0,Relu44,KERNEL_AIVEC,1,121,144.937,1763720856037285.324	,1763720856037430.261	
0,Conv2D41,KERNEL_AICORE,1,122,398.958,1763720856037430.344	,1763720856037829.302	
0,Add33,KERNEL_AIVEC,1,123,2.395,1763720856037829.386	,1763720856037831.781	
0,Rsqrt34,KERNEL_AIVEC,1,124,2.333,1763720856037831.865	,1763720856037834.198	
0,Mul35,KERNEL_AIVEC,1,125,2.541,1763720856037834.261	,1763720856037836.802	
0,Mul35,KERNEL_AIVEC,1,126,2.125,1763720856037836.886	,1763720856037839.011	
0,Sub36,KERNEL_AIVEC,1,127,2.937,1763720856037959.240	,1763720856037962.177	
0,trans_TransData_21,KERNEL_AIVEC,1,128,2.416,1763720856038056.949	,1763720856038059.365	
0,Mul42,KERNEL_AIVEC,1,129,135.25,1763720856038086.532	,1763720856038221.782	
0,trans_TransData_22,KERNEL_AIVEC,1,130,2.354,1763720856038221.844	,1763720856038224.198	
0,Add43,KERNEL_AIVEC,1,131,133.437,1763720856038224.261	,1763720856038357.698	
0,Relu44,KERNEL_AIVEC,1,132,127.791,1763720856038357.782	,1763720856038485.573	
0,Conv2D41,KERNEL_AICORE,1,133,404.437,1763720856038485.657	,1763720856038890.094	
0,Add33,KERNEL_AIVEC,1,134,2.187,1763720856038890.157	,1763720856038892.344	
0,Rsqrt34,KERNEL_AIVEC,1,135,2.145,1763720856038892.428	,1763720856038894.573	
0,Mul35,KERNEL_AIVEC,1,136,2.125,1763720856038894.657	,1763720856038896.782	
0,Mul35,KERNEL_AIVEC,1,137,2.083,1763720856038896.865	,1763720856038898.948	
0,Sub36,KERNEL_AIVEC,1,138,2.291,1763720856038899.032	,1763720856038901.323	
0,trans_TransData_21,KERNEL_AIVEC,1,139,1.916,1763720856038901.386	,1763720856038903.302	
0,Mul42,KERNEL_AIVEC,1,140,138.979,1763720856038903.365	,1763720856039042.344	
0,trans_TransData_22,KERNEL_AIVEC,1,141,3.0,1763720856039042.407	,1763720856039045.407	
0,Add43,KERNEL_AIVEC,1,142,133.0,1763720856039045.490	,1763720856039178.490	
0,Add45,KERNEL_AIVEC,1,143,375.02,1763720856039178.553	,1763720856039553.573	
0,Relu44,KERNEL_AIVEC,1,144,139.062,1763720856039553.636	,1763720856039692.698	
0,Conv2D46,KERNEL_AICORE,1,145,213.208,1763720856527060.407	,1763720856527273.615	
0,Add47,KERNEL_AIVEC,1,146,4.187,1763720857013893.199	,1763720857013897.386	
0,Rsqrt48,KERNEL_AIVEC,1,147,3.604,1763720857460367.782	,1763720857460371.386	
0,Mul49,KERNEL_AIVEC,1,148,3.895,1763720857933631.907	,1763720857933635.802	
0,Mul49,KERNEL_AIVEC,1,149,2.0,1763720857933753.178	,1763720857933755.178	
0,Sub50,KERNEL_AIVEC,1,150,4.062,1763720858442250.928	,1763720858442254.990	
0,trans_TransData_23,KERNEL_AIVEC,1,151,3.666,1763720858948152.553	,1763720858948156.219	
0,Mul51,KERNEL_AIVEC,1,152,68.041,1763720858948221.053	,1763720858948289.094	
0,trans_TransData_24,KERNEL_AIVEC,1,153,4.02,1763720859451197.678	,1763720859451201.698	
0,Add52,KERNEL_AIVEC,1,154,68.354,1763720859451252.886	,1763720859451321.240	
0,Relu53,KERNEL_AIVEC,1,155,67.77,1763720859894950.761	,1763720859895018.531	
0,Conv2D54,KERNEL_AICORE,1,156,405.666,1763720860379567.324	,1763720860379972.990	
0,Add47,KERNEL_AIVEC,1,157,2.52,1763720860379973.053	,1763720860379975.573	
0,Rsqrt48,KERNEL_AIVEC,1,158,2.541,1763720860379975.636	,1763720860379978.177	
0,Mul49,KERNEL_AIVEC,1,159,2.229,1763720860379978.240	,1763720860379980.469	
0,Mul49,KERNEL_AIVEC,1,160,2.041,1763720860379980.532	,1763720860379982.573	
0,Sub50,KERNEL_AIVEC,1,161,2.437,1763720860380016.178	,1763720860380018.615	
0,trans_TransData_23,KERNEL_AIVEC,1,162,2.25,1763720860380087.553	,1763720860380089.803	
0,Mul51,KERNEL_AIVEC,1,163,65.479,1763720860380114.219	,1763720860380179.698	
0,trans_TransData_24,KERNEL_AIVEC,1,164,2.291,1763720860380179.782	,1763720860380182.073	
0,Add52,KERNEL_AIVEC,1,165,65.5,1763720860380195.199	,1763720860380260.699	
0,Conv2D55,KERNEL_AICORE,1,166,164.187,1763720860858257.219	,1763720860858421.406	
0,Add47,KERNEL_AIVEC,1,167,2.75,1763720860858525.032	,1763720860858527.782	
0,Rsqrt48,KERNEL_AIVEC,1,168,3.312,1763720860858640.803	,1763720860858644.115	
0,Mul49,KERNEL_AIVEC,1,169,2.187,1763720860858700.344	,1763720860858702.531	
0,Mul49,KERNEL_AIVEC,1,170,2.0,1763720860858744.740	,1763720860858746.740	
0,Sub50,KERNEL_AIVEC,1,171,2.395,1763720860858793.907	,1763720860858796.302	
0,trans_TransData_23,KERNEL_AIVEC,1,172,2.208,1763720860858867.407	,1763720860858869.615	
0,Mul51,KERNEL_AIVEC,1,173,67.479,1763720860858909.303	,1763720860858976.782	
0,trans_TransData_24,KERNEL_AIVEC,1,174,2.458,1763720860859015.261	,1763720860859017.719	
0,Add52,KERNEL_AIVEC,1,175,67.02,1763720860859017.782	,1763720860859084.802	
0,Add56,KERNEL_AIVEC,1,176,144.0,1763720861320559.657	,1763720861320703.657	
0,Relu53,KERNEL_AIVEC,1,177,65.395,1763720861320769.240	,1763720861320834.635	
0,Conv2D54,KERNEL_AICORE,1,178,404.354,1763720861320845.678	,1763720861321250.032	
0,Add47,KERNEL_AIVEC,1,179,2.5,1763720861321250.094	,1763720861321252.594	
0,Rsqrt48,KERNEL_AIVEC,1,180,2.375,1763720861321397.365	,1763720861321399.740	
0,Mul49,KERNEL_AIVEC,1,181,2.208,1763720861321466.240	,1763720861321468.448	
0,Mul49,KERNEL_AIVEC,1,182,2.041,1763720861321506.240	,1763720861321508.281	
0,Sub50,KERNEL_AIVEC,1,183,2.437,1763720861321553.074	,1763720861321555.511	
0,trans_TransData_23,KERNEL_AIVEC,1,184,2.208,1763720861321629.219	,1763720861321631.427	
0,Mul51,KERNEL_AIVEC,1,185,68.291,1763720861321651.094	,1763720861321719.385	
0,trans_TransData_24,KERNEL_AIVEC,1,186,2.395,1763720861321719.449	,1763720861321721.844	
0,Add52,KERNEL_AIVEC,1,187,67.729,1763720861321740.386	,1763720861321808.115	
0,Relu53,KERNEL_AIVEC,1,188,65.0,1763720861321808.178	,1763720861321873.178	
0,Conv2D54,KERNEL_AICORE,1,189,408.833,1763720861321873.261	,1763720861322282.094	
0,Add47,KERNEL_AIVEC,1,190,2.104,1763720861322282.157	,1763720861322284.261	
0,Rsqrt48,KERNEL_AIVEC,1,191,2.062,1763720861322284.344	,1763720861322286.406	
0,Mul49,KERNEL_AIVEC,1,192,2.125,1763720861322286.490	,1763720861322288.615	
0,Mul49,KERNEL_AIVEC,1,193,2.083,1763720861322288.699	,1763720861322290.782	
0,Sub50,KERNEL_AIVEC,1,194,2.145,1763720861322290.844	,1763720861322292.989	
0,trans_TransData_23,KERNEL_AIVEC,1,195,2.041,1763720861322293.074	,1763720861322295.115	
0,Mul51,KERNEL_AIVEC,1,196,66.062,1763720861322295.199	,1763720861322361.261	
0,trans_TransData_24,KERNEL_AIVEC,1,197,1.979,1763720861322361.344	,1763720861322363.323	
0,Add52,KERNEL_AIVEC,1,198,65.979,1763720861322363.407	,1763720861322429.386	
0,Add56,KERNEL_AIVEC,1,199,150.687,1763720861322429.469	,1763720861322580.156	
0,Relu53,KERNEL_AIVEC,1,200,65.041,1763720861322580.219	,1763720861322645.260	
0,Conv2D57,KERNEL_AICORE,1,201,285.354,1763720861781118.678	,1763720861781404.032	
0,Add58,KERNEL_AIVEC,1,202,4.041,1763720862234833.699	,1763720862234837.740	
0,Rsqrt59,KERNEL_AIVEC,1,203,4.062,1763720862696207.407	,1763720862696211.469	
0,Mul60,KERNEL_AIVEC,1,204,4.062,1763720863163182.386	,1763720863163186.448	
0,Mul60,KERNEL_AIVEC,1,205,2.104,1763720863163332.532	,1763720863163334.636	
0,Sub61,KERNEL_AIVEC,1,206,4.27,1763720863648166.678	,1763720863648170.948	
0,trans_TransData_25,KERNEL_AIVEC,1,207,3.958,1763720864159169.865	,1763720864159173.823	
0,Mul62,KERNEL_AIVEC,1,208,35.104,1763720864159228.240	,1763720864159263.344	
0,trans_TransData_26,KERNEL_AIVEC,1,209,4.25,1763720864673024.553	,1763720864673028.803	
0,Add63,KERNEL_AIVEC,1,210,35.083,1763720864673225.282	,1763720864673260.365	
0,Relu64,KERNEL_AIVEC,1,211,34.937,1763720865124212.803	,1763720865124247.740	
0,Conv2D65,KERNEL_AICORE,1,212,466.583,1763720865611171.074	,1763720865611637.657	
0,Add58,KERNEL_AIVEC,1,213,2.979,1763720865611637.740	,1763720865611640.719	
0,Rsqrt59,KERNEL_AIVEC,1,214,2.5,1763720865611640.782	,1763720865611643.282	
0,Mul60,KERNEL_AIVEC,1,215,2.291,1763720865611643.344	,1763720865611645.635	
0,Mul60,KERNEL_AIVEC,1,216,2.083,1763720865611645.719	,1763720865611647.802	
0,Sub61,KERNEL_AIVEC,1,217,2.375,1763720865611647.886	,1763720865611650.261	
0,trans_TransData_25,KERNEL_AIVEC,1,218,2.333,1763720865611671.969	,1763720865611674.302	
0,Mul62,KERNEL_AIVEC,1,219,33.729,1763720865611692.928	,1763720865611726.657	
0,trans_TransData_26,KERNEL_AIVEC,1,220,1.854,1763720865611744.032	,1763720865611745.886	
0,Add63,KERNEL_AIVEC,1,221,34.145,1763720865611764.615	,1763720865611798.760	
0,Conv2D66,KERNEL_AICORE,1,222,130.52,1763720866061035.053	,1763720866061165.573	
0,Add58,KERNEL_AIVEC,1,223,2.77,1763720866061236.553	,1763720866061239.323	
0,Rsqrt59,KERNEL_AIVEC,1,224,2.645,1763720866061304.178	,1763720866061306.823	
0,Mul60,KERNEL_AIVEC,1,225,2.312,1763720866061353.532	,1763720866061355.844	
0,Mul60,KERNEL_AIVEC,1,226,2.125,1763720866061388.657	,1763720866061390.782	
0,Sub61,KERNEL_AIVEC,1,227,2.312,1763720866061431.324	,1763720866061433.636	
0,trans_TransData_25,KERNEL_AIVEC,1,228,2.479,1763720866061500.719	,1763720866061503.198	
0,Mul62,KERNEL_AIVEC,1,229,33.687,1763720866061522.699	,1763720866061556.386	
0,trans_TransData_26,KERNEL_AIVEC,1,230,2.062,1763720866061574.886	,1763720866061576.948	
0,Add63,KERNEL_AIVEC,1,231,34.312,1763720866061595.928	,1763720866061630.240	
0,Add67,KERNEL_AIVEC,1,232,47.27,1763720866533201.449	,1763720866533248.719	
0,Relu64,KERNEL_AIVEC,1,233,33.77,1763720866533339.886	,1763720866533373.656	
0,Conv2D65,KERNEL_AICORE,1,234,427.208,1763720866533415.574	,1763720866533842.782	
0,Add58,KERNEL_AIVEC,1,235,2.833,1763720866533842.844	,1763720866533845.677	
0,Rsqrt59,KERNEL_AIVEC,1,236,2.791,1763720866533845.761	,1763720866533848.552	
0,Mul60,KERNEL_AIVEC,1,237,3.312,1763720866533848.636	,1763720866533851.948	
0,Mul60,KERNEL_AIVEC,1,238,2.208,1763720866533852.011	,1763720866533854.219	
0,Sub61,KERNEL_AIVEC,1,239,2.291,1763720866533854.282	,1763720866533856.573	
0,trans_TransData_25,KERNEL_AIVEC,1,240,2.833,1763720866533856.657	,1763720866533859.490	
0,Mul62,KERNEL_AIVEC,1,241,33.937,1763720866533859.553	,1763720866533893.490	
0,trans_TransData_26,KERNEL_AIVEC,1,242,2.208,1763720866533893.553	,1763720866533895.761	
0,Add63,KERNEL_AIVEC,1,243,34.0,1763720866533895.824	,1763720866533929.824	
0,Relu64,KERNEL_AIVEC,1,244,33.25,1763720866533929.907	,1763720866533963.157	
0,Conv2D65,KERNEL_AICORE,1,245,447.52,1763720866533963.240	,1763720866534410.760	
0,Add58,KERNEL_AIVEC,1,246,2.208,1763720866534410.844	,1763720866534413.052	
0,Rsqrt59,KERNEL_AIVEC,1,247,2.083,1763720866534413.115	,1763720866534415.198	
0,Mul60,KERNEL_AIVEC,1,248,2.208,1763720866534415.261	,1763720866534417.469	
0,Mul60,KERNEL_AIVEC,1,249,2.062,1763720866534417.553	,1763720866534419.615	
0,Sub61,KERNEL_AIVEC,1,250,2.187,1763720866534419.699	,1763720866534421.886	
0,trans_TransData_25,KERNEL_AIVEC,1,251,1.854,1763720866534421.949	,1763720866534423.803	
0,Mul62,KERNEL_AIVEC,1,252,33.291,1763720866534423.886	,1763720866534457.177	
0,trans_TransData_26,KERNEL_AIVEC,1,253,1.75,1763720866534457.261	,1763720866534459.011	
0,Add63,KERNEL_AIVEC,1,254,33.416,1763720866534459.094	,1763720866534492.510	
0,Add67,KERNEL_AIVEC,1,255,68.229,1763720866534492.594	,1763720866534560.823	
0,Relu64,KERNEL_AIVEC,1,256,33.25,1763720866534560.886	,1763720866534594.136	
0,Conv2D68,KERNEL_AICORE,1,257,380.645,1763720867004674.553	,1763720867005055.198	
0,Add69,KERNEL_AIVEC,1,258,4.166,1763720867459912.740	,1763720867459916.906	
0,Rsqrt70,KERNEL_AIVEC,1,259,4.145,1763720867891403.553	,1763720867891407.698	
0,Mul71,KERNEL_AIVEC,1,260,3.645,1763720868350808.011	,1763720868350811.656	
0,Mul71,KERNEL_AIVEC,1,261,2.229,1763720868351002.824	,1763720868351005.053	
0,Sub72,KERNEL_AIVEC,1,262,4.083,1763720868810532.136	,1763720868810536.219	
0,trans_TransData_27,KERNEL_AIVEC,1,263,4.25,1763720869335430.678	,1763720869335434.928	
0,Mul73,KERNEL_AIVEC,1,264,19.75,1763720869335553.386	,1763720869335573.136	
0,trans_TransData_28,KERNEL_AIVEC,1,265,4.062,1763720869855675.011	,1763720869855679.073	
0,Add74,KERNEL_AIVEC,1,266,19.145,1763720869855725.324	,1763720869855744.469	
0,Relu75,KERNEL_AIVEC,1,267,19.02,1763720870351104.657	,1763720870351123.677	
0,Conv2D76,KERNEL_AICORE,1,268,846.0,1763720870830548.844	,1763720870831394.844	
0,Add69,KERNEL_AIVEC,1,269,3.854,1763720870831394.928	,1763720870831398.782	
0,Rsqrt70,KERNEL_AIVEC,1,270,2.875,1763720870831398.865	,1763720870831401.740	
0,Mul71,KERNEL_AIVEC,1,271,2.416,1763720870831401.824	,1763720870831404.240	
0,Mul71,KERNEL_AIVEC,1,272,2.208,1763720870831404.324	,1763720870831406.532	
0,Sub72,KERNEL_AIVEC,1,273,2.645,1763720870831406.615	,1763720870831409.260	
0,trans_TransData_27,KERNEL_AIVEC,1,274,2.77,1763720870831409.324	,1763720870831412.094	
0,Mul73,KERNEL_AIVEC,1,275,26.416,1763720870831419.719	,1763720870831446.135	
0,trans_TransData_28,KERNEL_AIVEC,1,276,2.208,1763720870831476.844	,1763720870831479.052	
0,Add74,KERNEL_AIVEC,1,277,18.291,1763720870831497.219	,1763720870831515.510	
0,Conv2D77,KERNEL_AICORE,1,278,84.791,1763720871298906.886	,1763720871298991.677	
0,Add69,KERNEL_AIVEC,1,279,2.937,1763720871299111.115	,1763720871299114.052	
0,Rsqrt70,KERNEL_AIVEC,1,280,2.437,1763720871299196.386	,1763720871299198.823	
0,Mul71,KERNEL_AIVEC,1,281,2.208,1763720871299253.011	,1763720871299255.219	
0,Mul71,KERNEL_AIVEC,1,282,2.27,1763720871299295.553	,1763720871299297.823	
0,Sub72,KERNEL_AIVEC,1,283,2.416,1763720871299346.199	,1763720871299348.615	
0,trans_TransData_27,KERNEL_AIVEC,1,284,2.354,1763720871299418.782	,1763720871299421.136	
0,Mul73,KERNEL_AIVEC,1,285,17.937,1763720871299445.053	,1763720871299462.990	
0,trans_TransData_28,KERNEL_AIVEC,1,286,2.687,1763720871299533.511	,1763720871299536.198	
0,Add74,KERNEL_AIVEC,1,287,18.145,1763720871299559.094	,1763720871299577.239	
0,Add78,KERNEL_AIVEC,1,288,26.208,1763720871790998.865	,1763720871791025.073	
0,Relu75,KERNEL_AIVEC,1,289,18.375,1763720871791173.657	,1763720871791192.032	
0,Conv2D76,KERNEL_AICORE,1,290,855.5,1763720871791261.615	,1763720871792117.115	
0,Add69,KERNEL_AIVEC,1,291,2.916,1763720871792117.199	,1763720871792120.115	
0,Rsqrt70,KERNEL_AIVEC,1,292,2.75,1763720871792169.074	,1763720871792171.824	
0,Mul71,KERNEL_AIVEC,1,293,2.458,1763720871792241.636	,1763720871792244.094	
0,Mul71,KERNEL_AIVEC,1,294,2.375,1763720871792284.053	,1763720871792286.428	
0,Sub72,KERNEL_AIVEC,1,295,3.187,1763720871792333.365	,1763720871792336.552	
0,trans_TransData_27,KERNEL_AIVEC,1,296,3.375,1763720871792446.865	,1763720871792450.240	
0,Mul73,KERNEL_AIVEC,1,297,27.916,1763720871792475.949	,1763720871792503.865	
0,trans_TransData_28,KERNEL_AIVEC,1,298,2.458,1763720871792661.178	,1763720871792663.636	
0,Add74,KERNEL_AIVEC,1,299,18.395,1763720871792690.719	,1763720871792709.114	
0,Relu75,KERNEL_AIVEC,1,300,17.583,1763720871792742.074	,1763720871792759.657	
0,Conv2D76,KERNEL_AICORE,1,301,737.187,1763720871792850.574	,1763720871793587.761	
0,Add69,KERNEL_AIVEC,1,302,2.291,1763720871793587.824	,1763720871793590.115	
0,Rsqrt70,KERNEL_AIVEC,1,303,2.562,1763720871793590.178	,1763720871793592.740	
0,Mul71,KERNEL_AIVEC,1,304,2.354,1763720871793592.824	,1763720871793595.178	
0,Mul71,KERNEL_AIVEC,1,305,2.25,1763720871793595.261	,1763720871793597.511	
0,Sub72,KERNEL_AIVEC,1,306,2.437,1763720871793597.594	,1763720871793600.031	
0,trans_TransData_27,KERNEL_AIVEC,1,307,2.041,1763720871793600.094	,1763720871793602.135	
0,Mul73,KERNEL_AIVEC,1,308,25.708,1763720871793602.219	,1763720871793627.927	
0,trans_TransData_28,KERNEL_AIVEC,1,309,2.041,1763720871793628.011	,1763720871793630.052	
0,Add74,KERNEL_AIVEC,1,310,18.02,1763720871793630.115	,1763720871793648.135	
0,Add78,KERNEL_AIVEC,1,311,33.583,1763720871793648.219	,1763720871793681.802	
0,Relu75,KERNEL_AIVEC,1,312,17.625,1763720871793681.886	,1763720871793699.511	
0,N/A,MEMCPY_ASYNC,1,313,3.0,1763720872261460.053	,1763720872261463.053	
0,Fill79,KERNEL_AIVEC,1,314,3.895,1763720872261575.990	,1763720872261579.885	
0,trans_TransData_30,KERNEL_AIVEC,1,315,3.625,1763720872261636.032	,1763720872261639.657	
0,Cast80,KERNEL_AIVEC,1,316,4.833,1763720872731424.074	,1763720872731428.907	
0,atomic_memset-1_801,KERNEL_AIVEC,1,317,3.854,1763720873274467.803	,1763720873274471.657	
0,trans_TransData_31,KERNEL_AIVEC,1,318,3.791,1763720873274516.303	,1763720873274520.094	
0,Cumsum81,KERNEL_AIVEC,1,319,14.333,1763720873274600.449	,1763720873274614.782	
0,trans_TransData_34,KERNEL_AIVEC,1,320,4.27,1763720873274629.469	,1763720873274633.739	
0,Cast80,KERNEL_AIVEC,1,321,3.27,1763720873274783.344	,1763720873274786.614	
0,atomic_memset-1_812,KERNEL_AIVEC,1,322,3.958,1763720873832903.907	,1763720873832907.865	
0,trans_TransData_35,KERNEL_AIVEC,1,323,4.083,1763720873832959.094	,1763720873832963.177	
0,Cumsum82,KERNEL_AIVEC,1,324,57.583,1763720873832994.886	,1763720873833052.469	
0,trans_TransData_38,KERNEL_AIVEC,1,325,4.145,1763720873833052.532	,1763720873833056.677	
0,trans_TransData_39,KERNEL_AIVEC,1,326,4.791,1763720874286469.324	,1763720874286474.115	
0,N/A,MEMCPY_ASYNC,1,327,34.687,1763720874293409.365	,1763720874293444.052	
0,Add84,KERNEL_AIVEC,1,328,3.958,1763720874768105.469	,1763720874768109.427	
0,trans_TransData_41,KERNEL_AIVEC,1,329,5.166,1763720875286224.824	,1763720875286229.990	
0,RealDiv85,KERNEL_AIVEC,1,330,3.604,1763720875286283.386	,1763720875286286.990	
0,trans_TransData_44,KERNEL_AIVEC,1,331,3.729,1763720875286316.678	,1763720875286320.407	
0,Mul86,KERNEL_AIVEC,1,332,5.312,1763720875768987.303	,1763720875768992.615	
0,trans_TransData_45,KERNEL_AIVEC,1,333,5.125,1763720876314087.928	,1763720876314093.053	
0,Slice87,KERNEL_AIVEC,1,334,3.77,1763720876314154.199	,1763720876314157.969	
0,trans_TransData_48,KERNEL_AIVEC,1,335,3.666,1763720876314189.594	,1763720876314193.260	
0,N/A,MEMCPY_ASYNC,1,336,2.104,1763720876832767.574	,1763720876832769.678	
0,Add88,KERNEL_AIVEC,1,337,4.541,1763720876832887.782	,1763720876832892.323	
0,trans_TransData_49,KERNEL_AIVEC,1,338,3.187,1763720876832948.303	,1763720876832951.490	
0,trans_TransData_51,KERNEL_AIVEC,1,339,5.125,1763720877341573.824	,1763720877341578.949	
0,RealDiv89,KERNEL_AIVEC,1,340,2.604,1763720877341648.428	,1763720877341651.032	
0,trans_TransData_54,KERNEL_AIVEC,1,341,3.937,1763720877341686.678	,1763720877341690.615	
0,Mul86,KERNEL_AIVEC,1,342,3.27,1763720877341823.136	,1763720877341826.406	
0,N/A,MEMCPY_ASYNC,1,343,2.395,1763720877759937.386	,1763720877759939.781	
0,FloorDiv91,KERNEL_AIVEC,1,344,4.479,1763720878194768.074	,1763720878194772.553	
0,Mul92,KERNEL_AIVEC,1,345,4.041,1763720878656231.699	,1763720878656235.740	
0,RealDiv93,KERNEL_AIVEC,1,346,3.958,1763720879129766.699	,1763720879129770.657	
0,Pow94,KERNEL_AIVEC,1,347,6.25,1763720879615747.678	,1763720879615753.928	
0,trans_TransData_39,KERNEL_AIVEC,1,348,3.458,1763720879615897.803	,1763720879615901.261	
0,RealDiv95,KERNEL_AIVEC,1,349,15.958,1763720880076520.053	,1763720880076536.011	
0,trans_TransData_39,KERNEL_AIVEC,1,350,4.5,1763720880076761.678	,1763720880076766.178	
0,RealDiv95,KERNEL_AIVEC,1,351,14.02,1763720880077196.803	,1763720880077210.823	
0,AsStrided96,KERNEL_AIVEC,1,352,650.0,1763720880536480.199	,1763720880537130.199	
0,Sin97,KERNEL_AIVEC,1,353,56.52,1763720880993604.990	,1763720880993661.510	
0,AsStrided98,KERNEL_AIVEC,1,354,650.25,1763720881456694.782	,1763720881457345.032	
0,Cos99,KERNEL_AIVEC,1,355,57.291,1763720881908472.719	,1763720881908530.010	
0,Pack100,KERNEL_AIVEC,1,356,33.604,1763720882354177.782	,1763720882354211.386	
0,AsStrided96,KERNEL_AIVEC,1,357,665.708,1763720882354361.969	,1763720882355027.677	
0,Sin97,KERNEL_AIVEC,1,358,55.187,1763720882355027.761	,1763720882355082.948	
0,AsStrided98,KERNEL_AIVEC,1,359,646.27,1763720882355083.032	,1763720882355729.302	
0,Cos99,KERNEL_AIVEC,1,360,55.604,1763720882355729.365	,1763720882355784.969	
0,Pack100,KERNEL_AIVEC,1,361,30.958,1763720882355785.053	,1763720882355816.011	
0,ConcatD101,KERNEL_AIVEC,1,362,45.541,1763720882815904.199	,1763720882815949.740	
0,Transpose102,KERNEL_AIVEC,1,363,160.937,1763720883299307.428	,1763720883299468.365	
0,Cast103,KERNEL_AIVEC,1,364,25.083,1763720883778625.886	,1763720883778650.969	
0,Conv2D104,KERNEL_AICORE,1,365,108.791,1763720884261270.157	,1763720884261378.948	
0,Cast31,KERNEL_AIVEC,1,366,462.02,1763720884261425.469	,1763720884261887.489	
0,trans_TransData_18,KERNEL_AIVEC,1,367,596.666,1763720884261887.574	,1763720884262484.240	
0,Conv2D32,KERNEL_AICORE,1,368,3655.833,1763720884262484.303	,1763720884266140.136	
0,Add33,KERNEL_AIVEC,1,369,2.854,1763720884266140.219	,1763720884266143.073	
0,Rsqrt34,KERNEL_AIVEC,1,370,2.583,1763720884266143.157	,1763720884266145.740	
0,Mul35,KERNEL_AIVEC,1,371,2.625,1763720884266145.824	,1763720884266148.449	
0,Mul35,KERNEL_AIVEC,1,372,2.062,1763720884266148.532	,1763720884266150.594	
0,Sub36,KERNEL_AIVEC,1,373,2.729,1763720884266150.678	,1763720884266153.407	
0,trans_TransData_19,KERNEL_AIVEC,1,374,2.541,1763720884266153.490	,1763720884266156.031	
0,Mul37,KERNEL_AIVEC,1,375,1116.041,1763720884266156.115	,1763720884267272.156	
0,trans_TransData_20,KERNEL_AIVEC,1,376,2.583,1763720884267272.219	,1763720884267274.802	
0,Add38,KERNEL_AIVEC,1,377,1090.833,1763720884267274.886	,1763720884268365.719	
0,Relu39,KERNEL_AIVEC,1,378,1140.812,1763720884268365.803	,1763720884269506.615	
0,MaxPoolWithArgmaxV140,KERNEL_AIVEC,1,379,2573.041,1763720884269506.678	,1763720884272079.719	
0,Conv2D41,KERNEL_AICORE,1,380,549.791,1763720884272079.803	,1763720884272629.594	
0,Add33,KERNEL_AIVEC,1,381,2.916,1763720884272629.678	,1763720884272632.594	
0,Rsqrt34,KERNEL_AIVEC,1,382,2.75,1763720884272632.678	,1763720884272635.428	
0,Mul35,KERNEL_AIVEC,1,383,2.354,1763720884272635.511	,1763720884272637.865	
0,Mul35,KERNEL_AIVEC,1,384,2.104,1763720884272637.928	,1763720884272640.032	
0,Sub36,KERNEL_AIVEC,1,385,2.187,1763720884272640.115	,1763720884272642.302	
0,trans_TransData_21,KERNEL_AIVEC,1,386,2.0,1763720884272642.365	,1763720884272644.365	
0,Mul42,KERNEL_AIVEC,1,387,190.25,1763720884272644.449	,1763720884272834.699	
0,trans_TransData_22,KERNEL_AIVEC,1,388,2.291,1763720884272834.782	,1763720884272837.073	
0,Add43,KERNEL_AIVEC,1,389,131.875,1763720884272837.157	,1763720884272969.032	
0,Relu44,KERNEL_AIVEC,1,390,128.895,1763720884272969.115	,1763720884273098.010	
0,Conv2D41,KERNEL_AICORE,1,391,406.062,1763720884273098.094	,1763720884273504.156	
0,Add33,KERNEL_AIVEC,1,392,2.229,1763720884273504.240	,1763720884273506.469	
0,Rsqrt34,KERNEL_AIVEC,1,393,2.312,1763720884274919.782	,1763720884274922.094	
0,Mul35,KERNEL_AIVEC,1,394,2.104,1763720884275088.615	,1763720884275090.719	
0,Mul35,KERNEL_AIVEC,1,395,2.583,1763720884275139.553	,1763720884275142.136	
0,Sub36,KERNEL_AIVEC,1,396,2.208,1763720884275214.740	,1763720884275216.948	
0,trans_TransData_21,KERNEL_AIVEC,1,397,1.875,1763720884275298.615	,1763720884275300.490	
0,Mul42,KERNEL_AIVEC,1,398,136.145,1763720884275303.157	,1763720884275439.302	
0,trans_TransData_22,KERNEL_AIVEC,1,399,2.041,1763720884275439.365	,1763720884275441.406	
0,Add43,KERNEL_AIVEC,1,400,133.541,1763720884275459.761	,1763720884275593.302	
0,Add45,KERNEL_AIVEC,1,401,401.5,1763720884275593.386	,1763720884275994.886	
0,Relu44,KERNEL_AIVEC,1,402,150.02,1763720884275994.949	,1763720884276144.969	
0,Conv2D41,KERNEL_AICORE,1,403,399.583,1763720884276145.053	,1763720884276544.636	
0,Add33,KERNEL_AIVEC,1,404,2.52,1763720884278840.844	,1763720884278843.364	
0,Rsqrt34,KERNEL_AIVEC,1,405,2.27,1763720884279011.699	,1763720884279013.969	
0,Mul35,KERNEL_AIVEC,1,406,2.125,1763720884279014.053	,1763720884279016.178	
0,Mul35,KERNEL_AIVEC,1,407,2.0,1763720884279053.844	,1763720884279055.844	
0,Sub36,KERNEL_AIVEC,1,408,2.104,1763720884279093.803	,1763720884279095.907	
0,trans_TransData_21,KERNEL_AIVEC,1,409,1.854,1763720884279172.469	,1763720884279174.323	
0,Mul42,KERNEL_AIVEC,1,410,134.979,1763720884279198.699	,1763720884279333.678	
0,trans_TransData_22,KERNEL_AIVEC,1,411,2.062,1763720884279333.740	,1763720884279335.802	
0,Add43,KERNEL_AIVEC,1,412,133.354,1763720884279335.865	,1763720884279469.219	
0,Relu44,KERNEL_AIVEC,1,413,127.666,1763720884279469.282	,1763720884279596.948	
0,Conv2D41,KERNEL_AICORE,1,414,404.312,1763720884279597.032	,1763720884280001.344	
0,Add33,KERNEL_AIVEC,1,415,2.291,1763720884280001.428	,1763720884280003.719	
0,Rsqrt34,KERNEL_AIVEC,1,416,2.416,1763720884280003.782	,1763720884280006.198	
0,Mul35,KERNEL_AIVEC,1,417,2.25,1763720884280006.261	,1763720884280008.511	
0,Mul35,KERNEL_AIVEC,1,418,2.083,1763720884280008.574	,1763720884280010.657	
0,Sub36,KERNEL_AIVEC,1,419,2.208,1763720884280010.740	,1763720884280012.948	
0,trans_TransData_21,KERNEL_AIVEC,1,420,1.958,1763720884280013.011	,1763720884280014.969	
0,Mul42,KERNEL_AIVEC,1,421,137.354,1763720884280015.032	,1763720884280152.386	
0,trans_TransData_22,KERNEL_AIVEC,1,422,2.0,1763720884280152.469	,1763720884280154.469	
0,Add43,KERNEL_AIVEC,1,423,133.125,1763720884280154.532	,1763720884280287.657	
0,Add45,KERNEL_AIVEC,1,424,381.187,1763720884280287.740	,1763720884280668.927	
0,Relu44,KERNEL_AIVEC,1,425,139.083,1763720884280669.011	,1763720884280808.094	
0,Conv2D46,KERNEL_AICORE,1,426,211.916,1763720884280808.178	,1763720884281020.094	
0,Add47,KERNEL_AIVEC,1,427,2.562,1763720884281020.178	,1763720884281022.740	
0,Rsqrt48,KERNEL_AIVEC,1,428,2.604,1763720884281022.803	,1763720884281025.407	
0,Mul49,KERNEL_AIVEC,1,429,2.229,1763720884281025.490	,1763720884281027.719	
0,Mul49,KERNEL_AIVEC,1,430,2.312,1763720884281595.490	,1763720884281597.802	
0,Sub50,KERNEL_AIVEC,1,431,2.562,1763720884281663.511	,1763720884281666.073	
0,trans_TransData_23,KERNEL_AIVEC,1,432,3.166,1763720884283894.261	,1763720884283897.427	
0,Mul51,KERNEL_AIVEC,1,433,67.541,1763720884283951.803	,1763720884284019.344	
0,trans_TransData_24,KERNEL_AIVEC,1,434,2.541,1763720884284128.157	,1763720884284130.698	
0,Add52,KERNEL_AIVEC,1,435,69.062,1763720884284194.053	,1763720884284263.115	
0,Relu53,KERNEL_AIVEC,1,436,64.895,1763720884284283.719	,1763720884284348.614	
0,Conv2D54,KERNEL_AICORE,1,437,403.479,1763720884284348.699	,1763720884284752.178	
0,Add47,KERNEL_AIVEC,1,438,2.125,1763720884284752.240	,1763720884284754.365	
0,Rsqrt48,KERNEL_AIVEC,1,439,2.458,1763720884284754.449	,1763720884284756.907	
0,Mul49,KERNEL_AIVEC,1,440,2.479,1763720884284756.969	,1763720884284759.448	
0,Mul49,KERNEL_AIVEC,1,441,2.125,1763720884284759.511	,1763720884284761.636	
0,Sub50,KERNEL_AIVEC,1,442,2.312,1763720884284761.699	,1763720884284764.011	
0,trans_TransData_23,KERNEL_AIVEC,1,443,1.916,1763720884284764.094	,1763720884284766.010	
0,Mul51,KERNEL_AIVEC,1,444,65.333,1763720884284766.094	,1763720884284831.427	
0,trans_TransData_24,KERNEL_AIVEC,1,445,1.937,1763720884284831.490	,1763720884284833.427	
0,Add52,KERNEL_AIVEC,1,446,65.354,1763720884284833.511	,1763720884284898.865	
0,Conv2D55,KERNEL_AICORE,1,447,164.645,1763720884284898.949	,1763720884285063.594	
0,Add47,KERNEL_AIVEC,1,448,2.166,1763720884285063.678	,1763720884285065.844	
0,Rsqrt48,KERNEL_AIVEC,1,449,2.5,1763720884288821.594	,1763720884288824.094	
0,Mul49,KERNEL_AIVEC,1,450,2.187,1763720884288914.136	,1763720884288916.323	
0,Mul49,KERNEL_AIVEC,1,451,1.958,1763720884288985.157	,1763720884288987.115	
0,Sub50,KERNEL_AIVEC,1,452,2.104,1763720884289034.219	,1763720884289036.323	
0,trans_TransData_23,KERNEL_AIVEC,1,453,1.875,1763720884289099.636	,1763720884289101.511	
0,Mul51,KERNEL_AIVEC,1,454,66.854,1763720884289127.365	,1763720884289194.219	
0,trans_TransData_24,KERNEL_AIVEC,1,455,2.083,1763720884289194.282	,1763720884289196.365	
0,Add52,KERNEL_AIVEC,1,456,66.708,1763720884289229.990	,1763720884289296.698	
0,Add56,KERNEL_AIVEC,1,457,143.145,1763720884289317.782	,1763720884289460.927	
0,Relu53,KERNEL_AIVEC,1,458,64.812,1763720884289461.011	,1763720884289525.823	
0,Conv2D54,KERNEL_AICORE,1,459,402.979,1763720884289525.907	,1763720884289928.886	
0,Add47,KERNEL_AIVEC,1,460,2.145,1763720884289944.178	,1763720884289946.323	
0,Rsqrt48,KERNEL_AIVEC,1,461,2.416,1763720884290024.844	,1763720884290027.260	
0,Mul49,KERNEL_AIVEC,1,462,2.145,1763720884290074.928	,1763720884290077.073	
0,Mul49,KERNEL_AIVEC,1,463,2.0,1763720884290113.886	,1763720884290115.886	
0,Sub50,KERNEL_AIVEC,1,464,2.083,1763720884290155.719	,1763720884290157.802	
0,trans_TransData_23,KERNEL_AIVEC,1,465,1.916,1763720884290206.407	,1763720884290208.323	
0,Mul51,KERNEL_AIVEC,1,466,67.479,1763720884290230.032	,1763720884290297.511	
0,trans_TransData_24,KERNEL_AIVEC,1,467,2.041,1763720884290299.699	,1763720884290301.740	
0,Add52,KERNEL_AIVEC,1,468,67.416,1763720884290323.490	,1763720884290390.906	
0,Relu53,KERNEL_AIVEC,1,469,64.687,1763720884290393.324	,1763720884290458.011	
0,Conv2D54,KERNEL_AICORE,1,470,407.645,1763720884290458.157	,1763720884290865.802	
0,Add47,KERNEL_AIVEC,1,471,1.937,1763720884290865.886	,1763720884290867.823	
0,Rsqrt48,KERNEL_AIVEC,1,472,2.208,1763720884290867.886	,1763720884290870.094	
0,Mul49,KERNEL_AIVEC,1,473,2.125,1763720884290870.178	,1763720884290872.303	
0,Mul49,KERNEL_AIVEC,1,474,2.0,1763720884290911.615	,1763720884290913.615	
0,Sub50,KERNEL_AIVEC,1,475,2.25,1763720884290965.949	,1763720884290968.199	
0,trans_TransData_23,KERNEL_AIVEC,1,476,2.062,1763720884290968.261	,1763720884290970.323	
0,Mul51,KERNEL_AIVEC,1,477,65.645,1763720884290990.344	,1763720884291055.989	
0,trans_TransData_24,KERNEL_AIVEC,1,478,1.916,1763720884291056.053	,1763720884291057.969	
0,Add52,KERNEL_AIVEC,1,479,65.52,1763720884291078.386	,1763720884291143.906	
0,Add56,KERNEL_AIVEC,1,480,150.916,1763720884291143.969	,1763720884291294.885	
0,Relu53,KERNEL_AIVEC,1,481,64.791,1763720884291294.969	,1763720884291359.760	
0,Conv2D57,KERNEL_AICORE,1,482,284.041,1763720884291359.824	,1763720884291643.865	
0,Add58,KERNEL_AIVEC,1,483,3.125,1763720884291643.949	,1763720884291647.074	
0,Rsqrt59,KERNEL_AIVEC,1,484,2.833,1763720884291647.157	,1763720884291649.990	
0,Mul60,KERNEL_AIVEC,1,485,2.333,1763720884291650.074	,1763720884291652.407	
0,Mul60,KERNEL_AIVEC,1,486,2.104,1763720884291652.469	,1763720884291654.573	
0,Sub61,KERNEL_AIVEC,1,487,2.458,1763720884291654.657	,1763720884291657.115	
0,trans_TransData_25,KERNEL_AIVEC,1,488,2.916,1763720884291902.678	,1763720884291905.594	
0,Mul62,KERNEL_AIVEC,1,489,34.666,1763720884291936.928	,1763720884291971.594	
0,trans_TransData_26,KERNEL_AIVEC,1,490,2.437,1763720884292011.803	,1763720884292014.240	
0,Add63,KERNEL_AIVEC,1,491,34.375,1763720884292039.094	,1763720884292073.469	
0,Relu64,KERNEL_AIVEC,1,492,33.479,1763720884292093.740	,1763720884292127.219	
0,Conv2D65,KERNEL_AICORE,1,493,464.104,1763720884292154.782	,1763720884292618.886	
0,Add58,KERNEL_AIVEC,1,494,2.166,1763720884292618.969	,1763720884292621.135	
0,Rsqrt59,KERNEL_AIVEC,1,495,1.979,1763720884292621.199	,1763720884292623.178	
0,Mul60,KERNEL_AIVEC,1,496,2.125,1763720884292623.261	,1763720884292625.386	
0,Mul60,KERNEL_AIVEC,1,497,2.125,1763720884292625.469	,1763720884292627.594	
0,Sub61,KERNEL_AIVEC,1,498,2.166,1763720884292627.657	,1763720884292629.823	
0,trans_TransData_25,KERNEL_AIVEC,1,499,1.791,1763720884292629.907	,1763720884292631.698	
0,Mul62,KERNEL_AIVEC,1,500,33.458,1763720884292631.782	,1763720884292665.240	
0,trans_TransData_26,KERNEL_AIVEC,1,501,1.875,1763720884292665.324	,1763720884292667.199	
0,Add63,KERNEL_AIVEC,1,502,33.395,1763720884292667.261	,1763720884292700.656	
0,Conv2D66,KERNEL_AICORE,1,503,93.979,1763720884292727.136	,1763720884292821.115	
0,Add58,KERNEL_AIVEC,1,504,2.187,1763720884293060.199	,1763720884293062.386	
0,Rsqrt59,KERNEL_AIVEC,1,505,2.375,1763720884293123.449	,1763720884293125.824	
0,Mul60,KERNEL_AIVEC,1,506,2.229,1763720884293188.178	,1763720884293190.407	
0,Mul60,KERNEL_AIVEC,1,507,2.104,1763720884293229.240	,1763720884293231.344	
0,Sub61,KERNEL_AIVEC,1,508,2.104,1763720884293268.240	,1763720884293270.344	
0,trans_TransData_25,KERNEL_AIVEC,1,509,1.937,1763720884293314.990	,1763720884293316.927	
0,Mul62,KERNEL_AIVEC,1,510,33.687,1763720884293344.365	,1763720884293378.052	
0,trans_TransData_26,KERNEL_AIVEC,1,511,1.958,1763720884293391.344	,1763720884293393.302	
0,Add63,KERNEL_AIVEC,1,512,33.75,1763720884293414.407	,1763720884293448.157	
0,Add67,KERNEL_AIVEC,1,513,46.625,1763720884293489.365	,1763720884293535.990	
0,Relu64,KERNEL_AIVEC,1,514,33.208,1763720884293538.803	,1763720884293572.011	
0,Conv2D65,KERNEL_AICORE,1,515,427.229,1763720884293590.678	,1763720884294017.907	
0,Add58,KERNEL_AIVEC,1,516,2.25,1763720884294017.990	,1763720884294020.240	
0,Rsqrt59,KERNEL_AIVEC,1,517,2.416,1763720884294020.324	,1763720884294022.740	
0,Mul60,KERNEL_AIVEC,1,518,2.312,1763720884294022.803	,1763720884294025.115	
0,Mul60,KERNEL_AIVEC,1,519,2.083,1763720884294025.199	,1763720884294027.282	
0,Sub61,KERNEL_AIVEC,1,520,2.208,1763720884294030.615	,1763720884294032.823	
0,trans_TransData_25,KERNEL_AIVEC,1,521,1.937,1763720884294107.761	,1763720884294109.698	
0,Mul62,KERNEL_AIVEC,1,522,33.791,1763720884294135.011	,1763720884294168.802	
0,trans_TransData_26,KERNEL_AIVEC,1,523,1.937,1763720884294187.824	,1763720884294189.761	
0,Add63,KERNEL_AIVEC,1,524,33.895,1763720884294208.053	,1763720884294241.948	
0,Relu64,KERNEL_AIVEC,1,525,33.312,1763720884294268.949	,1763720884294302.261	
0,Conv2D65,KERNEL_AICORE,1,526,436.041,1763720884294318.657	,1763720884294754.698	
0,Add58,KERNEL_AIVEC,1,527,2.125,1763720884294754.761	,1763720884294756.886	
0,Rsqrt59,KERNEL_AIVEC,1,528,2.104,1763720884294756.949	,1763720884294759.053	
0,Mul60,KERNEL_AIVEC,1,529,2.104,1763720884294759.136	,1763720884294761.240	
0,Mul60,KERNEL_AIVEC,1,530,2.104,1763720884294761.303	,1763720884294763.407	
0,Sub61,KERNEL_AIVEC,1,531,2.104,1763720884294763.469	,1763720884294765.573	
0,trans_TransData_25,KERNEL_AIVEC,1,532,1.77,1763720884294765.636	,1763720884294767.406	
0,Mul62,KERNEL_AIVEC,1,533,33.229,1763720884294767.490	,1763720884294800.719	
0,trans_TransData_26,KERNEL_AIVEC,1,534,1.77,1763720884294800.803	,1763720884294802.573	
0,Add63,KERNEL_AIVEC,1,535,33.437,1763720884294802.657	,1763720884294836.094	
0,Add67,KERNEL_AIVEC,1,536,70.937,1763720884294836.157	,1763720884294907.094	
0,Relu64,KERNEL_AIVEC,1,537,33.333,1763720884294907.178	,1763720884294940.511	
0,Conv2D68,KERNEL_AICORE,1,538,367.5,1763720884294940.594	,1763720884295308.094	
0,Add69,KERNEL_AIVEC,1,539,2.333,1763720884295308.157	,1763720884295310.490	
0,Rsqrt70,KERNEL_AIVEC,1,540,2.854,1763720884295310.553	,1763720884295313.407	
0,Mul71,KERNEL_AIVEC,1,541,2.52,1763720884295314.490	,1763720884295317.010	
0,Mul71,KERNEL_AIVEC,1,542,2.125,1763720884295387.844	,1763720884295389.969	
0,Sub72,KERNEL_AIVEC,1,543,3.52,1763720884295440.282	,1763720884295443.802	
0,trans_TransData_27,KERNEL_AIVEC,1,544,2.229,1763720884295498.574	,1763720884295500.803	
0,Mul73,KERNEL_AIVEC,1,545,18.375,1763720884295525.303	,1763720884295543.678	
0,trans_TransData_28,KERNEL_AIVEC,1,546,2.229,1763720884295584.803	,1763720884295587.032	
0,Add74,KERNEL_AIVEC,1,547,18.52,1763720884295610.865	,1763720884295629.385	
0,Relu75,KERNEL_AIVEC,1,548,17.666,1763720884295662.532	,1763720884295680.198	
0,Conv2D76,KERNEL_AICORE,1,549,810.208,1763720884295721.303	,1763720884296531.511	
0,Add69,KERNEL_AIVEC,1,550,2.416,1763720884296531.594	,1763720884296534.010	
0,Rsqrt70,KERNEL_AIVEC,1,551,2.604,1763720884296534.094	,1763720884296536.698	
0,Mul71,KERNEL_AIVEC,1,552,2.416,1763720884296536.761	,1763720884296539.177	
0,Mul71,KERNEL_AIVEC,1,553,2.208,1763720884296539.240	,1763720884296541.448	
0,Sub72,KERNEL_AIVEC,1,554,2.354,1763720884296541.511	,1763720884296543.865	
0,trans_TransData_27,KERNEL_AIVEC,1,555,1.979,1763720884296543.949	,1763720884296545.928	
0,Mul73,KERNEL_AIVEC,1,556,25.937,1763720884296545.990	,1763720884296571.927	
0,trans_TransData_28,KERNEL_AIVEC,1,557,1.937,1763720884296571.990	,1763720884296573.927	
0,Add74,KERNEL_AIVEC,1,558,18.125,1763720884296574.011	,1763720884296592.136	
0,Conv2D77,KERNEL_AICORE,1,559,78.062,1763720884296592.199	,1763720884296670.261	
0,Add69,KERNEL_AIVEC,1,560,2.166,1763720884296670.344	,1763720884296672.510	
0,Rsqrt70,KERNEL_AIVEC,1,561,2.083,1763720884296672.574	,1763720884296674.657	
0,Mul71,KERNEL_AIVEC,1,562,2.145,1763720884296674.969	,1763720884296677.114	
0,Mul71,KERNEL_AIVEC,1,563,2.125,1763720884296722.511	,1763720884296724.636	
0,Sub72,KERNEL_AIVEC,1,564,2.104,1763720884296760.844	,1763720884296762.948	
0,trans_TransData_27,KERNEL_AIVEC,1,565,1.812,1763720884296804.324	,1763720884296806.136	
0,Mul73,KERNEL_AIVEC,1,566,17.666,1763720884296823.261	,1763720884296840.927	
0,trans_TransData_28,KERNEL_AIVEC,1,567,1.791,1763720884296866.636	,1763720884296868.427	
0,Add74,KERNEL_AIVEC,1,568,17.666,1763720884296885.428	,1763720884296903.094	
0,Add78,KERNEL_AIVEC,1,569,24.833,1763720884296935.261	,1763720884296960.094	
0,Relu75,KERNEL_AIVEC,1,570,17.541,1763720884296976.907	,1763720884296994.448	
0,Conv2D76,KERNEL_AICORE,1,571,788.812,1763720884297033.782	,1763720884297822.594	
0,Add69,KERNEL_AIVEC,1,572,2.354,1763720884297822.678	,1763720884297825.032	
0,Rsqrt70,KERNEL_AIVEC,1,573,2.541,1763720884297825.115	,1763720884297827.656	
0,Mul71,KERNEL_AIVEC,1,574,2.27,1763720884297827.740	,1763720884297830.010	
0,Mul71,KERNEL_AIVEC,1,575,2.125,1763720884297830.094	,1763720884297832.219	
0,Sub72,KERNEL_AIVEC,1,576,2.27,1763720884297832.282	,1763720884297834.552	
0,trans_TransData_27,KERNEL_AIVEC,1,577,1.916,1763720884297834.636	,1763720884297836.552	
0,Mul73,KERNEL_AIVEC,1,578,25.666,1763720884297836.636	,1763720884297862.302	
0,trans_TransData_28,KERNEL_AIVEC,1,579,1.937,1763720884297862.386	,1763720884297864.323	
0,Add74,KERNEL_AIVEC,1,580,18.041,1763720884297864.407	,1763720884297882.448	
0,Relu75,KERNEL_AIVEC,1,581,17.687,1763720884297882.511	,1763720884297900.198	
0,Conv2D76,KERNEL_AICORE,1,582,737.812,1763720884297900.282	,1763720884298638.094	
0,Add69,KERNEL_AIVEC,1,583,2.312,1763720884298638.157	,1763720884298640.469	
0,Rsqrt70,KERNEL_AIVEC,1,584,2.52,1763720884298640.553	,1763720884298643.073	
0,Mul71,KERNEL_AIVEC,1,585,2.416,1763720884298643.157	,1763720884298645.573	
0,Mul71,KERNEL_AIVEC,1,586,2.187,1763720884298645.657	,1763720884298647.844	
0,Sub72,KERNEL_AIVEC,1,587,2.375,1763720884298647.907	,1763720884298650.282	
0,trans_TransData_27,KERNEL_AIVEC,1,588,2.02,1763720884298650.365	,1763720884298652.385	
0,Mul73,KERNEL_AIVEC,1,589,25.645,1763720884298652.449	,1763720884298678.094	
0,trans_TransData_28,KERNEL_AIVEC,1,590,1.937,1763720884298678.157	,1763720884298680.094	
0,Add74,KERNEL_AIVEC,1,591,17.979,1763720884298680.178	,1763720884298698.157	
0,Add78,KERNEL_AIVEC,1,592,33.729,1763720884298698.219	,1763720884298731.948	
0,Relu75,KERNEL_AIVEC,1,593,17.687,1763720884298732.032	,1763720884298749.719	
0,N/A,MEMCPY_ASYNC,1,594,2.125,1763720884298749.782	,1763720884298751.907	
0,Fill79,KERNEL_AIVEC,1,595,3.437,1763720884298751.969	,1763720884298755.406	
0,trans_TransData_30,KERNEL_AIVEC,1,596,3.208,1763720884298755.490	,1763720884298758.698	
0,Cast80,KERNEL_AIVEC,1,597,3.333,1763720884298775.115	,1763720884298778.448	
0,atomic_memset-1_801,KERNEL_AIVEC,1,598,2.5,1763720884298831.240	,1763720884298833.740	
0,trans_TransData_31,KERNEL_AIVEC,1,599,3.395,1763720884298856.053	,1763720884298859.448	
0,Cumsum81,KERNEL_AIVEC,1,600,13.604,1763720884298880.761	,1763720884298894.365	
0,trans_TransData_34,KERNEL_AIVEC,1,601,3.708,1763720884298999.511	,1763720884299003.219	
0,Cast80,KERNEL_AIVEC,1,602,2.895,1763720884299003.303	,1763720884299006.198	
0,atomic_memset-1_812,KERNEL_AIVEC,1,603,2.75,1763720884299006.282	,1763720884299009.032	
0,trans_TransData_35,KERNEL_AIVEC,1,604,3.625,1763720884299038.719	,1763720884299042.344	
0,Cumsum82,KERNEL_AIVEC,1,605,56.895,1763720884299064.199	,1763720884299121.094	
0,trans_TransData_38,KERNEL_AIVEC,1,606,4.458,1763720884299121.157	,1763720884299125.615	
0,trans_TransData_39,KERNEL_AIVEC,1,607,3.562,1763720884299162.074	,1763720884299165.636	
0,N/A,MEMCPY_ASYNC,1,608,33.875,1763720884299194.303	,1763720884299228.178	
0,Add84,KERNEL_AIVEC,1,609,2.145,1763720884299243.032	,1763720884299245.177	
0,trans_TransData_41,KERNEL_AIVEC,1,610,3.479,1763720884299564.115	,1763720884299567.594	
0,RealDiv85,KERNEL_AIVEC,1,611,2.791,1763720884299599.490	,1763720884299602.281	
0,trans_TransData_44,KERNEL_AIVEC,1,612,3.75,1763720884299625.011	,1763720884299628.761	
0,Mul86,KERNEL_AIVEC,1,613,3.5,1763720884299690.657	,1763720884299694.157	
0,trans_TransData_45,KERNEL_AIVEC,1,614,3.729,1763720884299759.094	,1763720884299762.823	
0,Slice87,KERNEL_AIVEC,1,615,3.875,1763720884299787.844	,1763720884299791.719	
0,trans_TransData_48,KERNEL_AIVEC,1,616,4.062,1763720884299823.761	,1763720884299827.823	
0,N/A,MEMCPY_ASYNC,1,617,2.083,1763720884299885.261	,1763720884299887.344	
0,Add88,KERNEL_AIVEC,1,618,3.416,1763720884299911.844	,1763720884299915.260	
0,trans_TransData_49,KERNEL_AIVEC,1,619,2.895,1763720884299938.678	,1763720884299941.573	
0,trans_TransData_51,KERNEL_AIVEC,1,620,3.562,1763720884300001.136	,1763720884300004.698	
0,RealDiv89,KERNEL_AIVEC,1,621,2.666,1763720884300031.615	,1763720884300034.281	
0,trans_TransData_54,KERNEL_AIVEC,1,622,3.77,1763720884300056.803	,1763720884300060.573	
0,Mul86,KERNEL_AIVEC,1,623,3.0,1763720884300104.824	,1763720884300107.824	
0,N/A,MEMCPY_ASYNC,1,624,2.145,1763720884300162.032	,1763720884300164.177	
0,FloorDiv91,KERNEL_AIVEC,1,625,2.812,1763720884300224.824	,1763720884300227.636	
0,Mul92,KERNEL_AIVEC,1,626,2.208,1763720884300284.324	,1763720884300286.532	
0,RealDiv93,KERNEL_AIVEC,1,627,3.166,1763720884300552.011	,1763720884300555.177	
0,Pow94,KERNEL_AIVEC,1,628,4.895,1763720884300723.678	,1763720884300728.573	
0,trans_TransData_39,KERNEL_AIVEC,1,629,3.187,1763720884300816.740	,1763720884300819.927	
0,RealDiv95,KERNEL_AIVEC,1,630,13.937,1763720884300871.386	,1763720884300885.323	
0,trans_TransData_39,KERNEL_AIVEC,1,631,3.083,1763720884300910.657	,1763720884300913.740	
0,RealDiv95,KERNEL_AIVEC,1,632,13.395,1763720884300949.115	,1763720884300962.510	
0,AsStrided96,KERNEL_AIVEC,1,633,648.541,1763720884301003.469	,1763720884301652.010	
0,Sin97,KERNEL_AIVEC,1,634,55.416,1763720884301652.074	,1763720884301707.490	
0,AsStrided98,KERNEL_AIVEC,1,635,649.062,1763720884301707.574	,1763720884302356.636	
0,Cos99,KERNEL_AIVEC,1,636,56.979,1763720884302356.699	,1763720884302413.678	
0,Pack100,KERNEL_AIVEC,1,637,31.083,1763720884302413.761	,1763720884302444.844	
0,AsStrided96,KERNEL_AIVEC,1,638,645.104,1763720884302444.907	,1763720884303090.011	
0,Sin97,KERNEL_AIVEC,1,639,54.02,1763720884303090.074	,1763720884303144.094	
0,AsStrided98,KERNEL_AIVEC,1,640,645.791,1763720884303144.178	,1763720884303789.969	
0,Cos99,KERNEL_AIVEC,1,641,55.479,1763720884303790.053	,1763720884303845.532	
0,Pack100,KERNEL_AIVEC,1,642,30.645,1763720884303845.615	,1763720884303876.260	
0,ConcatD101,KERNEL_AIVEC,1,643,43.875,1763720884303876.344	,1763720884303920.219	
0,Transpose102,KERNEL_AIVEC,1,644,165.833,1763720884303920.303	,1763720884304086.136	
0,Cast103,KERNEL_AIVEC,1,645,24.0,1763720884304086.219	,1763720884304110.219	
0,Conv2D104,KERNEL_AICORE,1,646,105.937,1763720884304110.282	,1763720884304216.219	
0,trans_TransData_55,KERNEL_AIVEC,1,647,120.0,1763720884776758.761	,1763720884776878.761	
0,AsStrided106,KERNEL_AIVEC,1,648,16.0,1763720885240454.803	,1763720885240470.803	
0,N/A,MEMCPY_ASYNC,1,649,2.437,1763720885653823.490	,1763720885653825.927	
0,trans_TransData_55,KERNEL_AIVEC,1,650,105.833,1763720885654007.365	,1763720885654113.198	
0,AsStrided108,KERNEL_AIVEC,1,651,16.27,1763720886121150.469	,1763720886121166.739	
0,N/A,MEMCPY_ASYNC,1,652,2.02,1763720886121309.178	,1763720886121311.198	
0,trans_TransData_55,KERNEL_AIVEC,1,653,90.208,1763720886121386.886	,1763720886121477.094	
0,AsStrided109,KERNEL_AIVEC,1,654,16.479,1763720886572640.553	,1763720886572657.032	
0,N/A,MEMCPY_ASYNC,1,655,1.958,1763720886572817.865	,1763720886572819.823	
0,trans_TransData_55,KERNEL_AIVEC,1,656,81.187,1763720886572889.990	,1763720886572971.177	
0,AsStrided110,KERNEL_AIVEC,1,657,16.729,1763720887037798.678	,1763720887037815.407	
0,N/A,MEMCPY_ASYNC,1,658,2.062,1763720887037949.574	,1763720887037951.636	
0,trans_TransData_55,KERNEL_AIVEC,1,659,109.52,1763720887038045.657	,1763720887038155.177	
0,AsStrided111,KERNEL_AIVEC,1,660,16.458,1763720887499220.782	,1763720887499237.240	
0,N/A,MEMCPY_ASYNC,1,661,2.062,1763720887499390.199	,1763720887499392.261	
0,trans_TransData_55,KERNEL_AIVEC,1,662,105.666,1763720887499464.824	,1763720887499570.490	
0,AsStrided112,KERNEL_AIVEC,1,663,16.5,1763720887970359.303	,1763720887970375.803	
0,N/A,MEMCPY_ASYNC,1,664,2.104,1763720887970548.636	,1763720887970550.740	
0,trans_TransData_55,KERNEL_AIVEC,1,665,83.52,1763720887970619.969	,1763720887970703.489	
0,AsStrided113,KERNEL_AIVEC,1,666,16.229,1763720888433032.824	,1763720888433049.053	
0,N/A,MEMCPY_ASYNC,1,667,2.041,1763720888433217.449	,1763720888433219.490	
0,trans_TransData_55,KERNEL_AIVEC,1,668,80.437,1763720888433288.990	,1763720888433369.427	
0,AsStrided114,KERNEL_AIVEC,1,669,16.562,1763720888902380.324	,1763720888902396.886	
0,N/A,MEMCPY_ASYNC,1,670,2.02,1763720888902574.574	,1763720888902576.594	
0,trans_TransData_55,KERNEL_AIVEC,1,671,101.166,1763720888902650.469	,1763720888902751.635	
0,AsStrided115,KERNEL_AIVEC,1,672,16.083,1763720889366300.719	,1763720889366316.802	
0,N/A,MEMCPY_ASYNC,1,673,1.979,1763720889366486.574	,1763720889366488.553	
0,trans_TransData_55,KERNEL_AIVEC,1,674,93.791,1763720889366666.803	,1763720889366760.594	
0,AsStrided116,KERNEL_AIVEC,1,675,16.333,1763720889820641.824	,1763720889820658.157	
0,N/A,MEMCPY_ASYNC,1,676,1.979,1763720889820813.511	,1763720889820815.490	
0,trans_TransData_55,KERNEL_AIVEC,1,677,94.666,1763720889820888.532	,1763720889820983.198	
0,AsStrided117,KERNEL_AIVEC,1,678,16.229,1763720890320054.678	,1763720890320070.907	
0,N/A,MEMCPY_ASYNC,1,679,2.0,1763720890320228.344	,1763720890320230.344	
0,trans_TransData_55,KERNEL_AIVEC,1,680,81.625,1763720890320331.907	,1763720890320413.532	
0,AsStrided118,KERNEL_AIVEC,1,681,16.895,1763720890778925.532	,1763720890778942.427	
0,N/A,MEMCPY_ASYNC,1,682,1.979,1763720890779060.907	,1763720890779062.886	
0,trans_TransData_55,KERNEL_AIVEC,1,683,97.354,1763720890779130.594	,1763720890779227.948	
0,AsStrided119,KERNEL_AIVEC,1,684,16.375,1763720891239565.303	,1763720891239581.678	
0,N/A,MEMCPY_ASYNC,1,685,2.229,1763720891239724.136	,1763720891239726.365	
0,trans_TransData_55,KERNEL_AIVEC,1,686,128.187,1763720891239792.282	,1763720891239920.469	
0,AsStrided120,KERNEL_AIVEC,1,687,16.52,1763720891725577.844	,1763720891725594.364	
0,N/A,MEMCPY_ASYNC,1,688,2.041,1763720891725761.094	,1763720891725763.135	
0,trans_TransData_55,KERNEL_AIVEC,1,689,124.125,1763720891725870.490	,1763720891725994.615	
0,AsStrided121,KERNEL_AIVEC,1,690,16.312,1763720892197564.178	,1763720892197580.490	
0,N/A,MEMCPY_ASYNC,1,691,2.104,1763720892197767.949	,1763720892197770.053	
0,trans_TransData_55,KERNEL_AIVEC,1,692,106.416,1763720892197845.594	,1763720892197952.010	
0,AsStrided122,KERNEL_AIVEC,1,693,16.52,1763720892687276.219	,1763720892687292.739	
0,N/A,MEMCPY_ASYNC,1,694,2.062,1763720892687436.615	,1763720892687438.677	
0,trans_TransData_55,KERNEL_AIVEC,1,695,108.854,1763720892687501.719	,1763720892687610.573	
0,AsStrided123,KERNEL_AIVEC,1,696,16.562,1763720893161041.761	,1763720893161058.323	
0,N/A,MEMCPY_ASYNC,1,697,2.083,1763720893161277.032	,1763720893161279.115	
0,trans_TransData_55,KERNEL_AIVEC,1,698,111.5,1763720893161364.740	,1763720893161476.240	
0,AsStrided124,KERNEL_AIVEC,1,699,16.52,1763720893639197.407	,1763720893639213.927	
0,N/A,MEMCPY_ASYNC,1,700,2.104,1763720893639387.115	,1763720893639389.219	
0,trans_TransData_55,KERNEL_AIVEC,1,701,94.437,1763720893639465.782	,1763720893639560.219	
0,AsStrided125,KERNEL_AIVEC,1,702,16.354,1763720894111980.761	,1763720894111997.115	
0,N/A,MEMCPY_ASYNC,1,703,2.02,1763720894112180.011	,1763720894112182.031	
0,trans_TransData_55,KERNEL_AIVEC,1,704,93.708,1763720894112292.449	,1763720894112386.157	
0,AsStrided126,KERNEL_AIVEC,1,705,16.479,1763720894582219.657	,1763720894582236.136	
0,N/A,MEMCPY_ASYNC,1,706,2.062,1763720894582387.303	,1763720894582389.365	
0,trans_TransData_55,KERNEL_AIVEC,1,707,93.75,1763720894582454.407	,1763720894582548.157	
0,AsStrided127,KERNEL_AIVEC,1,708,16.541,1763720895051729.511	,1763720895051746.052	
0,N/A,MEMCPY_ASYNC,1,709,2.062,1763720895051905.303	,1763720895051907.365	
0,trans_TransData_55,KERNEL_AIVEC,1,710,95.854,1763720895051985.303	,1763720895052081.157	
0,AsStrided128,KERNEL_AIVEC,1,711,16.52,1763720895526649.511	,1763720895526666.031	
0,N/A,MEMCPY_ASYNC,1,712,2.041,1763720895526830.449	,1763720895526832.490	
0,trans_TransData_55,KERNEL_AIVEC,1,713,93.291,1763720895526914.803	,1763720895527008.094	
0,AsStrided129,KERNEL_AIVEC,1,714,16.291,1763720895991569.865	,1763720895991586.156	
0,N/A,MEMCPY_ASYNC,1,715,2.187,1763720895991742.657	,1763720895991744.844	
0,trans_TransData_55,KERNEL_AIVEC,1,716,113.583,1763720895991809.199	,1763720895991922.782	
0,AsStrided130,KERNEL_AIVEC,1,717,16.583,1763720896480295.365	,1763720896480311.948	
0,N/A,MEMCPY_ASYNC,1,718,2.083,1763720896480495.490	,1763720896480497.573	
0,trans_TransData_55,KERNEL_AIVEC,1,719,110.083,1763720896480573.678	,1763720896480683.761	
0,AsStrided131,KERNEL_AIVEC,1,720,16.729,1763720896934995.928	,1763720896935012.657	
0,N/A,MEMCPY_ASYNC,1,721,2.062,1763720896935170.344	,1763720896935172.406	
0,trans_TransData_55,KERNEL_AIVEC,1,722,90.541,1763720896935248.657	,1763720896935339.198	
0,AsStrided132,KERNEL_AIVEC,1,723,16.229,1763720897393651.636	,1763720897393667.865	
0,N/A,MEMCPY_ASYNC,1,724,2.125,1763720897393842.907	,1763720897393845.032	
0,trans_TransData_55,KERNEL_AIVEC,1,725,97.729,1763720897393924.678	,1763720897394022.407	
0,AsStrided133,KERNEL_AIVEC,1,726,16.25,1763720897896341.803	,1763720897896358.053	
0,N/A,MEMCPY_ASYNC,1,727,2.062,1763720897896600.178	,1763720897896602.240	
0,trans_TransData_55,KERNEL_AIVEC,1,728,125.583,1763720897896695.949	,1763720897896821.532	
0,AsStrided134,KERNEL_AIVEC,1,729,16.208,1763720898349205.199	,1763720898349221.407	
0,N/A,MEMCPY_ASYNC,1,730,2.125,1763720898349541.469	,1763720898349543.594	
0,trans_TransData_55,KERNEL_AIVEC,1,731,103.25,1763720898349647.365	,1763720898349750.615	
0,AsStrided135,KERNEL_AIVEC,1,732,16.416,1763720898822665.761	,1763720898822682.177	
0,N/A,MEMCPY_ASYNC,1,733,2.062,1763720898822820.865	,1763720898822822.927	
0,trans_TransData_55,KERNEL_AIVEC,1,734,100.083,1763720898822936.657	,1763720898823036.740	
0,AsStrided136,KERNEL_AIVEC,1,735,16.5,1763720899300489.865	,1763720899300506.365	
0,N/A,MEMCPY_ASYNC,1,736,2.02,1763720899300644.969	,1763720899300646.989	
0,trans_TransData_55,KERNEL_AIVEC,1,737,83.02,1763720899300713.428	,1763720899300796.448	
0,AsStrided137,KERNEL_AIVEC,1,738,16.395,1763720899759552.136	,1763720899759568.531	
0,N/A,MEMCPY_ASYNC,1,739,1.979,1763720899759730.865	,1763720899759732.844	
0,trans_TransData_55,KERNEL_AIVEC,1,740,113.916,1763720899759798.365	,1763720899759912.281	
0,AsStrided138,KERNEL_AIVEC,1,741,16.708,1763720900241212.969	,1763720900241229.677	
0,N/A,MEMCPY_ASYNC,1,742,2.104,1763720900241385.782	,1763720900241387.886	
0,trans_TransData_55,KERNEL_AIVEC,1,743,104.687,1763720900241460.490	,1763720900241565.177	
0,AsStrided139,KERNEL_AIVEC,1,744,16.416,1763720900727964.865	,1763720900727981.281	
0,N/A,MEMCPY_ASYNC,1,745,2.041,1763720900728124.094	,1763720900728126.135	
0,trans_TransData_55,KERNEL_AIVEC,1,746,109.104,1763720900728194.511	,1763720900728303.615	
0,AsStrided140,KERNEL_AIVEC,1,747,16.208,1763720901202720.282	,1763720901202736.490	
0,N/A,MEMCPY_ASYNC,1,748,2.145,1763720901202953.886	,1763720901202956.031	
0,trans_TransData_55,KERNEL_AIVEC,1,749,94.416,1763720901203049.428	,1763720901203143.844	
0,AsStrided141,KERNEL_AIVEC,1,750,16.77,1763720901678946.386	,1763720901678963.156	
0,N/A,MEMCPY_ASYNC,1,751,2.083,1763720901679119.782	,1763720901679121.865	
0,trans_TransData_55,KERNEL_AIVEC,1,752,91.708,1763720901679187.074	,1763720901679278.782	
0,AsStrided142,KERNEL_AIVEC,1,753,16.416,1763720902138271.490	,1763720902138287.906	
0,N/A,MEMCPY_ASYNC,1,754,2.062,1763720902138445.074	,1763720902138447.136	
0,trans_TransData_55,KERNEL_AIVEC,1,755,111.583,1763720902138549.282	,1763720902138660.865	
0,AsStrided143,KERNEL_AIVEC,1,756,16.458,1763720902613664.886	,1763720902613681.344	
0,N/A,MEMCPY_ASYNC,1,757,2.02,1763720902613819.219	,1763720902613821.239	
0,trans_TransData_55,KERNEL_AIVEC,1,758,97.0,1763720902613887.490	,1763720902613984.490	
0,AsStrided144,KERNEL_AIVEC,1,759,16.562,1763720903079336.594	,1763720903079353.156	
0,N/A,MEMCPY_ASYNC,1,760,2.0,1763720903079510.365	,1763720903079512.365	
0,trans_TransData_55,KERNEL_AIVEC,1,761,111.541,1763720903079581.511	,1763720903079693.052	
0,AsStrided145,KERNEL_AIVEC,1,762,16.5,1763720903538282.636	,1763720903538299.136	
0,N/A,MEMCPY_ASYNC,1,763,2.125,1763720903538447.344	,1763720903538449.469	
0,trans_TransData_55,KERNEL_AIVEC,1,764,111.77,1763720903538552.574	,1763720903538664.344	
0,AsStrided146,KERNEL_AIVEC,1,765,16.562,1763720903991524.761	,1763720903991541.323	
0,N/A,MEMCPY_ASYNC,1,766,2.083,1763720903991742.407	,1763720903991744.490	
0,trans_TransData_55,KERNEL_AIVEC,1,767,127.937,1763720903991821.886	,1763720903991949.823	
0,AsStrided147,KERNEL_AIVEC,1,768,16.145,1763720904456077.969	,1763720904456094.114	
0,N/A,MEMCPY_ASYNC,1,769,1.979,1763720904456239.928	,1763720904456241.907	
0,trans_TransData_55,KERNEL_AIVEC,1,770,111.791,1763720904456305.574	,1763720904456417.365	
0,AsStrided148,KERNEL_AIVEC,1,771,16.354,1763720904918202.303	,1763720904918218.657	
0,N/A,MEMCPY_ASYNC,1,772,2.166,1763720904918383.824	,1763720904918385.990	
0,trans_TransData_55,KERNEL_AIVEC,1,773,84.833,1763720904918461.011	,1763720904918545.844	
0,AsStrided149,KERNEL_AIVEC,1,774,16.437,1763720905388250.636	,1763720905388267.073	
0,N/A,MEMCPY_ASYNC,1,775,2.083,1763720905388466.219	,1763720905388468.302	
0,trans_TransData_55,KERNEL_AIVEC,1,776,112.458,1763720905388573.532	,1763720905388685.990	
0,AsStrided150,KERNEL_AIVEC,1,777,16.166,1763720905837955.011	,1763720905837971.177	
0,N/A,MEMCPY_ASYNC,1,778,2.02,1763720905839008.907	,1763720905839010.927	
0,trans_TransData_55,KERNEL_AIVEC,1,779,101.208,1763720905839168.949	,1763720905839270.157	
0,AsStrided151,KERNEL_AIVEC,1,780,16.437,1763720906282765.844	,1763720906282782.281	
0,N/A,MEMCPY_ASYNC,1,781,2.166,1763720906282987.657	,1763720906282989.823	
0,trans_TransData_55,KERNEL_AIVEC,1,782,101.541,1763720906283064.594	,1763720906283166.135	
0,AsStrided152,KERNEL_AIVEC,1,783,16.583,1763720906753468.636	,1763720906753485.219	
0,N/A,MEMCPY_ASYNC,1,784,2.187,1763720906754021.865	,1763720906754024.052	
0,trans_TransData_55,KERNEL_AIVEC,1,785,98.104,1763720906754122.324	,1763720906754220.428	
0,AsStrided153,KERNEL_AIVEC,1,786,16.791,1763720907217810.865	,1763720907217827.656	
0,N/A,MEMCPY_ASYNC,1,787,2.25,1763720907218035.094	,1763720907218037.344	
0,trans_TransData_55,KERNEL_AIVEC,1,788,95.562,1763720907218245.136	,1763720907218340.698	
0,AsStrided154,KERNEL_AIVEC,1,789,16.625,1763720907683953.407	,1763720907683970.032	
0,N/A,MEMCPY_ASYNC,1,790,2.208,1763720907684128.886	,1763720907684131.094	
0,trans_TransData_55,KERNEL_AIVEC,1,791,96.979,1763720907684211.074	,1763720907684308.053	
0,AsStrided155,KERNEL_AIVEC,1,792,16.645,1763720908139583.261	,1763720908139599.906	
0,N/A,MEMCPY_ASYNC,1,793,2.229,1763720908140613.011	,1763720908140615.240	
0,trans_TransData_55,KERNEL_AIVEC,1,794,96.145,1763720908142016.990	,1763720908142113.135	
0,AsStrided156,KERNEL_AIVEC,1,795,16.416,1763720908604288.949	,1763720908604305.365	
0,N/A,MEMCPY_ASYNC,1,796,2.166,1763720908605137.407	,1763720908605139.573	
0,trans_TransData_55,KERNEL_AIVEC,1,797,82.312,1763720908605303.615	,1763720908605385.927	
0,AsStrided157,KERNEL_AIVEC,1,798,16.208,1763720909058402.344	,1763720909058418.552	
0,N/A,MEMCPY_ASYNC,1,799,2.229,1763720909058572.740	,1763720909058574.969	
0,trans_TransData_55,KERNEL_AIVEC,1,800,94.062,1763720909058647.844	,1763720909058741.906	
0,AsStrided158,KERNEL_AIVEC,1,801,16.458,1763720909499882.094	,1763720909499898.552	
0,N/A,MEMCPY_ASYNC,1,802,2.229,1763720909500078.532	,1763720909500080.761	
0,trans_TransData_55,KERNEL_AIVEC,1,803,109.041,1763720909500162.990	,1763720909500272.031	
0,AsStrided159,KERNEL_AIVEC,1,804,16.52,1763720909949775.511	,1763720909949792.031	
0,N/A,MEMCPY_ASYNC,1,805,2.437,1763720909955938.615	,1763720909955941.052	
0,trans_TransData_55,KERNEL_AIVEC,1,806,129.416,1763720909956155.928	,1763720909956285.344	
0,AsStrided160,KERNEL_AIVEC,1,807,16.145,1763720910419182.615	,1763720910419198.760	
0,N/A,MEMCPY_ASYNC,1,808,2.187,1763720910419366.824	,1763720910419369.011	
0,trans_TransData_55,KERNEL_AIVEC,1,809,109.979,1763720910419508.969	,1763720910419618.948	
0,AsStrided161,KERNEL_AIVEC,1,810,16.5,1763720910925047.886	,1763720910925064.386	
0,N/A,MEMCPY_ASYNC,1,811,2.208,1763720910925218.344	,1763720910925220.552	
0,trans_TransData_55,KERNEL_AIVEC,1,812,95.854,1763720910925298.074	,1763720910925393.928	
0,AsStrided162,KERNEL_AIVEC,1,813,16.708,1763720911385504.449	,1763720911385521.157	
0,N/A,MEMCPY_ASYNC,1,814,2.312,1763720911385715.115	,1763720911385717.427	
0,trans_TransData_55,KERNEL_AIVEC,1,815,81.229,1763720911385798.303	,1763720911385879.532	
0,AsStrided163,KERNEL_AIVEC,1,816,16.833,1763720911863914.428	,1763720911863931.261	
0,N/A,MEMCPY_ASYNC,1,817,2.125,1763720911864115.011	,1763720911864117.136	
0,trans_TransData_55,KERNEL_AIVEC,1,818,104.166,1763720911864190.324	,1763720911864294.490	
0,AsStrided164,KERNEL_AIVEC,1,819,16.25,1763720912338288.740	,1763720912338304.990	
0,N/A,MEMCPY_ASYNC,1,820,2.187,1763720912338463.990	,1763720912338466.177	
0,trans_TransData_55,KERNEL_AIVEC,1,821,109.458,1763720912338533.282	,1763720912338642.740	
0,AsStrided165,KERNEL_AIVEC,1,822,16.791,1763720912844159.157	,1763720912844175.948	
0,N/A,MEMCPY_ASYNC,1,823,2.187,1763720912844381.136	,1763720912844383.323	
0,trans_TransData_55,KERNEL_AIVEC,1,824,126.27,1763720912844490.990	,1763720912844617.260	
0,AsStrided166,KERNEL_AIVEC,1,825,16.52,1763720913328868.407	,1763720913328884.927	
0,N/A,MEMCPY_ASYNC,1,826,2.145,1763720913329044.574	,1763720913329046.719	
0,trans_TransData_55,KERNEL_AIVEC,1,827,112.645,1763720913329121.240	,1763720913329233.885	
0,AsStrided167,KERNEL_AIVEC,1,828,16.166,1763720913792623.553	,1763720913792639.719	
0,N/A,MEMCPY_ASYNC,1,829,2.312,1763720913792806.657	,1763720913792808.969	
0,trans_TransData_55,KERNEL_AIVEC,1,830,88.625,1763720913792908.678	,1763720913792997.303	
0,AsStrided168,KERNEL_AIVEC,1,831,16.541,1763720914243266.886	,1763720914243283.427	
0,N/A,MEMCPY_ASYNC,1,832,2.145,1763720914243463.053	,1763720914243465.198	
0,trans_TransData_55,KERNEL_AIVEC,1,833,107.395,1763720914243774.428	,1763720914243881.823	
0,AsStrided169,KERNEL_AIVEC,1,834,16.125,1763720914699229.407	,1763720914699245.532	
0,N/A,MEMCPY_ASYNC,1,835,2.291,1763720914699392.782	,1763720914699395.073	
0,trans_TransData_55,KERNEL_AIVEC,1,836,109.187,1763720914699488.469	,1763720914699597.656	
0,AsStrided170,KERNEL_AIVEC,1,837,16.625,1763720915181009.240	,1763720915181025.865	
0,N/A,MEMCPY_ASYNC,1,838,2.354,1763720915181173.511	,1763720915181175.865	
0,trans_TransData_55,KERNEL_AIVEC,1,839,106.083,1763720915181265.699	,1763720915181371.782	
0,AsStrided171,KERNEL_AIVEC,1,840,16.625,1763720915658522.865	,1763720915658539.490	
0,N/A,MEMCPY_ASYNC,1,841,2.166,1763720915658690.240	,1763720915658692.406	
0,trans_TransData_55,KERNEL_AIVEC,1,842,94.166,1763720915658771.032	,1763720915658865.198	
0,AsStrided172,KERNEL_AIVEC,1,843,17.125,1763720916106016.261	,1763720916106033.386	
0,N/A,MEMCPY_ASYNC,1,844,2.187,1763720916106254.219	,1763720916106256.406	
0,trans_TransData_55,KERNEL_AIVEC,1,845,98.02,1763720916106339.844	,1763720916106437.864	
0,AsStrided173,KERNEL_AIVEC,1,846,16.437,1763720916563035.386	,1763720916563051.823	
0,N/A,MEMCPY_ASYNC,1,847,2.145,1763720916563248.136	,1763720916563250.281	
0,trans_TransData_55,KERNEL_AIVEC,1,848,99.937,1763720916563320.365	,1763720916563420.302	
0,AsStrided174,KERNEL_AIVEC,1,849,16.375,1763720917023150.303	,1763720917023166.678	
0,N/A,MEMCPY_ASYNC,1,850,2.187,1763720917023384.824	,1763720917023387.011	
0,trans_TransData_55,KERNEL_AIVEC,1,851,81.312,1763720917023490.907	,1763720917023572.219	
0,AsStrided175,KERNEL_AIVEC,1,852,16.041,1763720917484107.928	,1763720917484123.969	
0,N/A,MEMCPY_ASYNC,1,853,2.166,1763720917484314.553	,1763720917484316.719	
0,trans_TransData_55,KERNEL_AIVEC,1,854,94.854,1763720917484421.594	,1763720917484516.448	
0,AsStrided176,KERNEL_AIVEC,1,855,16.562,1763720917942757.740	,1763720917942774.302	
0,N/A,MEMCPY_ASYNC,1,856,2.541,1763720917945729.282	,1763720917945731.823	
0,trans_TransData_55,KERNEL_AIVEC,1,857,95.52,1763720917945937.782	,1763720917946033.302	
0,AsStrided177,KERNEL_AIVEC,1,858,17.125,1763720918430924.803	,1763720918430941.928	
0,N/A,MEMCPY_ASYNC,1,859,2.187,1763720918433479.657	,1763720918433481.844	
0,trans_TransData_55,KERNEL_AIVEC,1,860,80.875,1763720918433643.261	,1763720918433724.136	
0,AsStrided178,KERNEL_AIVEC,1,861,16.375,1763720918881339.178	,1763720918881355.553	
0,N/A,MEMCPY_ASYNC,1,862,2.145,1763720918881555.032	,1763720918881557.177	
0,trans_TransData_55,KERNEL_AIVEC,1,863,105.708,1763720918881627.657	,1763720918881733.365	
0,AsStrided179,KERNEL_AIVEC,1,864,16.604,1763720919336113.865	,1763720919336130.469	
0,N/A,MEMCPY_ASYNC,1,865,2.125,1763720919336304.803	,1763720919336306.928	
0,trans_TransData_55,KERNEL_AIVEC,1,866,99.708,1763720919336383.449	,1763720919336483.157	
0,AsStrided180,KERNEL_AIVEC,1,867,16.687,1763720919813466.344	,1763720919813483.031	
0,N/A,MEMCPY_ASYNC,1,868,2.166,1763720919813626.428	,1763720919813628.594	
0,trans_TransData_55,KERNEL_AIVEC,1,869,79.937,1763720919813724.490	,1763720919813804.427	
0,AsStrided181,KERNEL_AIVEC,1,870,16.02,1763720920283090.449	,1763720920283106.469	
0,N/A,MEMCPY_ASYNC,1,871,2.208,1763720920283279.678	,1763720920283281.886	
0,trans_TransData_55,KERNEL_AIVEC,1,872,93.645,1763720920283424.386	,1763720920283518.031	
0,AsStrided182,KERNEL_AIVEC,1,873,17.02,1763720920747797.240	,1763720920747814.260	
0,N/A,MEMCPY_ASYNC,1,874,2.145,1763720920747976.011	,1763720920747978.156	
0,trans_TransData_55,KERNEL_AIVEC,1,875,95.062,1763720920748058.990	,1763720920748154.052	
0,AsStrided183,KERNEL_AIVEC,1,876,16.125,1763720921202400.407	,1763720921202416.532	
0,N/A,MEMCPY_ASYNC,1,877,2.208,1763720921202572.699	,1763720921202574.907	
0,trans_TransData_55,KERNEL_AIVEC,1,878,123.958,1763720921202642.053	,1763720921202766.011	
0,AsStrided184,KERNEL_AIVEC,1,879,16.354,1763720921654376.324	,1763720921654392.678	
0,N/A,MEMCPY_ASYNC,1,880,2.166,1763720921654544.053	,1763720921654546.219	
0,trans_TransData_55,KERNEL_AIVEC,1,881,108.208,1763720921654623.407	,1763720921654731.615	
0,AsStrided185,KERNEL_AIVEC,1,882,16.395,1763720922127636.699	,1763720922127653.094	
0,N/A,MEMCPY_ASYNC,1,883,2.145,1763720922127849.032	,1763720922127851.177	
0,trans_TransData_55,KERNEL_AIVEC,1,884,126.208,1763720922127939.990	,1763720922128066.198	
0,AsStrided186,KERNEL_AIVEC,1,885,16.52,1763720922618977.094	,1763720922618993.614	
0,N/A,MEMCPY_ASYNC,1,886,2.166,1763720922619133.824	,1763720922619135.990	
0,trans_TransData_55,KERNEL_AIVEC,1,887,105.791,1763720922619202.469	,1763720922619308.260	
0,AsStrided187,KERNEL_AIVEC,1,888,16.479,1763720923091735.719	,1763720923091752.198	
0,N/A,MEMCPY_ASYNC,1,889,2.125,1763720923091990.886	,1763720923091993.011	
0,trans_TransData_55,KERNEL_AIVEC,1,890,108.458,1763720923092080.949	,1763720923092189.407	
0,AsStrided188,KERNEL_AIVEC,1,891,16.229,1763720923572426.407	,1763720923572442.636	
0,N/A,MEMCPY_ASYNC,1,892,2.229,1763720923572610.469	,1763720923572612.698	
0,trans_TransData_55,KERNEL_AIVEC,1,893,116.666,1763720923572688.928	,1763720923572805.594	
0,AsStrided189,KERNEL_AIVEC,1,894,16.166,1763720924044836.761	,1763720924044852.927	
0,N/A,MEMCPY_ASYNC,1,895,2.125,1763720924045015.657	,1763720924045017.782	
0,trans_TransData_55,KERNEL_AIVEC,1,896,93.333,1763720924045317.928	,1763720924045411.261	
0,AsStrided190,KERNEL_AIVEC,1,897,16.708,1763720924509666.094	,1763720924509682.802	
0,N/A,MEMCPY_ASYNC,1,898,2.145,1763720924509941.657	,1763720924509943.802	
0,trans_TransData_55,KERNEL_AIVEC,1,899,114.458,1763720924510059.053	,1763720924510173.511	
0,AsStrided191,KERNEL_AIVEC,1,900,16.916,1763720924967970.907	,1763720924967987.823	
0,N/A,MEMCPY_ASYNC,1,901,2.145,1763720924968147.240	,1763720924968149.385	
0,trans_TransData_55,KERNEL_AIVEC,1,902,103.854,1763720924968219.157	,1763720924968323.011	
0,AsStrided192,KERNEL_AIVEC,1,903,16.458,1763720925455517.011	,1763720925455533.469	
0,N/A,MEMCPY_ASYNC,1,904,2.25,1763720925455708.553	,1763720925455710.803	
0,trans_TransData_55,KERNEL_AIVEC,1,905,97.895,1763720925455784.636	,1763720925455882.531	
0,AsStrided193,KERNEL_AIVEC,1,906,16.562,1763720925918244.949	,1763720925918261.511	
0,N/A,MEMCPY_ASYNC,1,907,2.125,1763720925918438.344	,1763720925918440.469	
0,trans_TransData_55,KERNEL_AIVEC,1,908,82.729,1763720925918508.324	,1763720925918591.053	
0,AsStrided194,KERNEL_AIVEC,1,909,16.541,1763720926412924.344	,1763720926412940.885	
0,N/A,MEMCPY_ASYNC,1,910,2.229,1763720926413088.761	,1763720926413090.990	
0,trans_TransData_55,KERNEL_AIVEC,1,911,112.354,1763720926413156.511	,1763720926413268.865	
0,AsStrided195,KERNEL_AIVEC,1,912,16.625,1763720926883116.824	,1763720926883133.449	
0,N/A,MEMCPY_ASYNC,1,913,2.125,1763720926883291.886	,1763720926883294.011	
0,trans_TransData_55,KERNEL_AIVEC,1,914,97.02,1763720926883362.782	,1763720926883459.802	
0,AsStrided196,KERNEL_AIVEC,1,915,16.0,1763720927360544.782	,1763720927360560.782	
0,N/A,MEMCPY_ASYNC,1,916,2.145,1763720927360730.261	,1763720927360732.406	
0,trans_TransData_55,KERNEL_AIVEC,1,917,112.104,1763720927360805.344	,1763720927360917.448	
0,AsStrided197,KERNEL_AIVEC,1,918,16.458,1763720927842770.699	,1763720927842787.157	
0,N/A,MEMCPY_ASYNC,1,919,2.145,1763720927842996.636	,1763720927842998.781	
0,trans_TransData_55,KERNEL_AIVEC,1,920,98.75,1763720927843067.615	,1763720927843166.365	
0,AsStrided198,KERNEL_AIVEC,1,921,16.479,1763720928322237.490	,1763720928322253.969	
0,N/A,MEMCPY_ASYNC,1,922,2.312,1763720928322427.344	,1763720928322429.656	
0,trans_TransData_55,KERNEL_AIVEC,1,923,109.083,1763720928322499.407	,1763720928322608.490	
0,AsStrided199,KERNEL_AIVEC,1,924,16.562,1763720928780694.115	,1763720928780710.677	
0,N/A,MEMCPY_ASYNC,1,925,2.125,1763720928780858.469	,1763720928780860.594	
0,trans_TransData_55,KERNEL_AIVEC,1,926,102.208,1763720928780963.074	,1763720928781065.282	
0,AsStrided200,KERNEL_AIVEC,1,927,17.166,1763720929250940.678	,1763720929250957.844	
0,N/A,MEMCPY_ASYNC,1,928,2.395,1763720929251121.324	,1763720929251123.719	
0,trans_TransData_55,KERNEL_AIVEC,1,929,112.812,1763720929251193.053	,1763720929251305.865	
0,AsStrided201,KERNEL_AIVEC,1,930,16.812,1763720929724118.928	,1763720929724135.740	
0,N/A,MEMCPY_ASYNC,1,931,2.145,1763720929724315.115	,1763720929724317.260	
0,trans_TransData_55,KERNEL_AIVEC,1,932,97.166,1763720929724402.261	,1763720929724499.427	
0,AsStrided202,KERNEL_AIVEC,1,933,16.291,1763720930204005.532	,1763720930204021.823	
0,N/A,MEMCPY_ASYNC,1,934,2.166,1763720930204241.324	,1763720930204243.490	
0,trans_TransData_55,KERNEL_AIVEC,1,935,94.875,1763720930204333.490	,1763720930204428.365	
0,AsStrided203,KERNEL_AIVEC,1,936,16.041,1763720930675775.324	,1763720930675791.365	
0,N/A,MEMCPY_ASYNC,1,937,2.395,1763720930675949.240	,1763720930675951.635	
0,trans_TransData_55,KERNEL_AIVEC,1,938,109.729,1763720930676073.324	,1763720930676183.053	
0,AsStrided204,KERNEL_AIVEC,1,939,16.354,1763720931138430.386	,1763720931138446.740	
0,N/A,MEMCPY_ASYNC,1,940,2.125,1763720931138611.615	,1763720931138613.740	
0,trans_TransData_55,KERNEL_AIVEC,1,941,115.854,1763720931138692.136	,1763720931138807.990	
0,AsStrided205,KERNEL_AIVEC,1,942,16.333,1763720931617806.469	,1763720931617822.802	
0,N/A,MEMCPY_ASYNC,1,943,2.083,1763720931617964.553	,1763720931617966.636	
0,trans_TransData_55,KERNEL_AIVEC,1,944,92.458,1763720931618033.136	,1763720931618125.594	
0,AsStrided206,KERNEL_AIVEC,1,945,16.291,1763720932077665.219	,1763720932077681.510	
0,N/A,MEMCPY_ASYNC,1,946,2.083,1763720932077848.115	,1763720932077850.198	
0,trans_TransData_55,KERNEL_AIVEC,1,947,121.895,1763720932077965.261	,1763720932078087.156	
0,AsStrided207,KERNEL_AIVEC,1,948,16.979,1763720932562108.136	,1763720932562125.115	
0,N/A,MEMCPY_ASYNC,1,949,2.02,1763720932562280.428	,1763720932562282.448	
0,trans_TransData_55,KERNEL_AIVEC,1,950,111.52,1763720932562350.636	,1763720932562462.156	
0,AsStrided208,KERNEL_AIVEC,1,951,16.437,1763720933019162.949	,1763720933019179.386	
0,N/A,MEMCPY_ASYNC,1,952,2.083,1763720933019342.928	,1763720933019345.011	
0,trans_TransData_55,KERNEL_AIVEC,1,953,129.416,1763720933019412.844	,1763720933019542.260	
0,AsStrided209,KERNEL_AIVEC,1,954,16.937,1763720933506851.657	,1763720933506868.594	
0,N/A,MEMCPY_ASYNC,1,955,2.104,1763720933507067.282	,1763720933507069.386	
0,trans_TransData_55,KERNEL_AIVEC,1,956,115.937,1763720933507153.219	,1763720933507269.156	
0,AsStrided210,KERNEL_AIVEC,1,957,16.458,1763720933970440.657	,1763720933970457.115	
0,N/A,MEMCPY_ASYNC,1,958,2.062,1763720933970639.407	,1763720933970641.469	
0,trans_TransData_55,KERNEL_AIVEC,1,959,109.458,1763720933970713.053	,1763720933970822.511	
0,AsStrided211,KERNEL_AIVEC,1,960,16.583,1763720934447444.511	,1763720934447461.094	
0,N/A,MEMCPY_ASYNC,1,961,2.062,1763720934447628.157	,1763720934447630.219	
0,trans_TransData_55,KERNEL_AIVEC,1,962,122.437,1763720934447708.115	,1763720934447830.552	
0,AsStrided212,KERNEL_AIVEC,1,963,16.145,1763720934912731.782	,1763720934912747.927	
0,N/A,MEMCPY_ASYNC,1,964,2.104,1763720934912928.136	,1763720934912930.240	
0,trans_TransData_55,KERNEL_AIVEC,1,965,97.041,1763720934913000.094	,1763720934913097.135	
0,AsStrided213,KERNEL_AIVEC,1,966,16.333,1763720935400935.469	,1763720935400951.802	
0,N/A,MEMCPY_ASYNC,1,967,2.083,1763720935401145.678	,1763720935401147.761	
0,trans_TransData_55,KERNEL_AIVEC,1,968,81.187,1763720935401242.428	,1763720935401323.615	
0,AsStrided214,KERNEL_AIVEC,1,969,16.437,1763720935862350.261	,1763720935862366.698	
0,N/A,MEMCPY_ASYNC,1,970,2.104,1763720935862539.907	,1763720935862542.011	
0,trans_TransData_55,KERNEL_AIVEC,1,971,121.833,1763720935862623.928	,1763720935862745.761	
0,AsStrided215,KERNEL_AIVEC,1,972,16.395,1763720936316625.219	,1763720936316641.614	
0,N/A,MEMCPY_ASYNC,1,973,2.104,1763720936316808.303	,1763720936316810.407	
0,trans_TransData_55,KERNEL_AIVEC,1,974,80.75,1763720936316885.490	,1763720936316966.240	
0,AsStrided216,KERNEL_AIVEC,1,975,16.395,1763720936803922.844	,1763720936803939.239	
0,N/A,MEMCPY_ASYNC,1,976,2.125,1763720936804167.782	,1763720936804169.907	
0,trans_TransData_55,KERNEL_AIVEC,1,977,128.666,1763720936804246.282	,1763720936804374.948	
0,AsStrided217,KERNEL_AIVEC,1,978,16.395,1763720937259889.824	,1763720937259906.219	
0,N/A,MEMCPY_ASYNC,1,979,2.041,1763720937260109.886	,1763720937260111.927	
0,trans_TransData_55,KERNEL_AIVEC,1,980,103.333,1763720937260196.011	,1763720937260299.344	
0,AsStrided218,KERNEL_AIVEC,1,981,16.437,1763720937701866.219	,1763720937701882.656	
0,N/A,MEMCPY_ASYNC,1,982,2.062,1763720937702054.407	,1763720937702056.469	
0,trans_TransData_55,KERNEL_AIVEC,1,983,97.25,1763720937702120.469	,1763720937702217.719	
0,AsStrided219,KERNEL_AIVEC,1,984,16.479,1763720938178909.282	,1763720938178925.761	
0,N/A,MEMCPY_ASYNC,1,985,2.208,1763720938179104.699	,1763720938179106.907	
0,trans_TransData_55,KERNEL_AIVEC,1,986,92.437,1763720938179183.511	,1763720938179275.948	
0,AsStrided220,KERNEL_AIVEC,1,987,16.625,1763720938619438.490	,1763720938619455.115	
0,N/A,MEMCPY_ASYNC,1,988,2.083,1763720938619611.574	,1763720938619613.657	
0,trans_TransData_55,KERNEL_AIVEC,1,989,112.583,1763720938619688.282	,1763720938619800.865	
0,AsStrided221,KERNEL_AIVEC,1,990,16.333,1763720939061860.969	,1763720939061877.302	
0,N/A,MEMCPY_ASYNC,1,991,2.041,1763720939062052.699	,1763720939062054.740	
0,trans_TransData_55,KERNEL_AIVEC,1,992,96.854,1763720939062134.865	,1763720939062231.719	
0,AsStrided222,KERNEL_AIVEC,1,993,16.479,1763720939537480.449	,1763720939537496.928	
0,N/A,MEMCPY_ASYNC,1,994,2.062,1763720939537643.782	,1763720939537645.844	
0,trans_TransData_55,KERNEL_AIVEC,1,995,80.0,1763720939537711.886	,1763720939537791.886	
0,AsStrided223,KERNEL_AIVEC,1,996,17.437,1763720939990507.178	,1763720939990524.615	
0,N/A,MEMCPY_ASYNC,1,997,2.041,1763720939990769.699	,1763720939990771.740	
0,trans_TransData_55,KERNEL_AIVEC,1,998,124.166,1763720939993570.011	,1763720939993694.177	
0,AsStrided224,KERNEL_AIVEC,1,999,16.458,1763720940485672.865	,1763720940485689.323	
0,N/A,MEMCPY_ASYNC,1,1000,2.062,1763720940485880.365	,1763720940485882.427	
0,trans_TransData_55,KERNEL_AIVEC,1,1001,101.729,1763720940485954.928	,1763720940486056.657	
0,AsStrided225,KERNEL_AIVEC,1,1002,16.5,1763720940944698.719	,1763720940944715.219	
0,N/A,MEMCPY_ASYNC,1,1003,2.041,1763720940944905.844	,1763720940944907.885	
0,trans_TransData_55,KERNEL_AIVEC,1,1004,97.916,1763720940945002.199	,1763720940945100.115	
0,AsStrided226,KERNEL_AIVEC,1,1005,16.395,1763720941397725.824	,1763720941397742.219	
0,N/A,MEMCPY_ASYNC,1,1006,2.083,1763720941397898.699	,1763720941397900.782	
0,trans_TransData_55,KERNEL_AIVEC,1,1007,108.458,1763720941397967.407	,1763720941398075.865	
0,AsStrided227,KERNEL_AIVEC,1,1008,16.541,1763720941858553.782	,1763720941858570.323	
0,N/A,MEMCPY_ASYNC,1,1009,2.02,1763720941858723.740	,1763720941858725.760	
0,trans_TransData_55,KERNEL_AIVEC,1,1010,113.0,1763720941858801.553	,1763720941858914.553	
0,AsStrided228,KERNEL_AIVEC,1,1011,16.27,1763720942318305.011	,1763720942318321.281	
0,N/A,MEMCPY_ASYNC,1,1012,2.062,1763720942318488.969	,1763720942318491.031	
0,trans_TransData_55,KERNEL_AIVEC,1,1013,126.333,1763720942318566.261	,1763720942318692.594	
0,AsStrided229,KERNEL_AIVEC,1,1014,16.354,1763720942815151.094	,1763720942815167.448	
0,N/A,MEMCPY_ASYNC,1,1015,2.041,1763720942815309.990	,1763720942815312.031	
0,trans_TransData_55,KERNEL_AIVEC,1,1016,121.604,1763720942815383.344	,1763720942815504.948	
0,AsStrided230,KERNEL_AIVEC,1,1017,16.062,1763720943257295.907	,1763720943257311.969	
0,N/A,MEMCPY_ASYNC,1,1018,2.041,1763720943257477.761	,1763720943257479.802	
0,trans_TransData_55,KERNEL_AIVEC,1,1019,112.562,1763720943257559.636	,1763720943257672.198	
0,AsStrided231,KERNEL_AIVEC,1,1020,16.541,1763720943726471.053	,1763720943726487.594	
0,N/A,MEMCPY_ASYNC,1,1021,2.062,1763720943726637.136	,1763720943726639.198	
0,trans_TransData_55,KERNEL_AIVEC,1,1022,106.458,1763720943726745.907	,1763720943726852.365	
0,AsStrided232,KERNEL_AIVEC,1,1023,16.395,1763720944186323.428	,1763720944186339.823	
0,N/A,MEMCPY_ASYNC,1,1024,2.02,1763720944186543.490	,1763720944186545.510	
0,trans_TransData_55,KERNEL_AIVEC,1,1025,96.812,1763720944186638.490	,1763720944186735.302	
0,AsStrided233,KERNEL_AIVEC,1,1026,16.041,1763720944641855.032	,1763720944641871.073	
0,N/A,MEMCPY_ASYNC,1,1027,2.041,1763720944642050.219	,1763720944642052.260	
0,trans_TransData_55,KERNEL_AIVEC,1,1028,110.645,1763720944642146.136	,1763720944642256.781	
0,AsStrided234,KERNEL_AIVEC,1,1029,16.562,1763720945118799.886	,1763720945118816.448	
0,N/A,MEMCPY_ASYNC,1,1030,2.104,1763720945119007.719	,1763720945119009.823	
0,trans_TransData_55,KERNEL_AIVEC,1,1031,111.958,1763720945119081.303	,1763720945119193.261	
0,AsStrided235,KERNEL_AIVEC,1,1032,16.437,1763720945598947.344	,1763720945598963.781	
0,N/A,MEMCPY_ASYNC,1,1033,2.062,1763720945599139.990	,1763720945599142.052	
0,trans_TransData_55,KERNEL_AIVEC,1,1034,110.02,1763720945599224.178	,1763720945599334.198	
0,AsStrided236,KERNEL_AIVEC,1,1035,16.166,1763720946060688.740	,1763720946060704.906	
0,N/A,MEMCPY_ASYNC,1,1036,2.062,1763720946060861.032	,1763720946060863.094	
0,trans_TransData_55,KERNEL_AIVEC,1,1037,124.541,1763720946060936.365	,1763720946061060.906	
0,AsStrided237,KERNEL_AIVEC,1,1038,16.479,1763720946526597.574	,1763720946526614.053	
0,N/A,MEMCPY_ASYNC,1,1039,2.02,1763720946526768.490	,1763720946526770.510	
0,trans_TransData_55,KERNEL_AIVEC,1,1040,97.52,1763720946526837.199	,1763720946526934.719	
0,AsStrided238,KERNEL_AIVEC,1,1041,16.791,1763720946978954.928	,1763720946978971.719	
0,N/A,MEMCPY_ASYNC,1,1042,2.083,1763720946979127.094	,1763720946979129.177	
0,trans_TransData_55,KERNEL_AIVEC,1,1043,100.125,1763720946979371.011	,1763720946979471.136	
0,AsStrided239,KERNEL_AIVEC,1,1044,16.958,1763720947436109.594	,1763720947436126.552	
0,N/A,MEMCPY_ASYNC,1,1045,2.041,1763720947436316.824	,1763720947436318.865	
0,trans_TransData_55,KERNEL_AIVEC,1,1046,96.312,1763720947437130.240	,1763720947437226.552	
0,AsStrided240,KERNEL_AIVEC,1,1047,16.458,1763720947896451.678	,1763720947896468.136	
0,N/A,MEMCPY_ASYNC,1,1048,2.083,1763720947896646.094	,1763720947896648.177	
0,trans_TransData_55,KERNEL_AIVEC,1,1049,110.104,1763720947896721.136	,1763720947896831.240	
0,AsStrided241,KERNEL_AIVEC,1,1050,16.166,1763720948352843.469	,1763720948352859.635	
0,N/A,MEMCPY_ASYNC,1,1051,2.02,1763720948353063.928	,1763720948353065.948	
0,trans_TransData_55,KERNEL_AIVEC,1,1052,111.604,1763720948353140.969	,1763720948353252.573	
0,AsStrided242,KERNEL_AIVEC,1,1053,16.52,1763720948820406.115	,1763720948820422.635	
0,N/A,MEMCPY_ASYNC,1,1054,1.958,1763720948820613.719	,1763720948820615.677	
0,trans_TransData_55,KERNEL_AIVEC,1,1055,107.229,1763720948820693.553	,1763720948820800.782	
0,AsStrided243,KERNEL_AIVEC,1,1056,16.541,1763720949280050.115	,1763720949280066.656	
0,N/A,MEMCPY_ASYNC,1,1057,2.083,1763720949280224.907	,1763720949280226.990	
0,trans_TransData_55,KERNEL_AIVEC,1,1058,96.312,1763720949280331.428	,1763720949280427.740	
0,AsStrided244,KERNEL_AIVEC,1,1059,16.333,1763720949722265.240	,1763720949722281.573	
0,N/A,MEMCPY_ASYNC,1,1060,2.062,1763720949722446.199	,1763720949722448.261	
0,trans_TransData_55,KERNEL_AIVEC,1,1061,95.395,1763720949722519.761	,1763720949722615.156	
0,AsStrided245,KERNEL_AIVEC,1,1062,16.395,1763720950172094.719	,1763720950172111.114	
0,N/A,MEMCPY_ASYNC,1,1063,2.062,1763720950172275.261	,1763720950172277.323	
0,trans_TransData_55,KERNEL_AIVEC,1,1064,113.0,1763720950172385.740	,1763720950172498.740	
0,AsStrided246,KERNEL_AIVEC,1,1065,16.812,1763720950629075.219	,1763720950629092.031	
0,N/A,MEMCPY_ASYNC,1,1066,2.312,1763720950629375.469	,1763720950629377.781	
0,trans_TransData_55,KERNEL_AIVEC,1,1067,83.395,1763720950629465.240	,1763720950629548.635	
0,AsStrided247,KERNEL_AIVEC,1,1068,16.687,1763720951117379.990	,1763720951117396.677	
0,N/A,MEMCPY_ASYNC,1,1069,2.041,1763720951117556.428	,1763720951117558.469	
0,trans_TransData_55,KERNEL_AIVEC,1,1070,97.395,1763720951117624.386	,1763720951117721.781	
0,AsStrided248,KERNEL_AIVEC,1,1071,16.333,1763720951578234.178	,1763720951578250.511	
0,N/A,MEMCPY_ASYNC,1,1072,2.083,1763720951578393.219	,1763720951578395.302	
0,trans_TransData_55,KERNEL_AIVEC,1,1073,95.0,1763720951578492.657	,1763720951578587.657	
0,AsStrided249,KERNEL_AIVEC,1,1074,16.958,1763720952040972.386	,1763720952040989.344	
0,N/A,MEMCPY_ASYNC,1,1075,2.104,1763720952041181.449	,1763720952041183.553	
0,trans_TransData_55,KERNEL_AIVEC,1,1076,115.208,1763720952041254.886	,1763720952041370.094	
0,AsStrided250,KERNEL_AIVEC,1,1077,16.395,1763720952532302.219	,1763720952532318.614	
0,N/A,MEMCPY_ASYNC,1,1078,2.083,1763720952532481.949	,1763720952532484.032	
0,trans_TransData_55,KERNEL_AIVEC,1,1079,115.125,1763720952532548.782	,1763720952532663.907	
0,AsStrided251,KERNEL_AIVEC,1,1080,16.75,1763720952979113.844	,1763720952979130.594	
0,N/A,MEMCPY_ASYNC,1,1081,2.083,1763720952979297.282	,1763720952979299.365	
0,trans_TransData_55,KERNEL_AIVEC,1,1082,117.916,1763720952979370.865	,1763720952979488.781	
0,AsStrided252,KERNEL_AIVEC,1,1083,16.166,1763720953473997.907	,1763720953474014.073	
0,N/A,MEMCPY_ASYNC,1,1084,2.062,1763720953474178.678	,1763720953474180.740	
0,trans_TransData_55,KERNEL_AIVEC,1,1085,91.937,1763720953474246.699	,1763720953474338.636	
0,AsStrided253,KERNEL_AIVEC,1,1086,16.145,1763720953930353.386	,1763720953930369.531	
0,N/A,MEMCPY_ASYNC,1,1087,2.041,1763720953930527.428	,1763720953930529.469	
0,trans_TransData_55,KERNEL_AIVEC,1,1088,127.062,1763720953930620.740	,1763720953930747.802	
0,AsStrided254,KERNEL_AIVEC,1,1089,16.5,1763720954382715.178	,1763720954382731.678	
0,N/A,MEMCPY_ASYNC,1,1090,2.104,1763720954382891.969	,1763720954382894.073	
0,trans_TransData_55,KERNEL_AIVEC,1,1091,96.666,1763720954382968.699	,1763720954383065.365	
0,AsStrided255,KERNEL_AIVEC,1,1092,16.104,1763720954838289.761	,1763720954838305.865	
0,N/A,MEMCPY_ASYNC,1,1093,2.083,1763720954838770.678	,1763720954838772.761	
0,trans_TransData_55,KERNEL_AIVEC,1,1094,108.916,1763720954838874.449	,1763720954838983.365	
0,AsStrided256,KERNEL_AIVEC,1,1095,16.125,1763720955318543.157	,1763720955318559.282	
0,N/A,MEMCPY_ASYNC,1,1096,2.062,1763720955318726.949	,1763720955318729.011	
0,trans_TransData_55,KERNEL_AIVEC,1,1097,107.52,1763720955318807.428	,1763720955318914.948	
0,AsStrided257,KERNEL_AIVEC,1,1098,16.562,1763720955793277.011	,1763720955793293.573	
0,N/A,MEMCPY_ASYNC,1,1099,2.041,1763720955793458.094	,1763720955793460.135	
0,trans_TransData_55,KERNEL_AIVEC,1,1100,117.125,1763720955793526.782	,1763720955793643.907	
0,AsStrided258,KERNEL_AIVEC,1,1101,16.458,1763720956236391.282	,1763720956236407.740	
0,N/A,MEMCPY_ASYNC,1,1102,2.125,1763720956236583.178	,1763720956236585.303	
0,trans_TransData_55,KERNEL_AIVEC,1,1103,106.333,1763720956236693.011	,1763720956236799.344	
0,AsStrided259,KERNEL_AIVEC,1,1104,16.312,1763720956690108.969	,1763720956690125.281	
0,N/A,MEMCPY_ASYNC,1,1105,2.02,1763720956690277.240	,1763720956690279.260	
0,trans_TransData_55,KERNEL_AIVEC,1,1106,103.604,1763720956690348.886	,1763720956690452.490	
0,AsStrided260,KERNEL_AIVEC,1,1107,16.395,1763720957152441.303	,1763720957152457.698	
0,N/A,MEMCPY_ASYNC,1,1108,2.041,1763720957152613.240	,1763720957152615.281	
0,trans_TransData_55,KERNEL_AIVEC,1,1109,81.687,1763720957152688.928	,1763720957152770.615	
0,AsStrided261,KERNEL_AIVEC,1,1110,16.479,1763720957616296.782	,1763720957616313.261	
0,N/A,MEMCPY_ASYNC,1,1111,1.937,1763720957616460.449	,1763720957616462.386	
0,trans_TransData_55,KERNEL_AIVEC,1,1112,108.333,1763720957616530.011	,1763720957616638.344	
0,AsStrided262,KERNEL_AIVEC,1,1113,16.916,1763720958079521.782	,1763720958079538.698	
0,N/A,MEMCPY_ASYNC,1,1114,2.083,1763720958079770.657	,1763720958079772.740	
0,trans_TransData_55,KERNEL_AIVEC,1,1115,98.937,1763720958079864.324	,1763720958079963.261	
0,AsStrided263,KERNEL_AIVEC,1,1116,16.5,1763720958540939.094	,1763720958540955.594	
0,N/A,MEMCPY_ASYNC,1,1117,2.062,1763720958541106.407	,1763720958541108.469	
0,trans_TransData_55,KERNEL_AIVEC,1,1118,113.062,1763720958541202.011	,1763720958541315.073	
0,AsStrided264,KERNEL_AIVEC,1,1119,16.5,1763720959000349.469	,1763720959000365.969	
0,N/A,MEMCPY_ASYNC,1,1120,2.104,1763720959000513.178	,1763720959000515.282	
0,trans_TransData_55,KERNEL_AIVEC,1,1121,111.458,1763720959000590.199	,1763720959000701.657	
0,AsStrided265,KERNEL_AIVEC,1,1122,16.5,1763720959467320.011	,1763720959467336.511	
0,N/A,MEMCPY_ASYNC,1,1123,2.041,1763720959467543.949	,1763720959467545.990	
0,trans_TransData_55,KERNEL_AIVEC,1,1124,113.0,1763720959467643.574	,1763720959467756.574	
0,AsStrided266,KERNEL_AIVEC,1,1125,16.52,1763720959939858.011	,1763720959939874.531	
0,N/A,MEMCPY_ASYNC,1,1126,2.02,1763720959940023.053	,1763720959940025.073	
0,trans_TransData_55,KERNEL_AIVEC,1,1127,95.645,1763720959940094.219	,1763720959940189.864	
0,AsStrided267,KERNEL_AIVEC,1,1128,16.145,1763720960417743.428	,1763720960417759.573	
0,N/A,MEMCPY_ASYNC,1,1129,2.125,1763720960417915.136	,1763720960417917.261	
0,trans_TransData_55,KERNEL_AIVEC,1,1130,118.145,1763720960417983.365	,1763720960418101.510	
0,AsStrided268,KERNEL_AIVEC,1,1131,16.812,1763720960863820.469	,1763720960863837.281	
0,N/A,MEMCPY_ASYNC,1,1132,2.083,1763720960863998.844	,1763720960864000.927	
0,trans_TransData_55,KERNEL_AIVEC,1,1133,96.729,1763720960864097.719	,1763720960864194.448	
0,AsStrided269,KERNEL_AIVEC,1,1134,16.479,1763720961305046.490	,1763720961305062.969	
0,N/A,MEMCPY_ASYNC,1,1135,2.104,1763720961305247.949	,1763720961305250.053	
0,trans_TransData_55,KERNEL_AIVEC,1,1136,80.875,1763720961305316.803	,1763720961305397.678	
0,AsStrided270,KERNEL_AIVEC,1,1137,16.416,1763720961743002.574	,1763720961743018.990	
0,N/A,MEMCPY_ASYNC,1,1138,2.062,1763720961744338.824	,1763720961744340.886	
0,trans_TransData_55,KERNEL_AIVEC,1,1139,104.52,1763720961744446.886	,1763720961744551.406	
0,AsStrided271,KERNEL_AIVEC,1,1140,16.437,1763720962200432.011	,1763720962200448.448	
0,N/A,MEMCPY_ASYNC,1,1141,2.041,1763720962201666.553	,1763720962201668.594	
0,trans_TransData_55,KERNEL_AIVEC,1,1142,86.562,1763720962203533.240	,1763720962203619.802	
0,AsStrided272,KERNEL_AIVEC,1,1143,16.333,1763720962659283.219	,1763720962659299.552	
0,N/A,MEMCPY_ASYNC,1,1144,2.104,1763720962659468.699	,1763720962659470.803	
0,trans_TransData_55,KERNEL_AIVEC,1,1145,95.52,1763720962659552.136	,1763720962659647.656	
0,AsStrided273,KERNEL_AIVEC,1,1146,16.25,1763720963097579.490	,1763720963097595.740	
0,N/A,MEMCPY_ASYNC,1,1147,2.041,1763720963097750.636	,1763720963097752.677	
0,trans_TransData_55,KERNEL_AIVEC,1,1148,111.541,1763720963097858.240	,1763720963097969.781	
0,AsStrided274,KERNEL_AIVEC,1,1149,16.833,1763720963595572.928	,1763720963595589.761	
0,N/A,MEMCPY_ASYNC,1,1150,2.041,1763720963595866.136	,1763720963595868.177	
0,trans_TransData_55,KERNEL_AIVEC,1,1151,81.708,1763720963595950.782	,1763720963596032.490	
0,AsStrided275,KERNEL_AIVEC,1,1152,16.375,1763720964056777.803	,1763720964056794.178	
0,N/A,MEMCPY_ASYNC,1,1153,2.02,1763720964056954.490	,1763720964056956.510	
0,trans_TransData_55,KERNEL_AIVEC,1,1154,111.229,1763720964057018.532	,1763720964057129.761	
0,AsStrided276,KERNEL_AIVEC,1,1155,16.437,1763720964501283.636	,1763720964501300.073	
0,N/A,MEMCPY_ASYNC,1,1156,2.104,1763720964501455.719	,1763720964501457.823	
0,trans_TransData_55,KERNEL_AIVEC,1,1157,109.895,1763720964501534.365	,1763720964501644.260	
0,AsStrided277,KERNEL_AIVEC,1,1158,16.541,1763720964955846.365	,1763720964955862.906	
0,N/A,MEMCPY_ASYNC,1,1159,1.916,1763720964956040.303	,1763720964956042.219	
0,trans_TransData_55,KERNEL_AIVEC,1,1160,118.5,1763720964956117.115	,1763720964956235.615	
0,AsStrided278,KERNEL_AIVEC,1,1161,16.604,1763720965437042.386	,1763720965437058.990	
0,N/A,MEMCPY_ASYNC,1,1162,2.083,1763720965437220.594	,1763720965437222.677	
0,trans_TransData_55,KERNEL_AIVEC,1,1163,107.208,1763720965437320.469	,1763720965437427.677	
0,AsStrided279,KERNEL_AIVEC,1,1164,16.479,1763720965898708.407	,1763720965898724.886	
0,N/A,MEMCPY_ASYNC,1,1165,2.083,1763720965898914.574	,1763720965898916.657	
0,trans_TransData_55,KERNEL_AIVEC,1,1166,102.958,1763720965898956.136	,1763720965899059.094	
0,AsStrided280,KERNEL_AIVEC,1,1167,16.291,1763720966372234.115	,1763720966372250.406	
0,N/A,MEMCPY_ASYNC,1,1168,2.083,1763720966372392.740	,1763720966372394.823	
0,trans_TransData_55,KERNEL_AIVEC,1,1169,114.187,1763720966372463.886	,1763720966372578.073	
0,AsStrided281,KERNEL_AIVEC,1,1170,16.166,1763720966849996.469	,1763720966850012.635	
0,N/A,MEMCPY_ASYNC,1,1171,2.062,1763720966850188.886	,1763720966850190.948	
0,trans_TransData_55,KERNEL_AIVEC,1,1172,95.562,1763720966850264.740	,1763720966850360.302	
0,AsStrided282,KERNEL_AIVEC,1,1173,16.291,1763720967333546.136	,1763720967333562.427	
0,N/A,MEMCPY_ASYNC,1,1174,2.062,1763720967333719.594	,1763720967333721.656	
0,trans_TransData_55,KERNEL_AIVEC,1,1175,97.125,1763720967333798.990	,1763720967333896.115	
0,AsStrided283,KERNEL_AIVEC,1,1176,16.52,1763720967781072.907	,1763720967781089.427	
0,N/A,MEMCPY_ASYNC,1,1177,2.02,1763720967781235.949	,1763720967781237.969	
0,trans_TransData_55,KERNEL_AIVEC,1,1178,83.02,1763720967781329.428	,1763720967781412.448	
0,AsStrided284,KERNEL_AIVEC,1,1179,16.416,1763720968232186.261	,1763720968232202.677	
0,N/A,MEMCPY_ASYNC,1,1180,2.104,1763720968232363.407	,1763720968232365.511	
0,trans_TransData_55,KERNEL_AIVEC,1,1181,103.145,1763720968232438.303	,1763720968232541.448	
0,AsStrided285,KERNEL_AIVEC,1,1182,16.77,1763720968697295.261	,1763720968697312.031	
0,N/A,MEMCPY_ASYNC,1,1183,2.062,1763720968697475.386	,1763720968697477.448	
0,trans_TransData_55,KERNEL_AIVEC,1,1184,101.208,1763720968697560.803	,1763720968697662.011	
0,AsStrided286,KERNEL_AIVEC,1,1185,17.145,1763720969156327.407	,1763720969156344.552	
0,N/A,MEMCPY_ASYNC,1,1186,2.625,1763720969159325.178	,1763720969159327.803	
0,trans_TransData_55,KERNEL_AIVEC,1,1187,81.375,1763720969159570.990	,1763720969159652.365	
0,AsStrided287,KERNEL_AIVEC,1,1188,16.812,1763720969637377.469	,1763720969637394.281	
0,N/A,MEMCPY_ASYNC,1,1189,2.062,1763720969637555.344	,1763720969637557.406	
0,trans_TransData_55,KERNEL_AIVEC,1,1190,99.27,1763720969637634.949	,1763720969637734.219	
0,AsStrided288,KERNEL_AIVEC,1,1191,16.437,1763720970095805.803	,1763720970095822.240	
0,N/A,MEMCPY_ASYNC,1,1192,2.041,1763720970095968.219	,1763720970095970.260	
0,trans_TransData_55,KERNEL_AIVEC,1,1193,113.354,1763720970096059.449	,1763720970096172.803	
0,AsStrided289,KERNEL_AIVEC,1,1194,16.5,1763720970548543.761	,1763720970548560.261	
0,N/A,MEMCPY_ASYNC,1,1195,2.062,1763720970548718.574	,1763720970548720.636	
0,trans_TransData_55,KERNEL_AIVEC,1,1196,101.979,1763720970548788.449	,1763720970548890.428	
0,AsStrided290,KERNEL_AIVEC,1,1197,16.354,1763720971012833.261	,1763720971012849.615	
0,N/A,MEMCPY_ASYNC,1,1198,2.041,1763720971013014.574	,1763720971013016.615	
0,trans_TransData_55,KERNEL_AIVEC,1,1199,109.083,1763720971013091.428	,1763720971013200.511	
0,AsStrided291,KERNEL_AIVEC,1,1200,16.583,1763720971484868.594	,1763720971484885.177	
0,N/A,MEMCPY_ASYNC,1,1201,2.104,1763720971485078.594	,1763720971485080.698	
0,trans_TransData_55,KERNEL_AIVEC,1,1202,123.312,1763720971485153.386	,1763720971485276.698	
0,AsStrided292,KERNEL_AIVEC,1,1203,16.562,1763720971942108.490	,1763720971942125.052	
0,N/A,MEMCPY_ASYNC,1,1204,2.104,1763720971942279.761	,1763720971942281.865	
0,trans_TransData_55,KERNEL_AIVEC,1,1205,122.979,1763720971942358.990	,1763720971942481.969	
0,AsStrided293,KERNEL_AIVEC,1,1206,16.687,1763720972384171.157	,1763720972384187.844	
0,N/A,MEMCPY_ASYNC,1,1207,2.125,1763720972384358.074	,1763720972384360.199	
0,trans_TransData_55,KERNEL_AIVEC,1,1208,96.895,1763720972384468.532	,1763720972384565.427	
0,AsStrided294,KERNEL_AIVEC,1,1209,16.583,1763720972875771.615	,1763720972875788.198	
0,N/A,MEMCPY_ASYNC,1,1210,2.125,1763720972875947.532	,1763720972875949.657	
0,trans_TransData_55,KERNEL_AIVEC,1,1211,119.645,1763720972876019.136	,1763720972876138.781	
0,AsStrided295,KERNEL_AIVEC,1,1212,16.52,1763720973363553.011	,1763720973363569.531	
0,N/A,MEMCPY_ASYNC,1,1213,2.062,1763720973363717.532	,1763720973363719.594	
0,trans_TransData_55,KERNEL_AIVEC,1,1214,110.479,1763720973363787.094	,1763720973363897.573	
0,AsStrided296,KERNEL_AIVEC,1,1215,16.458,1763720973856137.719	,1763720973856154.177	
0,N/A,MEMCPY_ASYNC,1,1216,2.062,1763720973856342.844	,1763720973856344.906	
0,trans_TransData_55,KERNEL_AIVEC,1,1217,103.354,1763720973856425.615	,1763720973856528.969	
0,AsStrided297,KERNEL_AIVEC,1,1218,16.437,1763720974332390.303	,1763720974332406.740	
0,N/A,MEMCPY_ASYNC,1,1219,2.083,1763720974332565.115	,1763720974332567.198	
0,trans_TransData_55,KERNEL_AIVEC,1,1220,97.625,1763720974332636.199	,1763720974332733.824	
0,AsStrided298,KERNEL_AIVEC,1,1221,16.375,1763720974813464.803	,1763720974813481.178	
0,N/A,MEMCPY_ASYNC,1,1222,2.083,1763720974813622.803	,1763720974813624.886	
0,trans_TransData_55,KERNEL_AIVEC,1,1223,106.229,1763720974813714.761	,1763720974813820.990	
0,AsStrided299,KERNEL_AIVEC,1,1224,16.5,1763720975280709.553	,1763720975280726.053	
0,N/A,MEMCPY_ASYNC,1,1225,2.02,1763720975280868.324	,1763720975280870.344	
0,trans_TransData_55,KERNEL_AIVEC,1,1226,93.729,1763720975280937.094	,1763720975281030.823	
0,AsStrided300,KERNEL_AIVEC,1,1227,16.5,1763720975765928.386	,1763720975765944.886	
0,N/A,MEMCPY_ASYNC,1,1228,2.083,1763720975766092.428	,1763720975766094.511	
0,trans_TransData_55,KERNEL_AIVEC,1,1229,107.625,1763720975766163.907	,1763720975766271.532	
0,AsStrided301,KERNEL_AIVEC,1,1230,16.395,1763720976221907.386	,1763720976221923.781	
0,N/A,MEMCPY_ASYNC,1,1231,2.041,1763720976222128.282	,1763720976222130.323	
0,trans_TransData_55,KERNEL_AIVEC,1,1232,100.25,1763720976222211.511	,1763720976222311.761	
0,AsStrided302,KERNEL_AIVEC,1,1233,16.479,1763720976681233.511	,1763720976681249.990	
0,N/A,MEMCPY_ASYNC,1,1234,2.083,1763720976681421.157	,1763720976681423.240	
0,trans_TransData_55,KERNEL_AIVEC,1,1235,119.229,1763720976681499.782	,1763720976681619.011	
0,AsStrided303,KERNEL_AIVEC,1,1236,16.604,1763720977141137.553	,1763720977141154.157	
0,N/A,MEMCPY_ASYNC,1,1237,2.104,1763720977141301.844	,1763720977141303.948	
0,trans_TransData_55,KERNEL_AIVEC,1,1238,105.604,1763720977141390.886	,1763720977141496.490	
0,AsStrided304,KERNEL_AIVEC,1,1239,16.5,1763720977613833.824	,1763720977613850.324	
0,N/A,MEMCPY_ASYNC,1,1240,2.083,1763720977614004.574	,1763720977614006.657	
0,trans_TransData_55,KERNEL_AIVEC,1,1241,96.479,1763720977614073.636	,1763720977614170.115	
0,AsStrided305,KERNEL_AIVEC,1,1242,16.5,1763720978088488.136	,1763720978088504.636	
0,N/A,MEMCPY_ASYNC,1,1243,1.895,1763720978088656.365	,1763720978088658.260	
0,trans_TransData_55,KERNEL_AIVEC,1,1244,104.458,1763720978088730.490	,1763720978088834.948	
0,AsStrided306,KERNEL_AIVEC,1,1245,16.125,1763720978549391.928	,1763720978549408.053	
0,N/A,MEMCPY_ASYNC,1,1246,2.0,1763720978552413.594	,1763720978552415.594	
0,trans_TransData_55,KERNEL_AIVEC,1,1247,81.104,1763720978552601.219	,1763720978552682.323	
0,AsStrided307,KERNEL_AIVEC,1,1248,16.52,1763720979018984.803	,1763720979019001.323	
0,N/A,MEMCPY_ASYNC,1,1249,1.916,1763720979019156.136	,1763720979019158.052	
0,trans_TransData_55,KERNEL_AIVEC,1,1250,124.375,1763720979019232.553	,1763720979019356.928	
0,AsStrided308,KERNEL_AIVEC,1,1251,16.52,1763720979461846.074	,1763720979461862.594	
0,N/A,MEMCPY_ASYNC,1,1252,1.979,1763720979462010.199	,1763720979462012.178	
0,trans_TransData_55,KERNEL_AIVEC,1,1253,107.041,1763720979462108.532	,1763720979462215.573	
0,AsStrided309,KERNEL_AIVEC,1,1254,16.687,1763720979939774.511	,1763720979939791.198	
0,N/A,MEMCPY_ASYNC,1,1255,1.916,1763720979939945.386	,1763720979939947.302	
0,trans_TransData_55,KERNEL_AIVEC,1,1256,92.937,1763720979940023.240	,1763720979940116.177	
0,AsStrided310,KERNEL_AIVEC,1,1257,16.27,1763720980413067.490	,1763720980413083.760	
0,N/A,MEMCPY_ASYNC,1,1258,1.958,1763720980413252.053	,1763720980413254.011	
0,trans_TransData_55,KERNEL_AIVEC,1,1259,95.5,1763720980413332.636	,1763720980413428.136	
0,AsStrided311,KERNEL_AIVEC,1,1260,16.208,1763720980892856.303	,1763720980892872.511	
0,N/A,MEMCPY_ASYNC,1,1261,2.0,1763720980893034.657	,1763720980893036.657	
0,trans_TransData_55,KERNEL_AIVEC,1,1262,95.187,1763720980893101.740	,1763720980893196.927	
0,AsStrided312,KERNEL_AIVEC,1,1263,16.125,1763720981376146.990	,1763720981376163.115	
0,N/A,MEMCPY_ASYNC,1,1264,1.958,1763720981376322.032	,1763720981376323.990	
0,trans_TransData_55,KERNEL_AIVEC,1,1265,112.291,1763720981376395.219	,1763720981376507.510	
0,AsStrided313,KERNEL_AIVEC,1,1266,16.687,1763720981842454.532	,1763720981842471.219	
0,N/A,MEMCPY_ASYNC,1,1267,1.895,1763720981842623.907	,1763720981842625.802	
0,trans_TransData_55,KERNEL_AIVEC,1,1268,107.583,1763720981842721.511	,1763720981842829.094	
0,AsStrided314,KERNEL_AIVEC,1,1269,16.791,1763720982299272.969	,1763720982299289.760	
0,N/A,MEMCPY_ASYNC,1,1270,1.958,1763720982299572.657	,1763720982299574.615	
0,trans_TransData_55,KERNEL_AIVEC,1,1271,109.77,1763720982299663.469	,1763720982299773.239	
0,AsStrided315,KERNEL_AIVEC,1,1272,16.666,1763720982785893.511	,1763720982785910.177	
0,N/A,MEMCPY_ASYNC,1,1273,1.916,1763720982786151.303	,1763720982786153.219	
0,trans_TransData_55,KERNEL_AIVEC,1,1274,102.729,1763720982786287.240	,1763720982786389.969	
0,AsStrided316,KERNEL_AIVEC,1,1275,16.354,1763720983247773.886	,1763720983247790.240	
0,N/A,MEMCPY_ASYNC,1,1276,1.875,1763720983247988.157	,1763720983247990.032	
0,trans_TransData_55,KERNEL_AIVEC,1,1277,108.166,1763720983248059.657	,1763720983248167.823	
0,AsStrided317,KERNEL_AIVEC,1,1278,16.562,1763720983759504.636	,1763720983759521.198	
0,N/A,MEMCPY_ASYNC,1,1279,1.916,1763720983759671.344	,1763720983759673.260	
0,trans_TransData_55,KERNEL_AIVEC,1,1280,120.291,1763720983759743.157	,1763720983759863.448	
0,AsStrided318,KERNEL_AIVEC,1,1281,16.145,1763720984227232.782	,1763720984227248.927	
0,N/A,MEMCPY_ASYNC,1,1282,1.958,1763720984227480.074	,1763720984227482.032	
0,trans_TransData_55,KERNEL_AIVEC,1,1283,93.125,1763720984227591.053	,1763720984227684.178	
0,AsStrided319,KERNEL_AIVEC,1,1284,16.583,1763720984671190.615	,1763720984671207.198	
0,N/A,MEMCPY_ASYNC,1,1285,2.0,1763720984671502.282	,1763720984671504.282	
0,trans_TransData_55,KERNEL_AIVEC,1,1286,110.083,1763720984671592.490	,1763720984671702.573	
0,AsStrided320,KERNEL_AIVEC,1,1287,16.187,1763720985132650.469	,1763720985132666.656	
0,N/A,MEMCPY_ASYNC,1,1288,1.958,1763720985132835.115	,1763720985132837.073	
0,trans_TransData_55,KERNEL_AIVEC,1,1289,93.062,1763720985132899.678	,1763720985132992.740	
0,AsStrided321,KERNEL_AIVEC,1,1290,16.229,1763720985626381.261	,1763720985626397.490	
0,N/A,MEMCPY_ASYNC,1,1291,1.979,1763720985626594.844	,1763720985626596.823	
0,trans_TransData_55,KERNEL_AIVEC,1,1292,118.958,1763720985626670.324	,1763720985626789.282	
0,AsStrided322,KERNEL_AIVEC,1,1293,16.5,1763720986100026.449	,1763720986100042.949	
0,N/A,MEMCPY_ASYNC,1,1294,1.958,1763720986100201.282	,1763720986100203.240	
0,trans_TransData_55,KERNEL_AIVEC,1,1295,79.875,1763720986100278.740	,1763720986100358.615	
0,AsStrided323,KERNEL_AIVEC,1,1296,16.666,1763720986599174.719	,1763720986599191.385	
0,N/A,MEMCPY_ASYNC,1,1297,1.916,1763720986599385.282	,1763720986599387.198	
0,trans_TransData_55,KERNEL_AIVEC,1,1298,113.312,1763720986599461.636	,1763720986599574.948	
0,AsStrided324,KERNEL_AIVEC,1,1299,16.5,1763720987082864.803	,1763720987082881.303	
0,N/A,MEMCPY_ASYNC,1,1300,2.0,1763720987083082.303	,1763720987083084.303	
0,trans_TransData_55,KERNEL_AIVEC,1,1301,95.687,1763720987083155.136	,1763720987083250.823	
0,AsStrided325,KERNEL_AIVEC,1,1302,16.104,1763720987541518.324	,1763720987541534.428	
0,N/A,MEMCPY_ASYNC,1,1303,1.916,1763720987541697.761	,1763720987541699.677	
0,trans_TransData_55,KERNEL_AIVEC,1,1304,106.104,1763720987541799.824	,1763720987541905.928	
0,AsStrided326,KERNEL_AIVEC,1,1305,16.645,1763720988028487.074	,1763720988028503.719	
0,N/A,MEMCPY_ASYNC,1,1306,1.958,1763720988028714.199	,1763720988028716.157	
0,trans_TransData_55,KERNEL_AIVEC,1,1307,89.437,1763720988028799.449	,1763720988028888.886	
0,AsStrided327,KERNEL_AIVEC,1,1308,16.52,1763720988484531.032	,1763720988484547.552	
0,N/A,MEMCPY_ASYNC,1,1309,2.0,1763720988484707.074	,1763720988484709.074	
0,trans_TransData_55,KERNEL_AIVEC,1,1310,110.937,1763720988484785.282	,1763720988484896.219	
0,AsStrided328,KERNEL_AIVEC,1,1311,16.541,1763720988942830.178	,1763720988942846.719	
0,N/A,MEMCPY_ASYNC,1,1312,1.937,1763720988946041.511	,1763720988946043.448	
0,trans_TransData_55,KERNEL_AIVEC,1,1313,111.395,1763720988946225.511	,1763720988946336.906	
0,AsStrided329,KERNEL_AIVEC,1,1314,16.083,1763720989422980.136	,1763720989422996.219	
0,N/A,MEMCPY_ASYNC,1,1315,1.937,1763720989424463.490	,1763720989424465.427	
0,trans_TransData_55,KERNEL_AIVEC,1,1316,85.687,1763720989424551.094	,1763720989424636.781	
0,AsStrided330,KERNEL_AIVEC,1,1317,16.645,1763720989882980.115	,1763720989882996.760	
0,N/A,MEMCPY_ASYNC,1,1318,1.958,1763720989883162.969	,1763720989883164.927	
0,trans_TransData_55,KERNEL_AIVEC,1,1319,95.27,1763720989883245.490	,1763720989883340.760	
0,AsStrided331,KERNEL_AIVEC,1,1320,16.187,1763720990360254.261	,1763720990360270.448	
0,N/A,MEMCPY_ASYNC,1,1321,1.916,1763720990360451.469	,1763720990360453.385	
0,trans_TransData_55,KERNEL_AIVEC,1,1322,107.729,1763720990360536.136	,1763720990360643.865	
0,AsStrided332,KERNEL_AIVEC,1,1323,16.437,1763720990819502.511	,1763720990819518.948	
0,N/A,MEMCPY_ASYNC,1,1324,1.958,1763720990819667.261	,1763720990819669.219	
0,trans_TransData_55,KERNEL_AIVEC,1,1325,129.687,1763720990819736.261	,1763720990819865.948	
0,AsStrided333,KERNEL_AIVEC,1,1326,16.479,1763720991298991.490	,1763720991299007.969	
0,N/A,MEMCPY_ASYNC,1,1327,1.979,1763720991299180.261	,1763720991299182.240	
0,trans_TransData_55,KERNEL_AIVEC,1,1328,97.27,1763720991299264.824	,1763720991299362.094	
0,AsStrided334,KERNEL_AIVEC,1,1329,16.27,1763720991759377.574	,1763720991759393.844	
0,N/A,MEMCPY_ASYNC,1,1330,1.979,1763720991759544.386	,1763720991759546.365	
0,trans_TransData_55,KERNEL_AIVEC,1,1331,98.166,1763720991759618.303	,1763720991759716.469	
0,AsStrided335,KERNEL_AIVEC,1,1332,16.625,1763720992219546.782	,1763720992219563.407	
0,N/A,MEMCPY_ASYNC,1,1333,1.937,1763720992219719.469	,1763720992219721.406	
0,trans_TransData_55,KERNEL_AIVEC,1,1334,92.437,1763720992219795.032	,1763720992219887.469	
0,AsStrided336,KERNEL_AIVEC,1,1335,16.312,1763720992698523.553	,1763720992698539.865	
0,N/A,MEMCPY_ASYNC,1,1336,1.958,1763720992698714.094	,1763720992698716.052	
0,trans_TransData_55,KERNEL_AIVEC,1,1337,99.52,1763720992698796.053	,1763720992698895.573	
0,AsStrided337,KERNEL_AIVEC,1,1338,16.25,1763720993150822.157	,1763720993150838.407	
0,N/A,MEMCPY_ASYNC,1,1339,2.041,1763720993151027.428	,1763720993151029.469	
0,trans_TransData_55,KERNEL_AIVEC,1,1340,100.083,1763720993151565.157	,1763720993151665.240	
0,AsStrided338,KERNEL_AIVEC,1,1341,16.437,1763720993631575.407	,1763720993631591.844	
0,N/A,MEMCPY_ASYNC,1,1342,1.937,1763720993631790.699	,1763720993631792.636	
0,trans_TransData_55,KERNEL_AIVEC,1,1343,95.666,1763720993631884.532	,1763720993631980.198	
0,AsStrided339,KERNEL_AIVEC,1,1344,16.479,1763720994094595.094	,1763720994094611.573	
0,N/A,MEMCPY_ASYNC,1,1345,1.979,1763720994094761.761	,1763720994094763.740	
0,trans_TransData_55,KERNEL_AIVEC,1,1346,113.479,1763720994094839.532	,1763720994094953.011	
0,AsStrided340,KERNEL_AIVEC,1,1347,16.458,1763720994557746.074	,1763720994557762.532	
0,N/A,MEMCPY_ASYNC,1,1348,1.937,1763720994557925.240	,1763720994557927.177	
0,trans_TransData_55,KERNEL_AIVEC,1,1349,97.791,1763720994558005.178	,1763720994558102.969	
0,AsStrided341,KERNEL_AIVEC,1,1350,16.541,1763720995008236.282	,1763720995008252.823	
0,N/A,MEMCPY_ASYNC,1,1351,1.937,1763720995008417.740	,1763720995008419.677	
0,trans_TransData_55,KERNEL_AIVEC,1,1352,93.75,1763720995008489.824	,1763720995008583.574	
0,AsStrided342,KERNEL_AIVEC,1,1353,16.479,1763720995492863.344	,1763720995492879.823	
0,N/A,MEMCPY_ASYNC,1,1354,1.958,1763720995493049.532	,1763720995493051.490	
0,trans_TransData_55,KERNEL_AIVEC,1,1355,97.562,1763720995493123.240	,1763720995493220.802	
0,AsStrided343,KERNEL_AIVEC,1,1356,16.479,1763720995956427.907	,1763720995956444.386	
0,N/A,MEMCPY_ASYNC,1,1357,1.937,1763720995956609.157	,1763720995956611.094	
0,trans_TransData_55,KERNEL_AIVEC,1,1358,95.208,1763720995956677.761	,1763720995956772.969	
0,AsStrided344,KERNEL_AIVEC,1,1359,16.416,1763720996445931.532	,1763720996445947.948	
0,N/A,MEMCPY_ASYNC,1,1360,2.062,1763720996446103.386	,1763720996446105.448	
0,trans_TransData_55,KERNEL_AIVEC,1,1361,109.791,1763720996446319.886	,1763720996446429.677	
0,AsStrided345,KERNEL_AIVEC,1,1362,17.104,1763720996922941.261	,1763720996922958.365	
0,N/A,MEMCPY_ASYNC,1,1363,2.104,1763720996923147.428	,1763720996923149.532	
0,trans_TransData_55,KERNEL_AIVEC,1,1364,97.312,1763720996923246.219	,1763720996923343.531	
0,AsStrided346,KERNEL_AIVEC,1,1365,16.208,1763720997378655.824	,1763720997378672.032	
0,N/A,MEMCPY_ASYNC,1,1366,2.229,1763720997378856.782	,1763720997378859.011	
0,trans_TransData_55,KERNEL_AIVEC,1,1367,125.541,1763720997378946.032	,1763720997379071.573	
0,AsStrided347,KERNEL_AIVEC,1,1368,15.854,1763720997839583.469	,1763720997839599.323	
0,N/A,MEMCPY_ASYNC,1,1369,2.062,1763720997839766.261	,1763720997839768.323	
0,trans_TransData_55,KERNEL_AIVEC,1,1370,82.333,1763720997839834.511	,1763720997839916.844	
0,AsStrided348,KERNEL_AIVEC,1,1371,16.083,1763720998330530.532	,1763720998330546.615	
0,N/A,MEMCPY_ASYNC,1,1372,2.104,1763720998330709.532	,1763720998330711.636	
0,trans_TransData_55,KERNEL_AIVEC,1,1373,121.812,1763720998330783.574	,1763720998330905.386	
0,AsStrided349,KERNEL_AIVEC,1,1374,16.145,1763720998812844.699	,1763720998812860.844	
0,N/A,MEMCPY_ASYNC,1,1375,2.041,1763720998813007.386	,1763720998813009.427	
0,trans_TransData_55,KERNEL_AIVEC,1,1376,110.916,1763720998813076.532	,1763720998813187.448	
0,AsStrided350,KERNEL_AIVEC,1,1377,16.291,1763720999285328.074	,1763720999285344.365	
0,N/A,MEMCPY_ASYNC,1,1378,2.125,1763720999285507.928	,1763720999285510.053	
0,trans_TransData_55,KERNEL_AIVEC,1,1379,109.375,1763720999285594.761	,1763720999285704.136	
0,AsStrided351,KERNEL_AIVEC,1,1380,16.395,1763720999740280.511	,1763720999740296.906	
0,N/A,MEMCPY_ASYNC,1,1381,2.104,1763720999740474.074	,1763720999740476.178	
0,trans_TransData_55,KERNEL_AIVEC,1,1382,110.354,1763720999740548.219	,1763720999740658.573	
0,AsStrided352,KERNEL_AIVEC,1,1383,16.208,1763721000201985.053	,1763721000202001.261	
0,N/A,MEMCPY_ASYNC,1,1384,2.104,1763721000202158.407	,1763721000202160.511	
0,trans_TransData_55,KERNEL_AIVEC,1,1385,111.187,1763721000202235.594	,1763721000202346.781	
0,AsStrided353,KERNEL_AIVEC,1,1386,16.229,1763721000694598.407	,1763721000694614.636	
0,N/A,MEMCPY_ASYNC,1,1387,2.083,1763721000694767.324	,1763721000694769.407	
0,trans_TransData_55,KERNEL_AIVEC,1,1388,106.25,1763721000694845.636	,1763721000694951.886	
0,AsStrided354,KERNEL_AIVEC,1,1389,16.312,1763721001165105.532	,1763721001165121.844	
0,N/A,MEMCPY_ASYNC,1,1390,2.104,1763721001165349.657	,1763721001165351.761	
0,trans_TransData_55,KERNEL_AIVEC,1,1391,105.458,1763721001165441.844	,1763721001165547.302	
0,AsStrided355,KERNEL_AIVEC,1,1392,16.187,1763721001644785.615	,1763721001644801.802	
0,N/A,MEMCPY_ASYNC,1,1393,2.062,1763721001644957.282	,1763721001644959.344	
0,trans_TransData_55,KERNEL_AIVEC,1,1394,93.166,1763721001645023.490	,1763721001645116.656	
0,AsStrided356,KERNEL_AIVEC,1,1395,16.104,1763721002134724.407	,1763721002134740.511	
0,N/A,MEMCPY_ASYNC,1,1396,2.104,1763721002134968.699	,1763721002134970.803	
0,trans_TransData_55,KERNEL_AIVEC,1,1397,130.791,1763721002135067.053	,1763721002135197.844	
0,AsStrided357,KERNEL_AIVEC,1,1398,16.291,1763721002621832.490	,1763721002621848.781	
0,N/A,MEMCPY_ASYNC,1,1399,2.02,1763721002622008.157	,1763721002622010.177	
0,trans_TransData_55,KERNEL_AIVEC,1,1400,110.333,1763721002622084.511	,1763721002622194.844	
0,AsStrided358,KERNEL_AIVEC,1,1401,16.041,1763721003097630.386	,1763721003097646.427	
0,N/A,MEMCPY_ASYNC,1,1402,2.083,1763721003097790.865	,1763721003097792.948	
0,trans_TransData_55,KERNEL_AIVEC,1,1403,104.583,1763721003097864.219	,1763721003097968.802	
0,AsStrided359,KERNEL_AIVEC,1,1404,16.416,1763721003606048.990	,1763721003606065.406	
0,N/A,MEMCPY_ASYNC,1,1405,2.02,1763721003606210.428	,1763721003606212.448	
0,trans_TransData_55,KERNEL_AIVEC,1,1406,112.437,1763721003606278.240	,1763721003606390.677	
0,AsStrided360,KERNEL_AIVEC,1,1407,16.145,1763721004079491.803	,1763721004079507.948	
0,N/A,MEMCPY_ASYNC,1,1408,2.083,1763721004079684.449	,1763721004079686.532	
0,trans_TransData_55,KERNEL_AIVEC,1,1409,100.937,1763721004079763.136	,1763721004079864.073	
0,AsStrided361,KERNEL_AIVEC,1,1410,15.833,1763721004536387.719	,1763721004536403.552	
0,N/A,MEMCPY_ASYNC,1,1411,2.0,1763721004536593.490	,1763721004536595.490	
0,trans_TransData_55,KERNEL_AIVEC,1,1412,94.833,1763721004536663.928	,1763721004536758.761	
0,AsStrided362,KERNEL_AIVEC,1,1413,16.416,1763721004985123.157	,1763721004985139.573	
0,N/A,MEMCPY_ASYNC,1,1414,2.062,1763721004985321.178	,1763721004985323.240	
0,trans_TransData_55,KERNEL_AIVEC,1,1415,125.416,1763721004985391.282	,1763721004985516.698	
0,AsStrided363,KERNEL_AIVEC,1,1416,16.187,1763721005451910.407	,1763721005451926.594	
0,N/A,MEMCPY_ASYNC,1,1417,2.062,1763721005452086.949	,1763721005452089.011	
0,trans_TransData_55,KERNEL_AIVEC,1,1418,109.625,1763721005452169.136	,1763721005452278.761	
0,AsStrided364,KERNEL_AIVEC,1,1419,16.229,1763721005893970.803	,1763721005893987.032	
0,N/A,MEMCPY_ASYNC,1,1420,2.166,1763721005894154.303	,1763721005894156.469	
0,trans_TransData_55,KERNEL_AIVEC,1,1421,127.791,1763721005894230.657	,1763721005894358.448	
0,AsStrided365,KERNEL_AIVEC,1,1422,16.312,1763721006341273.761	,1763721006341290.073	
0,N/A,MEMCPY_ASYNC,1,1423,2.062,1763721006341439.824	,1763721006341441.886	
0,trans_TransData_55,KERNEL_AIVEC,1,1424,110.354,1763721006341502.907	,1763721006341613.261	
0,AsStrided366,KERNEL_AIVEC,1,1425,16.291,1763721006810847.511	,1763721006810863.802	
0,N/A,MEMCPY_ASYNC,1,1426,2.125,1763721006811132.865	,1763721006811134.990	
0,trans_TransData_55,KERNEL_AIVEC,1,1427,114.77,1763721006811240.969	,1763721006811355.739	
0,AsStrided367,KERNEL_AIVEC,1,1428,16.312,1763721007278875.511	,1763721007278891.823	
0,N/A,MEMCPY_ASYNC,1,1429,1.979,1763721007279140.678	,1763721007279142.657	
0,trans_TransData_55,KERNEL_AIVEC,1,1430,107.125,1763721007279235.178	,1763721007279342.303	
0,AsStrided368,KERNEL_AIVEC,1,1431,16.125,1763721007767545.428	,1763721007767561.553	
0,N/A,MEMCPY_ASYNC,1,1432,2.062,1763721007767731.407	,1763721007767733.469	
0,trans_TransData_55,KERNEL_AIVEC,1,1433,122.354,1763721007767816.261	,1763721007767938.615	
0,AsStrided369,KERNEL_AIVEC,1,1434,16.583,1763721008220464.094	,1763721008220480.677	
0,N/A,MEMCPY_ASYNC,1,1435,1.979,1763721008220633.886	,1763721008220635.865	
0,trans_TransData_55,KERNEL_AIVEC,1,1436,111.562,1763721008220709.907	,1763721008220821.469	
0,AsStrided370,KERNEL_AIVEC,1,1437,16.687,1763721008706283.615	,1763721008706300.302	
0,N/A,MEMCPY_ASYNC,1,1438,2.062,1763721008706465.907	,1763721008706467.969	
0,trans_TransData_55,KERNEL_AIVEC,1,1439,115.27,1763721008706532.740	,1763721008706648.010	
0,AsStrided371,KERNEL_AIVEC,1,1440,16.25,1763721009166591.282	,1763721009166607.532	
0,N/A,MEMCPY_ASYNC,1,1441,1.958,1763721009166752.594	,1763721009166754.552	
0,trans_TransData_55,KERNEL_AIVEC,1,1442,85.02,1763721009166851.990	,1763721009166937.010	
0,AsStrided372,KERNEL_AIVEC,1,1443,16.395,1763721009621315.782	,1763721009621332.177	
0,N/A,MEMCPY_ASYNC,1,1444,2.0,1763721009621494.282	,1763721009621496.282	
0,trans_TransData_55,KERNEL_AIVEC,1,1445,93.666,1763721009621573.261	,1763721009621666.927	
0,AsStrided373,KERNEL_AIVEC,1,1446,16.125,1763721010092617.386	,1763721010092633.511	
0,N/A,MEMCPY_ASYNC,1,1447,2.02,1763721010092782.469	,1763721010092784.489	
0,trans_TransData_55,KERNEL_AIVEC,1,1448,92.729,1763721010092861.490	,1763721010092954.219	
0,AsStrided374,KERNEL_AIVEC,1,1449,16.27,1763721010559403.594	,1763721010559419.864	
0,N/A,MEMCPY_ASYNC,1,1450,2.125,1763721010559579.407	,1763721010559581.532	
0,trans_TransData_55,KERNEL_AIVEC,1,1451,102.291,1763721010559661.053	,1763721010559763.344	
0,AsStrided375,KERNEL_AIVEC,1,1452,16.104,1763721011027608.844	,1763721011027624.948	
0,N/A,MEMCPY_ASYNC,1,1453,2.208,1763721011027793.386	,1763721011027795.594	
0,trans_TransData_55,KERNEL_AIVEC,1,1454,84.395,1763721011027865.053	,1763721011027949.448	
0,AsStrided376,KERNEL_AIVEC,1,1455,16.291,1763721011488638.178	,1763721011488654.469	
0,N/A,MEMCPY_ASYNC,1,1456,2.0,1763721011488809.490	,1763721011488811.490	
0,trans_TransData_55,KERNEL_AIVEC,1,1457,82.833,1763721011488912.678	,1763721011488995.511	
0,AsStrided377,KERNEL_AIVEC,1,1458,16.166,1763721011937321.136	,1763721011937337.302	
0,N/A,MEMCPY_ASYNC,1,1459,2.02,1763721011937493.011	,1763721011937495.031	
0,trans_TransData_55,KERNEL_AIVEC,1,1460,100.083,1763721011937565.282	,1763721011937665.365	
0,AsStrided378,KERNEL_AIVEC,1,1461,16.395,1763721012420557.886	,1763721012420574.281	
0,N/A,MEMCPY_ASYNC,1,1462,2.062,1763721012420748.574	,1763721012420750.636	
0,trans_TransData_55,KERNEL_AIVEC,1,1463,112.0,1763721012420828.074	,1763721012420940.074	
0,AsStrided379,KERNEL_AIVEC,1,1464,16.02,1763721012927585.511	,1763721012927601.531	
0,N/A,MEMCPY_ASYNC,1,1465,2.062,1763721012927764.157	,1763721012927766.219	
0,trans_TransData_55,KERNEL_AIVEC,1,1466,93.666,1763721012927841.824	,1763721012927935.490	
0,AsStrided380,KERNEL_AIVEC,1,1467,15.979,1763721013386186.990	,1763721013386202.969	
0,N/A,MEMCPY_ASYNC,1,1468,2.083,1763721013386375.678	,1763721013386377.761	
0,trans_TransData_55,KERNEL_AIVEC,1,1469,107.604,1763721013386460.761	,1763721013386568.365	
0,AsStrided381,KERNEL_AIVEC,1,1470,16.312,1763721013861190.969	,1763721013861207.281	
0,N/A,MEMCPY_ASYNC,1,1471,2.02,1763721013861354.303	,1763721013861356.323	
0,trans_TransData_55,KERNEL_AIVEC,1,1472,88.104,1763721013861450.219	,1763721013861538.323	
0,AsStrided382,KERNEL_AIVEC,1,1473,16.458,1763721014320417.157	,1763721014320433.615	
0,N/A,MEMCPY_ASYNC,1,1474,2.083,1763721014320593.324	,1763721014320595.407	
0,trans_TransData_55,KERNEL_AIVEC,1,1475,104.708,1763721014320657.199	,1763721014320761.907	
0,AsStrided383,KERNEL_AIVEC,1,1476,16.25,1763721014780745.469	,1763721014780761.719	
0,N/A,MEMCPY_ASYNC,1,1477,2.062,1763721014780900.178	,1763721014780902.240	
0,trans_TransData_55,KERNEL_AIVEC,1,1478,94.812,1763721014780969.136	,1763721014781063.948	
0,AsStrided384,KERNEL_AIVEC,1,1479,16.27,1763721015261130.032	,1763721015261146.302	
0,N/A,MEMCPY_ASYNC,1,1480,2.25,1763721015261557.428	,1763721015261559.678	
0,trans_TransData_55,KERNEL_AIVEC,1,1481,89.937,1763721015261756.907	,1763721015261846.844	
0,AsStrided385,KERNEL_AIVEC,1,1482,16.145,1763721015779608.511	,1763721015779624.656	
0,N/A,MEMCPY_ASYNC,1,1483,2.104,1763721015779768.365	,1763721015779770.469	
0,trans_TransData_55,KERNEL_AIVEC,1,1484,108.77,1763721015779841.761	,1763721015779950.531	
0,AsStrided386,KERNEL_AIVEC,1,1485,16.083,1763721016252109.011	,1763721016252125.094	
0,N/A,MEMCPY_ASYNC,1,1486,2.041,1763721016252281.490	,1763721016252283.531	
0,trans_TransData_55,KERNEL_AIVEC,1,1487,121.125,1763721016252379.324	,1763721016252500.449	
0,AsStrided387,KERNEL_AIVEC,1,1488,16.416,1763721016702987.344	,1763721016703003.760	
0,N/A,MEMCPY_ASYNC,1,1489,2.083,1763721016703185.886	,1763721016703187.969	
0,trans_TransData_55,KERNEL_AIVEC,1,1490,84.416,1763721016703269.074	,1763721016703353.490	
0,AsStrided388,KERNEL_AIVEC,1,1491,16.333,1763721017169785.740	,1763721017169802.073	
0,N/A,MEMCPY_ASYNC,1,1492,2.104,1763721017170131.219	,1763721017170133.323	
0,trans_TransData_55,KERNEL_AIVEC,1,1493,109.125,1763721017170235.136	,1763721017170344.261	
0,AsStrided389,KERNEL_AIVEC,1,1494,15.916,1763721017627191.303	,1763721017627207.219	
0,N/A,MEMCPY_ASYNC,1,1495,2.083,1763721017627448.886	,1763721017627450.969	
0,trans_TransData_55,KERNEL_AIVEC,1,1496,96.375,1763721017627562.115	,1763721017627658.490	
0,AsStrided390,KERNEL_AIVEC,1,1497,15.916,1763721018099409.094	,1763721018099425.010	
0,N/A,MEMCPY_ASYNC,1,1498,2.041,1763721018099606.386	,1763721018099608.427	
0,trans_TransData_55,KERNEL_AIVEC,1,1499,104.416,1763721018099690.074	,1763721018099794.490	
0,AsStrided391,KERNEL_AIVEC,1,1500,16.25,1763721018578508.407	,1763721018578524.657	
0,N/A,MEMCPY_ASYNC,1,1501,2.125,1763721018578697.303	,1763721018578699.428	
0,trans_TransData_55,KERNEL_AIVEC,1,1502,98.729,1763721018578806.532	,1763721018578905.261	
0,AsStrided392,KERNEL_AIVEC,1,1503,16.062,1763721019044006.636	,1763721019044022.698	
0,N/A,MEMCPY_ASYNC,1,1504,2.0,1763721019044179.386	,1763721019044181.386	
0,trans_TransData_55,KERNEL_AIVEC,1,1505,95.875,1763721019044262.699	,1763721019044358.574	
0,AsStrided393,KERNEL_AIVEC,1,1506,16.104,1763721019498875.094	,1763721019498891.198	
0,N/A,MEMCPY_ASYNC,1,1507,2.0,1763721019499155.469	,1763721019499157.469	
0,trans_TransData_55,KERNEL_AIVEC,1,1508,106.562,1763721019499229.303	,1763721019499335.865	
0,AsStrided394,KERNEL_AIVEC,1,1509,16.333,1763721019976609.844	,1763721019976626.177	
0,N/A,MEMCPY_ASYNC,1,1510,2.062,1763721019976782.636	,1763721019976784.698	
0,trans_TransData_55,KERNEL_AIVEC,1,1511,113.708,1763721019976856.928	,1763721019976970.636	
0,AsStrided395,KERNEL_AIVEC,1,1512,16.395,1763721020459017.969	,1763721020459034.364	
0,N/A,MEMCPY_ASYNC,1,1513,2.062,1763721020459120.907	,1763721020459122.969	
0,trans_TransData_55,KERNEL_AIVEC,1,1514,120.541,1763721020459193.469	,1763721020459314.010	
0,AsStrided396,KERNEL_AIVEC,1,1515,16.375,1763721020918336.719	,1763721020918353.094	
0,N/A,MEMCPY_ASYNC,1,1516,2.083,1763721020918512.678	,1763721020918514.761	
0,trans_TransData_55,KERNEL_AIVEC,1,1517,118.687,1763721020918615.761	,1763721020918734.448	
0,AsStrided397,KERNEL_AIVEC,1,1518,16.187,1763721021377933.761	,1763721021377949.948	
0,N/A,MEMCPY_ASYNC,1,1519,2.02,1763721021378089.428	,1763721021378091.448	
0,trans_TransData_55,KERNEL_AIVEC,1,1520,104.312,1763721021378155.657	,1763721021378259.969	
0,AsStrided398,KERNEL_AIVEC,1,1521,16.437,1763721021898751.928	,1763721021898768.365	
0,N/A,MEMCPY_ASYNC,1,1522,2.062,1763721021899000.428	,1763721021899002.490	
0,trans_TransData_55,KERNEL_AIVEC,1,1523,120.062,1763721021899091.136	,1763721021899211.198	
0,AsStrided399,KERNEL_AIVEC,1,1524,16.291,1763721022380016.907	,1763721022380033.198	
0,N/A,MEMCPY_ASYNC,1,1525,2.062,1763721022380192.824	,1763721022380194.886	
0,trans_TransData_55,KERNEL_AIVEC,1,1526,97.104,1763721022380256.553	,1763721022380353.657	
0,AsStrided400,KERNEL_AIVEC,1,1527,16.208,1763721022847073.428	,1763721022847089.636	
0,N/A,MEMCPY_ASYNC,1,1528,2.083,1763721022847249.011	,1763721022847251.094	
0,trans_TransData_55,KERNEL_AIVEC,1,1529,115.25,1763721022847322.178	,1763721022847437.428	
0,AsStrided401,KERNEL_AIVEC,1,1530,16.229,1763721023297041.178	,1763721023297057.407	
0,N/A,MEMCPY_ASYNC,1,1531,2.062,1763721023297216.949	,1763721023297219.011	
0,trans_TransData_55,KERNEL_AIVEC,1,1532,112.479,1763721023297321.219	,1763721023297433.698	
0,AsStrided402,KERNEL_AIVEC,1,1533,15.854,1763721023808470.657	,1763721023808486.511	
0,N/A,MEMCPY_ASYNC,1,1534,2.02,1763721023808659.865	,1763721023808661.885	
0,trans_TransData_55,KERNEL_AIVEC,1,1535,125.354,1763721023808735.969	,1763721023808861.323	
0,AsStrided403,KERNEL_AIVEC,1,1536,16.041,1763721024308110.907	,1763721024308126.948	
0,N/A,MEMCPY_ASYNC,1,1537,2.041,1763721024308316.074	,1763721024308318.115	
0,trans_TransData_55,KERNEL_AIVEC,1,1538,103.229,1763721024308402.053	,1763721024308505.282	
0,AsStrided404,KERNEL_AIVEC,1,1539,16.354,1763721024777557.511	,1763721024777573.865	
0,N/A,MEMCPY_ASYNC,1,1540,2.062,1763721024777718.761	,1763721024777720.823	
0,trans_TransData_55,KERNEL_AIVEC,1,1541,110.854,1763721024777789.907	,1763721024777900.761	
0,AsStrided405,KERNEL_AIVEC,1,1542,16.645,1763721025248700.240	,1763721025248716.885	
0,N/A,MEMCPY_ASYNC,1,1543,2.062,1763721025248878.782	,1763721025248880.844	
0,trans_TransData_55,KERNEL_AIVEC,1,1544,123.187,1763721025248950.428	,1763721025249073.615	
0,AsStrided406,KERNEL_AIVEC,1,1545,16.104,1763721025696570.636	,1763721025696586.740	
0,N/A,MEMCPY_ASYNC,1,1546,2.0,1763721025696735.490	,1763721025696737.490	
0,trans_TransData_55,KERNEL_AIVEC,1,1547,103.708,1763721025696827.657	,1763721025696931.365	
0,AsStrided106,KERNEL_AIVEC,1,1548,14.5,1763721025696931.449	,1763721025696945.949	
0,N/A,MEMCPY_ASYNC,1,1549,1.25,1763721025696946.011	,1763721025696947.261	
0,trans_TransData_55,KERNEL_AIVEC,1,1550,98.0,1763721025696976.719	,1763721025697074.719	
0,AsStrided108,KERNEL_AIVEC,1,1551,14.166,1763721025697074.803	,1763721025697088.969	
0,N/A,MEMCPY_ASYNC,1,1552,1.291,1763721025697089.053	,1763721025697090.344	
0,trans_TransData_55,KERNEL_AIVEC,1,1553,123.229,1763721025697125.178	,1763721025697248.407	
0,AsStrided109,KERNEL_AIVEC,1,1554,14.833,1763721025697248.490	,1763721025697263.323	
0,N/A,MEMCPY_ASYNC,1,1555,1.25,1763721025697263.407	,1763721025697264.657	
0,trans_TransData_55,KERNEL_AIVEC,1,1556,80.958,1763721025697264.740	,1763721025697345.698	
0,AsStrided110,KERNEL_AIVEC,1,1557,14.25,1763721025697345.782	,1763721025697360.032	
0,N/A,MEMCPY_ASYNC,1,1558,1.291,1763721025697360.115	,1763721025697361.406	
0,trans_TransData_55,KERNEL_AIVEC,1,1559,109.479,1763721025697386.407	,1763721025697495.886	
0,AsStrided111,KERNEL_AIVEC,1,1560,14.187,1763721025697495.949	,1763721025697510.136	
0,N/A,MEMCPY_ASYNC,1,1561,1.27,1763721025697510.199	,1763721025697511.469	
0,trans_TransData_55,KERNEL_AIVEC,1,1562,119.958,1763721025697517.115	,1763721025697637.073	
0,AsStrided112,KERNEL_AIVEC,1,1563,13.958,1763721025697637.136	,1763721025697651.094	
0,N/A,MEMCPY_ASYNC,1,1564,1.27,1763721025697651.178	,1763721025697652.448	
0,trans_TransData_55,KERNEL_AIVEC,1,1565,124.145,1763721025697652.532	,1763721025697776.677	
0,AsStrided113,KERNEL_AIVEC,1,1566,14.166,1763721025697776.761	,1763721025697790.927	
0,N/A,MEMCPY_ASYNC,1,1567,1.25,1763721025697790.990	,1763721025697792.240	
0,trans_TransData_55,KERNEL_AIVEC,1,1568,114.77,1763721025697792.324	,1763721025697907.094	
0,AsStrided114,KERNEL_AIVEC,1,1569,14.854,1763721025697907.157	,1763721025697922.011	
0,N/A,MEMCPY_ASYNC,1,1570,1.291,1763721025697922.094	,1763721025697923.385	
0,trans_TransData_55,KERNEL_AIVEC,1,1571,113.354,1763721025697923.469	,1763721025698036.823	
0,AsStrided115,KERNEL_AIVEC,1,1572,14.166,1763721025698036.907	,1763721025698051.073	
0,N/A,MEMCPY_ASYNC,1,1573,1.27,1763721025698051.136	,1763721025698052.406	
0,trans_TransData_55,KERNEL_AIVEC,1,1574,88.791,1763721025698052.490	,1763721025698141.281	
0,AsStrided116,KERNEL_AIVEC,1,1575,13.958,1763721025698141.365	,1763721025698155.323	
0,N/A,MEMCPY_ASYNC,1,1576,1.291,1763721025698155.386	,1763721025698156.677	
0,trans_TransData_55,KERNEL_AIVEC,1,1577,104.5,1763721025698156.761	,1763721025698261.261	
0,AsStrided117,KERNEL_AIVEC,1,1578,14.166,1763721025698261.344	,1763721025698275.510	
0,N/A,MEMCPY_ASYNC,1,1579,1.25,1763721025698275.594	,1763721025698276.844	
0,trans_TransData_55,KERNEL_AIVEC,1,1580,79.437,1763721025698276.928	,1763721025698356.365	
0,AsStrided118,KERNEL_AIVEC,1,1581,14.187,1763721025698356.449	,1763721025698370.636	
0,N/A,MEMCPY_ASYNC,1,1582,1.166,1763721025698370.699	,1763721025698371.865	
0,trans_TransData_55,KERNEL_AIVEC,1,1583,84.77,1763721025698393.011	,1763721025698477.781	
0,AsStrided119,KERNEL_AIVEC,1,1584,14.812,1763721025698477.844	,1763721025698492.656	
0,N/A,MEMCPY_ASYNC,1,1585,1.27,1763721025698492.719	,1763721025698493.989	
0,trans_TransData_55,KERNEL_AIVEC,1,1586,110.229,1763721025698524.594	,1763721025698634.823	
0,AsStrided120,KERNEL_AIVEC,1,1587,14.208,1763721025698634.907	,1763721025698649.115	
0,N/A,MEMCPY_ASYNC,1,1588,1.291,1763721025698649.178	,1763721025698650.469	
0,trans_TransData_55,KERNEL_AIVEC,1,1589,95.395,1763721025698650.532	,1763721025698745.927	
0,AsStrided121,KERNEL_AIVEC,1,1590,14.02,1763721025698746.011	,1763721025698760.031	
0,N/A,MEMCPY_ASYNC,1,1591,1.25,1763721025698760.094	,1763721025698761.344	
0,trans_TransData_55,KERNEL_AIVEC,1,1592,127.75,1763721025698764.032	,1763721025698891.782	
0,AsStrided122,KERNEL_AIVEC,1,1593,14.291,1763721025698891.865	,1763721025698906.156	
0,N/A,MEMCPY_ASYNC,1,1594,1.208,1763721025698966.803	,1763721025698968.011	
0,trans_TransData_55,KERNEL_AIVEC,1,1595,109.041,1763721025698975.365	,1763721025699084.406	
0,AsStrided123,KERNEL_AIVEC,1,1596,14.312,1763721025699084.469	,1763721025699098.781	
0,N/A,MEMCPY_ASYNC,1,1597,1.27,1763721025699098.844	,1763721025699100.114	
0,trans_TransData_55,KERNEL_AIVEC,1,1598,87.52,1763721025699105.699	,1763721025699193.219	
0,AsStrided124,KERNEL_AIVEC,1,1599,14.0,1763721025699193.282	,1763721025699207.282	
0,N/A,MEMCPY_ASYNC,1,1600,1.291,1763721025699207.365	,1763721025699208.656	
0,trans_TransData_55,KERNEL_AIVEC,1,1601,94.145,1763721025699240.032	,1763721025699334.177	
0,AsStrided125,KERNEL_AIVEC,1,1602,14.166,1763721025699334.240	,1763721025699348.406	
0,N/A,MEMCPY_ASYNC,1,1603,1.25,1763721025699348.490	,1763721025699349.740	
0,trans_TransData_55,KERNEL_AIVEC,1,1604,112.416,1763721025699358.178	,1763721025699470.594	
0,AsStrided126,KERNEL_AIVEC,1,1605,14.0,1763721025699470.657	,1763721025699484.657	
0,N/A,MEMCPY_ASYNC,1,1606,1.208,1763721025699484.740	,1763721025699485.948	
0,trans_TransData_55,KERNEL_AIVEC,1,1607,99.0,1763721025699486.011	,1763721025699585.011	
0,AsStrided127,KERNEL_AIVEC,1,1608,14.166,1763721025699585.074	,1763721025699599.240	
0,N/A,MEMCPY_ASYNC,1,1609,1.187,1763721025699599.303	,1763721025699600.490	
0,trans_TransData_55,KERNEL_AIVEC,1,1610,78.666,1763721025699601.928	,1763721025699680.594	
0,AsStrided128,KERNEL_AIVEC,1,1611,14.062,1763721025699680.678	,1763721025699694.740	
0,N/A,MEMCPY_ASYNC,1,1612,1.208,1763721025699694.803	,1763721025699696.011	
0,trans_TransData_55,KERNEL_AIVEC,1,1613,100.416,1763721025699720.907	,1763721025699821.323	
0,AsStrided129,KERNEL_AIVEC,1,1614,14.937,1763721025699821.386	,1763721025699836.323	
0,N/A,MEMCPY_ASYNC,1,1615,1.229,1763721025699836.407	,1763721025699837.636	
0,trans_TransData_55,KERNEL_AIVEC,1,1616,109.562,1763721025699850.324	,1763721025699959.886	
0,AsStrided130,KERNEL_AIVEC,1,1617,14.208,1763721025699959.949	,1763721025699974.157	
0,N/A,MEMCPY_ASYNC,1,1618,1.208,1763721025699974.240	,1763721025699975.448	
0,trans_TransData_55,KERNEL_AIVEC,1,1619,98.02,1763721025699975.511	,1763721025700073.531	
0,AsStrided131,KERNEL_AIVEC,1,1620,13.958,1763721025700073.615	,1763721025700087.573	
0,N/A,MEMCPY_ASYNC,1,1621,1.27,1763721025700087.636	,1763721025700088.906	
0,trans_TransData_55,KERNEL_AIVEC,1,1622,118.27,1763721025700088.969	,1763721025700207.239	
0,AsStrided132,KERNEL_AIVEC,1,1623,14.145,1763721025700207.324	,1763721025700221.469	
0,N/A,MEMCPY_ASYNC,1,1624,1.291,1763721025700221.553	,1763721025700222.844	
0,trans_TransData_55,KERNEL_AIVEC,1,1625,110.833,1763721025700222.907	,1763721025700333.740	
0,AsStrided133,KERNEL_AIVEC,1,1626,14.145,1763721025700333.824	,1763721025700347.969	
0,N/A,MEMCPY_ASYNC,1,1627,1.25,1763721025700348.032	,1763721025700349.282	
0,trans_TransData_55,KERNEL_AIVEC,1,1628,100.395,1763721025700349.365	,1763721025700449.760	
0,AsStrided134,KERNEL_AIVEC,1,1629,15.0,1763721025700449.844	,1763721025700464.844	
0,N/A,MEMCPY_ASYNC,1,1630,1.291,1763721025700464.928	,1763721025700466.219	
0,trans_TransData_55,KERNEL_AIVEC,1,1631,95.729,1763721025700466.282	,1763721025700562.011	
0,AsStrided135,KERNEL_AIVEC,1,1632,13.958,1763721025700562.074	,1763721025700576.032	
0,N/A,MEMCPY_ASYNC,1,1633,1.27,1763721025700576.094	,1763721025700577.364	
0,trans_TransData_55,KERNEL_AIVEC,1,1634,97.625,1763721025700581.240	,1763721025700678.865	
0,AsStrided136,KERNEL_AIVEC,1,1635,14.187,1763721025700678.928	,1763721025700693.115	
0,N/A,MEMCPY_ASYNC,1,1636,1.291,1763721025700693.199	,1763721025700694.490	
0,trans_TransData_55,KERNEL_AIVEC,1,1637,112.437,1763721025700813.136	,1763721025700925.573	
0,AsStrided137,KERNEL_AIVEC,1,1638,14.52,1763721025700925.657	,1763721025700940.177	
0,N/A,MEMCPY_ASYNC,1,1639,1.25,1763721025700940.240	,1763721025700941.490	
0,trans_TransData_55,KERNEL_AIVEC,1,1640,108.75,1763721025700948.990	,1763721025701057.740	
0,AsStrided138,KERNEL_AIVEC,1,1641,14.041,1763721025701057.824	,1763721025701071.865	
0,N/A,MEMCPY_ASYNC,1,1642,1.208,1763721025701071.949	,1763721025701073.157	
0,trans_TransData_55,KERNEL_AIVEC,1,1643,80.875,1763721025701073.240	,1763721025701154.115	
0,AsStrided139,KERNEL_AIVEC,1,1644,14.187,1763721025701154.178	,1763721025701168.365	
0,N/A,MEMCPY_ASYNC,1,1645,1.25,1763721025701168.428	,1763721025701169.678	
0,trans_TransData_55,KERNEL_AIVEC,1,1646,117.75,1763721025701204.219	,1763721025701321.969	
0,AsStrided140,KERNEL_AIVEC,1,1647,13.958,1763721025701322.032	,1763721025701335.990	
0,N/A,MEMCPY_ASYNC,1,1648,1.291,1763721025701336.053	,1763721025701337.344	
0,trans_TransData_55,KERNEL_AIVEC,1,1649,92.479,1763721025701337.428	,1763721025701429.907	
0,AsStrided141,KERNEL_AIVEC,1,1650,14.166,1763721025701429.990	,1763721025701444.156	
0,N/A,MEMCPY_ASYNC,1,1651,1.25,1763721025701444.240	,1763721025701445.490	
0,trans_TransData_55,KERNEL_AIVEC,1,1652,107.666,1763721025701445.553	,1763721025701553.219	
0,AsStrided142,KERNEL_AIVEC,1,1653,13.958,1763721025701553.282	,1763721025701567.240	
0,N/A,MEMCPY_ASYNC,1,1654,1.291,1763721025701567.303	,1763721025701568.594	
0,trans_TransData_55,KERNEL_AIVEC,1,1655,92.687,1763721025701568.678	,1763721025701661.365	
0,AsStrided143,KERNEL_AIVEC,1,1656,14.166,1763721025701661.449	,1763721025701675.615	
0,N/A,MEMCPY_ASYNC,1,1657,1.27,1763721025701675.699	,1763721025701676.969	
0,trans_TransData_55,KERNEL_AIVEC,1,1658,104.208,1763721025701679.407	,1763721025701783.615	
0,AsStrided144,KERNEL_AIVEC,1,1659,14.166,1763721025701783.699	,1763721025701797.865	
0,N/A,MEMCPY_ASYNC,1,1660,1.291,1763721025701797.949	,1763721025701799.240	
0,trans_TransData_55,KERNEL_AIVEC,1,1661,95.52,1763721025701802.553	,1763721025701898.073	
0,AsStrided145,KERNEL_AIVEC,1,1662,13.979,1763721025701898.136	,1763721025701912.115	
0,N/A,MEMCPY_ASYNC,1,1663,1.125,1763721025701912.178	,1763721025701913.303	
0,trans_TransData_55,KERNEL_AIVEC,1,1664,88.583,1763721025703203.553	,1763721025703292.136	
0,AsStrided146,KERNEL_AIVEC,1,1665,14.604,1763721025703309.699	,1763721025703324.303	
0,N/A,MEMCPY_ASYNC,1,1666,1.166,1763721025703357.574	,1763721025703358.740	
0,trans_TransData_55,KERNEL_AIVEC,1,1667,88.354,1763721025703410.761	,1763721025703499.115	
0,AsStrided147,KERNEL_AIVEC,1,1668,13.979,1763721025703499.199	,1763721025703513.178	
0,N/A,MEMCPY_ASYNC,1,1669,1.145,1763721025703513.240	,1763721025703514.385	
0,trans_TransData_55,KERNEL_AIVEC,1,1670,94.062,1763721025703543.865	,1763721025703637.927	
0,AsStrided148,KERNEL_AIVEC,1,1671,14.208,1763721025703637.990	,1763721025703652.198	
0,N/A,MEMCPY_ASYNC,1,1672,1.166,1763721025703652.261	,1763721025703653.427	
0,trans_TransData_55,KERNEL_AIVEC,1,1673,90.708,1763721025703664.178	,1763721025703754.886	
0,AsStrided149,KERNEL_AIVEC,1,1674,14.166,1763721025703754.949	,1763721025703769.115	
0,N/A,MEMCPY_ASYNC,1,1675,1.125,1763721025703769.199	,1763721025703770.324	
0,trans_TransData_55,KERNEL_AIVEC,1,1676,98.229,1763721025703797.136	,1763721025703895.365	
0,AsStrided150,KERNEL_AIVEC,1,1677,13.979,1763721025703895.449	,1763721025703909.428	
0,N/A,MEMCPY_ASYNC,1,1678,1.145,1763721025703909.511	,1763721025703910.656	
0,trans_TransData_55,KERNEL_AIVEC,1,1679,79.041,1763721025703918.990	,1763721025703998.031	
0,AsStrided151,KERNEL_AIVEC,1,1680,14.541,1763721025703998.094	,1763721025704012.635	
0,N/A,MEMCPY_ASYNC,1,1681,1.166,1763721025704012.699	,1763721025704013.865	
0,trans_TransData_55,KERNEL_AIVEC,1,1682,79.708,1763721025704049.428	,1763721025704129.136	
0,AsStrided152,KERNEL_AIVEC,1,1683,14.562,1763721025704129.199	,1763721025704143.761	
0,N/A,MEMCPY_ASYNC,1,1684,1.166,1763721025704148.449	,1763721025704149.615	
0,trans_TransData_55,KERNEL_AIVEC,1,1685,103.458,1763721025704185.074	,1763721025704288.532	
0,AsStrided153,KERNEL_AIVEC,1,1686,14.166,1763721025704288.615	,1763721025704302.781	
0,N/A,MEMCPY_ASYNC,1,1687,1.125,1763721025704302.865	,1763721025704303.990	
0,trans_TransData_55,KERNEL_AIVEC,1,1688,110.208,1763721025704309.615	,1763721025704419.823	
0,AsStrided154,KERNEL_AIVEC,1,1689,13.937,1763721025704419.907	,1763721025704433.844	
0,N/A,MEMCPY_ASYNC,1,1690,1.166,1763721025704433.928	,1763721025704435.094	
0,trans_TransData_55,KERNEL_AIVEC,1,1691,95.02,1763721025704438.782	,1763721025704533.802	
0,AsStrided155,KERNEL_AIVEC,1,1692,14.437,1763721025704533.865	,1763721025704548.302	
0,N/A,MEMCPY_ASYNC,1,1693,1.125,1763721025704548.386	,1763721025704549.511	
0,trans_TransData_55,KERNEL_AIVEC,1,1694,79.958,1763721025704567.282	,1763721025704647.240	
0,AsStrided156,KERNEL_AIVEC,1,1695,14.333,1763721025704647.324	,1763721025704661.657	
0,N/A,MEMCPY_ASYNC,1,1696,1.125,1763721025704661.928	,1763721025704663.053	
0,trans_TransData_55,KERNEL_AIVEC,1,1697,94.416,1763721025704698.261	,1763721025704792.677	
0,AsStrided157,KERNEL_AIVEC,1,1698,14.0,1763721025704792.761	,1763721025704806.761	
0,N/A,MEMCPY_ASYNC,1,1699,1.104,1763721025704806.844	,1763721025704807.948	
0,trans_TransData_55,KERNEL_AIVEC,1,1700,92.395,1763721025704830.699	,1763721025704923.094	
0,AsStrided158,KERNEL_AIVEC,1,1701,14.187,1763721025704923.157	,1763721025704937.344	
0,N/A,MEMCPY_ASYNC,1,1702,1.166,1763721025704937.407	,1763721025704938.573	
0,trans_TransData_55,KERNEL_AIVEC,1,1703,108.02,1763721025704982.844	,1763721025705090.864	
0,AsStrided159,KERNEL_AIVEC,1,1704,14.312,1763721025705090.928	,1763721025705105.240	
0,N/A,MEMCPY_ASYNC,1,1705,1.125,1763721025705105.324	,1763721025705106.449	
0,trans_TransData_55,KERNEL_AIVEC,1,1706,80.395,1763721025705121.719	,1763721025705202.114	
0,AsStrided160,KERNEL_AIVEC,1,1707,14.166,1763721025705202.199	,1763721025705216.365	
0,N/A,MEMCPY_ASYNC,1,1708,1.145,1763721025705216.449	,1763721025705217.594	
0,trans_TransData_55,KERNEL_AIVEC,1,1709,117.125,1763721025705246.678	,1763721025705363.803	
0,AsStrided161,KERNEL_AIVEC,1,1710,13.958,1763721025705434.365	,1763721025705448.323	
0,N/A,MEMCPY_ASYNC,1,1711,1.104,1763721025705485.428	,1763721025705486.532	
0,trans_TransData_55,KERNEL_AIVEC,1,1712,79.25,1763721025705529.511	,1763721025705608.761	
0,AsStrided162,KERNEL_AIVEC,1,1713,14.27,1763721025705608.844	,1763721025705623.114	
0,N/A,MEMCPY_ASYNC,1,1714,1.187,1763721025705629.157	,1763721025705630.344	
0,trans_TransData_55,KERNEL_AIVEC,1,1715,94.604,1763721025705665.094	,1763721025705759.698	
0,AsStrided163,KERNEL_AIVEC,1,1716,14.333,1763721025705759.782	,1763721025705774.115	
0,N/A,MEMCPY_ASYNC,1,1717,1.145,1763721025705774.178	,1763721025705775.323	
0,trans_TransData_55,KERNEL_AIVEC,1,1718,93.041,1763721025705786.490	,1763721025705879.531	
0,AsStrided164,KERNEL_AIVEC,1,1719,14.083,1763721025705879.615	,1763721025705893.698	
0,N/A,MEMCPY_ASYNC,1,1720,1.145,1763721025705893.782	,1763721025705894.927	
0,trans_TransData_55,KERNEL_AIVEC,1,1721,108.52,1763721025705914.407	,1763721025706022.927	
0,AsStrided165,KERNEL_AIVEC,1,1722,14.333,1763721025706022.990	,1763721025706037.323	
0,N/A,MEMCPY_ASYNC,1,1723,1.166,1763721025706037.386	,1763721025706038.552	
0,trans_TransData_55,KERNEL_AIVEC,1,1724,117.187,1763721025706041.053	,1763721025706158.240	
0,AsStrided166,KERNEL_AIVEC,1,1725,14.166,1763721025706158.303	,1763721025706172.469	
0,N/A,MEMCPY_ASYNC,1,1726,1.145,1763721025706172.553	,1763721025706173.698	
0,trans_TransData_55,KERNEL_AIVEC,1,1727,103.979,1763721025706173.782	,1763721025706277.761	
0,AsStrided167,KERNEL_AIVEC,1,1728,14.187,1763721025706277.824	,1763721025706292.011	
0,N/A,MEMCPY_ASYNC,1,1729,1.125,1763721025706292.094	,1763721025706293.219	
0,trans_TransData_55,KERNEL_AIVEC,1,1730,117.812,1763721025706295.178	,1763721025706412.990	
0,AsStrided168,KERNEL_AIVEC,1,1731,14.354,1763721025706413.053	,1763721025706427.407	
0,N/A,MEMCPY_ASYNC,1,1732,1.166,1763721025706427.469	,1763721025706428.635	
0,trans_TransData_55,KERNEL_AIVEC,1,1733,119.229,1763721025706428.719	,1763721025706547.948	
0,AsStrided169,KERNEL_AIVEC,1,1734,14.041,1763721025706548.011	,1763721025706562.052	
0,N/A,MEMCPY_ASYNC,1,1735,1.166,1763721025706562.136	,1763721025706563.302	
0,trans_TransData_55,KERNEL_AIVEC,1,1736,113.083,1763721025706577.719	,1763721025706690.802	
0,AsStrided170,KERNEL_AIVEC,1,1737,14.166,1763721025706690.886	,1763721025706705.052	
0,N/A,MEMCPY_ASYNC,1,1738,1.062,1763721025706705.136	,1763721025706706.198	
0,trans_TransData_55,KERNEL_AIVEC,1,1739,92.541,1763721025706706.282	,1763721025706798.823	
0,AsStrided171,KERNEL_AIVEC,1,1740,14.354,1763721025706798.907	,1763721025706813.261	
0,N/A,MEMCPY_ASYNC,1,1741,1.166,1763721025706813.324	,1763721025706814.490	
0,trans_TransData_55,KERNEL_AIVEC,1,1742,90.708,1763721025706879.469	,1763721025706970.177	
0,AsStrided172,KERNEL_AIVEC,1,1743,14.187,1763721025706970.240	,1763721025706984.427	
0,N/A,MEMCPY_ASYNC,1,1744,1.166,1763721025706985.761	,1763721025706986.927	
0,trans_TransData_55,KERNEL_AIVEC,1,1745,97.541,1763721025707024.240	,1763721025707121.781	
0,AsStrided173,KERNEL_AIVEC,1,1746,14.062,1763721025707121.844	,1763721025707135.906	
0,N/A,MEMCPY_ASYNC,1,1747,1.166,1763721025707135.990	,1763721025707137.156	
0,trans_TransData_55,KERNEL_AIVEC,1,1748,88.77,1763721025707152.469	,1763721025707241.239	
0,AsStrided174,KERNEL_AIVEC,1,1749,14.27,1763721025707241.324	,1763721025707255.594	
0,N/A,MEMCPY_ASYNC,1,1750,1.145,1763721025707255.678	,1763721025707256.823	
0,trans_TransData_55,KERNEL_AIVEC,1,1751,92.812,1763721025707284.178	,1763721025707376.990	
0,AsStrided175,KERNEL_AIVEC,1,1752,14.187,1763721025707377.074	,1763721025707391.261	
0,N/A,MEMCPY_ASYNC,1,1753,1.125,1763721025707391.344	,1763721025707392.469	
0,trans_TransData_55,KERNEL_AIVEC,1,1754,79.687,1763721025707409.865	,1763721025707489.552	
0,AsStrided176,KERNEL_AIVEC,1,1755,13.958,1763721025707489.636	,1763721025707503.594	
0,N/A,MEMCPY_ASYNC,1,1756,1.145,1763721025707503.678	,1763721025707504.823	
0,trans_TransData_55,KERNEL_AIVEC,1,1757,97.187,1763721025707522.303	,1763721025707619.490	
0,AsStrided177,KERNEL_AIVEC,1,1758,14.916,1763721025707755.261	,1763721025707770.177	
0,N/A,MEMCPY_ASYNC,1,1759,1.125,1763721025707807.761	,1763721025707808.886	
0,trans_TransData_55,KERNEL_AIVEC,1,1760,95.041,1763721025707839.740	,1763721025707934.781	
0,AsStrided178,KERNEL_AIVEC,1,1761,14.25,1763721025707934.865	,1763721025707949.115	
0,N/A,MEMCPY_ASYNC,1,1762,1.145,1763721025707949.199	,1763721025707950.344	
0,trans_TransData_55,KERNEL_AIVEC,1,1763,91.895,1763721025707962.261	,1763721025708054.156	
0,AsStrided179,KERNEL_AIVEC,1,1764,14.187,1763721025708054.219	,1763721025708068.406	
0,N/A,MEMCPY_ASYNC,1,1765,1.125,1763721025709365.386	,1763721025709366.511	
0,trans_TransData_55,KERNEL_AIVEC,1,1766,95.729,1763721025709546.636	,1763721025709642.365	
0,AsStrided180,KERNEL_AIVEC,1,1767,14.062,1763721025709642.449	,1763721025709656.511	
0,N/A,MEMCPY_ASYNC,1,1768,1.145,1763721025709670.553	,1763721025709671.698	
0,trans_TransData_55,KERNEL_AIVEC,1,1769,95.437,1763721025709717.282	,1763721025709812.719	
0,AsStrided181,KERNEL_AIVEC,1,1770,14.208,1763721025709812.803	,1763721025709827.011	
0,N/A,MEMCPY_ASYNC,1,1771,1.166,1763721025709827.094	,1763721025709828.260	
0,trans_TransData_55,KERNEL_AIVEC,1,1772,100.645,1763721025709847.719	,1763721025709948.364	
0,AsStrided182,KERNEL_AIVEC,1,1773,14.229,1763721025709948.449	,1763721025709962.678	
0,N/A,MEMCPY_ASYNC,1,1774,1.166,1763721025709962.761	,1763721025709963.927	
0,trans_TransData_55,KERNEL_AIVEC,1,1775,91.395,1763721025709988.386	,1763721025710079.781	
0,AsStrided183,KERNEL_AIVEC,1,1776,14.0,1763721025710079.844	,1763721025710093.844	
0,N/A,MEMCPY_ASYNC,1,1777,1.125,1763721025710093.928	,1763721025710095.053	
0,trans_TransData_55,KERNEL_AIVEC,1,1778,105.333,1763721025710115.990	,1763721025710221.323	
0,AsStrided184,KERNEL_AIVEC,1,1779,14.5,1763721025710221.407	,1763721025710235.907	
0,N/A,MEMCPY_ASYNC,1,1780,1.166,1763721025710235.990	,1763721025710237.156	
0,trans_TransData_55,KERNEL_AIVEC,1,1781,94.125,1763721025710251.011	,1763721025710345.136	
0,AsStrided185,KERNEL_AIVEC,1,1782,14.083,1763721025710345.219	,1763721025710359.302	
0,N/A,MEMCPY_ASYNC,1,1783,2.041,1763721025710359.386	,1763721025710361.427	
0,trans_TransData_55,KERNEL_AIVEC,1,1784,79.687,1763721025710382.094	,1763721025710461.781	
0,AsStrided186,KERNEL_AIVEC,1,1785,14.416,1763721025710461.865	,1763721025710476.281	
0,N/A,MEMCPY_ASYNC,1,1786,1.208,1763721025710476.344	,1763721025710477.552	
0,trans_TransData_55,KERNEL_AIVEC,1,1787,109.187,1763721025710507.574	,1763721025710616.761	
0,AsStrided187,KERNEL_AIVEC,1,1788,14.77,1763721025710715.199	,1763721025710729.969	
0,N/A,MEMCPY_ASYNC,1,1789,1.208,1763721025710770.865	,1763721025710772.073	
0,trans_TransData_55,KERNEL_AIVEC,1,1790,95.875,1763721025710839.532	,1763721025710935.407	
0,AsStrided188,KERNEL_AIVEC,1,1791,14.0,1763721025711151.574	,1763721025711165.574	
0,N/A,MEMCPY_ASYNC,1,1792,1.187,1763721025711219.615	,1763721025711220.802	
0,trans_TransData_55,KERNEL_AIVEC,1,1793,90.125,1763721025711270.469	,1763721025711360.594	
0,AsStrided189,KERNEL_AIVEC,1,1794,14.666,1763721025711360.657	,1763721025711375.323	
0,N/A,MEMCPY_ASYNC,1,1795,1.25,1763721025711376.428	,1763721025711377.678	
0,trans_TransData_55,KERNEL_AIVEC,1,1796,82.458,1763721025711448.824	,1763721025711531.282	
0,AsStrided190,KERNEL_AIVEC,1,1797,14.083,1763721025711531.344	,1763721025711545.427	
0,N/A,MEMCPY_ASYNC,1,1798,1.229,1763721025711561.844	,1763721025711563.073	
0,trans_TransData_55,KERNEL_AIVEC,1,1799,79.583,1763721025711603.511	,1763721025711683.094	
0,AsStrided191,KERNEL_AIVEC,1,1800,14.375,1763721025711683.178	,1763721025711697.553	
0,N/A,MEMCPY_ASYNC,1,1801,1.208,1763721025711697.615	,1763721025711698.823	
0,trans_TransData_55,KERNEL_AIVEC,1,1802,90.291,1763721025711735.157	,1763721025711825.448	
0,AsStrided192,KERNEL_AIVEC,1,1803,14.062,1763721025711841.844	,1763721025711855.906	
0,N/A,MEMCPY_ASYNC,1,1804,1.27,1763721025711902.782	,1763721025711904.052	
0,trans_TransData_55,KERNEL_AIVEC,1,1805,98.437,1763721025711948.261	,1763721025712046.698	
0,AsStrided193,KERNEL_AIVEC,1,1806,14.5,1763721025712046.782	,1763721025712061.282	
0,N/A,MEMCPY_ASYNC,1,1807,1.25,1763721025712061.365	,1763721025712062.615	
0,trans_TransData_55,KERNEL_AIVEC,1,1808,109.666,1763721025712087.886	,1763721025712197.552	
0,AsStrided194,KERNEL_AIVEC,1,1809,14.27,1763721025712197.615	,1763721025712211.885	
0,N/A,MEMCPY_ASYNC,1,1810,1.208,1763721025712211.969	,1763721025712213.177	
0,trans_TransData_55,KERNEL_AIVEC,1,1811,104.333,1763721025712213.240	,1763721025712317.573	
0,AsStrided195,KERNEL_AIVEC,1,1812,14.166,1763721025712317.657	,1763721025712331.823	
0,N/A,MEMCPY_ASYNC,1,1813,1.166,1763721025712331.907	,1763721025712333.073	
0,trans_TransData_55,KERNEL_AIVEC,1,1814,95.854,1763721025712338.553	,1763721025712434.407	
0,AsStrided196,KERNEL_AIVEC,1,1815,14.166,1763721025712434.469	,1763721025712448.635	
0,N/A,MEMCPY_ASYNC,1,1816,1.208,1763721025712448.719	,1763721025712449.927	
0,trans_TransData_55,KERNEL_AIVEC,1,1817,110.479,1763721025712483.074	,1763721025712593.553	
0,AsStrided197,KERNEL_AIVEC,1,1818,14.166,1763721025712593.615	,1763721025712607.781	
0,N/A,MEMCPY_ASYNC,1,1819,1.25,1763721025712607.844	,1763721025712609.094	
0,trans_TransData_55,KERNEL_AIVEC,1,1820,103.479,1763721025712616.761	,1763721025712720.240	
0,AsStrided198,KERNEL_AIVEC,1,1821,14.187,1763721025712720.324	,1763721025712734.511	
0,N/A,MEMCPY_ASYNC,1,1822,1.208,1763721025712734.574	,1763721025712735.782	
0,trans_TransData_55,KERNEL_AIVEC,1,1823,93.437,1763721025712738.094	,1763721025712831.531	
0,AsStrided199,KERNEL_AIVEC,1,1824,14.02,1763721025712831.615	,1763721025712845.635	
0,N/A,MEMCPY_ASYNC,1,1825,1.25,1763721025712845.719	,1763721025712846.969	
0,trans_TransData_55,KERNEL_AIVEC,1,1826,109.479,1763721025712865.865	,1763721025712975.344	
0,AsStrided200,KERNEL_AIVEC,1,1827,14.5,1763721025712975.407	,1763721025712989.907	
0,N/A,MEMCPY_ASYNC,1,1828,1.291,1763721025712989.969	,1763721025712991.260	
0,trans_TransData_55,KERNEL_AIVEC,1,1829,93.541,1763721025712991.344	,1763721025713084.885	
0,AsStrided201,KERNEL_AIVEC,1,1830,14.187,1763721025713084.949	,1763721025713099.136	
0,N/A,MEMCPY_ASYNC,1,1831,1.25,1763721025713099.199	,1763721025713100.449	
0,trans_TransData_55,KERNEL_AIVEC,1,1832,79.854,1763721025713107.844	,1763721025713187.698	
0,AsStrided202,KERNEL_AIVEC,1,1833,13.979,1763721025713187.782	,1763721025713201.761	
0,N/A,MEMCPY_ASYNC,1,1834,1.208,1763721025713202.719	,1763721025713203.927	
0,trans_TransData_55,KERNEL_AIVEC,1,1835,94.145,1763721025713237.574	,1763721025713331.719	
0,AsStrided203,KERNEL_AIVEC,1,1836,14.27,1763721025713331.803	,1763721025713346.073	
0,N/A,MEMCPY_ASYNC,1,1837,1.187,1763721025713346.136	,1763721025713347.323	
0,trans_TransData_55,KERNEL_AIVEC,1,1838,89.895,1763721025713366.678	,1763721025713456.573	
0,AsStrided204,KERNEL_AIVEC,1,1839,14.125,1763721025713456.657	,1763721025713470.782	
0,N/A,MEMCPY_ASYNC,1,1840,1.187,1763721025713470.865	,1763721025713472.052	
0,trans_TransData_55,KERNEL_AIVEC,1,1841,97.604,1763721025713489.407	,1763721025713587.011	
0,AsStrided205,KERNEL_AIVEC,1,1842,14.375,1763721025713587.094	,1763721025713601.469	
0,N/A,MEMCPY_ASYNC,1,1843,1.25,1763721025713601.532	,1763721025713602.782	
0,trans_TransData_55,KERNEL_AIVEC,1,1844,110.395,1763721025713610.157	,1763721025713720.552	
0,AsStrided206,KERNEL_AIVEC,1,1845,13.979,1763721025713720.636	,1763721025713734.615	
0,N/A,MEMCPY_ASYNC,1,1846,1.208,1763721025713734.678	,1763721025713735.886	
0,trans_TransData_55,KERNEL_AIVEC,1,1847,97.062,1763721025713735.969	,1763721025713833.031	
0,AsStrided207,KERNEL_AIVEC,1,1848,14.291,1763721025714196.011	,1763721025714210.302	
0,N/A,MEMCPY_ASYNC,1,1849,1.25,1763721025714282.261	,1763721025714283.511	
0,trans_TransData_55,KERNEL_AIVEC,1,1850,112.229,1763721025714350.053	,1763721025714462.282	
0,AsStrided208,KERNEL_AIVEC,1,1851,15.145,1763721025714462.344	,1763721025714477.489	
0,N/A,MEMCPY_ASYNC,1,1852,1.291,1763721025715819.990	,1763721025715821.281	
0,trans_TransData_55,KERNEL_AIVEC,1,1853,88.666,1763721025716000.344	,1763721025716089.010	
0,AsStrided209,KERNEL_AIVEC,1,1854,14.895,1763721025716089.094	,1763721025716103.989	
0,N/A,MEMCPY_ASYNC,1,1855,1.25,1763721025716131.844	,1763721025716133.094	
0,trans_TransData_55,KERNEL_AIVEC,1,1856,85.062,1763721025716192.449	,1763721025716277.511	
0,AsStrided210,KERNEL_AIVEC,1,1857,14.354,1763721025716357.719	,1763721025716372.073	
0,N/A,MEMCPY_ASYNC,1,1858,1.291,1763721025716407.928	,1763721025716409.219	
0,trans_TransData_55,KERNEL_AIVEC,1,1859,124.333,1763721025716454.303	,1763721025716578.636	
0,AsStrided211,KERNEL_AIVEC,1,1860,14.0,1763721025716578.719	,1763721025716592.719	
0,N/A,MEMCPY_ASYNC,1,1861,1.27,1763721025716592.782	,1763721025716594.052	
0,trans_TransData_55,KERNEL_AIVEC,1,1862,86.854,1763721025716594.136	,1763721025716680.990	
0,AsStrided212,KERNEL_AIVEC,1,1863,14.208,1763721025716681.074	,1763721025716695.282	
0,N/A,MEMCPY_ASYNC,1,1864,1.291,1763721025717280.803	,1763721025717282.094	
0,trans_TransData_55,KERNEL_AIVEC,1,1865,97.979,1763721025717380.719	,1763721025717478.698	
0,AsStrided213,KERNEL_AIVEC,1,1866,14.458,1763721025717478.761	,1763721025717493.219	
0,N/A,MEMCPY_ASYNC,1,1867,1.25,1763721025717493.303	,1763721025717494.553	
0,trans_TransData_55,KERNEL_AIVEC,1,1868,91.083,1763721025717534.615	,1763721025717625.698	
0,AsStrided214,KERNEL_AIVEC,1,1869,14.125,1763721025717625.761	,1763721025717639.886	
0,N/A,MEMCPY_ASYNC,1,1870,1.229,1763721025717639.969	,1763721025717641.198	
0,trans_TransData_55,KERNEL_AIVEC,1,1871,92.5,1763721025717692.949	,1763721025717785.449	
0,AsStrided215,KERNEL_AIVEC,1,1872,14.833,1763721025717785.532	,1763721025717800.365	
0,N/A,MEMCPY_ASYNC,1,1873,1.27,1763721025717800.428	,1763721025717801.698	
0,trans_TransData_55,KERNEL_AIVEC,1,1874,78.812,1763721025717827.865	,1763721025717906.677	
0,AsStrided216,KERNEL_AIVEC,1,1875,15.062,1763721025717906.761	,1763721025717921.823	
0,N/A,MEMCPY_ASYNC,1,1876,1.312,1763721025717921.907	,1763721025717923.219	
0,trans_TransData_55,KERNEL_AIVEC,1,1877,86.645,1763721025717956.469	,1763721025718043.114	
0,AsStrided217,KERNEL_AIVEC,1,1878,14.312,1763721025718043.199	,1763721025718057.511	
0,N/A,MEMCPY_ASYNC,1,1879,1.25,1763721025718057.782	,1763721025718059.032	
0,trans_TransData_55,KERNEL_AIVEC,1,1880,94.395,1763721025718097.199	,1763721025718191.594	
0,AsStrided218,KERNEL_AIVEC,1,1881,14.0,1763721025718191.678	,1763721025718205.678	
0,N/A,MEMCPY_ASYNC,1,1882,1.083,1763721025718205.740	,1763721025718206.823	
0,trans_TransData_55,KERNEL_AIVEC,1,1883,119.583,1763721025718219.344	,1763721025718338.927	
0,AsStrided219,KERNEL_AIVEC,1,1884,14.166,1763721025718339.011	,1763721025718353.177	
0,N/A,MEMCPY_ASYNC,1,1885,1.166,1763721025718353.261	,1763721025718354.427	
0,trans_TransData_55,KERNEL_AIVEC,1,1886,80.479,1763721025718354.511	,1763721025718434.990	
0,AsStrided220,KERNEL_AIVEC,1,1887,14.208,1763721025718435.074	,1763721025718449.282	
0,N/A,MEMCPY_ASYNC,1,1888,1.187,1763721025718449.365	,1763721025718450.552	
0,trans_TransData_55,KERNEL_AIVEC,1,1889,105.645,1763721025718464.657	,1763721025718570.302	
0,AsStrided221,KERNEL_AIVEC,1,1890,13.958,1763721025718570.365	,1763721025718584.323	
0,N/A,MEMCPY_ASYNC,1,1891,1.229,1763721025718584.407	,1763721025718585.636	
0,trans_TransData_55,KERNEL_AIVEC,1,1892,94.791,1763721025718585.719	,1763721025718680.510	
0,AsStrided222,KERNEL_AIVEC,1,1893,14.333,1763721025718680.574	,1763721025718694.907	
0,N/A,MEMCPY_ASYNC,1,1894,1.187,1763721025718694.990	,1763721025718696.177	
0,trans_TransData_55,KERNEL_AIVEC,1,1895,113.666,1763721025718709.407	,1763721025718823.073	
0,AsStrided223,KERNEL_AIVEC,1,1896,14.458,1763721025718823.136	,1763721025718837.594	
0,N/A,MEMCPY_ASYNC,1,1897,1.187,1763721025718837.678	,1763721025718838.865	
0,trans_TransData_55,KERNEL_AIVEC,1,1898,109.354,1763721025718850.365	,1763721025718959.719	
0,AsStrided224,KERNEL_AIVEC,1,1899,14.437,1763721025718961.157	,1763721025718975.594	
0,N/A,MEMCPY_ASYNC,1,1900,1.208,1763721025718992.594	,1763721025718993.802	
0,trans_TransData_55,KERNEL_AIVEC,1,1901,98.458,1763721025719035.761	,1763721025719134.219	
0,AsStrided225,KERNEL_AIVEC,1,1902,14.625,1763721025719134.282	,1763721025719148.907	
0,N/A,MEMCPY_ASYNC,1,1903,1.25,1763721025719148.990	,1763721025719150.240	
0,trans_TransData_55,KERNEL_AIVEC,1,1904,114.604,1763721025719158.490	,1763721025719273.094	
0,AsStrided226,KERNEL_AIVEC,1,1905,14.166,1763721025719273.178	,1763721025719287.344	
0,N/A,MEMCPY_ASYNC,1,1906,1.208,1763721025719287.428	,1763721025719288.636	
0,trans_TransData_55,KERNEL_AIVEC,1,1907,123.187,1763721025719288.719	,1763721025719411.906	
0,AsStrided227,KERNEL_AIVEC,1,1908,14.166,1763721025719411.969	,1763721025719426.135	
0,N/A,MEMCPY_ASYNC,1,1909,1.208,1763721025719426.219	,1763721025719427.427	
0,trans_TransData_55,KERNEL_AIVEC,1,1910,101.333,1763721025719427.490	,1763721025719528.823	
0,AsStrided228,KERNEL_AIVEC,1,1911,13.958,1763721025719528.907	,1763721025719542.865	
0,N/A,MEMCPY_ASYNC,1,1912,1.208,1763721025719542.928	,1763721025719544.136	
0,trans_TransData_55,KERNEL_AIVEC,1,1913,110.604,1763721025719544.199	,1763721025719654.803	
0,AsStrided229,KERNEL_AIVEC,1,1914,14.541,1763721025719654.865	,1763721025719669.406	
0,N/A,MEMCPY_ASYNC,1,1915,1.291,1763721025719669.490	,1763721025719670.781	
0,trans_TransData_55,KERNEL_AIVEC,1,1916,116.75,1763721025719670.865	,1763721025719787.615	
0,AsStrided230,KERNEL_AIVEC,1,1917,14.166,1763721025719787.678	,1763721025719801.844	
0,N/A,MEMCPY_ASYNC,1,1918,1.208,1763721025719801.928	,1763721025719803.136	
0,trans_TransData_55,KERNEL_AIVEC,1,1919,81.229,1763721025719803.219	,1763721025719884.448	
0,AsStrided231,KERNEL_AIVEC,1,1920,14.041,1763721025719884.532	,1763721025719898.573	
0,N/A,MEMCPY_ASYNC,1,1921,1.25,1763721025719898.657	,1763721025719899.907	
0,trans_TransData_55,KERNEL_AIVEC,1,1922,102.187,1763721025719899.990	,1763721025720002.177	
0,AsStrided232,KERNEL_AIVEC,1,1923,14.187,1763721025720002.240	,1763721025720016.427	
0,N/A,MEMCPY_ASYNC,1,1924,1.291,1763721025720016.490	,1763721025720017.781	
0,trans_TransData_55,KERNEL_AIVEC,1,1925,92.875,1763721025720017.844	,1763721025720110.719	
0,AsStrided233,KERNEL_AIVEC,1,1926,14.041,1763721025720110.782	,1763721025720124.823	
0,N/A,MEMCPY_ASYNC,1,1927,1.166,1763721025720124.907	,1763721025720126.073	
0,trans_TransData_55,KERNEL_AIVEC,1,1928,126.604,1763721025720130.928	,1763721025720257.532	
0,AsStrided234,KERNEL_AIVEC,1,1929,14.187,1763721025720257.615	,1763721025720271.802	
0,N/A,MEMCPY_ASYNC,1,1930,1.208,1763721025720281.636	,1763721025720282.844	
0,trans_TransData_55,KERNEL_AIVEC,1,1931,120.958,1763721025720336.428	,1763721025720457.386	
0,AsStrided235,KERNEL_AIVEC,1,1932,14.312,1763721025720457.469	,1763721025720471.781	
0,N/A,MEMCPY_ASYNC,1,1933,1.208,1763721025720471.865	,1763721025720473.073	
0,trans_TransData_55,KERNEL_AIVEC,1,1934,111.291,1763721025720473.136	,1763721025720584.427	
0,AsStrided236,KERNEL_AIVEC,1,1935,13.979,1763721025720680.949	,1763721025720694.928	
0,N/A,MEMCPY_ASYNC,1,1936,1.208,1763721025720740.511	,1763721025720741.719	
0,trans_TransData_55,KERNEL_AIVEC,1,1937,110.062,1763721025720789.178	,1763721025720899.240	
0,AsStrided237,KERNEL_AIVEC,1,1938,14.187,1763721025720899.303	,1763721025720913.490	
0,N/A,MEMCPY_ASYNC,1,1939,1.25,1763721025720914.886	,1763721025720916.136	
0,trans_TransData_55,KERNEL_AIVEC,1,1940,93.937,1763721025720956.719	,1763721025721050.656	
0,AsStrided238,KERNEL_AIVEC,1,1941,14.666,1763721025721050.740	,1763721025721065.406	
0,N/A,MEMCPY_ASYNC,1,1942,1.208,1763721025721065.469	,1763721025721066.677	
0,trans_TransData_55,KERNEL_AIVEC,1,1943,112.125,1763721025721078.511	,1763721025721190.636	
0,AsStrided239,KERNEL_AIVEC,1,1944,14.27,1763721025721190.699	,1763721025721204.969	
0,N/A,MEMCPY_ASYNC,1,1945,1.187,1763721025721205.053	,1763721025721206.240	
0,trans_TransData_55,KERNEL_AIVEC,1,1946,110.854,1763721025721212.657	,1763721025721323.511	
0,AsStrided240,KERNEL_AIVEC,1,1947,13.979,1763721025721323.594	,1763721025721337.573	
0,N/A,MEMCPY_ASYNC,1,1948,1.208,1763721025721337.657	,1763721025721338.865	
0,trans_TransData_55,KERNEL_AIVEC,1,1949,114.52,1763721025721338.949	,1763721025721453.469	
0,AsStrided241,KERNEL_AIVEC,1,1950,14.708,1763721025721816.511	,1763721025721831.219	
0,N/A,MEMCPY_ASYNC,1,1951,1.229,1763721025721986.136	,1763721025721987.365	
0,trans_TransData_55,KERNEL_AIVEC,1,1952,126.625,1763721025722647.803	,1763721025722774.428	
0,AsStrided242,KERNEL_AIVEC,1,1953,15.645,1763721025722774.511	,1763721025722790.156	
0,N/A,MEMCPY_ASYNC,1,1954,1.25,1763721025722926.615	,1763721025722927.865	
0,trans_TransData_55,KERNEL_AIVEC,1,1955,126.104,1763721025722972.594	,1763721025723098.698	
0,AsStrided243,KERNEL_AIVEC,1,1956,15.145,1763721025723098.782	,1763721025723113.927	
0,N/A,MEMCPY_ASYNC,1,1957,1.187,1763721025723114.011	,1763721025723115.198	
0,trans_TransData_55,KERNEL_AIVEC,1,1958,110.875,1763721025723118.449	,1763721025723229.324	
0,AsStrided244,KERNEL_AIVEC,1,1959,14.27,1763721025723229.407	,1763721025723243.677	
0,N/A,MEMCPY_ASYNC,1,1960,1.208,1763721025723243.740	,1763721025723244.948	
0,trans_TransData_55,KERNEL_AIVEC,1,1961,94.02,1763721025723253.594	,1763721025723347.614	
0,AsStrided245,KERNEL_AIVEC,1,1962,14.666,1763721025723347.699	,1763721025723362.365	
0,N/A,MEMCPY_ASYNC,1,1963,1.27,1763721025723362.428	,1763721025723363.698	
0,trans_TransData_55,KERNEL_AIVEC,1,1964,120.875,1763721025723379.928	,1763721025723500.803	
0,AsStrided246,KERNEL_AIVEC,1,1965,14.333,1763721025723500.886	,1763721025723515.219	
0,N/A,MEMCPY_ASYNC,1,1966,1.291,1763721025723515.282	,1763721025723516.573	
0,trans_TransData_55,KERNEL_AIVEC,1,1967,97.583,1763721025723516.657	,1763721025723614.240	
0,AsStrided247,KERNEL_AIVEC,1,1968,14.062,1763721025723614.303	,1763721025723628.365	
0,N/A,MEMCPY_ASYNC,1,1969,1.229,1763721025723628.449	,1763721025723629.678	
0,trans_TransData_55,KERNEL_AIVEC,1,1970,97.145,1763721025723638.282	,1763721025723735.427	
0,AsStrided248,KERNEL_AIVEC,1,1971,14.395,1763721025723735.490	,1763721025723749.885	
0,N/A,MEMCPY_ASYNC,1,1972,1.208,1763721025723749.949	,1763721025723751.157	
0,trans_TransData_55,KERNEL_AIVEC,1,1973,113.208,1763721025723759.865	,1763721025723873.073	
0,AsStrided249,KERNEL_AIVEC,1,1974,14.229,1763721025723873.136	,1763721025723887.365	
0,N/A,MEMCPY_ASYNC,1,1975,1.25,1763721025723893.011	,1763721025723894.261	
0,trans_TransData_55,KERNEL_AIVEC,1,1976,91.979,1763721025724181.386	,1763721025724273.365	
0,AsStrided250,KERNEL_AIVEC,1,1977,14.27,1763721025724286.886	,1763721025724301.156	
0,N/A,MEMCPY_ASYNC,1,1978,1.062,1763721025724340.532	,1763721025724341.594	
0,trans_TransData_55,KERNEL_AIVEC,1,1979,106.875,1763721025724820.699	,1763721025724927.574	
0,AsStrided251,KERNEL_AIVEC,1,1980,14.395,1763721025724928.594	,1763721025724942.989	
0,N/A,MEMCPY_ASYNC,1,1981,1.187,1763721025724986.928	,1763721025724988.115	
0,trans_TransData_55,KERNEL_AIVEC,1,1982,100.291,1763721025725038.282	,1763721025725138.573	
0,AsStrided252,KERNEL_AIVEC,1,1983,14.395,1763721025725138.657	,1763721025725153.052	
0,N/A,MEMCPY_ASYNC,1,1984,1.083,1763721025725153.136	,1763721025725154.219	
0,trans_TransData_55,KERNEL_AIVEC,1,1985,123.25,1763721025725217.615	,1763721025725340.865	
0,AsStrided253,KERNEL_AIVEC,1,1986,14.312,1763721025725340.949	,1763721025725355.261	
0,N/A,MEMCPY_ASYNC,1,1987,1.25,1763721025725355.344	,1763721025725356.594	
0,trans_TransData_55,KERNEL_AIVEC,1,1988,116.562,1763721025725356.657	,1763721025725473.219	
0,AsStrided254,KERNEL_AIVEC,1,1989,14.27,1763721025725473.303	,1763721025725487.573	
0,N/A,MEMCPY_ASYNC,1,1990,1.208,1763721025725487.657	,1763721025725488.865	
0,trans_TransData_55,KERNEL_AIVEC,1,1991,106.875,1763721025725488.928	,1763721025725595.803	
0,AsStrided255,KERNEL_AIVEC,1,1992,14.041,1763721025725595.886	,1763721025725609.927	
0,N/A,MEMCPY_ASYNC,1,1993,1.208,1763721025725609.990	,1763721025725611.198	
0,trans_TransData_55,KERNEL_AIVEC,1,1994,83.854,1763721025725611.261	,1763721025725695.115	
0,AsStrided256,KERNEL_AIVEC,1,1995,14.229,1763721025725695.199	,1763721025725709.428	
0,N/A,MEMCPY_ASYNC,1,1996,1.208,1763721025725709.511	,1763721025725710.719	
0,trans_TransData_55,KERNEL_AIVEC,1,1997,112.083,1763721025725722.053	,1763721025725834.136	
0,AsStrided257,KERNEL_AIVEC,1,1998,14.166,1763721025725834.219	,1763721025725848.385	
0,N/A,MEMCPY_ASYNC,1,1999,1.166,1763721025725848.469	,1763721025725849.635	
0,trans_TransData_55,KERNEL_AIVEC,1,2000,109.52,1763721025725849.699	,1763721025725959.219	
0,AsStrided258,KERNEL_AIVEC,1,2001,14.166,1763721025725959.303	,1763721025725973.469	
0,N/A,MEMCPY_ASYNC,1,2002,1.208,1763721025725973.553	,1763721025725974.761	
0,trans_TransData_55,KERNEL_AIVEC,1,2003,103.52,1763721025725974.824	,1763721025726078.344	
0,AsStrided259,KERNEL_AIVEC,1,2004,13.958,1763721025726078.428	,1763721025726092.386	
0,N/A,MEMCPY_ASYNC,1,2005,1.187,1763721025726092.449	,1763721025726093.636	
0,trans_TransData_55,KERNEL_AIVEC,1,2006,111.375,1763721025726095.990	,1763721025726207.365	
0,AsStrided260,KERNEL_AIVEC,1,2007,14.229,1763721025726207.449	,1763721025726221.678	
0,N/A,MEMCPY_ASYNC,1,2008,1.208,1763721025726221.740	,1763721025726222.948	
0,trans_TransData_55,KERNEL_AIVEC,1,2009,100.062,1763721025726223.032	,1763721025726323.094	
0,AsStrided261,KERNEL_AIVEC,1,2010,14.395,1763721025726323.178	,1763721025726337.573	
0,N/A,MEMCPY_ASYNC,1,2011,1.25,1763721025726337.657	,1763721025726338.907	
0,trans_TransData_55,KERNEL_AIVEC,1,2012,88.229,1763721025726338.969	,1763721025726427.198	
0,AsStrided262,KERNEL_AIVEC,1,2013,14.812,1763721025726427.282	,1763721025726442.094	
0,N/A,MEMCPY_ASYNC,1,2014,1.27,1763721025726442.157	,1763721025726443.427	
0,trans_TransData_55,KERNEL_AIVEC,1,2015,108.208,1763721025726474.032	,1763721025726582.240	
0,AsStrided263,KERNEL_AIVEC,1,2016,14.145,1763721025726582.303	,1763721025726596.448	
0,N/A,MEMCPY_ASYNC,1,2017,1.166,1763721025726596.532	,1763721025726597.698	
0,trans_TransData_55,KERNEL_AIVEC,1,2018,115.083,1763721025726597.782	,1763721025726712.865	
0,AsStrided264,KERNEL_AIVEC,1,2019,14.25,1763721025726712.949	,1763721025726727.199	
0,N/A,MEMCPY_ASYNC,1,2020,1.208,1763721025726727.261	,1763721025726728.469	
0,trans_TransData_55,KERNEL_AIVEC,1,2021,90.875,1763721025726728.532	,1763721025726819.407	
0,AsStrided265,KERNEL_AIVEC,1,2022,14.229,1763721025726819.490	,1763721025726833.719	
0,N/A,MEMCPY_ASYNC,1,2023,1.27,1763721025726833.803	,1763721025726835.073	
0,trans_TransData_55,KERNEL_AIVEC,1,2024,110.979,1763721025726962.282	,1763721025727073.261	
0,AsStrided266,KERNEL_AIVEC,1,2025,14.145,1763721025727073.324	,1763721025727087.469	
0,N/A,MEMCPY_ASYNC,1,2026,1.27,1763721025727087.553	,1763721025727088.823	
0,trans_TransData_55,KERNEL_AIVEC,1,2027,110.666,1763721025727088.907	,1763721025727199.573	
0,AsStrided267,KERNEL_AIVEC,1,2028,14.875,1763721025727199.636	,1763721025727214.511	
0,N/A,MEMCPY_ASYNC,1,2029,1.25,1763721025727214.594	,1763721025727215.844	
0,trans_TransData_55,KERNEL_AIVEC,1,2030,101.166,1763721025727215.907	,1763721025727317.073	
0,AsStrided268,KERNEL_AIVEC,1,2031,14.145,1763721025727317.157	,1763721025727331.302	
0,N/A,MEMCPY_ASYNC,1,2032,1.27,1763721025727331.386	,1763721025727332.656	
0,trans_TransData_55,KERNEL_AIVEC,1,2033,92.041,1763721025727332.719	,1763721025727424.760	
0,AsStrided269,KERNEL_AIVEC,1,2034,13.979,1763721025727424.844	,1763721025727438.823	
0,N/A,MEMCPY_ASYNC,1,2035,1.25,1763721025727438.907	,1763721025727440.157	
0,trans_TransData_55,KERNEL_AIVEC,1,2036,108.666,1763721025727459.824	,1763721025727568.490	
0,AsStrided270,KERNEL_AIVEC,1,2037,14.229,1763721025727568.553	,1763721025727582.782	
0,N/A,MEMCPY_ASYNC,1,2038,1.291,1763721025727582.844	,1763721025727584.135	
0,trans_TransData_55,KERNEL_AIVEC,1,2039,105.75,1763721025727584.199	,1763721025727689.949	
0,AsStrided271,KERNEL_AIVEC,1,2040,13.958,1763721025727690.011	,1763721025727703.969	
0,N/A,MEMCPY_ASYNC,1,2041,1.166,1763721025727704.053	,1763721025727705.219	
0,trans_TransData_55,KERNEL_AIVEC,1,2042,97.083,1763721025727707.824	,1763721025727804.907	
0,AsStrided272,KERNEL_AIVEC,1,2043,15.02,1763721025727804.969	,1763721025727819.989	
0,N/A,MEMCPY_ASYNC,1,2044,1.187,1763721025727820.074	,1763721025727821.261	
0,trans_TransData_55,KERNEL_AIVEC,1,2045,107.666,1763721025727839.657	,1763721025727947.323	
0,AsStrided273,KERNEL_AIVEC,1,2046,14.166,1763721025727947.407	,1763721025727961.573	
0,N/A,MEMCPY_ASYNC,1,2047,1.25,1763721025727961.636	,1763721025727962.886	
0,trans_TransData_55,KERNEL_AIVEC,1,2048,95.666,1763721025727963.761	,1763721025728059.427	
0,AsStrided274,KERNEL_AIVEC,1,2049,14.02,1763721025728059.490	,1763721025728073.510	
0,N/A,MEMCPY_ASYNC,1,2050,1.208,1763721025728073.574	,1763721025728074.782	
0,trans_TransData_55,KERNEL_AIVEC,1,2051,112.02,1763721025728095.199	,1763721025728207.219	
0,AsStrided275,KERNEL_AIVEC,1,2052,14.229,1763721025728207.303	,1763721025728221.532	
0,N/A,MEMCPY_ASYNC,1,2053,1.187,1763721025728221.615	,1763721025728222.802	
0,trans_TransData_55,KERNEL_AIVEC,1,2054,93.208,1763721025728222.865	,1763721025728316.073	
0,AsStrided276,KERNEL_AIVEC,1,2055,14.041,1763721025728316.157	,1763721025728330.198	
0,N/A,MEMCPY_ASYNC,1,2056,1.208,1763721025728330.282	,1763721025728331.490	
0,trans_TransData_55,KERNEL_AIVEC,1,2057,119.812,1763721025728337.219	,1763721025728457.031	
0,AsStrided277,KERNEL_AIVEC,1,2058,14.229,1763721025728457.094	,1763721025728471.323	
0,N/A,MEMCPY_ASYNC,1,2059,1.27,1763721025728471.386	,1763721025728472.656	
0,trans_TransData_55,KERNEL_AIVEC,1,2060,94.979,1763721025728472.719	,1763721025728567.698	
0,AsStrided278,KERNEL_AIVEC,1,2061,13.979,1763721025728567.761	,1763721025728581.740	
0,N/A,MEMCPY_ASYNC,1,2062,1.291,1763721025728581.803	,1763721025728583.094	
0,trans_TransData_55,KERNEL_AIVEC,1,2063,101.062,1763721025728583.178	,1763721025728684.240	
0,AsStrided279,KERNEL_AIVEC,1,2064,14.416,1763721025728684.324	,1763721025728698.740	
0,N/A,MEMCPY_ASYNC,1,2065,1.25,1763721025728698.803	,1763721025728700.053	
0,trans_TransData_55,KERNEL_AIVEC,1,2066,106.416,1763721025728703.324	,1763721025728809.740	
0,AsStrided280,KERNEL_AIVEC,1,2067,14.25,1763721025728809.824	,1763721025728824.074	
0,N/A,MEMCPY_ASYNC,1,2068,1.187,1763721025728824.157	,1763721025728825.344	
0,trans_TransData_55,KERNEL_AIVEC,1,2069,95.291,1763721025728826.303	,1763721025728921.594	
0,AsStrided281,KERNEL_AIVEC,1,2070,14.02,1763721025728921.678	,1763721025728935.698	
0,N/A,MEMCPY_ASYNC,1,2071,1.166,1763721025728935.782	,1763721025728936.948	
0,trans_TransData_55,KERNEL_AIVEC,1,2072,95.333,1763721025728949.136	,1763721025729044.469	
0,AsStrided282,KERNEL_AIVEC,1,2073,14.791,1763721025729044.553	,1763721025729059.344	
0,N/A,MEMCPY_ASYNC,1,2074,1.208,1763721025729059.407	,1763721025729060.615	
0,trans_TransData_55,KERNEL_AIVEC,1,2075,96.312,1763721025729091.553	,1763721025729187.865	
0,AsStrided283,KERNEL_AIVEC,1,2076,14.125,1763721025729187.949	,1763721025729202.074	
0,N/A,MEMCPY_ASYNC,1,2077,1.187,1763721025729202.157	,1763721025729203.344	
0,trans_TransData_55,KERNEL_AIVEC,1,2078,95.208,1763721025729215.719	,1763721025729310.927	
0,AsStrided284,KERNEL_AIVEC,1,2079,14.187,1763721025729310.990	,1763721025729325.177	
0,N/A,MEMCPY_ASYNC,1,2080,1.208,1763721025729325.240	,1763721025729326.448	
0,trans_TransData_55,KERNEL_AIVEC,1,2081,99.895,1763721025729333.782	,1763721025729433.677	
0,AsStrided285,KERNEL_AIVEC,1,2082,14.083,1763721025729433.761	,1763721025729447.844	
0,N/A,MEMCPY_ASYNC,1,2083,1.166,1763721025729447.928	,1763721025729449.094	
0,trans_TransData_55,KERNEL_AIVEC,1,2084,97.625,1763721025729462.928	,1763721025729560.553	
0,AsStrided286,KERNEL_AIVEC,1,2085,14.166,1763721025729560.615	,1763721025729574.781	
0,N/A,MEMCPY_ASYNC,1,2086,1.062,1763721025729574.865	,1763721025729575.927	
0,trans_TransData_55,KERNEL_AIVEC,1,2087,96.145,1763721025729579.032	,1763721025729675.177	
0,AsStrided287,KERNEL_AIVEC,1,2088,14.27,1763721025729675.261	,1763721025729689.531	
0,N/A,MEMCPY_ASYNC,1,2089,1.062,1763721025729689.594	,1763721025729690.656	
0,trans_TransData_55,KERNEL_AIVEC,1,2090,118.479,1763721025729706.386	,1763721025729824.865	
0,AsStrided288,KERNEL_AIVEC,1,2091,14.02,1763721025729824.949	,1763721025729838.969	
0,N/A,MEMCPY_ASYNC,1,2092,1.062,1763721025729839.053	,1763721025729840.115	
0,trans_TransData_55,KERNEL_AIVEC,1,2093,95.625,1763721025729840.199	,1763721025729935.824	
0,AsStrided289,KERNEL_AIVEC,1,2094,14.333,1763721025729935.886	,1763721025729950.219	
0,N/A,MEMCPY_ASYNC,1,2095,1.166,1763721025729950.303	,1763721025729951.469	
0,trans_TransData_55,KERNEL_AIVEC,1,2096,98.562,1763721025729951.553	,1763721025730050.115	
0,AsStrided290,KERNEL_AIVEC,1,2097,14.083,1763721025730050.178	,1763721025730064.261	
0,N/A,MEMCPY_ASYNC,1,2098,1.104,1763721025730064.324	,1763721025730065.428	
0,trans_TransData_55,KERNEL_AIVEC,1,2099,95.812,1763721025730065.511	,1763721025730161.323	
0,AsStrided291,KERNEL_AIVEC,1,2100,14.291,1763721025730161.407	,1763721025730175.698	
0,N/A,MEMCPY_ASYNC,1,2101,1.062,1763721025730175.761	,1763721025730176.823	
0,trans_TransData_55,KERNEL_AIVEC,1,2102,99.687,1763721025730187.928	,1763721025730287.615	
0,AsStrided292,KERNEL_AIVEC,1,2103,13.937,1763721025730287.678	,1763721025730301.615	
0,N/A,MEMCPY_ASYNC,1,2104,1.083,1763721025730301.699	,1763721025730302.782	
0,trans_TransData_55,KERNEL_AIVEC,1,2105,122.625,1763721025730312.053	,1763721025730434.678	
0,AsStrided293,KERNEL_AIVEC,1,2106,14.312,1763721025730434.761	,1763721025730449.073	
0,N/A,MEMCPY_ASYNC,1,2107,1.166,1763721025730449.157	,1763721025730450.323	
0,trans_TransData_55,KERNEL_AIVEC,1,2108,80.958,1763721025730450.386	,1763721025730531.344	
0,AsStrided294,KERNEL_AIVEC,1,2109,14.458,1763721025730531.428	,1763721025730545.886	
0,N/A,MEMCPY_ASYNC,1,2110,1.083,1763721025730545.969	,1763721025730547.052	
0,trans_TransData_55,KERNEL_AIVEC,1,2111,83.312,1763721025730547.115	,1763721025730630.427	
0,AsStrided295,KERNEL_AIVEC,1,2112,14.937,1763721025730630.490	,1763721025730645.427	
0,N/A,MEMCPY_ASYNC,1,2113,1.166,1763721025730645.490	,1763721025730646.656	
0,trans_TransData_55,KERNEL_AIVEC,1,2114,80.062,1763721025730683.324	,1763721025730763.386	
0,AsStrided296,KERNEL_AIVEC,1,2115,14.458,1763721025730763.449	,1763721025730777.907	
0,N/A,MEMCPY_ASYNC,1,2116,1.166,1763721025730777.969	,1763721025730779.135	
0,trans_TransData_55,KERNEL_AIVEC,1,2117,108.708,1763721025730808.886	,1763721025730917.594	
0,AsStrided297,KERNEL_AIVEC,1,2118,14.52,1763721025730960.324	,1763721025730974.844	
0,N/A,MEMCPY_ASYNC,1,2119,1.166,1763721025730974.907	,1763721025730976.073	
0,trans_TransData_55,KERNEL_AIVEC,1,2120,126.875,1763721025731015.969	,1763721025731142.844	
0,AsStrided298,KERNEL_AIVEC,1,2121,14.166,1763721025731142.907	,1763721025731157.073	
0,N/A,MEMCPY_ASYNC,1,2122,1.083,1763721025731157.157	,1763721025731158.240	
0,trans_TransData_55,KERNEL_AIVEC,1,2123,112.145,1763721025731158.303	,1763721025731270.448	
0,AsStrided299,KERNEL_AIVEC,1,2124,14.229,1763721025731270.511	,1763721025731284.740	
0,N/A,MEMCPY_ASYNC,1,2125,1.062,1763721025731284.803	,1763721025731285.865	
0,trans_TransData_55,KERNEL_AIVEC,1,2126,111.666,1763721025731285.949	,1763721025731397.615	
0,AsStrided300,KERNEL_AIVEC,1,2127,14.145,1763721025731397.678	,1763721025731411.823	
0,N/A,MEMCPY_ASYNC,1,2128,1.062,1763721025731411.907	,1763721025731412.969	
0,trans_TransData_55,KERNEL_AIVEC,1,2129,93.02,1763721025731413.053	,1763721025731506.073	
0,AsStrided301,KERNEL_AIVEC,1,2130,14.166,1763721025731506.157	,1763721025731520.323	
0,N/A,MEMCPY_ASYNC,1,2131,1.166,1763721025731520.407	,1763721025731521.573	
0,trans_TransData_55,KERNEL_AIVEC,1,2132,94.541,1763721025731521.636	,1763721025731616.177	
0,AsStrided302,KERNEL_AIVEC,1,2133,14.666,1763721025731616.261	,1763721025731630.927	
0,N/A,MEMCPY_ASYNC,1,2134,1.083,1763721025731630.990	,1763721025731632.073	
0,trans_TransData_55,KERNEL_AIVEC,1,2135,94.437,1763721025731632.157	,1763721025731726.594	
0,AsStrided303,KERNEL_AIVEC,1,2136,14.291,1763721025731726.678	,1763721025731740.969	
0,N/A,MEMCPY_ASYNC,1,2137,1.062,1763721025731741.032	,1763721025731742.094	
0,trans_TransData_55,KERNEL_AIVEC,1,2138,114.02,1763721025731743.719	,1763721025731857.739	
0,AsStrided304,KERNEL_AIVEC,1,2139,13.875,1763721025731857.824	,1763721025731871.699	
0,N/A,MEMCPY_ASYNC,1,2140,1.083,1763721025731871.782	,1763721025731872.865	
0,trans_TransData_55,KERNEL_AIVEC,1,2141,97.458,1763721025731872.928	,1763721025731970.386	
0,AsStrided305,KERNEL_AIVEC,1,2142,14.291,1763721025731970.469	,1763721025731984.760	
0,N/A,MEMCPY_ASYNC,1,2143,1.104,1763721025731984.844	,1763721025731985.948	
0,trans_TransData_55,KERNEL_AIVEC,1,2144,108.979,1763721025731986.032	,1763721025732095.011	
0,AsStrided306,KERNEL_AIVEC,1,2145,14.166,1763721025732095.094	,1763721025732109.260	
0,N/A,MEMCPY_ASYNC,1,2146,1.083,1763721025732109.324	,1763721025732110.407	
0,trans_TransData_55,KERNEL_AIVEC,1,2147,119.083,1763721025732110.490	,1763721025732229.573	
0,AsStrided307,KERNEL_AIVEC,1,2148,13.958,1763721025732229.636	,1763721025732243.594	
0,N/A,MEMCPY_ASYNC,1,2149,1.041,1763721025732243.678	,1763721025732244.719	
0,trans_TransData_55,KERNEL_AIVEC,1,2150,102.729,1763721025732244.803	,1763721025732347.532	
0,AsStrided308,KERNEL_AIVEC,1,2151,14.187,1763721025732347.615	,1763721025732361.802	
0,N/A,MEMCPY_ASYNC,1,2152,1.062,1763721025732361.886	,1763721025732362.948	
0,trans_TransData_55,KERNEL_AIVEC,1,2153,92.02,1763721025732363.032	,1763721025732455.052	
0,AsStrided309,KERNEL_AIVEC,1,2154,14.25,1763721025732455.115	,1763721025732469.365	
0,N/A,MEMCPY_ASYNC,1,2155,1.104,1763721025732469.449	,1763721025732470.553	
0,trans_TransData_55,KERNEL_AIVEC,1,2156,110.895,1763721025732475.219	,1763721025732586.114	
0,AsStrided310,KERNEL_AIVEC,1,2157,14.958,1763721025732586.199	,1763721025732601.157	
0,N/A,MEMCPY_ASYNC,1,2158,1.166,1763721025732601.219	,1763721025732602.385	
0,trans_TransData_55,KERNEL_AIVEC,1,2159,112.125,1763721025732607.115	,1763721025732719.240	
0,AsStrided311,KERNEL_AIVEC,1,2160,13.937,1763721025732719.324	,1763721025732733.261	
0,N/A,MEMCPY_ASYNC,1,2161,1.125,1763721025732733.344	,1763721025732734.469	
0,trans_TransData_55,KERNEL_AIVEC,1,2162,86.875,1763721025732734.532	,1763721025732821.407	
0,AsStrided312,KERNEL_AIVEC,1,2163,14.291,1763721025732821.469	,1763721025732835.760	
0,N/A,MEMCPY_ASYNC,1,2164,1.083,1763721025732835.824	,1763721025732836.907	
0,trans_TransData_55,KERNEL_AIVEC,1,2165,97.291,1763721025732858.865	,1763721025732956.156	
0,AsStrided313,KERNEL_AIVEC,1,2166,14.229,1763721025732956.240	,1763721025732970.469	
0,N/A,MEMCPY_ASYNC,1,2167,1.125,1763721025732970.532	,1763721025732971.657	
0,trans_TransData_55,KERNEL_AIVEC,1,2168,86.645,1763721025732978.990	,1763721025733065.635	
0,AsStrided314,KERNEL_AIVEC,1,2169,13.958,1763721025733065.719	,1763721025733079.677	
0,N/A,MEMCPY_ASYNC,1,2170,1.083,1763721025733079.740	,1763721025733080.823	
0,trans_TransData_55,KERNEL_AIVEC,1,2171,101.02,1763721025733095.282	,1763721025733196.302	
0,AsStrided315,KERNEL_AIVEC,1,2172,15.125,1763721025733196.386	,1763721025733211.511	
0,N/A,MEMCPY_ASYNC,1,2173,1.041,1763721025733211.594	,1763721025733212.635	
0,trans_TransData_55,KERNEL_AIVEC,1,2174,95.729,1763721025733227.490	,1763721025733323.219	
0,AsStrided316,KERNEL_AIVEC,1,2175,14.062,1763721025733323.282	,1763721025733337.344	
0,N/A,MEMCPY_ASYNC,1,2176,1.083,1763721025733479.219	,1763721025733480.302	
0,trans_TransData_55,KERNEL_AIVEC,1,2177,99.75,1763721025733519.699	,1763721025733619.449	
0,AsStrided317,KERNEL_AIVEC,1,2178,14.166,1763721025733619.532	,1763721025733633.698	
0,N/A,MEMCPY_ASYNC,1,2179,1.125,1763721025733633.761	,1763721025733634.886	
0,trans_TransData_55,KERNEL_AIVEC,1,2180,97.083,1763721025733647.386	,1763721025733744.469	
0,AsStrided318,KERNEL_AIVEC,1,2181,14.166,1763721025733744.553	,1763721025733758.719	
0,N/A,MEMCPY_ASYNC,1,2182,1.083,1763721025733758.803	,1763721025733759.886	
0,trans_TransData_55,KERNEL_AIVEC,1,2183,113.416,1763721025733764.969	,1763721025733878.385	
0,AsStrided319,KERNEL_AIVEC,1,2184,14.125,1763721025733878.469	,1763721025733892.594	
0,N/A,MEMCPY_ASYNC,1,2185,1.041,1763721025733892.678	,1763721025733893.719	
0,trans_TransData_55,KERNEL_AIVEC,1,2186,95.666,1763721025733893.803	,1763721025733989.469	
0,AsStrided320,KERNEL_AIVEC,1,2187,14.333,1763721025733989.532	,1763721025734003.865	
0,N/A,MEMCPY_ASYNC,1,2188,1.083,1763721025734003.928	,1763721025734005.011	
0,trans_TransData_55,KERNEL_AIVEC,1,2189,110.375,1763721025734006.574	,1763721025734116.949	
0,AsStrided321,KERNEL_AIVEC,1,2190,14.166,1763721025734117.011	,1763721025734131.177	
0,N/A,MEMCPY_ASYNC,1,2191,1.125,1763721025734131.240	,1763721025734132.365	
0,trans_TransData_55,KERNEL_AIVEC,1,2192,94.062,1763721025734132.449	,1763721025734226.511	
0,AsStrided322,KERNEL_AIVEC,1,2193,14.166,1763721025734226.574	,1763721025734240.740	
0,N/A,MEMCPY_ASYNC,1,2194,1.083,1763721025734240.803	,1763721025734241.886	
0,trans_TransData_55,KERNEL_AIVEC,1,2195,112.583,1763721025734245.240	,1763721025734357.823	
0,AsStrided323,KERNEL_AIVEC,1,2196,14.166,1763721025734357.907	,1763721025734372.073	
0,N/A,MEMCPY_ASYNC,1,2197,1.041,1763721025734372.157	,1763721025734373.198	
0,trans_TransData_55,KERNEL_AIVEC,1,2198,96.666,1763721025734378.657	,1763721025734475.323	
0,AsStrided324,KERNEL_AIVEC,1,2199,14.416,1763721025734475.386	,1763721025734489.802	
0,N/A,MEMCPY_ASYNC,1,2200,1.083,1763721025734489.886	,1763721025734490.969	
0,trans_TransData_55,KERNEL_AIVEC,1,2201,95.395,1763721025734496.053	,1763721025734591.448	
0,AsStrided325,KERNEL_AIVEC,1,2202,14.27,1763721025734591.532	,1763721025734605.802	
0,N/A,MEMCPY_ASYNC,1,2203,1.854,1763721025734605.865	,1763721025734607.719	
0,trans_TransData_55,KERNEL_AIVEC,1,2204,105.583,1763721025734635.824	,1763721025734741.407	
0,AsStrided326,KERNEL_AIVEC,1,2205,14.041,1763721025734741.490	,1763721025734755.531	
0,N/A,MEMCPY_ASYNC,1,2206,1.062,1763721025734755.615	,1763721025734756.677	
0,trans_TransData_55,KERNEL_AIVEC,1,2207,94.27,1763721025734759.282	,1763721025734853.552	
0,AsStrided327,KERNEL_AIVEC,1,2208,14.458,1763721025734853.615	,1763721025734868.073	
0,N/A,MEMCPY_ASYNC,1,2209,1.166,1763721025734910.907	,1763721025734912.073	
0,trans_TransData_55,KERNEL_AIVEC,1,2210,120.02,1763721025734964.094	,1763721025735084.114	
0,AsStrided328,KERNEL_AIVEC,1,2211,14.458,1763721025735084.199	,1763721025735098.657	
0,N/A,MEMCPY_ASYNC,1,2212,1.062,1763721025735098.740	,1763721025735099.802	
0,trans_TransData_55,KERNEL_AIVEC,1,2213,99.916,1763721025735099.886	,1763721025735199.802	
0,AsStrided329,KERNEL_AIVEC,1,2214,14.166,1763721025735199.886	,1763721025735214.052	
0,N/A,MEMCPY_ASYNC,1,2215,1.062,1763721025735214.115	,1763721025735215.177	
0,trans_TransData_55,KERNEL_AIVEC,1,2216,113.812,1763721025735215.261	,1763721025735329.073	
0,AsStrided330,KERNEL_AIVEC,1,2217,13.979,1763721025735329.136	,1763721025735343.115	
0,N/A,MEMCPY_ASYNC,1,2218,1.062,1763721025735343.199	,1763721025735344.261	
0,trans_TransData_55,KERNEL_AIVEC,1,2219,78.791,1763721025735344.344	,1763721025735423.135	
0,AsStrided331,KERNEL_AIVEC,1,2220,14.187,1763721025735423.199	,1763721025735437.386	
0,N/A,MEMCPY_ASYNC,1,2221,1.166,1763721025735437.469	,1763721025735438.635	
0,trans_TransData_55,KERNEL_AIVEC,1,2222,102.666,1763721025735438.699	,1763721025735541.365	
0,AsStrided332,KERNEL_AIVEC,1,2223,14.291,1763721025735541.428	,1763721025735555.719	
0,N/A,MEMCPY_ASYNC,1,2224,1.062,1763721025735555.803	,1763721025735556.865	
0,trans_TransData_55,KERNEL_AIVEC,1,2225,107.666,1763721025735562.219	,1763721025735669.885	
0,AsStrided333,KERNEL_AIVEC,1,2226,13.958,1763721025735669.969	,1763721025735683.927	
0,N/A,MEMCPY_ASYNC,1,2227,1.166,1763721025735684.011	,1763721025735685.177	
0,trans_TransData_55,KERNEL_AIVEC,1,2228,114.291,1763721025735685.240	,1763721025735799.531	
0,AsStrided334,KERNEL_AIVEC,1,2229,14.166,1763721025735799.615	,1763721025735813.781	
0,N/A,MEMCPY_ASYNC,1,2230,1.166,1763721025735813.865	,1763721025735815.031	
0,trans_TransData_55,KERNEL_AIVEC,1,2231,104.708,1763721025735815.094	,1763721025735919.802	
0,AsStrided335,KERNEL_AIVEC,1,2232,14.062,1763721025735919.886	,1763721025735933.948	
0,N/A,MEMCPY_ASYNC,1,2233,1.166,1763721025735934.011	,1763721025735935.177	
0,trans_TransData_55,KERNEL_AIVEC,1,2234,104.958,1763721025735935.261	,1763721025736040.219	
0,AsStrided336,KERNEL_AIVEC,1,2235,14.333,1763721025736040.282	,1763721025736054.615	
0,N/A,MEMCPY_ASYNC,1,2236,1.062,1763721025736054.678	,1763721025736055.740	
0,trans_TransData_55,KERNEL_AIVEC,1,2237,95.52,1763721025736055.824	,1763721025736151.344	
0,AsStrided337,KERNEL_AIVEC,1,2238,14.312,1763721025736151.428	,1763721025736165.740	
0,N/A,MEMCPY_ASYNC,1,2239,1.083,1763721025736165.803	,1763721025736166.886	
0,trans_TransData_55,KERNEL_AIVEC,1,2240,80.062,1763721025736332.803	,1763721025736412.865	
0,AsStrided338,KERNEL_AIVEC,1,2241,14.0,1763721025736412.949	,1763721025736426.949	
0,N/A,MEMCPY_ASYNC,1,2242,1.062,1763721025736427.032	,1763721025736428.094	
0,trans_TransData_55,KERNEL_AIVEC,1,2243,108.583,1763721025736457.907	,1763721025736566.490	
0,AsStrided339,KERNEL_AIVEC,1,2244,14.354,1763721025736566.574	,1763721025736580.928	
0,N/A,MEMCPY_ASYNC,1,2245,1.166,1763721025736581.011	,1763721025736582.177	
0,trans_TransData_55,KERNEL_AIVEC,1,2246,111.229,1763721025736582.240	,1763721025736693.469	
0,AsStrided340,KERNEL_AIVEC,1,2247,14.125,1763721025736693.532	,1763721025736707.657	
0,N/A,MEMCPY_ASYNC,1,2248,1.062,1763721025736707.740	,1763721025736708.802	
0,trans_TransData_55,KERNEL_AIVEC,1,2249,97.166,1763721025736708.886	,1763721025736806.052	
0,AsStrided341,KERNEL_AIVEC,1,2250,14.25,1763721025736806.115	,1763721025736820.365	
0,N/A,MEMCPY_ASYNC,1,2251,1.062,1763721025736820.428	,1763721025736821.490	
0,trans_TransData_55,KERNEL_AIVEC,1,2252,95.479,1763721025736821.553	,1763721025736917.032	
0,AsStrided342,KERNEL_AIVEC,1,2253,14.27,1763721025736917.094	,1763721025736931.364	
0,N/A,MEMCPY_ASYNC,1,2254,1.083,1763721025736931.449	,1763721025736932.532	
0,trans_TransData_55,KERNEL_AIVEC,1,2255,94.125,1763721025736940.469	,1763721025737034.594	
0,AsStrided343,KERNEL_AIVEC,1,2256,14.166,1763721025737034.657	,1763721025737048.823	
0,N/A,MEMCPY_ASYNC,1,2257,1.104,1763721025737048.907	,1763721025737050.011	
0,trans_TransData_55,KERNEL_AIVEC,1,2258,86.333,1763721025737061.386	,1763721025737147.719	
0,AsStrided344,KERNEL_AIVEC,1,2259,14.187,1763721025737147.782	,1763721025737161.969	
0,N/A,MEMCPY_ASYNC,1,2260,1.083,1763721025737162.053	,1763721025737163.136	
0,trans_TransData_55,KERNEL_AIVEC,1,2261,88.666,1763721025737179.386	,1763721025737268.052	
0,AsStrided345,KERNEL_AIVEC,1,2262,13.958,1763721025737268.136	,1763721025737282.094	
0,N/A,MEMCPY_ASYNC,1,2263,1.062,1763721025737282.178	,1763721025737283.240	
0,trans_TransData_55,KERNEL_AIVEC,1,2264,94.729,1763721025737306.594	,1763721025737401.323	
0,AsStrided346,KERNEL_AIVEC,1,2265,14.187,1763721025737401.386	,1763721025737415.573	
0,N/A,MEMCPY_ASYNC,1,2266,1.062,1763721025737415.657	,1763721025737416.719	
0,trans_TransData_55,KERNEL_AIVEC,1,2267,116.291,1763721025737422.636	,1763721025737538.927	
0,AsStrided347,KERNEL_AIVEC,1,2268,14.416,1763721025737538.990	,1763721025737553.406	
0,N/A,MEMCPY_ASYNC,1,2269,1.104,1763721025737553.490	,1763721025737554.594	
0,trans_TransData_55,KERNEL_AIVEC,1,2270,103.02,1763721025737554.678	,1763721025737657.698	
0,AsStrided348,KERNEL_AIVEC,1,2271,14.458,1763721025737657.782	,1763721025737672.240	
0,N/A,MEMCPY_ASYNC,1,2272,1.166,1763721025737672.324	,1763721025737673.490	
0,trans_TransData_55,KERNEL_AIVEC,1,2273,108.25,1763721025737673.553	,1763721025737781.803	
0,AsStrided349,KERNEL_AIVEC,1,2274,13.937,1763721025737781.886	,1763721025737795.823	
0,N/A,MEMCPY_ASYNC,1,2275,1.104,1763721025737795.907	,1763721025737797.011	
0,trans_TransData_55,KERNEL_AIVEC,1,2276,92.583,1763721025737797.094	,1763721025737889.677	
0,AsStrided350,KERNEL_AIVEC,1,2277,14.27,1763721025737889.761	,1763721025737904.031	
0,N/A,MEMCPY_ASYNC,1,2278,1.083,1763721025737904.094	,1763721025737905.177	
0,trans_TransData_55,KERNEL_AIVEC,1,2279,121.125,1763721025737905.261	,1763721025738026.386	
0,AsStrided351,KERNEL_AIVEC,1,2280,14.354,1763721025738026.469	,1763721025738040.823	
0,N/A,MEMCPY_ASYNC,1,2281,1.104,1763721025738040.907	,1763721025738042.011	
0,trans_TransData_55,KERNEL_AIVEC,1,2282,127.125,1763721025738042.094	,1763721025738169.219	
0,AsStrided352,KERNEL_AIVEC,1,2283,14.062,1763721025738169.282	,1763721025738183.344	
0,N/A,MEMCPY_ASYNC,1,2284,1.083,1763721025738183.428	,1763721025738184.511	
0,trans_TransData_55,KERNEL_AIVEC,1,2285,110.25,1763721025738184.574	,1763721025738294.824	
0,AsStrided353,KERNEL_AIVEC,1,2286,14.25,1763721025738294.886	,1763721025738309.136	
0,N/A,MEMCPY_ASYNC,1,2287,1.041,1763721025738309.219	,1763721025738310.260	
0,trans_TransData_55,KERNEL_AIVEC,1,2288,112.291,1763721025738310.344	,1763721025738422.635	
0,AsStrided354,KERNEL_AIVEC,1,2289,14.062,1763721025738422.719	,1763721025738436.781	
0,N/A,MEMCPY_ASYNC,1,2290,1.083,1763721025738436.844	,1763721025738437.927	
0,trans_TransData_55,KERNEL_AIVEC,1,2291,97.645,1763721025738438.011	,1763721025738535.656	
0,AsStrided355,KERNEL_AIVEC,1,2292,14.812,1763721025738535.740	,1763721025738550.552	
0,N/A,MEMCPY_ASYNC,1,2293,1.125,1763721025738550.636	,1763721025738551.761	
0,trans_TransData_55,KERNEL_AIVEC,1,2294,108.333,1763721025738551.824	,1763721025738660.157	
0,AsStrided356,KERNEL_AIVEC,1,2295,14.979,1763721025738660.240	,1763721025738675.219	
0,N/A,MEMCPY_ASYNC,1,2296,1.083,1763721025738675.282	,1763721025738676.365	
0,trans_TransData_55,KERNEL_AIVEC,1,2297,95.687,1763721025738676.449	,1763721025738772.136	
0,AsStrided357,KERNEL_AIVEC,1,2298,14.958,1763721025738772.219	,1763721025738787.177	
0,N/A,MEMCPY_ASYNC,1,2299,1.062,1763721025738787.240	,1763721025738788.302	
0,trans_TransData_55,KERNEL_AIVEC,1,2300,102.75,1763721025738788.365	,1763721025738891.115	
0,AsStrided358,KERNEL_AIVEC,1,2301,14.166,1763721025738891.199	,1763721025738905.365	
0,N/A,MEMCPY_ASYNC,1,2302,1.083,1763721025738969.719	,1763721025738970.802	
0,trans_TransData_55,KERNEL_AIVEC,1,2303,112.895,1763721025738970.886	,1763721025739083.781	
0,AsStrided359,KERNEL_AIVEC,1,2304,13.958,1763721025739177.761	,1763721025739191.719	
0,N/A,MEMCPY_ASYNC,1,2305,1.125,1763721025739219.261	,1763721025739220.386	
0,trans_TransData_55,KERNEL_AIVEC,1,2306,96.562,1763721025739257.011	,1763721025739353.573	
0,AsStrided360,KERNEL_AIVEC,1,2307,14.416,1763721025739353.636	,1763721025739368.052	
0,N/A,MEMCPY_ASYNC,1,2308,1.083,1763721025739368.115	,1763721025739369.198	
0,trans_TransData_55,KERNEL_AIVEC,1,2309,113.583,1763721025739385.115	,1763721025739498.698	
0,AsStrided361,KERNEL_AIVEC,1,2310,14.041,1763721025739498.761	,1763721025739512.802	
0,N/A,MEMCPY_ASYNC,1,2311,1.041,1763721025739512.886	,1763721025739513.927	
0,trans_TransData_55,KERNEL_AIVEC,1,2312,98.395,1763721025739514.011	,1763721025739612.406	
0,AsStrided362,KERNEL_AIVEC,1,2313,14.27,1763721025739612.490	,1763721025739626.760	
0,N/A,MEMCPY_ASYNC,1,2314,1.083,1763721025739626.824	,1763721025739627.907	
0,trans_TransData_55,KERNEL_AIVEC,1,2315,89.416,1763721025739627.990	,1763721025739717.406	
0,AsStrided363,KERNEL_AIVEC,1,2316,14.52,1763721025739717.469	,1763721025739731.989	
0,N/A,MEMCPY_ASYNC,1,2317,1.166,1763721025739732.074	,1763721025739733.240	
0,trans_TransData_55,KERNEL_AIVEC,1,2318,125.27,1763721025739743.324	,1763721025739868.594	
0,AsStrided364,KERNEL_AIVEC,1,2319,14.229,1763721025739868.678	,1763721025739882.907	
0,N/A,MEMCPY_ASYNC,1,2320,1.166,1763721025739882.969	,1763721025739884.135	
0,trans_TransData_55,KERNEL_AIVEC,1,2321,114.75,1763721025739884.219	,1763721025739998.969	
0,AsStrided365,KERNEL_AIVEC,1,2322,14.979,1763721025739999.032	,1763721025740014.011	
0,N/A,MEMCPY_ASYNC,1,2323,1.166,1763721025740014.074	,1763721025740015.240	
0,trans_TransData_55,KERNEL_AIVEC,1,2324,103.687,1763721025740015.324	,1763721025740119.011	
0,AsStrided366,KERNEL_AIVEC,1,2325,14.541,1763721025740119.094	,1763721025740133.635	
0,N/A,MEMCPY_ASYNC,1,2326,1.083,1763721025740133.719	,1763721025740134.802	
0,trans_TransData_55,KERNEL_AIVEC,1,2327,93.062,1763721025740134.886	,1763721025740227.948	
0,AsStrided367,KERNEL_AIVEC,1,2328,14.604,1763721025740228.032	,1763721025740242.636	
0,N/A,MEMCPY_ASYNC,1,2329,1.145,1763721025740242.719	,1763721025740243.864	
0,trans_TransData_55,KERNEL_AIVEC,1,2330,79.875,1763721025740243.949	,1763721025740323.824	
0,AsStrided368,KERNEL_AIVEC,1,2331,14.062,1763721025740323.907	,1763721025740337.969	
0,N/A,MEMCPY_ASYNC,1,2332,1.145,1763721025740338.053	,1763721025740339.198	
0,trans_TransData_55,KERNEL_AIVEC,1,2333,111.291,1763721025740341.886	,1763721025740453.177	
0,AsStrided369,KERNEL_AIVEC,1,2334,14.187,1763721025740453.240	,1763721025740467.427	
0,N/A,MEMCPY_ASYNC,1,2335,1.145,1763721025740467.490	,1763721025740468.635	
0,trans_TransData_55,KERNEL_AIVEC,1,2336,107.375,1763721025740468.699	,1763721025740576.074	
0,AsStrided370,KERNEL_AIVEC,1,2337,14.666,1763721025740576.136	,1763721025740590.802	
0,N/A,MEMCPY_ASYNC,1,2338,1.166,1763721025740590.865	,1763721025740592.031	
0,trans_TransData_55,KERNEL_AIVEC,1,2339,111.041,1763721025740592.115	,1763721025740703.156	
0,AsStrided371,KERNEL_AIVEC,1,2340,13.958,1763721025740703.240	,1763721025740717.198	
0,N/A,MEMCPY_ASYNC,1,2341,1.166,1763721025740717.282	,1763721025740718.448	
0,trans_TransData_55,KERNEL_AIVEC,1,2342,111.958,1763721025740718.511	,1763721025740830.469	
0,AsStrided372,KERNEL_AIVEC,1,2343,14.166,1763721025740830.553	,1763721025740844.719	
0,N/A,MEMCPY_ASYNC,1,2344,1.145,1763721025740844.803	,1763721025740845.948	
0,trans_TransData_55,KERNEL_AIVEC,1,2345,92.75,1763721025740846.032	,1763721025740938.782	
0,AsStrided373,KERNEL_AIVEC,1,2346,14.354,1763721025740938.865	,1763721025740953.219	
0,N/A,MEMCPY_ASYNC,1,2347,1.125,1763721025740953.303	,1763721025740954.428	
0,trans_TransData_55,KERNEL_AIVEC,1,2348,87.645,1763721025740982.657	,1763721025741070.302	
0,AsStrided374,KERNEL_AIVEC,1,2349,14.312,1763721025741070.365	,1763721025741084.677	
0,N/A,MEMCPY_ASYNC,1,2350,1.083,1763721025741084.740	,1763721025741085.823	
0,trans_TransData_55,KERNEL_AIVEC,1,2351,120.375,1763721025741106.261	,1763721025741226.636	
0,AsStrided375,KERNEL_AIVEC,1,2352,14.833,1763721025741226.719	,1763721025741241.552	
0,N/A,MEMCPY_ASYNC,1,2353,1.166,1763721025741241.615	,1763721025741242.781	
0,trans_TransData_55,KERNEL_AIVEC,1,2354,95.979,1763721025741242.865	,1763721025741338.844	
0,AsStrided376,KERNEL_AIVEC,1,2355,14.291,1763721025741338.928	,1763721025741353.219	
0,N/A,MEMCPY_ASYNC,1,2356,1.083,1763721025741353.303	,1763721025741354.386	
0,trans_TransData_55,KERNEL_AIVEC,1,2357,112.833,1763721025741358.469	,1763721025741471.302	
0,AsStrided377,KERNEL_AIVEC,1,2358,14.187,1763721025741471.386	,1763721025741485.573	
0,N/A,MEMCPY_ASYNC,1,2359,1.041,1763721025741485.657	,1763721025741486.698	
0,trans_TransData_55,KERNEL_AIVEC,1,2360,93.5,1763721025741486.782	,1763721025741580.282	
0,AsStrided378,KERNEL_AIVEC,1,2361,14.25,1763721025741580.365	,1763721025741594.615	
0,N/A,MEMCPY_ASYNC,1,2362,1.062,1763721025741594.699	,1763721025741595.761	
0,trans_TransData_55,KERNEL_AIVEC,1,2363,104.208,1763721025741603.532	,1763721025741707.740	
0,AsStrided379,KERNEL_AIVEC,1,2364,14.75,1763721025741707.824	,1763721025741722.574	
0,N/A,MEMCPY_ASYNC,1,2365,1.166,1763721025741722.657	,1763721025741723.823	
0,trans_TransData_55,KERNEL_AIVEC,1,2366,122.145,1763721025741725.178	,1763721025741847.323	
0,AsStrided380,KERNEL_AIVEC,1,2367,14.229,1763721025741847.407	,1763721025741861.636	
0,N/A,MEMCPY_ASYNC,1,2368,1.166,1763721025741953.740	,1763721025741954.906	
0,trans_TransData_55,KERNEL_AIVEC,1,2369,96.833,1763721025741998.636	,1763721025742095.469	
0,AsStrided381,KERNEL_AIVEC,1,2370,14.25,1763721025742095.553	,1763721025742109.803	
0,N/A,MEMCPY_ASYNC,1,2371,1.166,1763721025742109.865	,1763721025742111.031	
0,trans_TransData_55,KERNEL_AIVEC,1,2372,97.562,1763721025742115.344	,1763721025742212.906	
0,AsStrided382,KERNEL_AIVEC,1,2373,14.562,1763721025742212.969	,1763721025742227.531	
0,N/A,MEMCPY_ASYNC,1,2374,1.062,1763721025742227.615	,1763721025742228.677	
0,trans_TransData_55,KERNEL_AIVEC,1,2375,109.187,1763721025742236.553	,1763721025742345.740	
0,AsStrided383,KERNEL_AIVEC,1,2376,14.291,1763721025742345.803	,1763721025742360.094	
0,N/A,MEMCPY_ASYNC,1,2377,1.166,1763721025742360.178	,1763721025742361.344	
0,trans_TransData_55,KERNEL_AIVEC,1,2378,91.541,1763721025742361.407	,1763721025742452.948	
0,AsStrided384,KERNEL_AIVEC,1,2379,14.333,1763721025742453.032	,1763721025742467.365	
0,N/A,MEMCPY_ASYNC,1,2380,1.083,1763721025742467.449	,1763721025742468.532	
0,trans_TransData_55,KERNEL_AIVEC,1,2381,102.145,1763721025742471.636	,1763721025742573.781	
0,AsStrided385,KERNEL_AIVEC,1,2382,14.895,1763721025742573.844	,1763721025742588.739	
0,N/A,MEMCPY_ASYNC,1,2383,1.062,1763721025742588.824	,1763721025742589.886	
0,trans_TransData_55,KERNEL_AIVEC,1,2384,95.895,1763721025742603.636	,1763721025742699.531	
0,AsStrided386,KERNEL_AIVEC,1,2385,14.541,1763721025742699.615	,1763721025742714.156	
0,N/A,MEMCPY_ASYNC,1,2386,1.062,1763721025742714.240	,1763721025742715.302	
0,trans_TransData_55,KERNEL_AIVEC,1,2387,119.187,1763721025742721.032	,1763721025742840.219	
0,AsStrided387,KERNEL_AIVEC,1,2388,13.979,1763721025742840.303	,1763721025742854.282	
0,N/A,MEMCPY_ASYNC,1,2389,1.166,1763721025742854.365	,1763721025742855.531	
0,trans_TransData_55,KERNEL_AIVEC,1,2390,87.875,1763721025742936.115	,1763721025743023.990	
0,AsStrided388,KERNEL_AIVEC,1,2391,14.27,1763721025743024.074	,1763721025743038.344	
0,N/A,MEMCPY_ASYNC,1,2392,1.104,1763721025743038.428	,1763721025743039.532	
0,trans_TransData_55,KERNEL_AIVEC,1,2393,78.604,1763721025743065.344	,1763721025743143.948	
0,AsStrided389,KERNEL_AIVEC,1,2394,14.354,1763721025743144.032	,1763721025743158.386	
0,N/A,MEMCPY_ASYNC,1,2395,1.104,1763721025743158.449	,1763721025743159.553	
0,trans_TransData_55,KERNEL_AIVEC,1,2396,95.291,1763721025743192.803	,1763721025743288.094	
0,AsStrided390,KERNEL_AIVEC,1,2397,14.0,1763721025743288.178	,1763721025743302.178	
0,N/A,MEMCPY_ASYNC,1,2398,1.083,1763721025743302.261	,1763721025743303.344	
0,trans_TransData_55,KERNEL_AIVEC,1,2399,78.562,1763721025743319.261	,1763721025743397.823	
0,AsStrided391,KERNEL_AIVEC,1,2400,14.375,1763721025743397.886	,1763721025743412.261	
0,N/A,MEMCPY_ASYNC,1,2401,1.187,1763721025743412.344	,1763721025743413.531	
0,trans_TransData_55,KERNEL_AIVEC,1,2402,82.0,1763721025743445.865	,1763721025743527.865	
0,AsStrided392,KERNEL_AIVEC,1,2403,14.354,1763721025743527.949	,1763721025743542.303	
0,N/A,MEMCPY_ASYNC,1,2404,1.083,1763721025743542.386	,1763721025743543.469	
0,trans_TransData_55,KERNEL_AIVEC,1,2405,81.083,1763721025743568.949	,1763721025743650.032	
0,AsStrided393,KERNEL_AIVEC,1,2406,14.229,1763721025743650.115	,1763721025743664.344	
0,N/A,MEMCPY_ASYNC,1,2407,1.062,1763721025743664.428	,1763721025743665.490	
0,trans_TransData_55,KERNEL_AIVEC,1,2408,83.77,1763721025743689.907	,1763721025743773.677	
0,AsStrided394,KERNEL_AIVEC,1,2409,13.958,1763721025743773.761	,1763721025743787.719	
0,N/A,MEMCPY_ASYNC,1,2410,1.104,1763721025743787.803	,1763721025743788.907	
0,trans_TransData_55,KERNEL_AIVEC,1,2411,91.895,1763721025743814.240	,1763721025743906.135	
0,AsStrided395,KERNEL_AIVEC,1,2412,14.77,1763721025743906.219	,1763721025743920.989	
0,N/A,MEMCPY_ASYNC,1,2413,1.187,1763721025743921.053	,1763721025743922.240	
0,trans_TransData_55,KERNEL_AIVEC,1,2414,87.75,1763721025743948.094	,1763721025744035.844	
0,AsStrided396,KERNEL_AIVEC,1,2415,14.625,1763721025744035.907	,1763721025744050.532	
0,N/A,MEMCPY_ASYNC,1,2416,1.104,1763721025744050.615	,1763721025744051.719	
0,trans_TransData_55,KERNEL_AIVEC,1,2417,79.437,1763721025744074.803	,1763721025744154.240	
0,AsStrided397,KERNEL_AIVEC,1,2418,14.208,1763721025744154.303	,1763721025744168.511	
0,N/A,MEMCPY_ASYNC,1,2419,1.166,1763721025744169.699	,1763721025744170.865	
0,trans_TransData_55,KERNEL_AIVEC,1,2420,91.458,1763721025744214.053	,1763721025744305.511	
0,AsStrided398,KERNEL_AIVEC,1,2421,14.5,1763721025744305.594	,1763721025744320.094	
0,N/A,MEMCPY_ASYNC,1,2422,1.166,1763721025744320.157	,1763721025744321.323	
0,trans_TransData_55,KERNEL_AIVEC,1,2423,108.125,1763721025744341.740	,1763721025744449.865	
0,AsStrided399,KERNEL_AIVEC,1,2424,13.979,1763721025744449.949	,1763721025744463.928	
0,N/A,MEMCPY_ASYNC,1,2425,1.166,1763721025744463.990	,1763721025744465.156	
0,trans_TransData_55,KERNEL_AIVEC,1,2426,81.229,1763721025744465.240	,1763721025744546.469	
0,AsStrided400,KERNEL_AIVEC,1,2427,14.312,1763721025744546.553	,1763721025744560.865	
0,N/A,MEMCPY_ASYNC,1,2428,1.125,1763721025744562.949	,1763721025744564.074	
0,trans_TransData_55,KERNEL_AIVEC,1,2429,85.666,1763721025744597.594	,1763721025744683.260	
0,AsStrided401,KERNEL_AIVEC,1,2430,14.416,1763721025744683.324	,1763721025744697.740	
0,N/A,MEMCPY_ASYNC,1,2431,1.104,1763721025744697.803	,1763721025744698.907	
0,trans_TransData_55,KERNEL_AIVEC,1,2432,95.625,1763721025745987.865	,1763721025746083.490	
0,AsStrided402,KERNEL_AIVEC,1,2433,15.395,1763721025746116.053	,1763721025746131.448	
0,N/A,MEMCPY_ASYNC,1,2434,1.062,1763721025746174.990	,1763721025746176.052	
0,trans_TransData_55,KERNEL_AIVEC,1,2435,89.854,1763721025746232.282	,1763721025746322.136	
0,AsStrided403,KERNEL_AIVEC,1,2436,16.041,1763721025750415.219	,1763721025750431.260	
0,N/A,MEMCPY_ASYNC,1,2437,1.125,1763721025750596.553	,1763721025750597.678	
0,trans_TransData_55,KERNEL_AIVEC,1,2438,84.291,1763721025750674.678	,1763721025750758.969	
0,AsStrided404,KERNEL_AIVEC,1,2439,14.416,1763721025750759.032	,1763721025750773.448	
0,N/A,MEMCPY_ASYNC,1,2440,1.104,1763721025750777.886	,1763721025750778.990	
0,trans_TransData_55,KERNEL_AIVEC,1,2441,86.791,1763721025750815.511	,1763721025750902.302	
0,AsStrided405,KERNEL_AIVEC,1,2442,14.583,1763721025751061.094	,1763721025751075.677	
0,N/A,MEMCPY_ASYNC,1,2443,1.083,1763721025751120.865	,1763721025751121.948	
0,trans_TransData_55,KERNEL_AIVEC,1,2444,99.541,1763721025751173.490	,1763721025751273.031	
0,AsStrided406,KERNEL_AIVEC,1,2445,14.145,1763721025751273.094	,1763721025751287.239	
0,N/A,MEMCPY_ASYNC,1,2446,1.145,1763721025751287.303	,1763721025751288.448	
0,Pack407/Pack00,KERNEL_AIVEC,1,2447,13.937,1763721029692663.532	,1763721029692677.469	
0,Pack407/Pack10,KERNEL_AIVEC,1,2448,11.395,1763721029692800.324	,1763721029692811.719	
0,Pack407/Pack20,KERNEL_AIVEC,1,2449,11.0,1763721029692908.365	,1763721029692919.365	
0,Pack407/Pack30,KERNEL_AIVEC,1,2450,13.041,1763721029692988.928	,1763721029693001.969	
0,Pack407/Pack40,KERNEL_AIVEC,1,2451,11.187,1763721029693121.365	,1763721029693132.552	
0,Pack407/Pack50,KERNEL_AIVEC,1,2452,13.479,1763721029693205.865	,1763721029693219.344	
0,Pack407/Pack60,KERNEL_AIVEC,1,2453,14.833,1763721029693285.511	,1763721029693300.344	
0,Pack407/Pack70,KERNEL_AIVEC,1,2454,14.166,1763721029693383.678	,1763721029693397.844	
0,Pack407/Pack80,KERNEL_AIVEC,1,2455,14.083,1763721029693463.449	,1763721029693477.532	
0,Pack407/Pack90,KERNEL_AIVEC,1,2456,8.812,1763721029693524.719	,1763721029693533.531	
0,Pack407/PackBase_node0,KERNEL_AIVEC,1,2457,39.583,1763721029693576.115	,1763721029693615.698	
0,AsStrided106,KERNEL_AIVEC,1,2458,37.791,1763721029693757.074	,1763721029693794.865	
0,N/A,MEMCPY_ASYNC,1,2459,1.979,1763721029693870.136	,1763721029693872.115	
0,AsStrided108,KERNEL_AIVEC,1,2460,14.437,1763721029693938.115	,1763721029693952.552	
0,N/A,MEMCPY_ASYNC,1,2461,1.145,1763721029694007.428	,1763721029694008.573	
0,AsStrided109,KERNEL_AIVEC,1,2462,13.979,1763721029694078.657	,1763721029694092.636	
0,N/A,MEMCPY_ASYNC,1,2463,1.166,1763721029694123.844	,1763721029694125.010	
0,AsStrided110,KERNEL_AIVEC,1,2464,14.375,1763721029694186.532	,1763721029694200.907	
0,N/A,MEMCPY_ASYNC,1,2465,1.083,1763721029694227.990	,1763721029694229.073	
0,AsStrided111,KERNEL_AIVEC,1,2466,14.375,1763721029694285.761	,1763721029694300.136	
0,N/A,MEMCPY_ASYNC,1,2467,1.166,1763721029694325.074	,1763721029694326.240	
0,AsStrided112,KERNEL_AIVEC,1,2468,13.937,1763721029694388.824	,1763721029694402.761	
0,N/A,MEMCPY_ASYNC,1,2469,1.145,1763721029694428.928	,1763721029694430.073	
0,AsStrided113,KERNEL_AIVEC,1,2470,14.145,1763721029694481.969	,1763721029694496.114	
0,N/A,MEMCPY_ASYNC,1,2471,1.166,1763721029694521.574	,1763721029694522.740	
0,AsStrided114,KERNEL_AIVEC,1,2472,14.208,1763721029694578.282	,1763721029694592.490	
0,N/A,MEMCPY_ASYNC,1,2473,1.166,1763721029694616.594	,1763721029694617.760	
0,AsStrided115,KERNEL_AIVEC,1,2474,14.395,1763721029694675.032	,1763721029694689.427	
0,N/A,MEMCPY_ASYNC,1,2475,1.125,1763721029694719.699	,1763721029694720.824	
0,AsStrided116,KERNEL_AIVEC,1,2476,14.041,1763721029694841.865	,1763721029694855.906	
0,N/A,MEMCPY_ASYNC,1,2477,1.145,1763721029694855.990	,1763721029694857.135	
0,AsStrided117,KERNEL_AIVEC,1,2478,14.208,1763721029694891.928	,1763721029694906.136	
0,N/A,MEMCPY_ASYNC,1,2479,1.187,1763721029694954.803	,1763721029694955.990	
0,AsStrided118,KERNEL_AIVEC,1,2480,14.145,1763721029695025.511	,1763721029695039.656	
0,N/A,MEMCPY_ASYNC,1,2481,1.145,1763721029695064.928	,1763721029695066.073	
0,AsStrided119,KERNEL_AIVEC,1,2482,14.27,1763721029695119.844	,1763721029695134.114	
0,N/A,MEMCPY_ASYNC,1,2483,1.125,1763721029695164.303	,1763721029695165.428	
0,AsStrided120,KERNEL_AIVEC,1,2484,14.187,1763721029695217.928	,1763721029695232.115	
0,N/A,MEMCPY_ASYNC,1,2485,1.166,1763721029695256.199	,1763721029695257.365	
0,AsStrided121,KERNEL_AIVEC,1,2486,13.958,1763721029695310.136	,1763721029695324.094	
0,N/A,MEMCPY_ASYNC,1,2487,1.166,1763721029695346.886	,1763721029695348.052	
0,AsStrided122,KERNEL_AIVEC,1,2488,14.166,1763721029695405.615	,1763721029695419.781	
0,N/A,MEMCPY_ASYNC,1,2489,1.166,1763721029695447.803	,1763721029695448.969	
0,AsStrided123,KERNEL_AIVEC,1,2490,14.416,1763721029695503.428	,1763721029695517.844	
0,N/A,MEMCPY_ASYNC,1,2491,1.125,1763721029695547.407	,1763721029695548.532	
0,AsStrided124,KERNEL_AIVEC,1,2492,14.291,1763721029695600.969	,1763721029695615.260	
0,N/A,MEMCPY_ASYNC,1,2493,1.27,1763721029695654.615	,1763721029695655.885	
0,AsStrided125,KERNEL_AIVEC,1,2494,14.562,1763721029695709.344	,1763721029695723.906	
0,N/A,MEMCPY_ASYNC,1,2495,1.562,1763721029695747.678	,1763721029695749.240	
0,AsStrided126,KERNEL_AIVEC,1,2496,13.979,1763721029695966.594	,1763721029695980.573	
0,N/A,MEMCPY_ASYNC,1,2497,1.27,1763721029696012.969	,1763721029696014.239	
0,AsStrided127,KERNEL_AIVEC,1,2498,14.479,1763721029696081.865	,1763721029696096.344	
0,N/A,MEMCPY_ASYNC,1,2499,1.145,1763721029696121.094	,1763721029696122.239	
0,AsStrided128,KERNEL_AIVEC,1,2500,14.083,1763721029696177.990	,1763721029696192.073	
0,N/A,MEMCPY_ASYNC,1,2501,1.187,1763721029696534.365	,1763721029696535.552	
0,AsStrided129,KERNEL_AIVEC,1,2502,14.208,1763721029696617.719	,1763721029696631.927	
0,N/A,MEMCPY_ASYNC,1,2503,1.229,1763721029696664.824	,1763721029696666.053	
0,AsStrided130,KERNEL_AIVEC,1,2504,14.562,1763721029696728.344	,1763721029696742.906	
0,N/A,MEMCPY_ASYNC,1,2505,1.291,1763721029696764.886	,1763721029696766.177	
0,AsStrided131,KERNEL_AIVEC,1,2506,14.27,1763721029696830.761	,1763721029696845.031	
0,N/A,MEMCPY_ASYNC,1,2507,1.25,1763721029696871.136	,1763721029696872.386	
0,AsStrided132,KERNEL_AIVEC,1,2508,14.312,1763721029696928.136	,1763721029696942.448	
0,N/A,MEMCPY_ASYNC,1,2509,1.291,1763721029696966.219	,1763721029696967.510	
0,AsStrided133,KERNEL_AIVEC,1,2510,14.166,1763721029697020.636	,1763721029697034.802	
0,N/A,MEMCPY_ASYNC,1,2511,1.229,1763721029697059.886	,1763721029697061.115	
0,AsStrided134,KERNEL_AIVEC,1,2512,14.229,1763721029697128.344	,1763721029697142.573	
0,N/A,MEMCPY_ASYNC,1,2513,1.291,1763721029697173.594	,1763721029697174.885	
0,AsStrided135,KERNEL_AIVEC,1,2514,14.02,1763721029697234.074	,1763721029697248.094	
0,N/A,MEMCPY_ASYNC,1,2515,1.25,1763721029697273.782	,1763721029697275.032	
0,AsStrided136,KERNEL_AIVEC,1,2516,14.166,1763721029697329.969	,1763721029697344.135	
0,N/A,MEMCPY_ASYNC,1,2517,1.27,1763721029697485.407	,1763721029697486.677	
0,AsStrided137,KERNEL_AIVEC,1,2518,14.145,1763721029697748.449	,1763721029697762.594	
0,N/A,MEMCPY_ASYNC,1,2519,1.229,1763721029697812.532	,1763721029697813.761	
0,AsStrided138,KERNEL_AIVEC,1,2520,13.916,1763721029697885.594	,1763721029697899.510	
0,N/A,MEMCPY_ASYNC,1,2521,1.27,1763721029697943.490	,1763721029697944.760	
0,AsStrided139,KERNEL_AIVEC,1,2522,15.062,1763721029698000.282	,1763721029698015.344	
0,N/A,MEMCPY_ASYNC,1,2523,1.25,1763721029698037.157	,1763721029698038.407	
0,AsStrided140,KERNEL_AIVEC,1,2524,13.895,1763721029698087.969	,1763721029698101.864	
0,N/A,MEMCPY_ASYNC,1,2525,1.27,1763721029698122.740	,1763721029698124.010	
0,AsStrided141,KERNEL_AIVEC,1,2526,14.166,1763721029698178.574	,1763721029698192.740	
0,N/A,MEMCPY_ASYNC,1,2527,1.25,1763721029698213.324	,1763721029698214.574	
0,AsStrided142,KERNEL_AIVEC,1,2528,13.958,1763721029698274.865	,1763721029698288.823	
0,N/A,MEMCPY_ASYNC,1,2529,1.27,1763721029698310.199	,1763721029698311.469	
0,AsStrided143,KERNEL_AIVEC,1,2530,14.208,1763721029698363.949	,1763721029698378.157	
0,N/A,MEMCPY_ASYNC,1,2531,1.229,1763721029698397.511	,1763721029698398.740	
0,AsStrided144,KERNEL_AIVEC,1,2532,14.395,1763721029698833.115	,1763721029698847.510	
0,N/A,MEMCPY_ASYNC,1,2533,1.208,1763721029698869.469	,1763721029698870.677	
0,AsStrided145,KERNEL_AIVEC,1,2534,13.937,1763721029698945.490	,1763721029698959.427	
0,N/A,MEMCPY_ASYNC,1,2535,1.25,1763721029698980.990	,1763721029698982.240	
0,AsStrided146,KERNEL_AIVEC,1,2536,14.916,1763721029699056.824	,1763721029699071.740	
0,N/A,MEMCPY_ASYNC,1,2537,1.291,1763721029699091.803	,1763721029699093.094	
0,AsStrided147,KERNEL_AIVEC,1,2538,14.104,1763721029699152.324	,1763721029699166.428	
0,N/A,MEMCPY_ASYNC,1,2539,1.27,1763721029699192.157	,1763721029699193.427	
0,AsStrided148,KERNEL_AIVEC,1,2540,14.104,1763721029699383.761	,1763721029699397.865	
0,N/A,MEMCPY_ASYNC,1,2541,1.291,1763721029699428.636	,1763721029699429.927	
0,AsStrided149,KERNEL_AIVEC,1,2542,14.083,1763721029699491.678	,1763721029699505.761	
0,N/A,MEMCPY_ASYNC,1,2543,1.229,1763721029699813.365	,1763721029699814.594	
0,AsStrided150,KERNEL_AIVEC,1,2544,13.895,1763721029699900.428	,1763721029699914.323	
0,N/A,MEMCPY_ASYNC,1,2545,1.27,1763721029699943.761	,1763721029699945.031	
0,AsStrided151,KERNEL_AIVEC,1,2546,14.479,1763721029700004.136	,1763721029700018.615	
0,N/A,MEMCPY_ASYNC,1,2547,1.229,1763721029700043.949	,1763721029700045.178	
0,AsStrided152,KERNEL_AIVEC,1,2548,14.27,1763721029700100.719	,1763721029700114.989	
0,N/A,MEMCPY_ASYNC,1,2549,1.187,1763721029700138.303	,1763721029700139.490	
0,AsStrided153,KERNEL_AIVEC,1,2550,14.125,1763721029700205.344	,1763721029700219.469	
0,N/A,MEMCPY_ASYNC,1,2551,1.25,1763721029700257.011	,1763721029700258.261	
0,AsStrided154,KERNEL_AIVEC,1,2552,14.812,1763721029700314.053	,1763721029700328.865	
0,N/A,MEMCPY_ASYNC,1,2553,1.208,1763721029700358.199	,1763721029700359.407	
0,AsStrided155,KERNEL_AIVEC,1,2554,14.229,1763721029700408.636	,1763721029700422.865	
0,N/A,MEMCPY_ASYNC,1,2555,1.166,1763721029700447.074	,1763721029700448.240	
0,AsStrided156,KERNEL_AIVEC,1,2556,14.104,1763721029700506.803	,1763721029700520.907	
0,N/A,MEMCPY_ASYNC,1,2557,1.187,1763721029700543.844	,1763721029700545.031	
0,AsStrided157,KERNEL_AIVEC,1,2558,13.895,1763721029700723.261	,1763721029700737.156	
0,N/A,MEMCPY_ASYNC,1,2559,1.229,1763721029700961.303	,1763721029700962.532	
0,AsStrided158,KERNEL_AIVEC,1,2560,14.125,1763721029701186.657	,1763721029701200.782	
0,N/A,MEMCPY_ASYNC,1,2561,1.291,1763721029701237.282	,1763721029701238.573	
0,AsStrided159,KERNEL_AIVEC,1,2562,14.208,1763721029701301.032	,1763721029701315.240	
0,N/A,MEMCPY_ASYNC,1,2563,1.25,1763721029701340.469	,1763721029701341.719	
0,AsStrided160,KERNEL_AIVEC,1,2564,14.104,1763721029701399.803	,1763721029701413.907	
0,N/A,MEMCPY_ASYNC,1,2565,1.208,1763721029701438.365	,1763721029701439.573	
0,AsStrided161,KERNEL_AIVEC,1,2566,13.916,1763721029701504.949	,1763721029701518.865	
0,N/A,MEMCPY_ASYNC,1,2567,1.229,1763721029701539.469	,1763721029701540.698	
0,AsStrided162,KERNEL_AIVEC,1,2568,14.208,1763721029701594.199	,1763721029701608.407	
0,N/A,MEMCPY_ASYNC,1,2569,1.208,1763721029701738.136	,1763721029701739.344	
0,AsStrided163,KERNEL_AIVEC,1,2570,14.145,1763721029701813.678	,1763721029701827.823	
0,N/A,MEMCPY_ASYNC,1,2571,1.166,1763721029702024.553	,1763721029702025.719	
0,AsStrided164,KERNEL_AIVEC,1,2572,13.958,1763721029702108.865	,1763721029702122.823	
0,N/A,MEMCPY_ASYNC,1,2573,1.187,1763721029702167.636	,1763721029702168.823	
0,AsStrided165,KERNEL_AIVEC,1,2574,14.104,1763721029702228.094	,1763721029702242.198	
0,N/A,MEMCPY_ASYNC,1,2575,1.229,1763721029702264.636	,1763721029702265.865	
0,AsStrided166,KERNEL_AIVEC,1,2576,14.02,1763721029702321.261	,1763721029702335.281	
0,N/A,MEMCPY_ASYNC,1,2577,1.187,1763721029702357.032	,1763721029702358.219	
0,AsStrided167,KERNEL_AIVEC,1,2578,14.125,1763721029702412.657	,1763721029702426.782	
0,N/A,MEMCPY_ASYNC,1,2579,1.166,1763721029702446.886	,1763721029702448.052	
0,AsStrided168,KERNEL_AIVEC,1,2580,14.208,1763721029702499.553	,1763721029702513.761	
0,N/A,MEMCPY_ASYNC,1,2581,1.208,1763721029702546.678	,1763721029702547.886	
0,AsStrided169,KERNEL_AIVEC,1,2582,14.833,1763721029702602.094	,1763721029702616.927	
0,N/A,MEMCPY_ASYNC,1,2583,1.229,1763721029702636.803	,1763721029702638.032	
0,AsStrided170,KERNEL_AIVEC,1,2584,14.166,1763721029702829.865	,1763721029702844.031	
0,N/A,MEMCPY_ASYNC,1,2585,1.208,1763721029702886.199	,1763721029702887.407	
0,AsStrided171,KERNEL_AIVEC,1,2586,14.145,1763721029702942.344	,1763721029702956.489	
0,N/A,MEMCPY_ASYNC,1,2587,1.166,1763721029702979.344	,1763721029702980.510	
0,AsStrided172,KERNEL_AIVEC,1,2588,14.229,1763721029703229.115	,1763721029703243.344	
0,N/A,MEMCPY_ASYNC,1,2589,1.208,1763721029703400.636	,1763721029703401.844	
0,AsStrided173,KERNEL_AIVEC,1,2590,14.145,1763721029703482.428	,1763721029703496.573	
0,N/A,MEMCPY_ASYNC,1,2591,2.041,1763721029703525.907	,1763721029703527.948	
0,AsStrided174,KERNEL_AIVEC,1,2592,14.187,1763721029703586.428	,1763721029703600.615	
0,N/A,MEMCPY_ASYNC,1,2593,1.208,1763721029703625.094	,1763721029703626.302	
0,AsStrided175,KERNEL_AIVEC,1,2594,14.187,1763721029703684.240	,1763721029703698.427	
0,N/A,MEMCPY_ASYNC,1,2595,1.208,1763721029703719.386	,1763721029703720.594	
0,AsStrided176,KERNEL_AIVEC,1,2596,14.187,1763721029703916.886	,1763721029703931.073	
0,N/A,MEMCPY_ASYNC,1,2597,1.229,1763721029703976.074	,1763721029703977.303	
0,AsStrided177,KERNEL_AIVEC,1,2598,14.291,1763721029704044.886	,1763721029704059.177	
0,N/A,MEMCPY_ASYNC,1,2599,1.229,1763721029704081.636	,1763721029704082.865	
0,AsStrided178,KERNEL_AIVEC,1,2600,14.312,1763721029704310.511	,1763721029704324.823	
0,N/A,MEMCPY_ASYNC,1,2601,1.187,1763721029704366.615	,1763721029704367.802	
0,AsStrided179,KERNEL_AIVEC,1,2602,14.187,1763721029704437.449	,1763721029704451.636	
0,N/A,MEMCPY_ASYNC,1,2603,1.208,1763721029704471.969	,1763721029704473.177	
0,AsStrided180,KERNEL_AIVEC,1,2604,13.916,1763721029704540.053	,1763721029704553.969	
0,N/A,MEMCPY_ASYNC,1,2605,1.187,1763721029704576.469	,1763721029704577.656	
0,AsStrided181,KERNEL_AIVEC,1,2606,14.312,1763721029704636.532	,1763721029704650.844	
0,N/A,MEMCPY_ASYNC,1,2607,1.229,1763721029704672.699	,1763721029704673.928	
0,AsStrided182,KERNEL_AIVEC,1,2608,14.166,1763721029704734.553	,1763721029704748.719	
0,N/A,MEMCPY_ASYNC,1,2609,1.187,1763721029704772.365	,1763721029704773.552	
0,AsStrided183,KERNEL_AIVEC,1,2610,14.02,1763721029704830.324	,1763721029704844.344	
0,N/A,MEMCPY_ASYNC,1,2611,1.187,1763721029705007.407	,1763721029705008.594	
0,AsStrided184,KERNEL_AIVEC,1,2612,14.104,1763721029705089.803	,1763721029705103.907	
0,N/A,MEMCPY_ASYNC,1,2613,1.187,1763721029705132.532	,1763721029705133.719	
0,AsStrided185,KERNEL_AIVEC,1,2614,13.979,1763721029705195.449	,1763721029705209.428	
0,N/A,MEMCPY_ASYNC,1,2615,1.229,1763721029705233.615	,1763721029705234.844	
0,AsStrided186,KERNEL_AIVEC,1,2616,14.104,1763721029705500.449	,1763721029705514.553	
0,N/A,MEMCPY_ASYNC,1,2617,1.229,1763721029705552.115	,1763721029705553.344	
0,AsStrided187,KERNEL_AIVEC,1,2618,14.437,1763721029705617.032	,1763721029705631.469	
0,N/A,MEMCPY_ASYNC,1,2619,1.25,1763721029705664.574	,1763721029705665.824	
0,AsStrided188,KERNEL_AIVEC,1,2620,14.166,1763721029705766.740	,1763721029705780.906	
0,N/A,MEMCPY_ASYNC,1,2621,1.27,1763721029705780.990	,1763721029705782.260	
0,AsStrided189,KERNEL_AIVEC,1,2622,14.166,1763721029705820.428	,1763721029705834.594	
0,N/A,MEMCPY_ASYNC,1,2623,1.25,1763721029705854.511	,1763721029705855.761	
0,AsStrided190,KERNEL_AIVEC,1,2624,14.02,1763721029706223.199	,1763721029706237.219	
0,N/A,MEMCPY_ASYNC,1,2625,1.208,1763721029706285.303	,1763721029706286.511	
0,AsStrided191,KERNEL_AIVEC,1,2626,14.229,1763721029706517.136	,1763721029706531.365	
0,N/A,MEMCPY_ASYNC,1,2627,1.416,1763721029706576.365	,1763721029706577.781	
0,AsStrided192,KERNEL_AIVEC,1,2628,14.583,1763721029706648.428	,1763721029706663.011	
0,N/A,MEMCPY_ASYNC,1,2629,1.208,1763721029706691.532	,1763721029706692.740	
0,AsStrided193,KERNEL_AIVEC,1,2630,14.166,1763721029706759.032	,1763721029706773.198	
0,N/A,MEMCPY_ASYNC,1,2631,1.25,1763721029706836.386	,1763721029706837.636	
0,AsStrided194,KERNEL_AIVEC,1,2632,14.25,1763721029706870.740	,1763721029706884.990	
0,N/A,MEMCPY_ASYNC,1,2633,1.208,1763721029706921.053	,1763721029706922.261	
0,AsStrided195,KERNEL_AIVEC,1,2634,13.916,1763721029706973.553	,1763721029706987.469	
0,N/A,MEMCPY_ASYNC,1,2635,1.25,1763721029707016.886	,1763721029707018.136	
0,AsStrided196,KERNEL_AIVEC,1,2636,14.145,1763721029707075.136	,1763721029707089.281	
0,N/A,MEMCPY_ASYNC,1,2637,1.27,1763721029707109.574	,1763721029707110.844	
0,AsStrided197,KERNEL_AIVEC,1,2638,14.875,1763721029707184.469	,1763721029707199.344	
0,N/A,MEMCPY_ASYNC,1,2639,1.229,1763721029707199.428	,1763721029707200.657	
0,AsStrided198,KERNEL_AIVEC,1,2640,14.354,1763721029707260.365	,1763721029707274.719	
0,N/A,MEMCPY_ASYNC,1,2641,1.291,1763721029707297.094	,1763721029707298.385	
0,AsStrided199,KERNEL_AIVEC,1,2642,14.0,1763721029707355.407	,1763721029707369.407	
0,N/A,MEMCPY_ASYNC,1,2643,1.25,1763721029707389.803	,1763721029707391.053	
0,AsStrided200,KERNEL_AIVEC,1,2644,14.125,1763721029707444.657	,1763721029707458.782	
0,N/A,MEMCPY_ASYNC,1,2645,1.291,1763721029707479.615	,1763721029707480.906	
0,AsStrided201,KERNEL_AIVEC,1,2646,14.354,1763721029707538.782	,1763721029707553.136	
0,N/A,MEMCPY_ASYNC,1,2647,1.25,1763721029707573.532	,1763721029707574.782	
0,AsStrided202,KERNEL_AIVEC,1,2648,13.958,1763721029707634.699	,1763721029707648.657	
0,N/A,MEMCPY_ASYNC,1,2649,1.187,1763721029707681.928	,1763721029707683.115	
0,AsStrided203,KERNEL_AIVEC,1,2650,14.125,1763721029707741.261	,1763721029707755.386	
0,N/A,MEMCPY_ASYNC,1,2651,1.25,1763721029707778.074	,1763721029707779.324	
0,AsStrided204,KERNEL_AIVEC,1,2652,13.916,1763721029708113.532	,1763721029708127.448	
0,N/A,MEMCPY_ASYNC,1,2653,1.291,1763721029708173.782	,1763721029708175.073	
0,AsStrided205,KERNEL_AIVEC,1,2654,14.125,1763721029708244.803	,1763721029708258.928	
0,N/A,MEMCPY_ASYNC,1,2655,1.25,1763721029708283.115	,1763721029708284.365	
0,AsStrided206,KERNEL_AIVEC,1,2656,13.895,1763721029708352.740	,1763721029708366.635	
0,N/A,MEMCPY_ASYNC,1,2657,1.229,1763721029708389.365	,1763721029708390.594	
0,AsStrided207,KERNEL_AIVEC,1,2658,14.25,1763721029708452.886	,1763721029708467.136	
0,N/A,MEMCPY_ASYNC,1,2659,1.187,1763721029708488.219	,1763721029708489.406	
0,AsStrided208,KERNEL_AIVEC,1,2660,14.145,1763721029708547.240	,1763721029708561.385	
0,N/A,MEMCPY_ASYNC,1,2661,1.208,1763721029708584.657	,1763721029708585.865	
0,AsStrided209,KERNEL_AIVEC,1,2662,13.916,1763721029708639.969	,1763721029708653.885	
0,N/A,MEMCPY_ASYNC,1,2663,1.229,1763721029708674.074	,1763721029708675.303	
0,AsStrided210,KERNEL_AIVEC,1,2664,14.145,1763721029708734.594	,1763721029708748.739	
0,N/A,MEMCPY_ASYNC,1,2665,1.187,1763721029708769.407	,1763721029708770.594	
0,AsStrided211,KERNEL_AIVEC,1,2666,13.937,1763721029708830.761	,1763721029708844.698	
0,N/A,MEMCPY_ASYNC,1,2667,1.166,1763721029708866.136	,1763721029708867.302	
0,AsStrided212,KERNEL_AIVEC,1,2668,14.229,1763721029709122.615	,1763721029709136.844	
0,N/A,MEMCPY_ASYNC,1,2669,1.187,1763721029709184.574	,1763721029709185.761	
0,AsStrided213,KERNEL_AIVEC,1,2670,14.312,1763721029709253.365	,1763721029709267.677	
0,N/A,MEMCPY_ASYNC,1,2671,1.25,1763721029709299.782	,1763721029709301.032	
0,AsStrided214,KERNEL_AIVEC,1,2672,14.166,1763721029709365.157	,1763721029709379.323	
0,N/A,MEMCPY_ASYNC,1,2673,1.25,1763721029709404.199	,1763721029709405.449	
0,AsStrided215,KERNEL_AIVEC,1,2674,14.25,1763721029709464.386	,1763721029709478.636	
0,N/A,MEMCPY_ASYNC,1,2675,1.208,1763721029709502.636	,1763721029709503.844	
0,AsStrided216,KERNEL_AIVEC,1,2676,14.291,1763721029709563.511	,1763721029709577.802	
0,N/A,MEMCPY_ASYNC,1,2677,1.187,1763721029709596.407	,1763721029709597.594	
0,AsStrided217,KERNEL_AIVEC,1,2678,14.187,1763721029709658.032	,1763721029709672.219	
0,N/A,MEMCPY_ASYNC,1,2679,1.25,1763721029709698.199	,1763721029709699.449	
0,AsStrided218,KERNEL_AIVEC,1,2680,14.104,1763721029709754.532	,1763721029709768.636	
0,N/A,MEMCPY_ASYNC,1,2681,1.25,1763721029709791.657	,1763721029709792.907	
0,AsStrided219,KERNEL_AIVEC,1,2682,14.125,1763721029709851.428	,1763721029709865.553	
0,N/A,MEMCPY_ASYNC,1,2683,1.25,1763721029709886.449	,1763721029709887.699	
0,AsStrided220,KERNEL_AIVEC,1,2684,14.125,1763721029709952.844	,1763721029709966.969	
0,N/A,MEMCPY_ASYNC,1,2685,1.291,1763721029709978.865	,1763721029709980.156	
0,AsStrided221,KERNEL_AIVEC,1,2686,13.916,1763721029710267.928	,1763721029710281.844	
0,N/A,MEMCPY_ASYNC,1,2687,1.25,1763721029710332.782	,1763721029710334.032	
0,AsStrided222,KERNEL_AIVEC,1,2688,14.312,1763721029710562.303	,1763721029710576.615	
0,N/A,MEMCPY_ASYNC,1,2689,1.187,1763721029710607.115	,1763721029710608.302	
0,AsStrided223,KERNEL_AIVEC,1,2690,14.229,1763721029710668.199	,1763721029710682.428	
0,N/A,MEMCPY_ASYNC,1,2691,1.166,1763721029710706.657	,1763721029710707.823	
0,AsStrided224,KERNEL_AIVEC,1,2692,14.395,1763721029710765.949	,1763721029710780.344	
0,N/A,MEMCPY_ASYNC,1,2693,1.187,1763721029710823.574	,1763721029710824.761	
0,AsStrided225,KERNEL_AIVEC,1,2694,14.937,1763721029710916.490	,1763721029710931.427	
0,N/A,MEMCPY_ASYNC,1,2695,1.25,1763721029710971.386	,1763721029710972.636	
0,AsStrided226,KERNEL_AIVEC,1,2696,13.895,1763721029710985.574	,1763721029710999.469	
0,N/A,MEMCPY_ASYNC,1,2697,1.229,1763721029711028.511	,1763721029711029.740	
0,AsStrided227,KERNEL_AIVEC,1,2698,14.229,1763721029711085.178	,1763721029711099.407	
0,N/A,MEMCPY_ASYNC,1,2699,1.187,1763721029711118.532	,1763721029711119.719	
0,AsStrided228,KERNEL_AIVEC,1,2700,14.104,1763721029711174.553	,1763721029711188.657	
0,N/A,MEMCPY_ASYNC,1,2701,1.187,1763721029711432.511	,1763721029711433.698	
0,AsStrided229,KERNEL_AIVEC,1,2702,14.104,1763721029711674.094	,1763721029711688.198	
0,N/A,MEMCPY_ASYNC,1,2703,1.229,1763721029711735.324	,1763721029711736.553	
0,AsStrided230,KERNEL_AIVEC,1,2704,14.229,1763721029711811.386	,1763721029711825.615	
0,N/A,MEMCPY_ASYNC,1,2705,1.187,1763721029711850.324	,1763721029711851.511	
0,AsStrided231,KERNEL_AIVEC,1,2706,13.916,1763721029711907.469	,1763721029711921.385	
0,N/A,MEMCPY_ASYNC,1,2707,1.166,1763721029711942.553	,1763721029711943.719	
0,AsStrided232,KERNEL_AIVEC,1,2708,14.125,1763721029711999.219	,1763721029712013.344	
0,N/A,MEMCPY_ASYNC,1,2709,1.187,1763721029712061.282	,1763721029712062.469	
0,AsStrided233,KERNEL_AIVEC,1,2710,14.77,1763721029712118.053	,1763721029712132.823	
0,N/A,MEMCPY_ASYNC,1,2711,1.229,1763721029712151.740	,1763721029712152.969	
0,AsStrided234,KERNEL_AIVEC,1,2712,14.125,1763721029712206.719	,1763721029712220.844	
0,N/A,MEMCPY_ASYNC,1,2713,1.291,1763721029712243.803	,1763721029712245.094	
0,AsStrided235,KERNEL_AIVEC,1,2714,14.166,1763721029712299.574	,1763721029712313.740	
0,N/A,MEMCPY_ASYNC,1,2715,1.25,1763721029712335.344	,1763721029712336.594	
0,AsStrided236,KERNEL_AIVEC,1,2716,13.937,1763721029712393.094	,1763721029712407.031	
0,N/A,MEMCPY_ASYNC,1,2717,1.208,1763721029712435.469	,1763721029712436.677	
0,AsStrided237,KERNEL_AIVEC,1,2718,14.166,1763721029712495.865	,1763721029712510.031	
0,N/A,MEMCPY_ASYNC,1,2719,1.25,1763721029712530.074	,1763721029712531.324	
0,AsStrided238,KERNEL_AIVEC,1,2720,14.395,1763721029712584.282	,1763721029712598.677	
0,N/A,MEMCPY_ASYNC,1,2721,1.187,1763721029712618.553	,1763721029712619.740	
0,AsStrided239,KERNEL_AIVEC,1,2722,14.229,1763721029712674.136	,1763721029712688.365	
0,N/A,MEMCPY_ASYNC,1,2723,1.187,1763721029713001.803	,1763721029713002.990	
0,AsStrided240,KERNEL_AIVEC,1,2724,13.895,1763721029713090.990	,1763721029713104.885	
0,N/A,MEMCPY_ASYNC,1,2725,1.208,1763721029713129.240	,1763721029713130.448	
0,AsStrided241,KERNEL_AIVEC,1,2726,14.291,1763721029713189.365	,1763721029713203.656	
0,N/A,MEMCPY_ASYNC,1,2727,1.25,1763721029713225.949	,1763721029713227.199	
0,AsStrided242,KERNEL_AIVEC,1,2728,14.145,1763721029713281.636	,1763721029713295.781	
0,N/A,MEMCPY_ASYNC,1,2729,1.208,1763721029713319.011	,1763721029713320.219	
0,AsStrided243,KERNEL_AIVEC,1,2730,14.0,1763721029713377.178	,1763721029713391.178	
0,N/A,MEMCPY_ASYNC,1,2731,1.166,1763721029713413.199	,1763721029713414.365	
0,AsStrided244,KERNEL_AIVEC,1,2732,14.166,1763721029713481.657	,1763721029713495.823	
0,N/A,MEMCPY_ASYNC,1,2733,1.187,1763721029713514.053	,1763721029713515.240	
0,AsStrided245,KERNEL_AIVEC,1,2734,14.104,1763721029713568.615	,1763721029713582.719	
0,N/A,MEMCPY_ASYNC,1,2735,1.229,1763721029713604.115	,1763721029713605.344	
0,AsStrided246,KERNEL_AIVEC,1,2736,14.125,1763721029713662.636	,1763721029713676.761	
0,N/A,MEMCPY_ASYNC,1,2737,1.187,1763721029713701.240	,1763721029713702.427	
0,AsStrided247,KERNEL_AIVEC,1,2738,14.0,1763721029713759.115	,1763721029713773.115	
0,N/A,MEMCPY_ASYNC,1,2739,1.229,1763721029714051.011	,1763721029714052.240	
0,AsStrided248,KERNEL_AIVEC,1,2740,14.645,1763721029714141.678	,1763721029714156.323	
0,N/A,MEMCPY_ASYNC,1,2741,1.229,1763721029714185.532	,1763721029714186.761	
0,AsStrided249,KERNEL_AIVEC,1,2742,14.229,1763721029714254.032	,1763721029714268.261	
0,N/A,MEMCPY_ASYNC,1,2743,1.25,1763721029714286.657	,1763721029714287.907	
0,AsStrided250,KERNEL_AIVEC,1,2744,14.0,1763721029714344.282	,1763721029714358.282	
0,N/A,MEMCPY_ASYNC,1,2745,1.291,1763721029714386.657	,1763721029714387.948	
0,AsStrided251,KERNEL_AIVEC,1,2746,14.458,1763721029714437.678	,1763721029714452.136	
0,N/A,MEMCPY_ASYNC,1,2747,1.229,1763721029714484.761	,1763721029714485.990	
0,AsStrided252,KERNEL_AIVEC,1,2748,14.229,1763721029714549.115	,1763721029714563.344	
0,N/A,MEMCPY_ASYNC,1,2749,1.208,1763721029714581.136	,1763721029714582.344	
0,AsStrided253,KERNEL_AIVEC,1,2750,14.229,1763721029714636.969	,1763721029714651.198	
0,N/A,MEMCPY_ASYNC,1,2751,1.25,1763721029714671.282	,1763721029714672.532	
0,AsStrided254,KERNEL_AIVEC,1,2752,14.458,1763721029715011.803	,1763721029715026.261	
0,N/A,MEMCPY_ASYNC,1,2753,1.291,1763721029715026.324	,1763721029715027.615	
0,AsStrided255,KERNEL_AIVEC,1,2754,14.27,1763721029715068.261	,1763721029715082.531	
0,N/A,MEMCPY_ASYNC,1,2755,1.312,1763721029715105.990	,1763721029715107.302	
0,AsStrided256,KERNEL_AIVEC,1,2756,14.583,1763721029715166.907	,1763721029715181.490	
0,N/A,MEMCPY_ASYNC,1,2757,1.291,1763721029715202.594	,1763721029715203.885	
0,AsStrided257,KERNEL_AIVEC,1,2758,14.25,1763721029715261.865	,1763721029715276.115	
0,N/A,MEMCPY_ASYNC,1,2759,1.27,1763721029715298.053	,1763721029715299.323	
0,AsStrided258,KERNEL_AIVEC,1,2760,14.208,1763721029715356.990	,1763721029715371.198	
0,N/A,MEMCPY_ASYNC,1,2761,1.291,1763721029715393.344	,1763721029715394.635	
0,AsStrided259,KERNEL_AIVEC,1,2762,15.0,1763721029715462.240	,1763721029715477.240	
0,N/A,MEMCPY_ASYNC,1,2763,1.229,1763721029715496.990	,1763721029715498.219	
0,AsStrided260,KERNEL_AIVEC,1,2764,14.125,1763721029715555.344	,1763721029715569.469	
0,N/A,MEMCPY_ASYNC,1,2765,1.208,1763721029715590.240	,1763721029715591.448	
0,AsStrided261,KERNEL_AIVEC,1,2766,14.104,1763721029715648.386	,1763721029715662.490	
0,N/A,MEMCPY_ASYNC,1,2767,1.25,1763721029715685.136	,1763721029715686.386	
0,AsStrided262,KERNEL_AIVEC,1,2768,13.916,1763721029715741.553	,1763721029715755.469	
0,N/A,MEMCPY_ASYNC,1,2769,1.208,1763721029715783.324	,1763721029715784.532	
0,AsStrided263,KERNEL_AIVEC,1,2770,14.166,1763721029716165.678	,1763721029716179.844	
0,N/A,MEMCPY_ASYNC,1,2771,1.166,1763721029716233.636	,1763721029716234.802	
0,AsStrided264,KERNEL_AIVEC,1,2772,14.104,1763721029716301.365	,1763721029716315.469	
0,N/A,MEMCPY_ASYNC,1,2773,1.187,1763721029716341.428	,1763721029716342.615	
0,AsStrided265,KERNEL_AIVEC,1,2774,14.291,1763721029716399.574	,1763721029716413.865	
0,N/A,MEMCPY_ASYNC,1,2775,1.25,1763721029716435.615	,1763721029716436.865	
0,AsStrided266,KERNEL_AIVEC,1,2776,14.0,1763721029716497.407	,1763721029716511.407	
0,N/A,MEMCPY_ASYNC,1,2777,1.27,1763721029716559.199	,1763721029716560.469	
0,AsStrided267,KERNEL_AIVEC,1,2778,14.833,1763721029716613.449	,1763721029716628.282	
0,N/A,MEMCPY_ASYNC,1,2779,1.25,1763721029716647.990	,1763721029716649.240	
0,AsStrided268,KERNEL_AIVEC,1,2780,14.125,1763721029716702.261	,1763721029716716.386	
0,N/A,MEMCPY_ASYNC,1,2781,1.187,1763721029716735.469	,1763721029716736.656	
0,AsStrided269,KERNEL_AIVEC,1,2782,13.875,1763721029716792.074	,1763721029716805.949	
0,N/A,MEMCPY_ASYNC,1,2783,1.25,1763721029716843.115	,1763721029716844.365	
0,AsStrided270,KERNEL_AIVEC,1,2784,14.25,1763721029716903.615	,1763721029716917.865	
0,N/A,MEMCPY_ASYNC,1,2785,1.208,1763721029716939.157	,1763721029716940.365	
0,AsStrided271,KERNEL_AIVEC,1,2786,13.979,1763721029717266.990	,1763721029717280.969	
0,N/A,MEMCPY_ASYNC,1,2787,1.187,1763721029717323.657	,1763721029717324.844	
0,AsStrided272,KERNEL_AIVEC,1,2788,14.52,1763721029717390.178	,1763721029717404.698	
0,N/A,MEMCPY_ASYNC,1,2789,1.187,1763721029717427.282	,1763721029717428.469	
0,AsStrided273,KERNEL_AIVEC,1,2790,14.416,1763721029717488.782	,1763721029717503.198	
0,N/A,MEMCPY_ASYNC,1,2791,1.27,1763721029717525.344	,1763721029717526.614	
0,AsStrided274,KERNEL_AIVEC,1,2792,14.958,1763721029717602.949	,1763721029717617.907	
0,N/A,MEMCPY_ASYNC,1,2793,1.208,1763721029717641.386	,1763721029717642.594	
0,AsStrided275,KERNEL_AIVEC,1,2794,14.312,1763721029717707.490	,1763721029717721.802	
0,N/A,MEMCPY_ASYNC,1,2795,1.25,1763721029717744.303	,1763721029717745.553	
0,AsStrided276,KERNEL_AIVEC,1,2796,14.145,1763721029717801.157	,1763721029717815.302	
0,N/A,MEMCPY_ASYNC,1,2797,1.187,1763721029717836.761	,1763721029717837.948	
0,AsStrided277,KERNEL_AIVEC,1,2798,14.312,1763721029717894.511	,1763721029717908.823	
0,N/A,MEMCPY_ASYNC,1,2799,1.25,1763721029717939.115	,1763721029717940.365	
0,AsStrided278,KERNEL_AIVEC,1,2800,13.979,1763721029717999.386	,1763721029718013.365	
0,N/A,MEMCPY_ASYNC,1,2801,1.208,1763721029718035.824	,1763721029718037.032	
0,AsStrided279,KERNEL_AIVEC,1,2802,14.687,1763721029718373.990	,1763721029718388.677	
0,N/A,MEMCPY_ASYNC,1,2803,1.187,1763721029718436.053	,1763721029718437.240	
0,AsStrided280,KERNEL_AIVEC,1,2804,14.187,1763721029718503.136	,1763721029718517.323	
0,N/A,MEMCPY_ASYNC,1,2805,1.25,1763721029718541.865	,1763721029718543.115	
0,AsStrided281,KERNEL_AIVEC,1,2806,14.375,1763721029718612.740	,1763721029718627.115	
0,N/A,MEMCPY_ASYNC,1,2807,1.25,1763721029718662.886	,1763721029718664.136	
0,AsStrided282,KERNEL_AIVEC,1,2808,15.0,1763721029718722.990	,1763721029718737.990	
0,N/A,MEMCPY_ASYNC,1,2809,1.229,1763721029718760.636	,1763721029718761.865	
0,AsStrided283,KERNEL_AIVEC,1,2810,14.291,1763721029718854.865	,1763721029718869.156	
0,N/A,MEMCPY_ASYNC,1,2811,1.25,1763721029718875.240	,1763721029718876.490	
0,AsStrided284,KERNEL_AIVEC,1,2812,14.416,1763721029719001.803	,1763721029719016.219	
0,N/A,MEMCPY_ASYNC,1,2813,1.291,1763721029719016.303	,1763721029719017.594	
0,AsStrided285,KERNEL_AIVEC,1,2814,13.916,1763721029719029.886	,1763721029719043.802	
0,N/A,MEMCPY_ASYNC,1,2815,1.27,1763721029719063.719	,1763721029719064.989	
0,AsStrided286,KERNEL_AIVEC,1,2816,14.375,1763721029719284.365	,1763721029719298.740	
0,N/A,MEMCPY_ASYNC,1,2817,1.208,1763721029719328.844	,1763721029719330.052	
0,AsStrided287,KERNEL_AIVEC,1,2818,14.333,1763721029719388.240	,1763721029719402.573	
0,N/A,MEMCPY_ASYNC,1,2819,1.187,1763721029719712.990	,1763721029719714.177	
0,AsStrided288,KERNEL_AIVEC,1,2820,13.916,1763721029719797.469	,1763721029719811.385	
0,N/A,MEMCPY_ASYNC,1,2821,1.187,1763721029719845.449	,1763721029719846.636	
0,AsStrided289,KERNEL_AIVEC,1,2822,14.166,1763721029719915.344	,1763721029719929.510	
0,N/A,MEMCPY_ASYNC,1,2823,1.25,1763721029719951.594	,1763721029719952.844	
0,AsStrided290,KERNEL_AIVEC,1,2824,13.958,1763721029720007.886	,1763721029720021.844	
0,N/A,MEMCPY_ASYNC,1,2825,1.208,1763721029720046.469	,1763721029720047.677	
0,AsStrided291,KERNEL_AIVEC,1,2826,14.145,1763721029720101.949	,1763721029720116.094	
0,N/A,MEMCPY_ASYNC,1,2827,1.166,1763721029720136.240	,1763721029720137.406	
0,AsStrided292,KERNEL_AIVEC,1,2828,13.937,1763721029720192.636	,1763721029720206.573	
0,N/A,MEMCPY_ASYNC,1,2829,1.229,1763721029720236.219	,1763721029720237.448	
0,AsStrided293,KERNEL_AIVEC,1,2830,14.208,1763721029720289.157	,1763721029720303.365	
0,N/A,MEMCPY_ASYNC,1,2831,1.25,1763721029720324.240	,1763721029720325.490	
0,AsStrided294,KERNEL_AIVEC,1,2832,14.291,1763721029720387.574	,1763721029720401.865	
0,N/A,MEMCPY_ASYNC,1,2833,1.25,1763721029720414.282	,1763721029720415.532	
0,AsStrided295,KERNEL_AIVEC,1,2834,14.125,1763721029720473.178	,1763721029720487.303	
0,N/A,MEMCPY_ASYNC,1,2835,1.208,1763721029720507.469	,1763721029720508.677	
0,AsStrided296,KERNEL_AIVEC,1,2836,14.27,1763721029720565.928	,1763721029720580.198	
0,N/A,MEMCPY_ASYNC,1,2837,1.208,1763721029720609.011	,1763721029720610.219	
0,AsStrided297,KERNEL_AIVEC,1,2838,14.187,1763721029720662.032	,1763721029720676.219	
0,N/A,MEMCPY_ASYNC,1,2839,1.25,1763721029720696.199	,1763721029720697.449	
0,AsStrided298,KERNEL_AIVEC,1,2840,14.125,1763721029720752.886	,1763721029720767.011	
0,N/A,MEMCPY_ASYNC,1,2841,1.291,1763721029720786.032	,1763721029720787.323	
0,AsStrided299,KERNEL_AIVEC,1,2842,14.291,1763721029720842.740	,1763721029720857.031	
0,N/A,MEMCPY_ASYNC,1,2843,1.25,1763721029720877.990	,1763721029720879.240	
0,AsStrided300,KERNEL_AIVEC,1,2844,14.145,1763721029720934.782	,1763721029720948.927	
0,N/A,MEMCPY_ASYNC,1,2845,1.25,1763721029720976.219	,1763721029720977.469	
0,AsStrided301,KERNEL_AIVEC,1,2846,14.125,1763721029721037.594	,1763721029721051.719	
0,N/A,MEMCPY_ASYNC,1,2847,1.27,1763721029721071.907	,1763721029721073.177	
0,AsStrided302,KERNEL_AIVEC,1,2848,14.52,1763721029721126.094	,1763721029721140.614	
0,N/A,MEMCPY_ASYNC,1,2849,1.25,1763721029721162.303	,1763721029721163.553	
0,AsStrided303,KERNEL_AIVEC,1,2850,14.25,1763721029721220.949	,1763721029721235.199	
0,N/A,MEMCPY_ASYNC,1,2851,1.208,1763721029721255.990	,1763721029721257.198	
0,AsStrided304,KERNEL_AIVEC,1,2852,14.437,1763721029721329.865	,1763721029721344.302	
0,N/A,MEMCPY_ASYNC,1,2853,1.25,1763721029721363.615	,1763721029721364.865	
0,AsStrided305,KERNEL_AIVEC,1,2854,14.27,1763721029721419.803	,1763721029721434.073	
0,N/A,MEMCPY_ASYNC,1,2855,1.229,1763721029721454.449	,1763721029721455.678	
0,AsStrided306,KERNEL_AIVEC,1,2856,14.125,1763721029721508.824	,1763721029721522.949	
0,N/A,MEMCPY_ASYNC,1,2857,1.208,1763721029721543.240	,1763721029721544.448	
0,AsStrided307,KERNEL_AIVEC,1,2858,14.375,1763721029721602.386	,1763721029721616.761	
0,N/A,MEMCPY_ASYNC,1,2859,1.166,1763721029721636.928	,1763721029721638.094	
0,AsStrided308,KERNEL_AIVEC,1,2860,14.479,1763721029721697.282	,1763721029721711.761	
0,N/A,MEMCPY_ASYNC,1,2861,1.187,1763721029721999.719	,1763721029722000.906	
0,AsStrided309,KERNEL_AIVEC,1,2862,14.125,1763721029722240.240	,1763721029722254.365	
0,N/A,MEMCPY_ASYNC,1,2863,1.25,1763721029722297.199	,1763721029722298.449	
0,AsStrided310,KERNEL_AIVEC,1,2864,14.333,1763721029722363.990	,1763721029722378.323	
0,N/A,MEMCPY_ASYNC,1,2865,1.187,1763721029722401.136	,1763721029722402.323	
0,AsStrided311,KERNEL_AIVEC,1,2866,13.916,1763721029722456.136	,1763721029722470.052	
0,N/A,MEMCPY_ASYNC,1,2867,1.166,1763721029722498.553	,1763721029722499.719	
0,AsStrided312,KERNEL_AIVEC,1,2868,14.145,1763721029722554.574	,1763721029722568.719	
0,N/A,MEMCPY_ASYNC,1,2869,1.27,1763721029722589.865	,1763721029722591.135	
0,AsStrided313,KERNEL_AIVEC,1,2870,14.229,1763721029722645.719	,1763721029722659.948	
0,N/A,MEMCPY_ASYNC,1,2871,2.041,1763721029722680.407	,1763721029722682.448	
0,AsStrided314,KERNEL_AIVEC,1,2872,14.041,1763721029722732.303	,1763721029722746.344	
0,N/A,MEMCPY_ASYNC,1,2873,1.27,1763721029722845.011	,1763721029722846.281	
0,AsStrided315,KERNEL_AIVEC,1,2874,14.416,1763721029722846.365	,1763721029722860.781	
0,N/A,MEMCPY_ASYNC,1,2875,1.25,1763721029723079.636	,1763721029723080.886	
0,AsStrided316,KERNEL_AIVEC,1,2876,13.916,1763721029723289.344	,1763721029723303.260	
0,N/A,MEMCPY_ASYNC,1,2877,1.27,1763721029723345.824	,1763721029723347.094	
0,AsStrided317,KERNEL_AIVEC,1,2878,14.229,1763721029723411.803	,1763721029723426.032	
0,N/A,MEMCPY_ASYNC,1,2879,1.187,1763721029723449.386	,1763721029723450.573	
0,AsStrided318,KERNEL_AIVEC,1,2880,14.145,1763721029723672.886	,1763721029723687.031	
0,N/A,MEMCPY_ASYNC,1,2881,1.27,1763721029723714.219	,1763721029723715.489	
0,AsStrided319,KERNEL_AIVEC,1,2882,14.479,1763721029723780.824	,1763721029723795.303	
0,N/A,MEMCPY_ASYNC,1,2883,1.229,1763721029723816.907	,1763721029723818.136	
0,AsStrided320,KERNEL_AIVEC,1,2884,14.208,1763721029723872.574	,1763721029723886.782	
0,N/A,MEMCPY_ASYNC,1,2885,1.27,1763721029723906.719	,1763721029723907.989	
0,AsStrided321,KERNEL_AIVEC,1,2886,14.625,1763721029724082.678	,1763721029724097.303	
0,N/A,MEMCPY_ASYNC,1,2887,1.27,1763721029724134.324	,1763721029724135.594	
0,AsStrided322,KERNEL_AIVEC,1,2888,14.229,1763721029724194.594	,1763721029724208.823	
0,N/A,MEMCPY_ASYNC,1,2889,1.27,1763721029724359.490	,1763721029724360.760	
0,AsStrided323,KERNEL_AIVEC,1,2890,13.916,1763721029724434.699	,1763721029724448.615	
0,N/A,MEMCPY_ASYNC,1,2891,1.229,1763721029724474.449	,1763721029724475.678	
0,AsStrided324,KERNEL_AIVEC,1,2892,14.437,1763721029724530.115	,1763721029724544.552	
0,N/A,MEMCPY_ASYNC,1,2893,1.27,1763721029724563.240	,1763721029724564.510	
0,AsStrided325,KERNEL_AIVEC,1,2894,14.458,1763721029724616.074	,1763721029724630.532	
0,N/A,MEMCPY_ASYNC,1,2895,1.208,1763721029724651.615	,1763721029724652.823	
0,AsStrided326,KERNEL_AIVEC,1,2896,13.937,1763721029724703.136	,1763721029724717.073	
0,N/A,MEMCPY_ASYNC,1,2897,1.27,1763721029724747.219	,1763721029724748.489	
0,AsStrided327,KERNEL_AIVEC,1,2898,14.208,1763721029724808.032	,1763721029724822.240	
0,N/A,MEMCPY_ASYNC,1,2899,1.187,1763721029724842.490	,1763721029724843.677	
0,AsStrided328,KERNEL_AIVEC,1,2900,14.166,1763721029724897.469	,1763721029724911.635	
0,N/A,MEMCPY_ASYNC,1,2901,1.25,1763721029724933.532	,1763721029724934.782	
0,AsStrided329,KERNEL_AIVEC,1,2902,14.145,1763721029724985.928	,1763721029725000.073	
0,N/A,MEMCPY_ASYNC,1,2903,1.187,1763721029725017.615	,1763721029725018.802	
0,AsStrided330,KERNEL_AIVEC,1,2904,14.395,1763721029725272.865	,1763721029725287.260	
0,N/A,MEMCPY_ASYNC,1,2905,1.27,1763721029725330.969	,1763721029725332.239	
0,AsStrided331,KERNEL_AIVEC,1,2906,14.229,1763721029725387.844	,1763721029725402.073	
0,N/A,MEMCPY_ASYNC,1,2907,1.25,1763721029725423.865	,1763721029725425.115	
0,AsStrided332,KERNEL_AIVEC,1,2908,14.25,1763721029725703.574	,1763721029725717.824	
0,N/A,MEMCPY_ASYNC,1,2909,1.25,1763721029725762.490	,1763721029725763.740	
0,AsStrided333,KERNEL_AIVEC,1,2910,13.916,1763721029725830.594	,1763721029725844.510	
0,N/A,MEMCPY_ASYNC,1,2911,1.187,1763721029725869.740	,1763721029725870.927	
0,AsStrided334,KERNEL_AIVEC,1,2912,14.291,1763721029725936.949	,1763721029725951.240	
0,N/A,MEMCPY_ASYNC,1,2913,1.27,1763721029725972.157	,1763721029725973.427	
0,AsStrided335,KERNEL_AIVEC,1,2914,14.458,1763721029726026.678	,1763721029726041.136	
0,N/A,MEMCPY_ASYNC,1,2915,1.187,1763721029726063.115	,1763721029726064.302	
0,AsStrided336,KERNEL_AIVEC,1,2916,14.958,1763721029726275.657	,1763721029726290.615	
0,N/A,MEMCPY_ASYNC,1,2917,1.27,1763721029726337.324	,1763721029726338.594	
0,AsStrided337,KERNEL_AIVEC,1,2918,14.333,1763721029726408.574	,1763721029726422.907	
0,N/A,MEMCPY_ASYNC,1,2919,1.187,1763721029726448.074	,1763721029726449.261	
0,AsStrided338,KERNEL_AIVEC,1,2920,14.937,1763721029726524.136	,1763721029726539.073	
0,N/A,MEMCPY_ASYNC,1,2921,1.291,1763721029726744.990	,1763721029726746.281	
0,AsStrided339,KERNEL_AIVEC,1,2922,14.145,1763721029726861.199	,1763721029726875.344	
0,N/A,MEMCPY_ASYNC,1,2923,1.25,1763721029726967.657	,1763721029726968.907	
0,AsStrided340,KERNEL_AIVEC,1,2924,14.208,1763721029726968.969	,1763721029726983.177	
0,N/A,MEMCPY_ASYNC,1,2925,1.27,1763721029727014.678	,1763721029727015.948	
0,AsStrided341,KERNEL_AIVEC,1,2926,14.375,1763721029727067.553	,1763721029727081.928	
0,N/A,MEMCPY_ASYNC,1,2927,1.208,1763721029727111.449	,1763721029727112.657	
0,AsStrided342,KERNEL_AIVEC,1,2928,13.916,1763721029727168.553	,1763721029727182.469	
0,N/A,MEMCPY_ASYNC,1,2929,1.27,1763721029727408.615	,1763721029727409.885	
0,AsStrided343,KERNEL_AIVEC,1,2930,14.333,1763721029727485.907	,1763721029727500.240	
0,N/A,MEMCPY_ASYNC,1,2931,1.229,1763721029727529.449	,1763721029727530.678	
0,AsStrided344,KERNEL_AIVEC,1,2932,14.25,1763721029727588.490	,1763721029727602.740	
0,N/A,MEMCPY_ASYNC,1,2933,1.27,1763721029727626.532	,1763721029727627.802	
0,AsStrided345,KERNEL_AIVEC,1,2934,14.083,1763721029727866.428	,1763721029727880.511	
0,N/A,MEMCPY_ASYNC,1,2935,1.187,1763721029727933.907	,1763721029727935.094	
0,AsStrided346,KERNEL_AIVEC,1,2936,14.979,1763721029727994.761	,1763721029728009.740	
0,N/A,MEMCPY_ASYNC,1,2937,1.27,1763721029728031.803	,1763721029728033.073	
0,AsStrided347,KERNEL_AIVEC,1,2938,14.208,1763721029728091.657	,1763721029728105.865	
0,N/A,MEMCPY_ASYNC,1,2939,1.25,1763721029728127.782	,1763721029728129.032	
0,AsStrided348,KERNEL_AIVEC,1,2940,14.375,1763721029728187.344	,1763721029728201.719	
0,N/A,MEMCPY_ASYNC,1,2941,1.27,1763721029728221.865	,1763721029728223.135	
0,AsStrided349,KERNEL_AIVEC,1,2942,13.916,1763721029728284.094	,1763721029728298.010	
0,N/A,MEMCPY_ASYNC,1,2943,1.208,1763721029728490.949	,1763721029728492.157	
0,AsStrided350,KERNEL_AIVEC,1,2944,14.333,1763721029728762.178	,1763721029728776.511	
0,N/A,MEMCPY_ASYNC,1,2945,1.27,1763721029728999.344	,1763721029729000.614	
0,AsStrided351,KERNEL_AIVEC,1,2946,14.125,1763721029729077.928	,1763721029729092.053	
0,N/A,MEMCPY_ASYNC,1,2947,1.229,1763721029729120.969	,1763721029729122.198	
0,AsStrided352,KERNEL_AIVEC,1,2948,13.937,1763721029729179.449	,1763721029729193.386	
0,N/A,MEMCPY_ASYNC,1,2949,1.27,1763721029729216.094	,1763721029729217.364	
0,AsStrided353,KERNEL_AIVEC,1,2950,14.416,1763721029729287.324	,1763721029729301.740	
0,N/A,MEMCPY_ASYNC,1,2951,1.27,1763721029729323.740	,1763721029729325.010	
0,AsStrided354,KERNEL_AIVEC,1,2952,14.104,1763721029729386.136	,1763721029729400.240	
0,N/A,MEMCPY_ASYNC,1,2953,1.27,1763721029729424.053	,1763721029729425.323	
0,AsStrided355,KERNEL_AIVEC,1,2954,14.229,1763721029729482.761	,1763721029729496.990	
0,N/A,MEMCPY_ASYNC,1,2955,1.25,1763721029729518.094	,1763721029729519.344	
0,AsStrided356,KERNEL_AIVEC,1,2956,14.083,1763721029729574.032	,1763721029729588.115	
0,N/A,MEMCPY_ASYNC,1,2957,1.27,1763721029729612.615	,1763721029729613.885	
0,AsStrided357,KERNEL_AIVEC,1,2958,14.229,1763721029729666.719	,1763721029729680.948	
0,N/A,MEMCPY_ASYNC,1,2959,1.187,1763721029729700.990	,1763721029729702.177	
0,AsStrided358,KERNEL_AIVEC,1,2960,14.541,1763721029729758.199	,1763721029729772.740	
0,N/A,MEMCPY_ASYNC,1,2961,1.27,1763721029729795.303	,1763721029729796.573	
0,AsStrided359,KERNEL_AIVEC,1,2962,14.02,1763721029729853.657	,1763721029729867.677	
0,N/A,MEMCPY_ASYNC,1,2963,1.208,1763721029729889.199	,1763721029729890.407	
0,AsStrided360,KERNEL_AIVEC,1,2964,14.437,1763721029729945.199	,1763721029729959.636	
0,N/A,MEMCPY_ASYNC,1,2965,1.27,1763721029729987.053	,1763721029729988.323	
0,AsStrided361,KERNEL_AIVEC,1,2966,13.937,1763721029730046.532	,1763721029730060.469	
0,N/A,MEMCPY_ASYNC,1,2967,1.25,1763721029730081.386	,1763721029730082.636	
0,AsStrided362,KERNEL_AIVEC,1,2968,14.312,1763721029730142.678	,1763721029730156.990	
0,N/A,MEMCPY_ASYNC,1,2969,1.312,1763721029730178.532	,1763721029730179.844	
0,AsStrided363,KERNEL_AIVEC,1,2970,14.312,1763721029730231.928	,1763721029730246.240	
0,N/A,MEMCPY_ASYNC,1,2971,1.25,1763721029730266.740	,1763721029730267.990	
0,AsStrided364,KERNEL_AIVEC,1,2972,14.02,1763721029730323.157	,1763721029730337.177	
0,N/A,MEMCPY_ASYNC,1,2973,1.27,1763721029730363.240	,1763721029730364.510	
0,AsStrided365,KERNEL_AIVEC,1,2974,14.145,1763721029730419.282	,1763721029730433.427	
0,N/A,MEMCPY_ASYNC,1,2975,1.166,1763721029730454.969	,1763721029730456.135	
0,AsStrided366,KERNEL_AIVEC,1,2976,14.145,1763721029730506.282	,1763721029730520.427	
0,N/A,MEMCPY_ASYNC,1,2977,1.27,1763721029730539.282	,1763721029730540.552	
0,AsStrided367,KERNEL_AIVEC,1,2978,14.187,1763721029730592.574	,1763721029730606.761	
0,N/A,MEMCPY_ASYNC,1,2979,1.27,1763721029730626.282	,1763721029730627.552	
0,AsStrided368,KERNEL_AIVEC,1,2980,14.041,1763721029731071.574	,1763721029731085.615	
0,N/A,MEMCPY_ASYNC,1,2981,1.291,1763721029731129.303	,1763721029731130.594	
0,AsStrided369,KERNEL_AIVEC,1,2982,14.312,1763721029731190.740	,1763721029731205.052	
0,N/A,MEMCPY_ASYNC,1,2983,1.27,1763721029731227.199	,1763721029731228.469	
0,AsStrided370,KERNEL_AIVEC,1,2984,14.25,1763721029731283.469	,1763721029731297.719	
0,N/A,MEMCPY_ASYNC,1,2985,1.25,1763721029731316.824	,1763721029731318.074	
0,AsStrided371,KERNEL_AIVEC,1,2986,13.937,1763721029731372.678	,1763721029731386.615	
0,N/A,MEMCPY_ASYNC,1,2987,1.25,1763721029731408.386	,1763721029731409.636	
0,AsStrided372,KERNEL_AIVEC,1,2988,14.25,1763721029731467.782	,1763721029731482.032	
0,N/A,MEMCPY_ASYNC,1,2989,1.25,1763721029731501.803	,1763721029731503.053	
0,AsStrided373,KERNEL_AIVEC,1,2990,14.25,1763721029731553.969	,1763721029731568.219	
0,N/A,MEMCPY_ASYNC,1,2991,1.27,1763721029731586.969	,1763721029731588.239	
0,AsStrided374,KERNEL_AIVEC,1,2992,14.145,1763721029731641.990	,1763721029731656.135	
0,N/A,MEMCPY_ASYNC,1,2993,1.27,1763721029731676.844	,1763721029731678.114	
0,AsStrided375,KERNEL_AIVEC,1,2994,14.041,1763721029731969.157	,1763721029731983.198	
0,N/A,MEMCPY_ASYNC,1,2995,1.291,1763721029732041.969	,1763721029732043.260	
0,AsStrided376,KERNEL_AIVEC,1,2996,14.229,1763721029732109.219	,1763721029732123.448	
0,N/A,MEMCPY_ASYNC,1,2997,1.25,1763721029732148.324	,1763721029732149.574	
0,AsStrided377,KERNEL_AIVEC,1,2998,14.125,1763721029732206.303	,1763721029732220.428	
0,N/A,MEMCPY_ASYNC,1,2999,1.27,1763721029732242.053	,1763721029732243.323	
0,AsStrided378,KERNEL_AIVEC,1,3000,13.916,1763721029732294.678	,1763721029732308.594	
0,N/A,MEMCPY_ASYNC,1,3001,1.25,1763721029732330.636	,1763721029732331.886	
0,AsStrided379,KERNEL_AIVEC,1,3002,14.187,1763721029732384.949	,1763721029732399.136	
0,N/A,MEMCPY_ASYNC,1,3003,1.229,1763721029732426.907	,1763721029732428.136	
0,AsStrided380,KERNEL_AIVEC,1,3004,13.979,1763721029732482.511	,1763721029732496.490	
0,N/A,MEMCPY_ASYNC,1,3005,1.25,1763721029732514.199	,1763721029732515.449	
0,AsStrided381,KERNEL_AIVEC,1,3006,14.125,1763721029732565.636	,1763721029732579.761	
0,N/A,MEMCPY_ASYNC,1,3007,1.208,1763721029732599.719	,1763721029732600.927	
0,AsStrided382,KERNEL_AIVEC,1,3008,14.375,1763721029733022.532	,1763721029733036.907	
0,N/A,MEMCPY_ASYNC,1,3009,1.27,1763721029733093.449	,1763721029733094.719	
0,AsStrided383,KERNEL_AIVEC,1,3010,13.916,1763721029733174.261	,1763721029733188.177	
0,N/A,MEMCPY_ASYNC,1,3011,1.229,1763721029733214.428	,1763721029733215.657	
0,AsStrided384,KERNEL_AIVEC,1,3012,14.145,1763721029733272.615	,1763721029733286.760	
0,N/A,MEMCPY_ASYNC,1,3013,1.25,1763721029733308.074	,1763721029733309.324	
0,AsStrided385,KERNEL_AIVEC,1,3014,14.25,1763721029733364.553	,1763721029733378.803	
0,N/A,MEMCPY_ASYNC,1,3015,1.27,1763721029733400.011	,1763721029733401.281	
0,AsStrided386,KERNEL_AIVEC,1,3016,14.208,1763721029733457.365	,1763721029733471.573	
0,N/A,MEMCPY_ASYNC,1,3017,1.27,1763721029733498.928	,1763721029733500.198	
0,AsStrided387,KERNEL_AIVEC,1,3018,13.937,1763721029733562.719	,1763721029733576.656	
0,N/A,MEMCPY_ASYNC,1,3019,1.25,1763721029733600.824	,1763721029733602.074	
0,AsStrided388,KERNEL_AIVEC,1,3020,14.145,1763721029733653.928	,1763721029733668.073	
0,N/A,MEMCPY_ASYNC,1,3021,1.27,1763721029733688.990	,1763721029733690.260	
0,AsStrided389,KERNEL_AIVEC,1,3022,14.125,1763721029733742.990	,1763721029733757.115	
0,N/A,MEMCPY_ASYNC,1,3023,1.27,1763721029733778.844	,1763721029733780.114	
0,AsStrided390,KERNEL_AIVEC,1,3024,13.937,1763721029733832.719	,1763721029733846.656	
0,N/A,MEMCPY_ASYNC,1,3025,1.27,1763721029733874.324	,1763721029733875.594	
0,AsStrided391,KERNEL_AIVEC,1,3026,14.187,1763721029733930.324	,1763721029733944.511	
0,N/A,MEMCPY_ASYNC,1,3027,1.27,1763721029733965.261	,1763721029733966.531	
0,AsStrided392,KERNEL_AIVEC,1,3028,14.229,1763721029734288.219	,1763721029734302.448	
0,N/A,MEMCPY_ASYNC,1,3029,1.25,1763721029734353.386	,1763721029734354.636	
0,AsStrided393,KERNEL_AIVEC,1,3030,14.208,1763721029734422.386	,1763721029734436.594	
0,N/A,MEMCPY_ASYNC,1,3031,1.25,1763721029734461.074	,1763721029734462.324	
0,AsStrided394,KERNEL_AIVEC,1,3032,14.041,1763721029734520.511	,1763721029734534.552	
0,N/A,MEMCPY_ASYNC,1,3033,1.27,1763721029734575.386	,1763721029734576.656	
0,AsStrided395,KERNEL_AIVEC,1,3034,14.895,1763721029734630.303	,1763721029734645.198	
0,N/A,MEMCPY_ASYNC,1,3035,1.25,1763721029734665.782	,1763721029734667.032	
0,AsStrided396,KERNEL_AIVEC,1,3036,14.27,1763721029734721.657	,1763721029734735.927	
0,N/A,MEMCPY_ASYNC,1,3037,1.27,1763721029734756.407	,1763721029734757.677	
0,AsStrided397,KERNEL_AIVEC,1,3038,14.02,1763721029734844.053	,1763721029734858.073	
0,N/A,MEMCPY_ASYNC,1,3039,1.291,1763721029734879.199	,1763721029734880.490	
0,AsStrided398,KERNEL_AIVEC,1,3040,14.27,1763721029735018.428	,1763721029735032.698	
0,N/A,MEMCPY_ASYNC,1,3041,1.291,1763721029735032.782	,1763721029735034.073	
0,AsStrided399,KERNEL_AIVEC,1,3042,13.937,1763721029735034.136	,1763721029735048.073	
0,N/A,MEMCPY_ASYNC,1,3043,1.333,1763721029735068.094	,1763721029735069.427	
0,AsStrided400,KERNEL_AIVEC,1,3044,14.895,1763721029735125.157	,1763721029735140.052	
0,N/A,MEMCPY_ASYNC,1,3045,1.27,1763721029735160.094	,1763721029735161.364	
0,AsStrided401,KERNEL_AIVEC,1,3046,14.187,1763721029735593.574	,1763721029735607.761	
0,N/A,MEMCPY_ASYNC,1,3047,1.27,1763721029735662.532	,1763721029735663.802	
0,AsStrided402,KERNEL_AIVEC,1,3048,14.125,1763721029735739.157	,1763721029735753.282	
0,N/A,MEMCPY_ASYNC,1,3049,1.27,1763721029735779.699	,1763721029735780.969	
0,AsStrided403,KERNEL_AIVEC,1,3050,14.166,1763721029735841.678	,1763721029735855.844	
0,N/A,MEMCPY_ASYNC,1,3051,1.25,1763721029735876.490	,1763721029735877.740	
0,AsStrided404,KERNEL_AIVEC,1,3052,14.041,1763721029735935.261	,1763721029735949.302	
0,N/A,MEMCPY_ASYNC,1,3053,1.27,1763721029735964.344	,1763721029735965.614	
0,AsStrided405,KERNEL_AIVEC,1,3054,14.25,1763721029736020.136	,1763721029736034.386	
0,N/A,MEMCPY_ASYNC,1,3055,1.27,1763721029736062.865	,1763721029736064.135	
0,AsStrided406,KERNEL_AIVEC,1,3056,13.958,1763721029736119.636	,1763721029736133.594	
0,N/A,MEMCPY_ASYNC,1,3057,1.27,1763721029736154.824	,1763721029736156.094	
0,AsStrided106,KERNEL_AIVEC,1,3058,20.125,1763721029736211.907	,1763721029736232.032	
0,N/A,MEMCPY_ASYNC,1,3059,1.291,1763721029736253.886	,1763721029736255.177	
0,AsStrided108,KERNEL_AIVEC,1,3060,14.02,1763721029736589.532	,1763721029736603.552	
0,N/A,MEMCPY_ASYNC,1,3061,1.27,1763721029736650.490	,1763721029736651.760	
0,AsStrided109,KERNEL_AIVEC,1,3062,13.937,1763721029736720.094	,1763721029736734.031	
0,N/A,MEMCPY_ASYNC,1,3063,1.25,1763721029736775.636	,1763721029736776.886	
0,AsStrided110,KERNEL_AIVEC,1,3064,13.916,1763721029736832.574	,1763721029736846.490	
0,N/A,MEMCPY_ASYNC,1,3065,1.27,1763721029736869.199	,1763721029736870.469	
0,AsStrided111,KERNEL_AIVEC,1,3066,13.958,1763721029736924.782	,1763721029736938.740	
0,N/A,MEMCPY_ASYNC,1,3067,1.25,1763721029736959.261	,1763721029736960.511	
0,AsStrided112,KERNEL_AIVEC,1,3068,13.895,1763721029737016.532	,1763721029737030.427	
0,N/A,MEMCPY_ASYNC,1,3069,1.25,1763721029737051.469	,1763721029737052.719	
0,AsStrided113,KERNEL_AIVEC,1,3070,13.875,1763721029737111.636	,1763721029737125.511	
0,N/A,MEMCPY_ASYNC,1,3071,1.187,1763721029737146.678	,1763721029737147.865	
0,AsStrided114,KERNEL_AIVEC,1,3072,13.979,1763721029737346.261	,1763721029737360.240	
0,N/A,MEMCPY_ASYNC,1,3073,1.27,1763721029737628.386	,1763721029737629.656	
0,AsStrided115,KERNEL_AIVEC,1,3074,14.02,1763721029737718.011	,1763721029737732.031	
0,N/A,MEMCPY_ASYNC,1,3075,1.25,1763721029737765.490	,1763721029737766.740	
0,AsStrided116,KERNEL_AIVEC,1,3076,13.875,1763721029737827.865	,1763721029737841.740	
0,N/A,MEMCPY_ASYNC,1,3077,1.25,1763721029737863.219	,1763721029737864.469	
0,AsStrided117,KERNEL_AIVEC,1,3078,13.875,1763721029737930.136	,1763721029737944.011	
0,N/A,MEMCPY_ASYNC,1,3079,1.27,1763721029737966.449	,1763721029737967.719	
0,AsStrided118,KERNEL_AIVEC,1,3080,13.875,1763721029738020.907	,1763721029738034.782	
0,N/A,MEMCPY_ASYNC,1,3081,1.27,1763721029738055.324	,1763721029738056.594	
0,AsStrided119,KERNEL_AIVEC,1,3082,14.166,1763721029738111.636	,1763721029738125.802	
0,N/A,MEMCPY_ASYNC,1,3083,1.229,1763721029738145.740	,1763721029738146.969	
0,AsStrided120,KERNEL_AIVEC,1,3084,13.875,1763721029738201.157	,1763721029738215.032	
0,N/A,MEMCPY_ASYNC,1,3085,1.25,1763721029738242.157	,1763721029738243.407	
0,AsStrided121,KERNEL_AIVEC,1,3086,13.875,1763721029738296.740	,1763721029738310.615	
0,N/A,MEMCPY_ASYNC,1,3087,1.187,1763721029738332.824	,1763721029738334.011	
0,AsStrided122,KERNEL_AIVEC,1,3088,13.875,1763721029738386.136	,1763721029738400.011	
0,N/A,MEMCPY_ASYNC,1,3089,1.27,1763721029738421.532	,1763721029738422.802	
0,AsStrided123,KERNEL_AIVEC,1,3090,14.041,1763721029738731.136	,1763721029738745.177	
0,N/A,MEMCPY_ASYNC,1,3091,1.208,1763721029738842.365	,1763721029738843.573	
0,AsStrided124,KERNEL_AIVEC,1,3092,13.895,1763721029738914.074	,1763721029738927.969	
0,N/A,MEMCPY_ASYNC,1,3093,1.27,1763721029739005.407	,1763721029739006.677	
0,AsStrided125,KERNEL_AIVEC,1,3094,13.875,1763721029739055.886	,1763721029739069.761	
0,N/A,MEMCPY_ASYNC,1,3095,1.187,1763721029739094.657	,1763721029739095.844	
0,AsStrided126,KERNEL_AIVEC,1,3096,13.854,1763721029739155.074	,1763721029739168.928	
0,N/A,MEMCPY_ASYNC,1,3097,1.25,1763721029739190.844	,1763721029739192.094	
0,AsStrided127,KERNEL_AIVEC,1,3098,13.916,1763721029739254.469	,1763721029739268.385	
0,N/A,MEMCPY_ASYNC,1,3099,1.25,1763721029739289.782	,1763721029739291.032	
0,AsStrided128,KERNEL_AIVEC,1,3100,13.895,1763721029739346.511	,1763721029739360.406	
0,N/A,MEMCPY_ASYNC,1,3101,1.27,1763721029739382.574	,1763721029739383.844	
0,AsStrided129,KERNEL_AIVEC,1,3102,13.854,1763721029739435.490	,1763721029739449.344	
0,N/A,MEMCPY_ASYNC,1,3103,1.187,1763721029739471.282	,1763721029739472.469	
0,AsStrided130,KERNEL_AIVEC,1,3104,13.937,1763721029739765.219	,1763721029739779.156	
0,N/A,MEMCPY_ASYNC,1,3105,1.27,1763721029739830.553	,1763721029739831.823	
0,AsStrided131,KERNEL_AIVEC,1,3106,14.145,1763721029739901.740	,1763721029739915.885	
0,N/A,MEMCPY_ASYNC,1,3107,1.25,1763721029739941.324	,1763721029739942.574	
0,AsStrided132,KERNEL_AIVEC,1,3108,13.875,1763721029740012.803	,1763721029740026.678	
0,N/A,MEMCPY_ASYNC,1,3109,1.25,1763721029740050.386	,1763721029740051.636	
0,AsStrided133,KERNEL_AIVEC,1,3110,13.875,1763721029740106.490	,1763721029740120.365	
0,N/A,MEMCPY_ASYNC,1,3111,1.27,1763721029740141.803	,1763721029740143.073	
0,AsStrided134,KERNEL_AIVEC,1,3112,13.875,1763721029740196.324	,1763721029740210.199	
0,N/A,MEMCPY_ASYNC,1,3113,1.27,1763721029740235.511	,1763721029740236.781	
0,AsStrided135,KERNEL_AIVEC,1,3114,13.895,1763721029740293.032	,1763721029740306.927	
0,N/A,MEMCPY_ASYNC,1,3115,1.25,1763721029740328.324	,1763721029740329.574	
0,AsStrided136,KERNEL_AIVEC,1,3116,13.895,1763721029740403.740	,1763721029740417.635	
0,N/A,MEMCPY_ASYNC,1,3117,1.25,1763721029740851.907	,1763721029740853.157	
0,AsStrided137,KERNEL_AIVEC,1,3118,14.083,1763721029740947.803	,1763721029740961.886	
0,N/A,MEMCPY_ASYNC,1,3119,1.25,1763721029740999.386	,1763721029741000.636	
0,AsStrided138,KERNEL_AIVEC,1,3120,13.916,1763721029741060.678	,1763721029741074.594	
0,N/A,MEMCPY_ASYNC,1,3121,1.25,1763721029741096.636	,1763721029741097.886	
0,AsStrided139,KERNEL_AIVEC,1,3122,13.895,1763721029741150.969	,1763721029741164.864	
0,N/A,MEMCPY_ASYNC,1,3123,1.291,1763721029741194.407	,1763721029741195.698	
0,AsStrided140,KERNEL_AIVEC,1,3124,13.854,1763721029741249.636	,1763721029741263.490	
0,N/A,MEMCPY_ASYNC,1,3125,1.27,1763721029741284.969	,1763721029741286.239	
0,AsStrided141,KERNEL_AIVEC,1,3126,13.895,1763721029741340.178	,1763721029741354.073	
0,N/A,MEMCPY_ASYNC,1,3127,1.27,1763721029741375.032	,1763721029741376.302	
0,AsStrided142,KERNEL_AIVEC,1,3128,13.875,1763721029741426.303	,1763721029741440.178	
0,N/A,MEMCPY_ASYNC,1,3129,1.27,1763721029741461.386	,1763721029741462.656	
0,AsStrided143,KERNEL_AIVEC,1,3130,13.958,1763721029741515.428	,1763721029741529.386	
0,N/A,MEMCPY_ASYNC,1,3131,1.25,1763721029741559.574	,1763721029741560.824	
0,AsStrided144,KERNEL_AIVEC,1,3132,13.895,1763721029741616.511	,1763721029741630.406	
0,N/A,MEMCPY_ASYNC,1,3133,1.25,1763721029741652.449	,1763721029741653.699	
0,AsStrided145,KERNEL_AIVEC,1,3134,13.979,1763721029741908.240	,1763721029741922.219	
0,N/A,MEMCPY_ASYNC,1,3135,1.187,1763721029741970.303	,1763721029741971.490	
0,AsStrided146,KERNEL_AIVEC,1,3136,13.916,1763721029742204.824	,1763721029742218.740	
0,N/A,MEMCPY_ASYNC,1,3137,1.27,1763721029742249.844	,1763721029742251.114	
0,AsStrided147,KERNEL_AIVEC,1,3138,13.937,1763721029742319.490	,1763721029742333.427	
0,N/A,MEMCPY_ASYNC,1,3139,1.25,1763721029742356.594	,1763721029742357.844	
0,AsStrided148,KERNEL_AIVEC,1,3140,14.02,1763721029742409.282	,1763721029742423.302	
0,N/A,MEMCPY_ASYNC,1,3141,1.25,1763721029742444.178	,1763721029742445.428	
0,AsStrided149,KERNEL_AIVEC,1,3142,14.02,1763721029742694.136	,1763721029742708.156	
0,N/A,MEMCPY_ASYNC,1,3143,1.312,1763721029742747.990	,1763721029742749.302	
0,AsStrided150,KERNEL_AIVEC,1,3144,13.916,1763721029743060.949	,1763721029743074.865	
0,N/A,MEMCPY_ASYNC,1,3145,1.27,1763721029743122.615	,1763721029743123.885	
0,AsStrided151,KERNEL_AIVEC,1,3146,14.312,1763721029743199.907	,1763721029743214.219	
0,N/A,MEMCPY_ASYNC,1,3147,1.229,1763721029743240.657	,1763721029743241.886	
0,AsStrided152,KERNEL_AIVEC,1,3148,13.875,1763721029743299.949	,1763721029743313.824	
0,N/A,MEMCPY_ASYNC,1,3149,1.27,1763721029743334.449	,1763721029743335.719	
0,AsStrided153,KERNEL_AIVEC,1,3150,13.854,1763721029743390.949	,1763721029743404.803	
0,N/A,MEMCPY_ASYNC,1,3151,2.062,1763721029743428.615	,1763721029743430.677	
0,AsStrided154,KERNEL_AIVEC,1,3152,13.895,1763721029743486.615	,1763721029743500.510	
0,N/A,MEMCPY_ASYNC,1,3153,1.27,1763721029743527.678	,1763721029743528.948	
0,AsStrided155,KERNEL_AIVEC,1,3154,13.895,1763721029743592.678	,1763721029743606.573	
0,N/A,MEMCPY_ASYNC,1,3155,1.25,1763721029743622.115	,1763721029743623.365	
0,AsStrided156,KERNEL_AIVEC,1,3156,13.958,1763721029743677.615	,1763721029743691.573	
0,N/A,MEMCPY_ASYNC,1,3157,1.291,1763721029743711.011	,1763721029743712.302	
0,AsStrided157,KERNEL_AIVEC,1,3158,13.875,1763721029743764.615	,1763721029743778.490	
0,N/A,MEMCPY_ASYNC,1,3159,1.27,1763721029743803.657	,1763721029743804.927	
0,AsStrided158,KERNEL_AIVEC,1,3160,14.02,1763721029743854.886	,1763721029743868.906	
0,N/A,MEMCPY_ASYNC,1,3161,1.291,1763721029743896.969	,1763721029743898.260	
0,AsStrided159,KERNEL_AIVEC,1,3162,14.041,1763721029744148.324	,1763721029744162.365	
0,N/A,MEMCPY_ASYNC,1,3163,1.291,1763721029744212.928	,1763721029744214.219	
0,AsStrided160,KERNEL_AIVEC,1,3164,14.083,1763721029744282.990	,1763721029744297.073	
0,N/A,MEMCPY_ASYNC,1,3165,1.312,1763721029744325.928	,1763721029744327.240	
0,AsStrided161,KERNEL_AIVEC,1,3166,13.875,1763721029744389.574	,1763721029744403.449	
0,N/A,MEMCPY_ASYNC,1,3167,1.229,1763721029744423.157	,1763721029744424.386	
0,AsStrided162,KERNEL_AIVEC,1,3168,13.979,1763721029744487.032	,1763721029744501.011	
0,N/A,MEMCPY_ASYNC,1,3169,1.187,1763721029744523.678	,1763721029744524.865	
0,AsStrided163,KERNEL_AIVEC,1,3170,13.854,1763721029744578.824	,1763721029744592.678	
0,N/A,MEMCPY_ASYNC,1,3171,1.25,1763721029744613.969	,1763721029744615.219	
0,AsStrided164,KERNEL_AIVEC,1,3172,14.229,1763721029744674.240	,1763721029744688.469	
0,N/A,MEMCPY_ASYNC,1,3173,1.291,1763721029744706.886	,1763721029744708.177	
0,AsStrided165,KERNEL_AIVEC,1,3174,14.02,1763721029744761.782	,1763721029744775.802	
0,N/A,MEMCPY_ASYNC,1,3175,1.27,1763721029744796.574	,1763721029744797.844	
0,AsStrided166,KERNEL_AIVEC,1,3176,13.875,1763721029744865.761	,1763721029744879.636	
0,N/A,MEMCPY_ASYNC,1,3177,1.27,1763721029744902.240	,1763721029744903.510	
0,AsStrided167,KERNEL_AIVEC,1,3178,13.979,1763721029744958.303	,1763721029744972.282	
0,N/A,MEMCPY_ASYNC,1,3179,1.25,1763721029744994.178	,1763721029744995.428	
0,AsStrided168,KERNEL_AIVEC,1,3180,13.958,1763721029745047.990	,1763721029745061.948	
0,N/A,MEMCPY_ASYNC,1,3181,1.27,1763721029745340.324	,1763721029745341.594	
0,AsStrided169,KERNEL_AIVEC,1,3182,14.02,1763721029745412.636	,1763721029745426.656	
0,N/A,MEMCPY_ASYNC,1,3183,1.27,1763721029745461.907	,1763721029745463.177	
0,AsStrided170,KERNEL_AIVEC,1,3184,14.0,1763721029745709.636	,1763721029745723.636	
0,N/A,MEMCPY_ASYNC,1,3185,1.27,1763721029745769.928	,1763721029745771.198	
0,AsStrided171,KERNEL_AIVEC,1,3186,13.854,1763721029745834.803	,1763721029745848.657	
0,N/A,MEMCPY_ASYNC,1,3187,1.27,1763721029745872.032	,1763721029745873.302	
0,AsStrided172,KERNEL_AIVEC,1,3188,13.916,1763721029745928.532	,1763721029745942.448	
0,N/A,MEMCPY_ASYNC,1,3189,1.291,1763721029745965.094	,1763721029745966.385	
0,AsStrided173,KERNEL_AIVEC,1,3190,13.875,1763721029746021.407	,1763721029746035.282	
0,N/A,MEMCPY_ASYNC,1,3191,1.27,1763721029746065.990	,1763721029746067.260	
0,AsStrided174,KERNEL_AIVEC,1,3192,13.875,1763721029746119.449	,1763721029746133.324	
0,N/A,MEMCPY_ASYNC,1,3193,1.291,1763721029746154.824	,1763721029746156.115	
0,AsStrided175,KERNEL_AIVEC,1,3194,14.083,1763721029746394.636	,1763721029746408.719	
0,N/A,MEMCPY_ASYNC,1,3195,1.25,1763721029746450.990	,1763721029746452.240	
0,AsStrided176,KERNEL_AIVEC,1,3196,14.02,1763721029746520.511	,1763721029746534.531	
0,N/A,MEMCPY_ASYNC,1,3197,1.208,1763721029746557.782	,1763721029746558.990	
0,AsStrided177,KERNEL_AIVEC,1,3198,13.958,1763721029746625.699	,1763721029746639.657	
0,N/A,MEMCPY_ASYNC,1,3199,1.25,1763721029746661.115	,1763721029746662.365	
0,AsStrided178,KERNEL_AIVEC,1,3200,14.062,1763721029746914.282	,1763721029746928.344	
0,N/A,MEMCPY_ASYNC,1,3201,1.291,1763721029746994.261	,1763721029746995.552	
0,AsStrided179,KERNEL_AIVEC,1,3202,13.916,1763721029746995.615	,1763721029747009.531	
0,N/A,MEMCPY_ASYNC,1,3203,1.25,1763721029747215.219	,1763721029747216.469	
0,AsStrided180,KERNEL_AIVEC,1,3204,13.895,1763721029747449.407	,1763721029747463.302	
0,N/A,MEMCPY_ASYNC,1,3205,1.291,1763721029747510.032	,1763721029747511.323	
0,AsStrided181,KERNEL_AIVEC,1,3206,13.854,1763721029747587.865	,1763721029747601.719	
0,N/A,MEMCPY_ASYNC,1,3207,1.27,1763721029747627.407	,1763721029747628.677	
0,AsStrided182,KERNEL_AIVEC,1,3208,13.875,1763721029747682.428	,1763721029747696.303	
0,N/A,MEMCPY_ASYNC,1,3209,1.27,1763721029747718.824	,1763721029747720.094	
0,AsStrided183,KERNEL_AIVEC,1,3210,13.958,1763721029747775.886	,1763721029747789.844	
0,N/A,MEMCPY_ASYNC,1,3211,1.229,1763721029747811.324	,1763721029747812.553	
0,AsStrided184,KERNEL_AIVEC,1,3212,13.895,1763721029747867.344	,1763721029747881.239	
0,N/A,MEMCPY_ASYNC,1,3213,1.291,1763721029747909.344	,1763721029747910.635	
0,AsStrided185,KERNEL_AIVEC,1,3214,13.937,1763721029747965.074	,1763721029747979.011	
0,N/A,MEMCPY_ASYNC,1,3215,1.25,1763721029748000.553	,1763721029748001.803	
0,AsStrided186,KERNEL_AIVEC,1,3216,13.937,1763721029748055.511	,1763721029748069.448	
0,N/A,MEMCPY_ASYNC,1,3217,1.291,1763721029748090.282	,1763721029748091.573	
0,AsStrided187,KERNEL_AIVEC,1,3218,13.833,1763721029748259.303	,1763721029748273.136	
0,N/A,MEMCPY_ASYNC,1,3219,1.25,1763721029748312.636	,1763721029748313.886	
0,AsStrided188,KERNEL_AIVEC,1,3220,13.979,1763721029748519.324	,1763721029748533.303	
0,N/A,MEMCPY_ASYNC,1,3221,1.27,1763721029748589.219	,1763721029748590.489	
0,AsStrided189,KERNEL_AIVEC,1,3222,13.895,1763721029748655.636	,1763721029748669.531	
0,N/A,MEMCPY_ASYNC,1,3223,1.25,1763721029748694.490	,1763721029748695.740	
0,AsStrided190,KERNEL_AIVEC,1,3224,13.958,1763721029748752.219	,1763721029748766.177	
0,N/A,MEMCPY_ASYNC,1,3225,1.27,1763721029748787.282	,1763721029748788.552	
0,AsStrided191,KERNEL_AIVEC,1,3226,13.958,1763721029748843.469	,1763721029748857.427	
0,N/A,MEMCPY_ASYNC,1,3227,1.25,1763721029748879.344	,1763721029748880.594	
0,AsStrided192,KERNEL_AIVEC,1,3228,13.958,1763721029748934.532	,1763721029748948.490	
0,N/A,MEMCPY_ASYNC,1,3229,1.187,1763721029748977.053	,1763721029748978.240	
0,AsStrided193,KERNEL_AIVEC,1,3230,13.854,1763721029749031.282	,1763721029749045.136	
0,N/A,MEMCPY_ASYNC,1,3231,1.25,1763721029749063.428	,1763721029749064.678	
0,AsStrided194,KERNEL_AIVEC,1,3232,13.958,1763721029749116.011	,1763721029749129.969	
0,N/A,MEMCPY_ASYNC,1,3233,1.27,1763721029749149.219	,1763721029749150.489	
0,AsStrided195,KERNEL_AIVEC,1,3234,13.979,1763721029749203.803	,1763721029749217.782	
0,N/A,MEMCPY_ASYNC,1,3235,1.229,1763721029749237.928	,1763721029749239.157	
0,AsStrided196,KERNEL_AIVEC,1,3236,13.854,1763721029749298.928	,1763721029749312.782	
0,N/A,MEMCPY_ASYNC,1,3237,1.187,1763721029749335.365	,1763721029749336.552	
0,AsStrided197,KERNEL_AIVEC,1,3238,14.02,1763721029749390.386	,1763721029749404.406	
0,N/A,MEMCPY_ASYNC,1,3239,1.187,1763721029749706.011	,1763721029749707.198	
0,AsStrided198,KERNEL_AIVEC,1,3240,13.958,1763721029749800.032	,1763721029749813.990	
0,N/A,MEMCPY_ASYNC,1,3241,1.187,1763721029749849.803	,1763721029749850.990	
0,AsStrided199,KERNEL_AIVEC,1,3242,13.875,1763721029749910.532	,1763721029749924.407	
0,N/A,MEMCPY_ASYNC,1,3243,1.229,1763721029749945.344	,1763721029749946.573	
0,AsStrided200,KERNEL_AIVEC,1,3244,13.958,1763721029750029.157	,1763721029750043.115	
0,N/A,MEMCPY_ASYNC,1,3245,1.208,1763721029750050.678	,1763721029750051.886	
0,AsStrided201,KERNEL_AIVEC,1,3246,14.562,1763721029750104.886	,1763721029750119.448	
0,N/A,MEMCPY_ASYNC,1,3247,1.25,1763721029750138.532	,1763721029750139.782	
0,AsStrided202,KERNEL_AIVEC,1,3248,13.979,1763721029750202.761	,1763721029750216.740	
0,N/A,MEMCPY_ASYNC,1,3249,1.291,1763721029750238.782	,1763721029750240.073	
0,AsStrided203,KERNEL_AIVEC,1,3250,13.875,1763721029750293.969	,1763721029750307.844	
0,N/A,MEMCPY_ASYNC,1,3251,1.25,1763721029750333.594	,1763721029750334.844	
0,AsStrided204,KERNEL_AIVEC,1,3252,14.0,1763721029750387.511	,1763721029750401.511	
0,N/A,MEMCPY_ASYNC,1,3253,1.291,1763721029750424.199	,1763721029750425.490	
0,AsStrided205,KERNEL_AIVEC,1,3254,13.854,1763721029750482.553	,1763721029750496.407	
0,N/A,MEMCPY_ASYNC,1,3255,1.27,1763721029750515.594	,1763721029750516.864	
0,AsStrided206,KERNEL_AIVEC,1,3256,13.958,1763721029750568.719	,1763721029750582.677	
0,N/A,MEMCPY_ASYNC,1,3257,1.291,1763721029750604.053	,1763721029750605.344	
0,AsStrided207,KERNEL_AIVEC,1,3258,13.916,1763721029751000.824	,1763721029751014.740	
0,N/A,MEMCPY_ASYNC,1,3259,1.25,1763721029751044.615	,1763721029751045.865	
0,AsStrided208,KERNEL_AIVEC,1,3260,13.916,1763721029751113.469	,1763721029751127.385	
0,N/A,MEMCPY_ASYNC,1,3261,1.187,1763721029751154.428	,1763721029751155.615	
0,AsStrided209,KERNEL_AIVEC,1,3262,13.937,1763721029751213.219	,1763721029751227.156	
0,N/A,MEMCPY_ASYNC,1,3263,1.25,1763721029751249.053	,1763721029751250.303	
0,AsStrided210,KERNEL_AIVEC,1,3264,13.895,1763721029751456.949	,1763721029751470.844	
0,N/A,MEMCPY_ASYNC,1,3265,1.27,1763721029751497.094	,1763721029751498.364	
0,AsStrided211,KERNEL_AIVEC,1,3266,14.541,1763721029751561.740	,1763721029751576.281	
0,N/A,MEMCPY_ASYNC,1,3267,1.25,1763721029751597.199	,1763721029751598.449	
0,AsStrided212,KERNEL_AIVEC,1,3268,14.02,1763721029751651.240	,1763721029751665.260	
0,N/A,MEMCPY_ASYNC,1,3269,1.291,1763721029751686.365	,1763721029751687.656	
0,AsStrided213,KERNEL_AIVEC,1,3270,14.0,1763721029751924.011	,1763721029751938.011	
0,N/A,MEMCPY_ASYNC,1,3271,1.25,1763721029752075.865	,1763721029752077.115	
0,AsStrided214,KERNEL_AIVEC,1,3272,13.958,1763721029752156.844	,1763721029752170.802	
0,N/A,MEMCPY_ASYNC,1,3273,1.291,1763721029752201.928	,1763721029752203.219	
0,AsStrided215,KERNEL_AIVEC,1,3274,13.937,1763721029752271.636	,1763721029752285.573	
0,N/A,MEMCPY_ASYNC,1,3275,1.25,1763721029752307.865	,1763721029752309.115	
0,AsStrided216,KERNEL_AIVEC,1,3276,13.958,1763721029752364.553	,1763721029752378.511	
0,N/A,MEMCPY_ASYNC,1,3277,1.27,1763721029752398.636	,1763721029752399.906	
0,AsStrided217,KERNEL_AIVEC,1,3278,14.041,1763721029752452.303	,1763721029752466.344	
0,N/A,MEMCPY_ASYNC,1,3279,1.27,1763721029752486.261	,1763721029752487.531	
0,AsStrided218,KERNEL_AIVEC,1,3280,13.854,1763721029752539.115	,1763721029752552.969	
0,N/A,MEMCPY_ASYNC,1,3281,1.27,1763721029752580.969	,1763721029752582.239	
0,AsStrided219,KERNEL_AIVEC,1,3282,13.958,1763721029752636.157	,1763721029752650.115	
0,N/A,MEMCPY_ASYNC,1,3283,1.229,1763721029752671.074	,1763721029752672.303	
0,AsStrided220,KERNEL_AIVEC,1,3284,13.833,1763721029752723.949	,1763721029752737.782	
0,N/A,MEMCPY_ASYNC,1,3285,1.291,1763721029752759.261	,1763721029752760.552	
0,AsStrided221,KERNEL_AIVEC,1,3286,13.958,1763721029752809.886	,1763721029752823.844	
0,N/A,MEMCPY_ASYNC,1,3287,1.25,1763721029752842.011	,1763721029752843.261	
0,AsStrided222,KERNEL_AIVEC,1,3288,13.854,1763721029753161.407	,1763721029753175.261	
0,N/A,MEMCPY_ASYNC,1,3289,1.27,1763721029753229.469	,1763721029753230.739	
0,AsStrided223,KERNEL_AIVEC,1,3290,13.979,1763721029753295.928	,1763721029753309.907	
0,N/A,MEMCPY_ASYNC,1,3291,1.229,1763721029753334.074	,1763721029753335.303	
0,AsStrided224,KERNEL_AIVEC,1,3292,13.958,1763721029753389.803	,1763721029753403.761	
0,N/A,MEMCPY_ASYNC,1,3293,1.291,1763721029753425.074	,1763721029753426.365	
0,AsStrided225,KERNEL_AIVEC,1,3294,13.875,1763721029753481.032	,1763721029753494.907	
0,N/A,MEMCPY_ASYNC,1,3295,1.229,1763721029753513.761	,1763721029753514.990	
0,AsStrided226,KERNEL_AIVEC,1,3296,13.937,1763721029753574.928	,1763721029753588.865	
0,N/A,MEMCPY_ASYNC,1,3297,1.187,1763721029753610.636	,1763721029753611.823	
0,AsStrided227,KERNEL_AIVEC,1,3298,14.041,1763721029753665.803	,1763721029753679.844	
0,N/A,MEMCPY_ASYNC,1,3299,1.229,1763721029753700.699	,1763721029753701.928	
0,AsStrided228,KERNEL_AIVEC,1,3300,13.937,1763721029753754.324	,1763721029753768.261	
0,N/A,MEMCPY_ASYNC,1,3301,1.291,1763721029753786.782	,1763721029753788.073	
0,AsStrided229,KERNEL_AIVEC,1,3302,14.062,1763721029753839.678	,1763721029753853.740	
0,N/A,MEMCPY_ASYNC,1,3303,1.27,1763721029753874.094	,1763721029753875.364	
0,AsStrided230,KERNEL_AIVEC,1,3304,14.291,1763721029753933.261	,1763721029753947.552	
0,N/A,MEMCPY_ASYNC,1,3305,1.291,1763721029754239.740	,1763721029754241.031	
0,AsStrided231,KERNEL_AIVEC,1,3306,13.979,1763721029754324.824	,1763721029754338.803	
0,N/A,MEMCPY_ASYNC,1,3307,1.229,1763721029754368.907	,1763721029754370.136	
0,AsStrided232,KERNEL_AIVEC,1,3308,13.979,1763721029754427.094	,1763721029754441.073	
0,N/A,MEMCPY_ASYNC,1,3309,1.291,1763721029754462.761	,1763721029754464.052	
0,AsStrided233,KERNEL_AIVEC,1,3310,13.979,1763721029754517.636	,1763721029754531.615	
0,N/A,MEMCPY_ASYNC,1,3311,1.25,1763721029754561.511	,1763721029754562.761	
0,AsStrided234,KERNEL_AIVEC,1,3312,14.0,1763721029754618.699	,1763721029754632.699	
0,N/A,MEMCPY_ASYNC,1,3313,1.291,1763721029754654.949	,1763721029754656.240	
0,AsStrided235,KERNEL_AIVEC,1,3314,14.145,1763721029754711.699	,1763721029754725.844	
0,N/A,MEMCPY_ASYNC,1,3315,1.166,1763721029754747.678	,1763721029754748.844	
0,AsStrided236,KERNEL_AIVEC,1,3316,13.979,1763721029754859.678	,1763721029754873.657	
0,N/A,MEMCPY_ASYNC,1,3317,1.145,1763721029754873.740	,1763721029754874.885	
0,AsStrided237,KERNEL_AIVEC,1,3318,13.937,1763721029755013.511	,1763721029755027.448	
0,N/A,MEMCPY_ASYNC,1,3319,1.125,1763721029755027.532	,1763721029755028.657	
0,AsStrided238,KERNEL_AIVEC,1,3320,14.062,1763721029755028.719	,1763721029755042.781	
0,N/A,MEMCPY_ASYNC,1,3321,1.145,1763721029755217.719	,1763721029755218.864	
0,AsStrided239,KERNEL_AIVEC,1,3322,14.083,1763721029755423.657	,1763721029755437.740	
0,N/A,MEMCPY_ASYNC,1,3323,1.208,1763721029755481.469	,1763721029755482.677	
0,AsStrided240,KERNEL_AIVEC,1,3324,14.208,1763721029755552.615	,1763721029755566.823	
0,N/A,MEMCPY_ASYNC,1,3325,1.104,1763721029755594.490	,1763721029755595.594	
0,AsStrided241,KERNEL_AIVEC,1,3326,13.854,1763721029755662.303	,1763721029755676.157	
0,N/A,MEMCPY_ASYNC,1,3327,1.145,1763721029755697.094	,1763721029755698.239	
0,AsStrided242,KERNEL_AIVEC,1,3328,14.062,1763721029755910.407	,1763721029755924.469	
0,N/A,MEMCPY_ASYNC,1,3329,1.145,1763721029755950.928	,1763721029755952.073	
0,AsStrided243,KERNEL_AIVEC,1,3330,13.875,1763721029756009.053	,1763721029756022.928	
0,N/A,MEMCPY_ASYNC,1,3331,1.187,1763721029756045.761	,1763721029756046.948	
0,AsStrided244,KERNEL_AIVEC,1,3332,14.02,1763721029756101.282	,1763721029756115.302	
0,N/A,MEMCPY_ASYNC,1,3333,1.187,1763721029756135.865	,1763721029756137.052	
0,AsStrided245,KERNEL_AIVEC,1,3334,14.083,1763721029756385.449	,1763721029756399.532	
0,N/A,MEMCPY_ASYNC,1,3335,1.125,1763721029756586.844	,1763721029756587.969	
0,AsStrided246,KERNEL_AIVEC,1,3336,14.229,1763721029756660.115	,1763721029756674.344	
0,N/A,MEMCPY_ASYNC,1,3337,1.145,1763721029756703.240	,1763721029756704.385	
0,AsStrided247,KERNEL_AIVEC,1,3338,13.875,1763721029756761.865	,1763721029756775.740	
0,N/A,MEMCPY_ASYNC,1,3339,1.166,1763721029756798.990	,1763721029756800.156	
0,AsStrided248,KERNEL_AIVEC,1,3340,13.937,1763721029756855.324	,1763721029756869.261	
0,N/A,MEMCPY_ASYNC,1,3341,1.145,1763721029756906.094	,1763721029756907.239	
0,AsStrided249,KERNEL_AIVEC,1,3342,13.958,1763721029756963.594	,1763721029756977.552	
0,N/A,MEMCPY_ASYNC,1,3343,1.145,1763721029756999.386	,1763721029757000.531	
0,AsStrided250,KERNEL_AIVEC,1,3344,13.895,1763721029757058.511	,1763721029757072.406	
0,N/A,MEMCPY_ASYNC,1,3345,1.145,1763721029757095.699	,1763721029757096.844	
0,AsStrided251,KERNEL_AIVEC,1,3346,13.895,1763721029757151.636	,1763721029757165.531	
0,N/A,MEMCPY_ASYNC,1,3347,1.166,1763721029757186.928	,1763721029757188.094	
0,AsStrided252,KERNEL_AIVEC,1,3348,13.958,1763721029757242.740	,1763721029757256.698	
0,N/A,MEMCPY_ASYNC,1,3349,1.166,1763721029757677.699	,1763721029757678.865	
0,AsStrided253,KERNEL_AIVEC,1,3350,13.958,1763721029757763.136	,1763721029757777.094	
0,N/A,MEMCPY_ASYNC,1,3351,1.125,1763721029757810.199	,1763721029757811.324	
0,AsStrided254,KERNEL_AIVEC,1,3352,13.854,1763721029757873.094	,1763721029757886.948	
0,N/A,MEMCPY_ASYNC,1,3353,1.145,1763721029757913.136	,1763721029757914.281	
0,AsStrided255,KERNEL_AIVEC,1,3354,13.958,1763721029757969.074	,1763721029757983.032	
0,N/A,MEMCPY_ASYNC,1,3355,1.125,1763721029758003.803	,1763721029758004.928	
0,AsStrided256,KERNEL_AIVEC,1,3356,13.875,1763721029758059.990	,1763721029758073.865	
0,N/A,MEMCPY_ASYNC,1,3357,1.083,1763721029758105.657	,1763721029758106.740	
0,AsStrided257,KERNEL_AIVEC,1,3358,13.916,1763721029758164.094	,1763721029758178.010	
0,N/A,MEMCPY_ASYNC,1,3359,1.104,1763721029758200.344	,1763721029758201.448	
0,AsStrided258,KERNEL_AIVEC,1,3360,13.958,1763721029758255.740	,1763721029758269.698	
0,N/A,MEMCPY_ASYNC,1,3361,1.145,1763721029758291.844	,1763721029758292.989	
0,AsStrided259,KERNEL_AIVEC,1,3362,13.916,1763721029758348.324	,1763721029758362.240	
0,N/A,MEMCPY_ASYNC,1,3363,1.125,1763721029758383.115	,1763721029758384.240	
0,AsStrided260,KERNEL_AIVEC,1,3364,14.5,1763721029761318.407	,1763721029761332.907	
0,N/A,MEMCPY_ASYNC,1,3365,1.125,1763721029761454.865	,1763721029761455.990	
0,AsStrided261,KERNEL_AIVEC,1,3366,14.208,1763721029761546.303	,1763721029761560.511	
0,N/A,MEMCPY_ASYNC,1,3367,1.041,1763721029761589.636	,1763721029761590.677	
0,AsStrided262,KERNEL_AIVEC,1,3368,14.062,1763721029761650.782	,1763721029761664.844	
0,N/A,MEMCPY_ASYNC,1,3369,1.083,1763721029761688.011	,1763721029761689.094	
0,AsStrided263,KERNEL_AIVEC,1,3370,13.875,1763721029761748.761	,1763721029761762.636	
0,N/A,MEMCPY_ASYNC,1,3371,1.125,1763721029761783.074	,1763721029761784.199	
0,AsStrided264,KERNEL_AIVEC,1,3372,13.979,1763721029762066.282	,1763721029762080.261	
0,N/A,MEMCPY_ASYNC,1,3373,1.062,1763721029762130.240	,1763721029762131.302	
0,AsStrided265,KERNEL_AIVEC,1,3374,13.979,1763721029762197.386	,1763721029762211.365	
0,N/A,MEMCPY_ASYNC,1,3375,1.125,1763721029762235.324	,1763721029762236.449	
0,AsStrided266,KERNEL_AIVEC,1,3376,14.0,1763721029762476.803	,1763721029762490.803	
0,N/A,MEMCPY_ASYNC,1,3377,1.145,1763721029762538.865	,1763721029762540.010	
0,AsStrided267,KERNEL_AIVEC,1,3378,13.958,1763721029762605.157	,1763721029762619.115	
0,N/A,MEMCPY_ASYNC,1,3379,1.125,1763721029762662.324	,1763721029762663.449	
0,AsStrided268,KERNEL_AIVEC,1,3380,13.979,1763721029762720.136	,1763721029762734.115	
0,N/A,MEMCPY_ASYNC,1,3381,1.166,1763721029762758.178	,1763721029762759.344	
0,AsStrided269,KERNEL_AIVEC,1,3382,13.979,1763721029762854.553	,1763721029762868.532	
0,N/A,MEMCPY_ASYNC,1,3383,1.125,1763721029762914.678	,1763721029762915.803	
0,AsStrided270,KERNEL_AIVEC,1,3384,14.187,1763721029763015.303	,1763721029763029.490	
0,N/A,MEMCPY_ASYNC,1,3385,1.145,1763721029763194.011	,1763721029763195.156	
0,AsStrided271,KERNEL_AIVEC,1,3386,13.979,1763721029763274.261	,1763721029763288.240	
0,N/A,MEMCPY_ASYNC,1,3387,1.125,1763721029763328.803	,1763721029763329.928	
0,AsStrided272,KERNEL_AIVEC,1,3388,13.854,1763721029763392.553	,1763721029763406.407	
0,N/A,MEMCPY_ASYNC,1,3389,1.083,1763721029763429.532	,1763721029763430.615	
0,AsStrided273,KERNEL_AIVEC,1,3390,14.0,1763721029763492.532	,1763721029763506.532	
0,N/A,MEMCPY_ASYNC,1,3391,1.104,1763721029763528.032	,1763721029763529.136	
0,AsStrided274,KERNEL_AIVEC,1,3392,14.104,1763721029763755.907	,1763721029763770.011	
0,N/A,MEMCPY_ASYNC,1,3393,1.166,1763721029763798.949	,1763721029763800.115	
0,AsStrided275,KERNEL_AIVEC,1,3394,13.875,1763721029763866.990	,1763721029763880.865	
0,N/A,MEMCPY_ASYNC,1,3395,1.125,1763721029763906.594	,1763721029763907.719	
0,AsStrided276,KERNEL_AIVEC,1,3396,14.125,1763721029763965.428	,1763721029763979.553	
0,N/A,MEMCPY_ASYNC,1,3397,1.125,1763721029764003.115	,1763721029764004.240	
0,AsStrided277,KERNEL_AIVEC,1,3398,13.937,1763721029764062.386	,1763721029764076.323	
0,N/A,MEMCPY_ASYNC,1,3399,1.062,1763721029764096.344	,1763721029764097.406	
0,AsStrided278,KERNEL_AIVEC,1,3400,13.979,1763721029764149.240	,1763721029764163.219	
0,N/A,MEMCPY_ASYNC,1,3401,1.062,1763721029764182.511	,1763721029764183.573	
0,AsStrided279,KERNEL_AIVEC,1,3402,13.854,1763721029764243.907	,1763721029764257.761	
0,N/A,MEMCPY_ASYNC,1,3403,1.166,1763721029764278.740	,1763721029764279.906	
0,AsStrided280,KERNEL_AIVEC,1,3404,13.958,1763721029764333.344	,1763721029764347.302	
0,N/A,MEMCPY_ASYNC,1,3405,1.062,1763721029764368.074	,1763721029764369.136	
0,AsStrided281,KERNEL_AIVEC,1,3406,13.937,1763721029764421.678	,1763721029764435.615	
0,N/A,MEMCPY_ASYNC,1,3407,1.041,1763721029764454.740	,1763721029764455.781	
0,AsStrided282,KERNEL_AIVEC,1,3408,13.958,1763721029764509.365	,1763721029764523.323	
0,N/A,MEMCPY_ASYNC,1,3409,1.083,1763721029764865.844	,1763721029764866.927	
0,AsStrided283,KERNEL_AIVEC,1,3410,13.958,1763721029764942.969	,1763721029764956.927	
0,N/A,MEMCPY_ASYNC,1,3411,1.166,1763721029764983.761	,1763721029764984.927	
0,AsStrided284,KERNEL_AIVEC,1,3412,13.958,1763721029765041.699	,1763721029765055.657	
0,N/A,MEMCPY_ASYNC,1,3413,1.083,1763721029765076.782	,1763721029765077.865	
0,AsStrided285,KERNEL_AIVEC,1,3414,14.02,1763721029765132.157	,1763721029765146.177	
0,N/A,MEMCPY_ASYNC,1,3415,1.062,1763721029765166.449	,1763721029765167.511	
0,AsStrided286,KERNEL_AIVEC,1,3416,13.854,1763721029765218.157	,1763721029765232.011	
0,N/A,MEMCPY_ASYNC,1,3417,1.062,1763721029765259.532	,1763721029765260.594	
0,AsStrided287,KERNEL_AIVEC,1,3418,13.854,1763721029765313.011	,1763721029765326.865	
0,N/A,MEMCPY_ASYNC,1,3419,1.145,1763721029765347.928	,1763721029765349.073	
0,AsStrided288,KERNEL_AIVEC,1,3420,13.854,1763721029765402.094	,1763721029765415.948	
0,N/A,MEMCPY_ASYNC,1,3421,1.062,1763721029765437.115	,1763721029765438.177	
0,AsStrided289,KERNEL_AIVEC,1,3422,13.937,1763721029765490.428	,1763721029765504.365	
0,N/A,MEMCPY_ASYNC,1,3423,1.166,1763721029765523.615	,1763721029765524.781	
0,AsStrided290,KERNEL_AIVEC,1,3424,13.958,1763721029765582.782	,1763721029765596.740	
0,N/A,MEMCPY_ASYNC,1,3425,1.145,1763721029765860.303	,1763721029765861.448	
0,AsStrided291,KERNEL_AIVEC,1,3426,13.916,1763721029765944.261	,1763721029765958.177	
0,N/A,MEMCPY_ASYNC,1,3427,1.166,1763721029765989.969	,1763721029765991.135	
0,AsStrided292,KERNEL_AIVEC,1,3428,13.979,1763721029766049.636	,1763721029766063.615	
0,N/A,MEMCPY_ASYNC,1,3429,1.062,1763721029766085.553	,1763721029766086.615	
0,AsStrided293,KERNEL_AIVEC,1,3430,13.854,1763721029766138.532	,1763721029766152.386	
0,N/A,MEMCPY_ASYNC,1,3431,1.062,1763721029766172.740	,1763721029766173.802	
0,AsStrided294,KERNEL_AIVEC,1,3432,13.958,1763721029766235.865	,1763721029766249.823	
0,N/A,MEMCPY_ASYNC,1,3433,1.062,1763721029766269.032	,1763721029766270.094	
0,AsStrided295,KERNEL_AIVEC,1,3434,13.854,1763721029766325.678	,1763721029766339.532	
0,N/A,MEMCPY_ASYNC,1,3435,1.145,1763721029766358.907	,1763721029766360.052	
0,AsStrided296,KERNEL_AIVEC,1,3436,13.875,1763721029766413.928	,1763721029766427.803	
0,N/A,MEMCPY_ASYNC,1,3437,1.062,1763721029766447.657	,1763721029766448.719	
0,AsStrided297,KERNEL_AIVEC,1,3438,13.875,1763721029766501.615	,1763721029766515.490	
0,N/A,MEMCPY_ASYNC,1,3439,1.166,1763721029766540.782	,1763721029766541.948	
0,AsStrided298,KERNEL_AIVEC,1,3440,13.854,1763721029766597.094	,1763721029766610.948	
0,N/A,MEMCPY_ASYNC,1,3441,1.27,1763721029766634.699	,1763721029766635.969	
0,AsStrided299,KERNEL_AIVEC,1,3442,13.854,1763721029766688.886	,1763721029766702.740	
0,N/A,MEMCPY_ASYNC,1,3443,1.25,1763721029767022.219	,1763721029767023.469	
0,AsStrided300,KERNEL_AIVEC,1,3444,13.854,1763721029767058.074	,1763721029767071.928	
0,N/A,MEMCPY_ASYNC,1,3445,1.187,1763721029767100.178	,1763721029767101.365	
0,AsStrided301,KERNEL_AIVEC,1,3446,13.833,1763721029767159.636	,1763721029767173.469	
0,N/A,MEMCPY_ASYNC,1,3447,1.229,1763721029767205.136	,1763721029767206.365	
0,AsStrided302,KERNEL_AIVEC,1,3448,13.937,1763721029767260.844	,1763721029767274.781	
0,N/A,MEMCPY_ASYNC,1,3449,1.27,1763721029767295.803	,1763721029767297.073	
0,AsStrided303,KERNEL_AIVEC,1,3450,13.937,1763721029767348.949	,1763721029767362.886	
0,N/A,MEMCPY_ASYNC,1,3451,1.25,1763721029767383.532	,1763721029767384.782	
0,AsStrided304,KERNEL_AIVEC,1,3452,13.958,1763721029767440.886	,1763721029767454.844	
0,N/A,MEMCPY_ASYNC,1,3453,1.291,1763721029767477.844	,1763721029767479.135	
0,AsStrided305,KERNEL_AIVEC,1,3454,13.833,1763721029767543.240	,1763721029767557.073	
0,N/A,MEMCPY_ASYNC,1,3455,1.229,1763721029767578.386	,1763721029767579.615	
0,AsStrided306,KERNEL_AIVEC,1,3456,14.041,1763721029767794.969	,1763721029767809.010	
0,N/A,MEMCPY_ASYNC,1,3457,1.27,1763721029767834.324	,1763721029767835.594	
0,AsStrided307,KERNEL_AIVEC,1,3458,13.854,1763721029768153.574	,1763721029768167.428	
0,N/A,MEMCPY_ASYNC,1,3459,1.25,1763721029768219.365	,1763721029768220.615	
0,AsStrided308,KERNEL_AIVEC,1,3460,13.937,1763721029768287.490	,1763721029768301.427	
0,N/A,MEMCPY_ASYNC,1,3461,1.208,1763721029768327.803	,1763721029768329.011	
0,AsStrided309,KERNEL_AIVEC,1,3462,13.854,1763721029768396.803	,1763721029768410.657	
0,N/A,MEMCPY_ASYNC,1,3463,1.25,1763721029768433.094	,1763721029768434.344	
0,AsStrided310,KERNEL_AIVEC,1,3464,13.833,1763721029768486.678	,1763721029768500.511	
0,N/A,MEMCPY_ASYNC,1,3465,1.187,1763721029768519.657	,1763721029768520.844	
0,AsStrided311,KERNEL_AIVEC,1,3466,13.875,1763721029768569.886	,1763721029768583.761	
0,N/A,MEMCPY_ASYNC,1,3467,1.187,1763721029768601.199	,1763721029768602.386	
0,AsStrided312,KERNEL_AIVEC,1,3468,14.104,1763721029768654.324	,1763721029768668.428	
0,N/A,MEMCPY_ASYNC,1,3469,1.208,1763721029768693.865	,1763721029768695.073	
0,AsStrided313,KERNEL_AIVEC,1,3470,13.833,1763721029768746.865	,1763721029768760.698	
0,N/A,MEMCPY_ASYNC,1,3471,1.25,1763721029768780.636	,1763721029768781.886	
0,AsStrided314,KERNEL_AIVEC,1,3472,13.875,1763721029768835.428	,1763721029768849.303	
0,N/A,MEMCPY_ASYNC,1,3473,1.27,1763721029768872.094	,1763721029768873.364	
0,AsStrided315,KERNEL_AIVEC,1,3474,13.958,1763721029768927.511	,1763721029768941.469	
0,N/A,MEMCPY_ASYNC,1,3475,1.229,1763721029768961.178	,1763721029768962.407	
0,AsStrided316,KERNEL_AIVEC,1,3476,13.979,1763721029769015.115	,1763721029769029.094	
0,N/A,MEMCPY_ASYNC,1,3477,1.187,1763721029769323.782	,1763721029769324.969	
0,AsStrided317,KERNEL_AIVEC,1,3478,13.875,1763721029769418.136	,1763721029769432.011	
0,N/A,MEMCPY_ASYNC,1,3479,1.229,1763721029769468.907	,1763721029769470.136	
0,AsStrided318,KERNEL_AIVEC,1,3480,14.166,1763721029769531.740	,1763721029769545.906	
0,N/A,MEMCPY_ASYNC,1,3481,1.229,1763721029769568.490	,1763721029769569.719	
0,AsStrided319,KERNEL_AIVEC,1,3482,13.833,1763721029769625.886	,1763721029769639.719	
0,N/A,MEMCPY_ASYNC,1,3483,1.25,1763721029769659.761	,1763721029769661.011	
0,AsStrided320,KERNEL_AIVEC,1,3484,13.916,1763721029769716.469	,1763721029769730.385	
0,N/A,MEMCPY_ASYNC,1,3485,1.312,1763721029769752.511	,1763721029769753.823	
0,AsStrided321,KERNEL_AIVEC,1,3486,14.041,1763721029769811.261	,1763721029769825.302	
0,N/A,MEMCPY_ASYNC,1,3487,1.229,1763721029769845.824	,1763721029769847.053	
0,AsStrided322,KERNEL_AIVEC,1,3488,14.104,1763721029769905.136	,1763721029769919.240	
0,N/A,MEMCPY_ASYNC,1,3489,1.166,1763721029769939.824	,1763721029769940.990	
0,AsStrided323,KERNEL_AIVEC,1,3490,13.833,1763721029769995.803	,1763721029770009.636	
0,N/A,MEMCPY_ASYNC,1,3491,1.229,1763721029770028.136	,1763721029770029.365	
0,AsStrided324,KERNEL_AIVEC,1,3492,14.083,1763721029770095.782	,1763721029770109.865	
0,N/A,MEMCPY_ASYNC,1,3493,1.27,1763721029770132.074	,1763721029770133.344	
0,AsStrided325,KERNEL_AIVEC,1,3494,14.083,1763721029770422.657	,1763721029770436.740	
0,N/A,MEMCPY_ASYNC,1,3495,1.166,1763721029770487.907	,1763721029770489.073	
0,AsStrided326,KERNEL_AIVEC,1,3496,14.02,1763721029770562.282	,1763721029770576.302	
0,N/A,MEMCPY_ASYNC,1,3497,1.291,1763721029770601.886	,1763721029770603.177	
0,AsStrided327,KERNEL_AIVEC,1,3498,13.979,1763721029770663.990	,1763721029770677.969	
0,N/A,MEMCPY_ASYNC,1,3499,1.25,1763721029770699.678	,1763721029770700.928	
0,AsStrided328,KERNEL_AIVEC,1,3500,14.083,1763721029770762.865	,1763721029770776.948	
0,N/A,MEMCPY_ASYNC,1,3501,1.291,1763721029770849.324	,1763721029770850.615	
0,AsStrided329,KERNEL_AIVEC,1,3502,13.854,1763721029770872.136	,1763721029770885.990	
0,N/A,MEMCPY_ASYNC,1,3503,1.229,1763721029770916.053	,1763721029770917.282	
0,AsStrided330,KERNEL_AIVEC,1,3504,14.02,1763721029771026.386	,1763721029771040.406	
0,N/A,MEMCPY_ASYNC,1,3505,1.291,1763721029771040.469	,1763721029771041.760	
0,AsStrided331,KERNEL_AIVEC,1,3506,13.979,1763721029771058.990	,1763721029771072.969	
0,N/A,MEMCPY_ASYNC,1,3507,1.229,1763721029771101.157	,1763721029771102.386	
0,AsStrided332,KERNEL_AIVEC,1,3508,13.979,1763721029771162.428	,1763721029771176.407	
0,N/A,MEMCPY_ASYNC,1,3509,1.187,1763721029771197.324	,1763721029771198.511	
0,AsStrided333,KERNEL_AIVEC,1,3510,13.875,1763721029771255.969	,1763721029771269.844	
0,N/A,MEMCPY_ASYNC,1,3511,1.229,1763721029771289.136	,1763721029771290.365	
0,AsStrided334,KERNEL_AIVEC,1,3512,13.791,1763721029771342.469	,1763721029771356.260	
0,N/A,MEMCPY_ASYNC,1,3513,1.291,1763721029771374.907	,1763721029771376.198	
0,AsStrided335,KERNEL_AIVEC,1,3514,13.875,1763721029771759.740	,1763721029771773.615	
0,N/A,MEMCPY_ASYNC,1,3515,1.25,1763721029771819.865	,1763721029771821.115	
0,AsStrided336,KERNEL_AIVEC,1,3516,13.958,1763721029771887.094	,1763721029771901.052	
0,N/A,MEMCPY_ASYNC,1,3517,1.125,1763721029771925.969	,1763721029771927.094	
0,AsStrided337,KERNEL_AIVEC,1,3518,15.291,1763721029771981.678	,1763721029771996.969	
0,N/A,MEMCPY_ASYNC,1,3519,1.25,1763721029772017.365	,1763721029772018.615	
0,AsStrided338,KERNEL_AIVEC,1,3520,13.958,1763721029772244.469	,1763721029772258.427	
0,N/A,MEMCPY_ASYNC,1,3521,1.312,1763721029772287.303	,1763721029772288.615	
0,AsStrided339,KERNEL_AIVEC,1,3522,14.0,1763721029772356.178	,1763721029772370.178	
0,N/A,MEMCPY_ASYNC,1,3523,1.25,1763721029772391.886	,1763721029772393.136	
0,AsStrided340,KERNEL_AIVEC,1,3524,14.125,1763721029772446.594	,1763721029772460.719	
0,N/A,MEMCPY_ASYNC,1,3525,1.25,1763721029772481.407	,1763721029772482.657	
0,AsStrided341,KERNEL_AIVEC,1,3526,13.958,1763721029772540.282	,1763721029772554.240	
0,N/A,MEMCPY_ASYNC,1,3527,1.229,1763721029772573.761	,1763721029772574.990	
0,AsStrided342,KERNEL_AIVEC,1,3528,13.958,1763721029772626.824	,1763721029772640.782	
0,N/A,MEMCPY_ASYNC,1,3529,1.208,1763721029772659.157	,1763721029772660.365	
0,AsStrided343,KERNEL_AIVEC,1,3530,14.125,1763721029772722.532	,1763721029772736.657	
0,N/A,MEMCPY_ASYNC,1,3531,1.208,1763721029772759.386	,1763721029772760.594	
0,AsStrided344,KERNEL_AIVEC,1,3532,14.062,1763721029772818.053	,1763721029772832.115	
0,N/A,MEMCPY_ASYNC,1,3533,1.208,1763721029772854.449	,1763721029772855.657	
0,AsStrided345,KERNEL_AIVEC,1,3534,14.062,1763721029772912.574	,1763721029772926.636	
0,N/A,MEMCPY_ASYNC,1,3535,1.25,1763721029772947.011	,1763721029772948.261	
0,AsStrided346,KERNEL_AIVEC,1,3536,13.958,1763721029773008.803	,1763721029773022.761	
0,N/A,MEMCPY_ASYNC,1,3537,1.27,1763721029773048.469	,1763721029773049.739	
0,AsStrided347,KERNEL_AIVEC,1,3538,13.875,1763721029773106.053	,1763721029773119.928	
0,N/A,MEMCPY_ASYNC,1,3539,1.25,1763721029773142.428	,1763721029773143.678	
0,AsStrided348,KERNEL_AIVEC,1,3540,14.041,1763721029773199.344	,1763721029773213.385	
0,N/A,MEMCPY_ASYNC,1,3541,1.27,1763721029773235.282	,1763721029773236.552	
0,AsStrided349,KERNEL_AIVEC,1,3542,14.041,1763721029773293.261	,1763721029773307.302	
0,N/A,MEMCPY_ASYNC,1,3543,1.27,1763721029773329.261	,1763721029773330.531	
0,AsStrided350,KERNEL_AIVEC,1,3544,14.083,1763721029773386.594	,1763721029773400.677	
0,N/A,MEMCPY_ASYNC,1,3545,1.187,1763721029773428.886	,1763721029773430.073	
0,AsStrided351,KERNEL_AIVEC,1,3546,13.958,1763721029773483.136	,1763721029773497.094	
0,N/A,MEMCPY_ASYNC,1,3547,1.166,1763721029773517.636	,1763721029773518.802	
0,AsStrided352,KERNEL_AIVEC,1,3548,14.02,1763721029773571.240	,1763721029773585.260	
0,N/A,MEMCPY_ASYNC,1,3549,1.187,1763721029773605.949	,1763721029773607.136	
0,AsStrided353,KERNEL_AIVEC,1,3550,13.979,1763721029773663.574	,1763721029773677.553	
0,N/A,MEMCPY_ASYNC,1,3551,1.25,1763721029773698.824	,1763721029773700.074	
0,AsStrided354,KERNEL_AIVEC,1,3552,13.875,1763721029773758.615	,1763721029773772.490	
0,N/A,MEMCPY_ASYNC,1,3553,1.187,1763721029773792.344	,1763721029773793.531	
0,AsStrided355,KERNEL_AIVEC,1,3554,14.02,1763721029773845.803	,1763721029773859.823	
0,N/A,MEMCPY_ASYNC,1,3555,1.187,1763721029773879.094	,1763721029773880.281	
0,AsStrided356,KERNEL_AIVEC,1,3556,14.0,1763721029774246.699	,1763721029774260.699	
0,N/A,MEMCPY_ASYNC,1,3557,1.187,1763721029774314.178	,1763721029774315.365	
0,AsStrided357,KERNEL_AIVEC,1,3558,13.916,1763721029774387.615	,1763721029774401.531	
0,N/A,MEMCPY_ASYNC,1,3559,1.229,1763721029774428.324	,1763721029774429.553	
0,AsStrided358,KERNEL_AIVEC,1,3560,13.916,1763721029774493.949	,1763721029774507.865	
0,N/A,MEMCPY_ASYNC,1,3561,1.166,1763721029774531.490	,1763721029774532.656	
0,AsStrided359,KERNEL_AIVEC,1,3562,13.875,1763721029774586.157	,1763721029774600.032	
0,N/A,MEMCPY_ASYNC,1,3563,1.166,1763721029774619.386	,1763721029774620.552	
0,AsStrided360,KERNEL_AIVEC,1,3564,13.854,1763721029774671.199	,1763721029774685.053	
0,N/A,MEMCPY_ASYNC,1,3565,1.208,1763721029774701.574	,1763721029774702.782	
0,AsStrided361,KERNEL_AIVEC,1,3566,13.937,1763721029774753.094	,1763721029774767.031	
0,N/A,MEMCPY_ASYNC,1,3567,1.25,1763721029774849.053	,1763721029774850.303	
0,AsStrided362,KERNEL_AIVEC,1,3568,13.895,1763721029774914.865	,1763721029774928.760	
0,N/A,MEMCPY_ASYNC,1,3569,1.27,1763721029775009.240	,1763721029775010.510	
0,AsStrided363,KERNEL_AIVEC,1,3570,13.854,1763721029775010.594	,1763721029775024.448	
0,N/A,MEMCPY_ASYNC,1,3571,1.25,1763721029775033.428	,1763721029775034.678	
0,AsStrided364,KERNEL_AIVEC,1,3572,13.958,1763721029775087.324	,1763721029775101.282	
0,N/A,MEMCPY_ASYNC,1,3573,1.187,1763721029775120.115	,1763721029775121.302	
0,AsStrided365,KERNEL_AIVEC,1,3574,14.041,1763721029775175.761	,1763721029775189.802	
0,N/A,MEMCPY_ASYNC,1,3575,1.25,1763721029775218.303	,1763721029775219.553	
0,AsStrided366,KERNEL_AIVEC,1,3576,14.062,1763721029775271.594	,1763721029775285.656	
0,N/A,MEMCPY_ASYNC,1,3577,1.291,1763721029775308.407	,1763721029775309.698	
0,AsStrided367,KERNEL_AIVEC,1,3578,14.333,1763721029775361.803	,1763721029775376.136	
0,N/A,MEMCPY_ASYNC,1,3579,1.25,1763721029775393.803	,1763721029775395.053	
0,AsStrided368,KERNEL_AIVEC,1,3580,13.937,1763721029775449.407	,1763721029775463.344	
0,N/A,MEMCPY_ASYNC,1,3581,1.312,1763721029775484.282	,1763721029775485.594	
0,AsStrided369,KERNEL_AIVEC,1,3582,13.958,1763721029775548.594	,1763721029775562.552	
0,N/A,MEMCPY_ASYNC,1,3583,1.166,1763721029775579.969	,1763721029775581.135	
0,AsStrided370,KERNEL_AIVEC,1,3584,14.333,1763721029776086.678	,1763721029776101.011	
0,N/A,MEMCPY_ASYNC,1,3585,1.291,1763721029776158.699	,1763721029776159.990	
0,AsStrided371,KERNEL_AIVEC,1,3586,14.0,1763721029776233.199	,1763721029776247.199	
0,N/A,MEMCPY_ASYNC,1,3587,1.25,1763721029776272.553	,1763721029776273.803	
0,AsStrided372,KERNEL_AIVEC,1,3588,14.02,1763721029776328.886	,1763721029776342.906	
0,N/A,MEMCPY_ASYNC,1,3589,1.208,1763721029776362.386	,1763721029776363.594	
0,AsStrided373,KERNEL_AIVEC,1,3590,13.854,1763721029776444.469	,1763721029776458.323	
0,N/A,MEMCPY_ASYNC,1,3591,1.25,1763721029776479.469	,1763721029776480.719	
0,AsStrided374,KERNEL_AIVEC,1,3592,14.125,1763721029776534.803	,1763721029776548.928	
0,N/A,MEMCPY_ASYNC,1,3593,1.208,1763721029776569.178	,1763721029776570.386	
0,AsStrided375,KERNEL_AIVEC,1,3594,13.979,1763721029776621.469	,1763721029776635.448	
0,N/A,MEMCPY_ASYNC,1,3595,1.166,1763721029776652.282	,1763721029776653.448	
0,AsStrided376,KERNEL_AIVEC,1,3596,13.958,1763721029776706.136	,1763721029776720.094	
0,N/A,MEMCPY_ASYNC,1,3597,1.208,1763721029776748.407	,1763721029776749.615	
0,AsStrided377,KERNEL_AIVEC,1,3598,13.895,1763721029776802.532	,1763721029776816.427	
0,N/A,MEMCPY_ASYNC,1,3599,1.25,1763721029776836.969	,1763721029776838.219	
0,AsStrided378,KERNEL_AIVEC,1,3600,13.937,1763721029776890.303	,1763721029776904.240	
0,N/A,MEMCPY_ASYNC,1,3601,1.27,1763721029776924.449	,1763721029776925.719	
0,AsStrided379,KERNEL_AIVEC,1,3602,14.0,1763721029776981.719	,1763721029776995.719	
0,N/A,MEMCPY_ASYNC,1,3603,1.229,1763721029777014.053	,1763721029777015.282	
0,AsStrided380,KERNEL_AIVEC,1,3604,13.958,1763721029777069.032	,1763721029777082.990	
0,N/A,MEMCPY_ASYNC,1,3605,1.208,1763721029777108.636	,1763721029777109.844	
0,AsStrided381,KERNEL_AIVEC,1,3606,13.875,1763721029777351.594	,1763721029777365.469	
0,N/A,MEMCPY_ASYNC,1,3607,1.25,1763721029777413.449	,1763721029777414.699	
0,AsStrided382,KERNEL_AIVEC,1,3608,14.145,1763721029777481.407	,1763721029777495.552	
0,N/A,MEMCPY_ASYNC,1,3609,1.208,1763721029777520.324	,1763721029777521.532	
0,AsStrided383,KERNEL_AIVEC,1,3610,13.958,1763721029777579.261	,1763721029777593.219	
0,N/A,MEMCPY_ASYNC,1,3611,1.145,1763721029777614.907	,1763721029777616.052	
0,AsStrided384,KERNEL_AIVEC,1,3612,13.854,1763721029777670.428	,1763721029777684.282	
0,N/A,MEMCPY_ASYNC,1,3613,1.083,1763721029777712.219	,1763721029777713.302	
0,AsStrided385,KERNEL_AIVEC,1,3614,13.833,1763721029777772.824	,1763721029777786.657	
0,N/A,MEMCPY_ASYNC,1,3615,1.25,1763721029777806.282	,1763721029777807.532	
0,AsStrided386,KERNEL_AIVEC,1,3616,14.25,1763721029777859.949	,1763721029777874.199	
0,N/A,MEMCPY_ASYNC,1,3617,1.208,1763721029777893.949	,1763721029777895.157	
0,AsStrided387,KERNEL_AIVEC,1,3618,13.854,1763721029777949.115	,1763721029777962.969	
0,N/A,MEMCPY_ASYNC,1,3619,1.166,1763721029777982.824	,1763721029777983.990	
0,AsStrided388,KERNEL_AIVEC,1,3620,13.958,1763721029778046.261	,1763721029778060.219	
0,N/A,MEMCPY_ASYNC,1,3621,1.208,1763721029778080.636	,1763721029778081.844	
0,AsStrided389,KERNEL_AIVEC,1,3622,14.25,1763721029778132.865	,1763721029778147.115	
0,N/A,MEMCPY_ASYNC,1,3623,1.229,1763721029778167.636	,1763721029778168.865	
0,AsStrided390,KERNEL_AIVEC,1,3624,13.958,1763721029778221.449	,1763721029778235.407	
0,N/A,MEMCPY_ASYNC,1,3625,1.208,1763721029778448.324	,1763721029778449.532	
0,AsStrided391,KERNEL_AIVEC,1,3626,13.958,1763721029778533.969	,1763721029778547.927	
0,N/A,MEMCPY_ASYNC,1,3627,1.187,1763721029778582.657	,1763721029778583.844	
0,AsStrided392,KERNEL_AIVEC,1,3628,13.854,1763721029778650.553	,1763721029778664.407	
0,N/A,MEMCPY_ASYNC,1,3629,1.208,1763721029778687.032	,1763721029778688.240	
0,AsStrided393,KERNEL_AIVEC,1,3630,14.187,1763721029778741.761	,1763721029778755.948	
0,N/A,MEMCPY_ASYNC,1,3631,1.229,1763721029778859.428	,1763721029778860.657	
0,AsStrided394,KERNEL_AIVEC,1,3632,13.979,1763721029778860.740	,1763721029778874.719	
0,N/A,MEMCPY_ASYNC,1,3633,1.208,1763721029778910.115	,1763721029778911.323	
0,AsStrided395,KERNEL_AIVEC,1,3634,13.875,1763721029779003.032	,1763721029779016.907	
0,N/A,MEMCPY_ASYNC,1,3635,1.166,1763721029779016.969	,1763721029779018.135	
0,AsStrided396,KERNEL_AIVEC,1,3636,13.958,1763721029779060.803	,1763721029779074.761	
0,N/A,MEMCPY_ASYNC,1,3637,1.25,1763721029779095.199	,1763721029779096.449	
0,AsStrided397,KERNEL_AIVEC,1,3638,13.958,1763721029779151.615	,1763721029779165.573	
0,N/A,MEMCPY_ASYNC,1,3639,1.25,1763721029779185.469	,1763721029779186.719	
0,AsStrided398,KERNEL_AIVEC,1,3640,13.958,1763721029779239.719	,1763721029779253.677	
0,N/A,MEMCPY_ASYNC,1,3641,1.208,1763721029779274.594	,1763721029779275.802	
0,AsStrided399,KERNEL_AIVEC,1,3642,13.937,1763721029779329.532	,1763721029779343.469	
0,N/A,MEMCPY_ASYNC,1,3643,1.166,1763721029779369.761	,1763721029779370.927	
0,AsStrided400,KERNEL_AIVEC,1,3644,13.979,1763721029779428.511	,1763721029779442.490	
0,N/A,MEMCPY_ASYNC,1,3645,1.187,1763721029779463.699	,1763721029779464.886	
0,AsStrided401,KERNEL_AIVEC,1,3646,13.895,1763721029779515.990	,1763721029779529.885	
0,N/A,MEMCPY_ASYNC,1,3647,1.27,1763721029779549.199	,1763721029779550.469	
0,AsStrided402,KERNEL_AIVEC,1,3648,14.104,1763721029780011.094	,1763721029780025.198	
0,N/A,MEMCPY_ASYNC,1,3649,1.208,1763721029780087.344	,1763721029780088.552	
0,AsStrided403,KERNEL_AIVEC,1,3650,13.958,1763721029780167.157	,1763721029780181.115	
0,N/A,MEMCPY_ASYNC,1,3651,1.166,1763721029780204.157	,1763721029780205.323	
0,AsStrided404,KERNEL_AIVEC,1,3652,13.958,1763721029780262.969	,1763721029780276.927	
0,N/A,MEMCPY_ASYNC,1,3653,1.187,1763721029780297.469	,1763721029780298.656	
0,AsStrided405,KERNEL_AIVEC,1,3654,13.875,1763721029780353.574	,1763721029780367.449	
0,N/A,MEMCPY_ASYNC,1,3655,1.229,1763721029780388.511	,1763721029780389.740	
0,AsStrided406,KERNEL_AIVEC,1,3656,13.854,1763721029780441.115	,1763721029780454.969	
0,N/A,MEMCPY_ASYNC,1,3657,1.208,1763721029780476.219	,1763721029780477.427	
0,Pack407/Pack00,KERNEL_AIVEC,1,3658,10.875,1763721029781740.157	,1763721029781751.032	
0,Pack407/Pack10,KERNEL_AIVEC,1,3659,10.75,1763721029781856.303	,1763721029781867.053	
0,Pack407/Pack20,KERNEL_AIVEC,1,3660,10.416,1763721029781933.615	,1763721029781944.031	
0,Pack407/Pack30,KERNEL_AIVEC,1,3661,10.375,1763721029782009.136	,1763721029782019.511	
0,Pack407/Pack40,KERNEL_AIVEC,1,3662,10.104,1763721029782083.594	,1763721029782093.698	
0,Pack407/Pack50,KERNEL_AIVEC,1,3663,10.166,1763721029782448.074	,1763721029782458.240	
0,Pack407/Pack60,KERNEL_AIVEC,1,3664,11.562,1763721029782530.782	,1763721029782542.344	
0,Pack407/Pack70,KERNEL_AIVEC,1,3665,14.645,1763721029782618.511	,1763721029782633.156	
0,Pack407/Pack80,KERNEL_AIVEC,1,3666,10.52,1763721029782689.261	,1763721029782699.781	
0,Pack407/Pack90,KERNEL_AIVEC,1,3667,6.375,1763721029782756.136	,1763721029782762.511	
0,Pack407/PackBase_node0,KERNEL_AIVEC,1,3668,39.541,1763721029782896.386	,1763721029782935.927	
0,Add408,KERNEL_AIVEC,1,3669,48.854,1763721030261396.844	,1763721030261445.698	
0,MatMul409,KERNEL_AICORE,1,3670,187.104,1763721030794486.490	,1763721030794673.594	
0,MatMul409,KERNEL_AICORE,1,3671,174.416,1763721030794847.824	,1763721030795022.240	
0,MatMul409,KERNEL_AICORE,1,3672,261.27,1763721030795022.324	,1763721030795283.594	
0,Transpose410,KERNEL_AIVEC,1,3673,77.0,1763721031255905.303	,1763721031255982.303	
0,Mul411,KERNEL_AIVEC,1,3674,36.729,1763721031735510.407	,1763721031735547.136	
0,Transpose412,KERNEL_AIVEC,1,3675,213.541,1763721032192294.740	,1763721032192508.281	
0,BatchMatMul413,KERNEL_AICORE,1,3676,2674.625,1763721032697351.219	,1763721032700025.844	
0,SoftmaxV2414,KERNEL_AIVEC,1,3677,1925.854,1763721033842551.032	,1763721033844476.886	
0,Transpose410,KERNEL_AIVEC,1,3678,118.458,1763721033844477.178	,1763721033844595.636	
0,BatchMatMul415,KERNEL_AICORE,1,3679,1414.479,1763721034308903.907	,1763721034310318.386	
0,Transpose416,KERNEL_AIVEC,1,3680,104.27,1763721034763648.886	,1763721034763753.156	
0,MatMul409,KERNEL_AICORE,1,3681,170.062,1763721034763879.324	,1763721034764049.386	
0,ReduceMean417,KERNEL_AIVEC,1,3682,733.604,1763721035238548.761	,1763721035239282.365	
0,Add408,KERNEL_AIVEC,1,3683,94.666,1763721035239282.428	,1763721035239377.094	
0,LayerNorm418,KERNEL_AIVEC,1,3684,229.604,1763721035739214.990	,1763721035739444.594	
0,MatMul419,KERNEL_AICORE,1,3685,1475.937,1763721036237586.324	,1763721036239062.261	
0,Relu420,KERNEL_AIVEC,1,3686,377.437,1763721036694044.511	,1763721036694421.948	
0,MatMul421,KERNEL_AICORE,1,3687,1595.875,1763721037181153.303	,1763721037182749.178	
0,Add408,KERNEL_AIVEC,1,3688,87.041,1763721037182749.261	,1763721037182836.302	
0,LayerNorm418,KERNEL_AIVEC,1,3689,228.333,1763721037182836.386	,1763721037183064.719	
0,Add408,KERNEL_AIVEC,1,3690,67.187,1763721037183064.782	,1763721037183131.969	
0,MatMul409,KERNEL_AICORE,1,3691,168.437,1763721037183132.053	,1763721037183300.490	
0,MatMul409,KERNEL_AICORE,1,3692,176.604,1763721037183300.574	,1763721037183477.178	
0,MatMul409,KERNEL_AICORE,1,3693,257.104,1763721037183477.261	,1763721037183734.365	
0,Transpose410,KERNEL_AIVEC,1,3694,76.0,1763721037183734.449	,1763721037183810.449	
0,Mul411,KERNEL_AIVEC,1,3695,35.291,1763721037183810.511	,1763721037183845.802	
0,Transpose412,KERNEL_AIVEC,1,3696,202.083,1763721037183845.886	,1763721037184047.969	
0,BatchMatMul413,KERNEL_AICORE,1,3697,2716.437,1763721037184048.032	,1763721037186764.469	
0,SoftmaxV2414,KERNEL_AIVEC,1,3698,1950.166,1763721037186764.553	,1763721037188714.719	
0,Transpose410,KERNEL_AIVEC,1,3699,123.75,1763721037188715.011	,1763721037188838.761	
0,BatchMatMul415,KERNEL_AICORE,1,3700,1306.562,1763721037188838.844	,1763721037190145.406	
0,Transpose416,KERNEL_AIVEC,1,3701,105.812,1763721037190145.469	,1763721037190251.281	
0,MatMul409,KERNEL_AICORE,1,3702,171.166,1763721037190251.344	,1763721037190422.510	
0,ReduceMean417,KERNEL_AIVEC,1,3703,785.562,1763721037190422.594	,1763721037191208.156	
0,Add408,KERNEL_AIVEC,1,3704,105.145,1763721037191208.240	,1763721037191313.385	
0,LayerNorm418,KERNEL_AIVEC,1,3705,228.208,1763721037191313.469	,1763721037191541.677	
0,MatMul419,KERNEL_AICORE,1,3706,1611.833,1763721037191541.761	,1763721037193153.594	
0,Relu420,KERNEL_AIVEC,1,3707,386.312,1763721037193153.678	,1763721037193539.990	
0,MatMul421,KERNEL_AICORE,1,3708,1637.604,1763721037193540.053	,1763721037195177.657	
0,Add408,KERNEL_AIVEC,1,3709,84.77,1763721037195177.719	,1763721037195262.489	
0,LayerNorm418,KERNEL_AIVEC,1,3710,227.854,1763721037195262.574	,1763721037195490.428	
0,Add408,KERNEL_AIVEC,1,3711,64.937,1763721037195490.490	,1763721037195555.427	
0,MatMul409,KERNEL_AICORE,1,3712,167.854,1763721037195555.511	,1763721037195723.365	
0,MatMul409,KERNEL_AICORE,1,3713,182.5,1763721037195723.428	,1763721037195905.928	
0,MatMul409,KERNEL_AICORE,1,3714,249.27,1763721037195905.990	,1763721037196155.260	
0,Transpose410,KERNEL_AIVEC,1,3715,73.875,1763721037196155.344	,1763721037196229.219	
0,Mul411,KERNEL_AIVEC,1,3716,34.75,1763721037196229.282	,1763721037196264.032	
0,Transpose412,KERNEL_AIVEC,1,3717,235.229,1763721037196264.094	,1763721037196499.323	
0,BatchMatMul413,KERNEL_AICORE,1,3718,2700.187,1763721037196499.407	,1763721037199199.594	
0,SoftmaxV2414,KERNEL_AIVEC,1,3719,1920.395,1763721037199199.678	,1763721037201120.073	
0,Transpose410,KERNEL_AIVEC,1,3720,118.5,1763721037201120.344	,1763721037201238.844	
0,BatchMatMul415,KERNEL_AICORE,1,3721,1436.145,1763721037201238.928	,1763721037202675.073	
0,Transpose416,KERNEL_AIVEC,1,3722,104.833,1763721037202675.136	,1763721037202779.969	
0,MatMul409,KERNEL_AICORE,1,3723,173.77,1763721037202780.032	,1763721037202953.802	
0,ReduceMean417,KERNEL_AIVEC,1,3724,723.416,1763721037202953.886	,1763721037203677.302	
0,Add408,KERNEL_AIVEC,1,3725,96.229,1763721037203677.365	,1763721037203773.594	
0,LayerNorm418,KERNEL_AIVEC,1,3726,227.75,1763721037203773.678	,1763721037204001.428	
0,MatMul419,KERNEL_AICORE,1,3727,1477.145,1763721037204001.511	,1763721037205478.656	
0,Relu420,KERNEL_AIVEC,1,3728,390.395,1763721037205478.740	,1763721037205869.135	
0,MatMul421,KERNEL_AICORE,1,3729,1647.354,1763721037205869.199	,1763721037207516.553	
0,Add408,KERNEL_AIVEC,1,3730,85.937,1763721037207516.615	,1763721037207602.552	
0,LayerNorm418,KERNEL_AIVEC,1,3731,227.645,1763721037207602.636	,1763721037207830.281	
0,Add408,KERNEL_AIVEC,1,3732,65.75,1763721037207830.365	,1763721037207896.115	
0,MatMul409,KERNEL_AICORE,1,3733,171.583,1763721037207896.199	,1763721037208067.782	
0,MatMul409,KERNEL_AICORE,1,3734,185.0,1763721037208067.865	,1763721037208252.865	
0,MatMul409,KERNEL_AICORE,1,3735,258.02,1763721037208252.928	,1763721037208510.948	
0,Transpose410,KERNEL_AIVEC,1,3736,72.583,1763721037208511.032	,1763721037208583.615	
0,Mul411,KERNEL_AIVEC,1,3737,34.77,1763721037208583.699	,1763721037208618.469	
0,Transpose412,KERNEL_AIVEC,1,3738,208.77,1763721037208618.553	,1763721037208827.323	
0,BatchMatMul413,KERNEL_AICORE,1,3739,2686.52,1763721037208827.407	,1763721037211513.927	
0,SoftmaxV2414,KERNEL_AIVEC,1,3740,1908.041,1763721037211514.011	,1763721037213422.052	
0,Transpose410,KERNEL_AIVEC,1,3741,124.166,1763721037213422.344	,1763721037213546.510	
0,BatchMatMul415,KERNEL_AICORE,1,3742,1260.458,1763721037213546.594	,1763721037214807.052	
0,Transpose416,KERNEL_AIVEC,1,3743,106.479,1763721037214807.115	,1763721037214913.594	
0,MatMul409,KERNEL_AICORE,1,3744,173.625,1763721037214913.678	,1763721037215087.303	
0,ReduceMean417,KERNEL_AIVEC,1,3745,728.166,1763721037215087.386	,1763721037215815.552	
0,Add408,KERNEL_AIVEC,1,3746,98.645,1763721037215815.636	,1763721037215914.281	
0,LayerNorm418,KERNEL_AIVEC,1,3747,227.687,1763721037215914.365	,1763721037216142.052	
0,MatMul419,KERNEL_AICORE,1,3748,1561.77,1763721037216142.136	,1763721037217703.906	
0,Relu420,KERNEL_AIVEC,1,3749,392.625,1763721037217703.990	,1763721037218096.615	
0,MatMul421,KERNEL_AICORE,1,3750,1639.895,1763721037218096.678	,1763721037219736.573	
0,Add408,KERNEL_AIVEC,1,3751,86.229,1763721037219736.657	,1763721037219822.886	
0,LayerNorm418,KERNEL_AIVEC,1,3752,227.895,1763721037219822.949	,1763721037220050.844	
0,ZerosLike422,KERNEL_AIVEC,1,3753,7.0,1763721037675212.928	,1763721037675219.928	
0,Add423,KERNEL_AIVEC,1,3754,14.937,1763721038177121.199	,1763721038177136.136	
0,MatMul424,KERNEL_AICORE,1,3755,53.979,1763721038684336.803	,1763721038684390.782	
0,MatMul424,KERNEL_AICORE,1,3756,54.437,1763721038684508.219	,1763721038684562.656	
0,MatMul424,KERNEL_AICORE,1,3757,56.562,1763721038684577.407	,1763721038684633.969	
0,Transpose425,KERNEL_AIVEC,1,3758,18.395,1763721039180816.136	,1763721039180834.531	
0,Mul426,KERNEL_AIVEC,1,3759,9.312,1763721039656686.136	,1763721039656695.448	
0,Transpose427,KERNEL_AIVEC,1,3760,58.937,1763721040137319.844	,1763721040137378.781	
0,BatchMatMul428,KERNEL_AICORE,1,3761,25.854,1763721040632792.136	,1763721040632817.990	
0,SoftmaxV2429,KERNEL_AIVEC,1,3762,119.125,1763721041545830.824	,1763721041545949.949	
0,Transpose425,KERNEL_AIVEC,1,3763,16.791,1763721041546369.449	,1763721041546386.240	
0,BatchMatMul430,KERNEL_AICORE,1,3764,30.979,1763721042056892.094	,1763721042056923.073	
0,Transpose431,KERNEL_AIVEC,1,3765,22.333,1763721042534854.511	,1763721042534876.844	
0,MatMul424,KERNEL_AICORE,1,3766,73.27,1763721042535087.511	,1763721042535160.781	
0,ReduceMean432,KERNEL_AIVEC,1,3767,16.375,1763721043019739.011	,1763721043019755.386	
0,Add423,KERNEL_AIVEC,1,3768,12.104,1763721043019917.282	,1763721043019929.386	
0,LayerNorm433,KERNEL_AIVEC,1,3769,36.208,1763721043540908.594	,1763721043540944.802	
0,Add423,KERNEL_AIVEC,1,3770,11.583,1763721043541093.303	,1763721043541104.886	
0,Add408,KERNEL_AIVEC,1,3771,104.729,1763721043541169.969	,1763721043541274.698	
0,MatMul424,KERNEL_AICORE,1,3772,61.27,1763721043541297.803	,1763721043541359.073	
0,MatMul409,KERNEL_AICORE,1,3773,174.458,1763721043541419.386	,1763721043541593.844	
0,MatMul409,KERNEL_AICORE,1,3774,219.208,1763721043541593.907	,1763721043541813.115	
0,Transpose425,KERNEL_AIVEC,1,3775,17.229,1763721043541813.178	,1763721043541830.407	
0,Mul426,KERNEL_AIVEC,1,3776,7.458,1763721043541830.490	,1763721043541837.948	
0,Transpose412,KERNEL_AIVEC,1,3777,213.5,1763721043541865.240	,1763721043542078.740	
0,BatchMatMul434,KERNEL_AICORE,1,3778,416.145,1763721044055713.782	,1763721044056129.927	
0,SoftmaxV2435,KERNEL_AIVEC,1,3779,285.729,1763721044953852.115	,1763721044954137.844	
0,Transpose410,KERNEL_AIVEC,1,3780,74.104,1763721044954138.136	,1763721044954212.240	
0,BatchMatMul436,KERNEL_AICORE,1,3781,75.437,1763721045449859.157	,1763721045449934.594	
0,Transpose431,KERNEL_AIVEC,1,3782,20.354,1763721045450037.032	,1763721045450057.386	
0,MatMul424,KERNEL_AICORE,1,3783,67.895,1763721045450380.407	,1763721045450448.302	
0,ReduceMean437,KERNEL_AIVEC,1,3784,79.729,1763721045932094.928	,1763721045932174.657	
0,Add423,KERNEL_AIVEC,1,3785,15.416,1763721045932260.761	,1763721045932276.177	
0,LayerNorm433,KERNEL_AIVEC,1,3786,34.645,1763721045932351.803	,1763721045932386.448	
0,MatMul438,KERNEL_AICORE,1,3787,489.541,1763721046428844.303	,1763721046429333.844	
0,Relu439,KERNEL_AIVEC,1,3788,37.02,1763721046882358.803	,1763721046882395.823	
0,MatMul440,KERNEL_AICORE,1,3789,339.312,1763721047380175.490	,1763721047380514.802	
0,Add423,KERNEL_AIVEC,1,3790,15.708,1763721047380514.886	,1763721047380530.594	
0,LayerNorm433,KERNEL_AIVEC,1,3791,34.104,1763721047380530.657	,1763721047380564.761	
0,LayerNorm433,KERNEL_AIVEC,1,3792,33.5,1763721047380576.574	,1763721047380610.074	
0,MatMul441,KERNEL_AICORE,1,3793,8.645,1763721047878619.199	,1763721047878627.844	
0,Abs15,KERNEL_AIVEC,1,3794,2.916,1763721047878764.761	,1763721047878767.677	
0,Equal16,KERNEL_AIVEC,1,3795,2.625,1763721047878832.428	,1763721047878835.053	
0,ReduceAny17,KERNEL_AIVEC,1,3796,3.395,1763721047878940.053	,1763721047878943.448	
0,Abs15,KERNEL_AIVEC,1,3797,1.958,1763721047879902.553	,1763721047879904.511	
0,Equal16,KERNEL_AIVEC,1,3798,2.291,1763721047879974.865	,1763721047879977.156	
0,ReduceAny17,KERNEL_AIVEC,1,3799,1.937,1763721047880033.115	,1763721047880035.052	
0,Mul442,KERNEL_AIVEC,1,3800,4.166,1763721048373524.428	,1763721048373528.594	
0,Add443,KERNEL_AIVEC,1,3801,4.229,1763721048853515.407	,1763721048853519.636	
0,N/A,EVENT_RECORD,2,0,0.041,1763721048854141.886	,1763721048854141.927	
